Inventory_ID,Location_ID,Item_ID,Stock_Quantity,Reorder_Level,Last_Restocked_Date,Opening_Stock,Received_Quantity,Consumed_Quantity,Wasted_Quantity,Period_Start,Period_End
1,1,34,100,46,2026-01-01,100,339,328,11,2025-01-01,2026-01-01
2,1,111,100,30,2026-01-01,100,281,263,18,2025-01-01,2026-01-01
3,1,129,100,20,2026-01-01,100,261,254,7,2025-01-01,2026-01-01
4,1,15,100,42,2026-01-01,100,295,284,11,2025-01-01,2026-01-01
5,1,32,100,41,2026-01-01,100,380,357,23,2025-01-01,2026-01-01
6,1,133,100,41,2026-01-01,100,320,309,11,2025-01-01,2026-01-01
7,1,40,100,15,2026-01-01,100,289,273,16,2025-01-01,2026-01-01
8,1,78,100,42,2026-01-01,100,278,267,11,2025-01-01,2026-01-01
9,1,43,100,25,2026-01-01,100,286,270,16,2025-01-01,2026-01-01
10,1,42,100,47,2026-01-01,100,316,305,11,2025-01-01,2026-01-01
11,1,83,100,13,2026-01-01,100,313,295,18,2025-01-01,2026-01-01
12,1,58,100,28,2026-01-01,100,315,303,12,2025-01-01,2026-01-01
13,1,89,100,48,2026-01-01,100,249,240,9,2025-01-01,2026-01-01
14,1,145,100,40,2026-01-01,100,275,256,19,2025-01-01,2026-01-01
15,1,73,100,44,2026-01-01,100,309,291,18,2025-01-01,2026-01-01
16,1,21,100,16,2026-01-01,100,321,313,8,2025-01-01,2026-01-01
17,1,65,100,18,2026-01-01,100,274,257,17,2025-01-01,2026-01-01
18,1,51,100,33,2026-01-01,100,279,267,12,2025-01-01,2026-01-01
19,1,71,100,35,2026-01-01,100,284,270,14,2025-01-01,2026-01-01
20,1,33,100,12,2026-01-01,100,352,336,16,2025-01-01,2026-01-01
21,1,143,100,13,2026-01-01,100,306,290,16,2025-01-01,2026-01-01
22,1,24,100,45,2026-01-01,100,363,353,10,2025-01-01,2026-01-01
23,1,44,100,33,2026-01-01,100,268,262,6,2025-01-01,2026-01-01
24,1,76,100,28,2026-01-01,100,308,291,17,2025-01-01,2026-01-01
25,1,121,100,34,2026-01-01,100,256,242,14,2025-01-01,2026-01-01
26,1,75,100,38,2026-01-01,100,303,290,13,2025-01-01,2026-01-01
27,1,20,100,45,2026-01-01,100,384,368,16,2025-01-01,2026-01-01
28,1,22,100,49,2026-01-01,100,378,361,17,2025-01-01,2026-01-01
29,1,85,100,49,2026-01-01,100,261,253,8,2025-01-01,2026-01-01
30,1,80,100,18,2026-01-01,100,277,267,10,2025-01-01,2026-01-01
31,1,93,100,35,2026-01-01,100,298,283,15,2025-01-01,2026-01-01
32,1,116,100,31,2026-01-01,100,292,282,10,2025-01-01,2026-01-01
33,1,130,100,33,2026-01-01,100,271,259,12,2025-01-01,2026-01-01
34,1,128,100,19,2026-01-01,100,321,302,19,2025-01-01,2026-01-01
35,1,108,100,48,2026-01-01,100,308,291,17,2025-01-01,2026-01-01
36,1,136,100,35,2026-01-01,100,304,293,11,2025-01-01,2026-01-01
37,1,6,100,12,2026-01-01,100,1579,1561,18,2025-01-01,2026-01-01
38,1,106,100,12,2026-01-01,100,296,288,8,2025-01-01,2026-01-01
39,1,149,100,31,2026-01-01,100,302,279,23,2025-01-01,2026-01-01
40,1,4,100,43,2026-01-01,100,291,282,9,2025-01-01,2026-01-01
41,1,11,100,19,2026-01-01,100,3325,3298,27,2025-01-01,2026-01-01
42,1,114,100,42,2026-01-01,100,320,305,15,2025-01-01,2026-01-01
43,1,140,100,30,2026-01-01,100,281,264,17,2025-01-01,2026-01-01
44,1,99,100,30,2026-01-01,100,337,320,17,2025-01-01,2026-01-01
45,1,74,100,35,2026-01-01,100,334,321,13,2025-01-01,2026-01-01
46,1,150,100,29,2026-01-01,100,257,245,12,2025-01-01,2026-01-01
47,1,84,100,31,2026-01-01,100,317,307,10,2025-01-01,2026-01-01
48,1,27,100,42,2026-01-01,100,381,373,8,2025-01-01,2026-01-01
49,1,107,100,41,2026-01-01,100,283,273,10,2025-01-01,2026-01-01
50,1,113,100,46,2026-01-01,100,253,244,9,2025-01-01,2026-01-01
51,1,54,100,40,2026-01-01,100,323,306,17,2025-01-01,2026-01-01
52,1,126,100,33,2026-01-01,100,294,283,11,2025-01-01,2026-01-01
53,1,82,100,17,2026-01-01,100,279,265,14,2025-01-01,2026-01-01
54,1,112,100,47,2026-01-01,100,289,274,15,2025-01-01,2026-01-01
55,1,64,100,50,2026-01-01,100,289,282,7,2025-01-01,2026-01-01
56,1,81,100,48,2026-01-01,100,297,285,12,2025-01-01,2026-01-01
57,1,70,100,26,2026-01-01,100,303,295,8,2025-01-01,2026-01-01
58,1,38,100,47,2026-01-01,100,289,277,12,2025-01-01,2026-01-01
59,1,119,100,24,2026-01-01,100,343,328,15,2025-01-01,2026-01-01
60,1,39,100,13,2026-01-01,100,308,291,17,2025-01-01,2026-01-01
61,1,62,100,40,2026-01-01,100,306,294,12,2025-01-01,2026-01-01
62,1,146,100,43,2026-01-01,100,298,282,16,2025-01-01,2026-01-01
63,1,88,100,49,2026-01-01,100,303,296,7,2025-01-01,2026-01-01
64,1,52,100,34,2026-01-01,100,333,316,17,2025-01-01,2026-01-01
65,1,91,100,25,2026-01-01,100,280,265,15,2025-01-01,2026-01-01
66,1,59,100,46,2026-01-01,100,300,284,16,2025-01-01,2026-01-01
67,1,10,100,17,2026-01-01,100,918,900,18,2025-01-01,2026-01-01
68,1,8,100,11,2026-01-01,100,1106,1103,3,2025-01-01,2026-01-01
69,1,135,100,30,2026-01-01,100,287,273,14,2025-01-01,2026-01-01
70,1,57,100,19,2026-01-01,100,319,302,17,2025-01-01,2026-01-01
71,1,100,100,23,2026-01-01,100,328,316,12,2025-01-01,2026-01-01
72,1,90,100,42,2026-01-01,100,297,287,10,2025-01-01,2026-01-01
73,1,60,100,49,2026-01-01,100,321,305,16,2025-01-01,2026-01-01
74,1,103,100,13,2026-01-01,100,328,316,12,2025-01-01,2026-01-01
75,1,117,100,18,2026-01-01,100,289,274,15,2025-01-01,2026-01-01
76,1,19,100,23,2026-01-01,100,361,341,20,2025-01-01,2026-01-01
77,1,41,100,30,2026-01-01,100,306,296,10,2025-01-01,2026-01-01
78,1,101,100,40,2026-01-01,100,278,267,11,2025-01-01,2026-01-01
79,1,45,100,34,2026-01-01,100,301,292,9,2025-01-01,2026-01-01
80,1,87,100,21,2026-01-01,100,311,299,12,2025-01-01,2026-01-01
81,1,17,100,44,2026-01-01,100,309,298,11,2025-01-01,2026-01-01
82,1,48,100,44,2026-01-01,100,303,292,11,2025-01-01,2026-01-01
83,1,66,100,26,2026-01-01,100,295,288,7,2025-01-01,2026-01-01
84,1,14,100,40,2026-01-01,100,1212,1180,32,2025-01-01,2026-01-01
85,1,115,100,25,2026-01-01,100,262,251,11,2025-01-01,2026-01-01
86,1,31,100,45,2026-01-01,100,355,336,19,2025-01-01,2026-01-01
87,1,118,100,24,2026-01-01,100,295,281,14,2025-01-01,2026-01-01
88,1,92,100,28,2026-01-01,100,284,272,12,2025-01-01,2026-01-01
89,1,18,100,23,2026-01-01,100,335,327,8,2025-01-01,2026-01-01
90,1,29,100,41,2026-01-01,100,353,335,18,2025-01-01,2026-01-01
91,1,16,100,40,2026-01-01,100,276,264,12,2025-01-01,2026-01-01
92,1,104,100,45,2026-01-01,100,294,282,12,2025-01-01,2026-01-01
93,1,7,100,27,2026-01-01,100,1410,1402,8,2025-01-01,2026-01-01
94,1,97,100,17,2026-01-01,100,292,285,7,2025-01-01,2026-01-01
95,1,125,100,44,2026-01-01,100,278,264,14,2025-01-01,2026-01-01
96,1,25,100,35,2026-01-01,100,373,359,14,2025-01-01,2026-01-01
97,1,144,100,19,2026-01-01,100,301,286,15,2025-01-01,2026-01-01
98,1,77,100,12,2026-01-01,100,301,292,9,2025-01-01,2026-01-01
99,1,96,100,15,2026-01-01,100,313,298,15,2025-01-01,2026-01-01
100,1,110,100,38,2026-01-01,100,325,311,14,2025-01-01,2026-01-01
101,2,66,100,21,2026-01-01,100,293,283,10,2025-01-01,2026-01-01
102,2,123,100,40,2026-01-01,100,381,363,18,2025-01-01,2026-01-01
103,2,55,100,25,2026-01-01,100,364,348,16,2025-01-01,2026-01-01
104,2,52,100,26,2026-01-01,100,349,330,19,2025-01-01,2026-01-01
105,2,138,100,25,2026-01-01,100,291,282,9,2025-01-01,2026-01-01
106,2,70,100,27,2026-01-01,100,376,359,17,2025-01-01,2026-01-01
107,2,144,100,29,2026-01-01,100,322,314,8,2025-01-01,2026-01-01
108,2,145,100,46,2026-01-01,100,347,335,12,2025-01-01,2026-01-01
109,2,36,100,26,2026-01-01,100,343,328,15,2025-01-01,2026-01-01
110,2,28,100,33,2026-01-01,100,419,403,16,2025-01-01,2026-01-01
111,2,62,100,25,2026-01-01,100,337,321,16,2025-01-01,2026-01-01
112,2,63,100,17,2026-01-01,100,310,300,10,2025-01-01,2026-01-01
113,2,13,100,29,2026-01-01,100,164,153,11,2025-01-01,2026-01-01
114,2,136,100,35,2026-01-01,100,321,308,13,2025-01-01,2026-01-01
115,2,58,100,42,2026-01-01,100,340,319,21,2025-01-01,2026-01-01
116,2,60,100,29,2026-01-01,100,287,273,14,2025-01-01,2026-01-01
117,2,14,100,17,2026-01-01,100,1243,1216,27,2025-01-01,2026-01-01
118,2,26,100,28,2026-01-01,100,367,353,14,2025-01-01,2026-01-01
119,2,106,100,49,2026-01-01,100,338,325,13,2025-01-01,2026-01-01
120,2,85,100,24,2026-01-01,100,333,325,8,2025-01-01,2026-01-01
121,2,121,100,40,2026-01-01,100,346,327,19,2025-01-01,2026-01-01
122,2,133,100,39,2026-01-01,100,397,380,17,2025-01-01,2026-01-01
123,2,142,100,48,2026-01-01,100,319,306,13,2025-01-01,2026-01-01
124,2,1,100,36,2026-01-01,100,6547,6515,32,2025-01-01,2026-01-01
125,2,124,100,45,2026-01-01,100,316,301,15,2025-01-01,2026-01-01
126,2,71,100,44,2026-01-01,100,323,311,12,2025-01-01,2026-01-01
127,2,119,100,23,2026-01-01,100,295,281,14,2025-01-01,2026-01-01
128,2,21,100,25,2026-01-01,100,373,357,16,2025-01-01,2026-01-01
129,2,53,100,48,2026-01-01,100,359,341,18,2025-01-01,2026-01-01
130,2,84,100,43,2026-01-01,100,352,333,19,2025-01-01,2026-01-01
131,2,120,100,43,2026-01-01,100,333,311,22,2025-01-01,2026-01-01
132,2,113,100,33,2026-01-01,100,312,304,8,2025-01-01,2026-01-01
133,2,126,100,46,2026-01-01,100,355,342,13,2025-01-01,2026-01-01
134,2,61,100,13,2026-01-01,100,332,314,18,2025-01-01,2026-01-01
135,2,140,100,42,2026-01-01,100,368,349,19,2025-01-01,2026-01-01
136,2,130,100,46,2026-01-01,100,350,339,11,2025-01-01,2026-01-01
137,2,129,100,19,2026-01-01,100,343,333,10,2025-01-01,2026-01-01
138,2,97,100,30,2026-01-01,100,324,310,14,2025-01-01,2026-01-01
139,2,37,100,38,2026-01-01,100,354,332,22,2025-01-01,2026-01-01
140,2,42,100,23,2026-01-01,100,343,327,16,2025-01-01,2026-01-01
141,2,112,100,47,2026-01-01,100,309,300,9,2025-01-01,2026-01-01
142,2,83,100,15,2026-01-01,100,319,304,15,2025-01-01,2026-01-01
143,2,8,100,38,2026-01-01,100,1115,1106,9,2025-01-01,2026-01-01
144,2,99,100,39,2026-01-01,100,352,334,18,2025-01-01,2026-01-01
145,2,12,100,42,2026-01-01,100,1275,1255,20,2025-01-01,2026-01-01
146,2,115,100,39,2026-01-01,100,335,319,16,2025-01-01,2026-01-01
147,2,74,100,13,2026-01-01,100,331,317,14,2025-01-01,2026-01-01
148,2,30,100,39,2026-01-01,100,397,378,19,2025-01-01,2026-01-01
149,2,69,100,29,2026-01-01,100,348,325,23,2025-01-01,2026-01-01
150,2,95,100,11,2026-01-01,100,316,305,11,2025-01-01,2026-01-01
151,2,93,100,26,2026-01-01,100,344,332,12,2025-01-01,2026-01-01
152,2,5,100,23,2026-01-01,100,14,13,1,2025-01-01,2026-01-01
153,2,23,100,14,2026-01-01,100,407,397,10,2025-01-01,2026-01-01
154,2,54,100,37,2026-01-01,100,371,359,12,2025-01-01,2026-01-01
155,2,98,100,14,2026-01-01,100,331,313,18,2025-01-01,2026-01-01
156,2,107,100,13,2026-01-01,100,386,360,26,2025-01-01,2026-01-01
157,2,51,100,40,2026-01-01,100,370,354,16,2025-01-01,2026-01-01
158,2,64,100,28,2026-01-01,100,329,314,15,2025-01-01,2026-01-01
159,2,24,100,21,2026-01-01,100,379,368,11,2025-01-01,2026-01-01
160,2,38,100,18,2026-01-01,100,336,319,17,2025-01-01,2026-01-01
161,2,101,100,36,2026-01-01,100,324,313,11,2025-01-01,2026-01-01
162,2,2,100,34,2026-01-01,100,4,3,1,2025-01-01,2026-01-01
163,2,39,100,34,2026-01-01,100,364,344,20,2025-01-01,2026-01-01
164,2,73,100,15,2026-01-01,100,300,293,7,2025-01-01,2026-01-01
165,2,78,100,44,2026-01-01,100,371,355,16,2025-01-01,2026-01-01
166,2,134,100,32,2026-01-01,100,382,366,16,2025-01-01,2026-01-01
167,2,43,100,21,2026-01-01,100,351,333,18,2025-01-01,2026-01-01
168,2,110,100,35,2026-01-01,100,343,321,22,2025-01-01,2026-01-01
169,2,59,100,18,2026-01-01,100,344,334,10,2025-01-01,2026-01-01
170,2,143,100,24,2026-01-01,100,388,378,10,2025-01-01,2026-01-01
171,2,68,100,11,2026-01-01,100,339,323,16,2025-01-01,2026-01-01
172,2,100,100,39,2026-01-01,100,357,344,13,2025-01-01,2026-01-01
173,2,18,100,44,2026-01-01,100,325,311,14,2025-01-01,2026-01-01
174,2,65,100,44,2026-01-01,100,332,320,12,2025-01-01,2026-01-01
175,2,135,100,24,2026-01-01,100,320,306,14,2025-01-01,2026-01-01
176,2,35,100,39,2026-01-01,100,432,414,18,2025-01-01,2026-01-01
177,2,25,100,19,2026-01-01,100,391,376,15,2025-01-01,2026-01-01
178,2,15,100,22,2026-01-01,100,323,311,12,2025-01-01,2026-01-01
179,2,105,100,17,2026-01-01,100,329,317,12,2025-01-01,2026-01-01
180,2,149,100,36,2026-01-01,100,343,327,16,2025-01-01,2026-01-01
181,2,82,100,11,2026-01-01,100,310,295,15,2025-01-01,2026-01-01
182,2,33,100,23,2026-01-01,100,402,385,17,2025-01-01,2026-01-01
183,2,92,100,16,2026-01-01,100,349,332,17,2025-01-01,2026-01-01
184,2,89,100,12,2026-01-01,100,334,326,8,2025-01-01,2026-01-01
185,2,44,100,48,2026-01-01,100,362,347,15,2025-01-01,2026-01-01
186,2,91,100,13,2026-01-01,100,351,338,13,2025-01-01,2026-01-01
187,2,104,100,12,2026-01-01,100,368,353,15,2025-01-01,2026-01-01
188,2,132,100,38,2026-01-01,100,314,301,13,2025-01-01,2026-01-01
189,2,40,100,44,2026-01-01,100,302,288,14,2025-01-01,2026-01-01
190,2,148,100,13,2026-01-01,100,345,337,8,2025-01-01,2026-01-01
191,2,41,100,42,2026-01-01,100,366,349,17,2025-01-01,2026-01-01
192,2,137,100,24,2026-01-01,100,298,291,7,2025-01-01,2026-01-01
193,2,114,100,46,2026-01-01,100,367,343,24,2025-01-01,2026-01-01
194,2,122,100,46,2026-01-01,100,303,290,13,2025-01-01,2026-01-01
195,2,141,100,30,2026-01-01,100,350,333,17,2025-01-01,2026-01-01
196,2,102,100,29,2026-01-01,100,309,297,12,2025-01-01,2026-01-01
197,2,125,100,43,2026-01-01,100,280,268,12,2025-01-01,2026-01-01
198,2,6,100,36,2026-01-01,100,1775,1761,14,2025-01-01,2026-01-01
199,2,81,100,27,2026-01-01,100,366,354,12,2025-01-01,2026-01-01
200,2,72,100,45,2026-01-01,100,349,337,12,2025-01-01,2026-01-01
201,3,45,100,26,2026-01-01,100,326,309,17,2025-01-01,2026-01-01
202,3,110,100,47,2026-01-01,100,363,347,16,2025-01-01,2026-01-01
203,3,143,100,36,2026-01-01,100,337,324,13,2025-01-01,2026-01-01
204,3,127,100,19,2026-01-01,100,330,320,10,2025-01-01,2026-01-01
205,3,13,100,31,2026-01-01,100,164,159,5,2025-01-01,2026-01-01
206,3,89,100,34,2026-01-01,100,315,302,13,2025-01-01,2026-01-01
207,3,98,100,25,2026-01-01,100,309,300,9,2025-01-01,2026-01-01
208,3,135,100,45,2026-01-01,100,319,310,9,2025-01-01,2026-01-01
209,3,82,100,31,2026-01-01,100,355,332,23,2025-01-01,2026-01-01
210,3,107,100,41,2026-01-01,100,304,292,12,2025-01-01,2026-01-01
211,3,105,100,41,2026-01-01,100,316,301,15,2025-01-01,2026-01-01
212,3,39,100,20,2026-01-01,100,290,279,11,2025-01-01,2026-01-01
213,3,77,100,32,2026-01-01,100,333,311,22,2025-01-01,2026-01-01
214,3,97,100,18,2026-01-01,100,344,336,8,2025-01-01,2026-01-01
215,3,48,100,44,2026-01-01,100,295,283,12,2025-01-01,2026-01-01
216,3,122,100,21,2026-01-01,100,360,347,13,2025-01-01,2026-01-01
217,3,62,100,13,2026-01-01,100,318,299,19,2025-01-01,2026-01-01
218,3,58,100,12,2026-01-01,100,356,343,13,2025-01-01,2026-01-01
219,3,138,100,13,2026-01-01,100,320,304,16,2025-01-01,2026-01-01
220,3,37,100,10,2026-01-01,100,298,283,15,2025-01-01,2026-01-01
221,3,119,100,18,2026-01-01,100,299,282,17,2025-01-01,2026-01-01
222,3,15,100,24,2026-01-01,100,319,307,12,2025-01-01,2026-01-01
223,3,106,100,19,2026-01-01,100,321,305,16,2025-01-01,2026-01-01
224,3,124,100,23,2026-01-01,100,357,337,20,2025-01-01,2026-01-01
225,3,54,100,39,2026-01-01,100,311,304,7,2025-01-01,2026-01-01
226,3,72,100,13,2026-01-01,100,290,277,13,2025-01-01,2026-01-01
227,3,68,100,50,2026-01-01,100,341,322,19,2025-01-01,2026-01-01
228,3,18,100,49,2026-01-01,100,335,318,17,2025-01-01,2026-01-01
229,3,50,100,41,2026-01-01,100,339,326,13,2025-01-01,2026-01-01
230,3,32,100,10,2026-01-01,100,333,323,10,2025-01-01,2026-01-01
231,3,33,100,45,2026-01-01,100,375,359,16,2025-01-01,2026-01-01
232,3,27,100,10,2026-01-01,100,388,373,15,2025-01-01,2026-01-01
233,3,43,100,43,2026-01-01,100,330,326,4,2025-01-01,2026-01-01
234,3,83,100,27,2026-01-01,100,373,358,15,2025-01-01,2026-01-01
235,3,11,100,28,2026-01-01,100,3885,3858,27,2025-01-01,2026-01-01
236,3,133,100,42,2026-01-01,100,297,282,15,2025-01-01,2026-01-01
237,3,109,100,37,2026-01-01,100,341,329,12,2025-01-01,2026-01-01
238,3,136,100,16,2026-01-01,100,322,308,14,2025-01-01,2026-01-01
239,3,12,100,43,2026-01-01,100,1280,1257,23,2025-01-01,2026-01-01
240,3,69,100,25,2026-01-01,100,335,318,17,2025-01-01,2026-01-01
241,3,93,100,49,2026-01-01,100,299,288,11,2025-01-01,2026-01-01
242,3,141,100,26,2026-01-01,100,314,304,10,2025-01-01,2026-01-01
243,3,25,100,27,2026-01-01,100,383,369,14,2025-01-01,2026-01-01
244,3,7,100,15,2026-01-01,100,1525,1520,5,2025-01-01,2026-01-01
245,3,35,100,35,2026-01-01,100,389,372,17,2025-01-01,2026-01-01
246,3,49,100,46,2026-01-01,100,326,312,14,2025-01-01,2026-01-01
247,3,87,100,24,2026-01-01,100,325,314,11,2025-01-01,2026-01-01
248,3,78,100,15,2026-01-01,100,281,271,10,2025-01-01,2026-01-01
249,3,103,100,12,2026-01-01,100,335,323,12,2025-01-01,2026-01-01
250,3,6,100,35,2026-01-01,100,1649,1634,15,2025-01-01,2026-01-01
251,3,10,100,34,2026-01-01,100,939,915,24,2025-01-01,2026-01-01
252,3,108,100,40,2026-01-01,100,318,297,21,2025-01-01,2026-01-01
253,3,144,100,50,2026-01-01,100,334,318,16,2025-01-01,2026-01-01
254,3,76,100,20,2026-01-01,100,322,302,20,2025-01-01,2026-01-01
255,3,149,100,41,2026-01-01,100,267,251,16,2025-01-01,2026-01-01
256,3,86,100,31,2026-01-01,100,303,296,7,2025-01-01,2026-01-01
257,3,125,100,16,2026-01-01,100,324,304,20,2025-01-01,2026-01-01
258,3,28,100,12,2026-01-01,100,363,348,15,2025-01-01,2026-01-01
259,3,134,100,23,2026-01-01,100,311,296,15,2025-01-01,2026-01-01
260,3,130,100,46,2026-01-01,100,338,325,13,2025-01-01,2026-01-01
261,3,118,100,27,2026-01-01,100,319,303,16,2025-01-01,2026-01-01
262,3,139,100,14,2026-01-01,100,310,294,16,2025-01-01,2026-01-01
263,3,2,100,27,2026-01-01,100,9,7,2,2025-01-01,2026-01-01
264,3,96,100,46,2026-01-01,100,273,262,11,2025-01-01,2026-01-01
265,3,99,100,12,2026-01-01,100,297,287,10,2025-01-01,2026-01-01
266,3,16,100,30,2026-01-01,100,364,354,10,2025-01-01,2026-01-01
267,3,92,100,23,2026-01-01,100,358,345,13,2025-01-01,2026-01-01
268,3,121,100,19,2026-01-01,100,316,305,11,2025-01-01,2026-01-01
269,3,102,100,35,2026-01-01,100,291,271,20,2025-01-01,2026-01-01
270,3,91,100,29,2026-01-01,100,306,292,14,2025-01-01,2026-01-01
271,3,51,100,46,2026-01-01,100,367,348,19,2025-01-01,2026-01-01
272,3,31,100,46,2026-01-01,100,409,395,14,2025-01-01,2026-01-01
273,3,71,100,44,2026-01-01,100,329,312,17,2025-01-01,2026-01-01
274,3,42,100,34,2026-01-01,100,323,316,7,2025-01-01,2026-01-01
275,3,131,100,18,2026-01-01,100,340,326,14,2025-01-01,2026-01-01
276,3,140,100,15,2026-01-01,100,336,326,10,2025-01-01,2026-01-01
277,3,60,100,32,2026-01-01,100,319,305,14,2025-01-01,2026-01-01
278,3,111,100,16,2026-01-01,100,317,304,13,2025-01-01,2026-01-01
279,3,46,100,24,2026-01-01,100,307,295,12,2025-01-01,2026-01-01
280,3,40,100,31,2026-01-01,100,331,320,11,2025-01-01,2026-01-01
281,3,34,100,49,2026-01-01,100,427,414,13,2025-01-01,2026-01-01
282,3,47,100,35,2026-01-01,100,315,297,18,2025-01-01,2026-01-01
283,3,66,100,30,2026-01-01,100,297,284,13,2025-01-01,2026-01-01
284,3,64,100,50,2026-01-01,100,324,309,15,2025-01-01,2026-01-01
285,3,74,100,38,2026-01-01,100,305,295,10,2025-01-01,2026-01-01
286,3,146,100,24,2026-01-01,100,355,341,14,2025-01-01,2026-01-01
287,3,61,100,45,2026-01-01,100,324,315,9,2025-01-01,2026-01-01
288,3,75,100,37,2026-01-01,100,309,302,7,2025-01-01,2026-01-01
289,3,126,100,47,2026-01-01,100,310,296,14,2025-01-01,2026-01-01
290,3,21,100,34,2026-01-01,100,424,405,19,2025-01-01,2026-01-01
291,3,59,100,49,2026-01-01,100,341,325,16,2025-01-01,2026-01-01
292,3,14,100,25,2026-01-01,100,1314,1289,25,2025-01-01,2026-01-01
293,3,24,100,14,2026-01-01,100,415,396,19,2025-01-01,2026-01-01
294,3,67,100,27,2026-01-01,100,302,285,17,2025-01-01,2026-01-01
295,3,81,100,34,2026-01-01,100,283,270,13,2025-01-01,2026-01-01
296,3,3,100,50,2026-01-01,100,6450,3793,2657,2025-01-01,2026-01-01
297,3,137,100,34,2026-01-01,100,336,317,19,2025-01-01,2026-01-01
298,3,129,100,33,2026-01-01,100,328,315,13,2025-01-01,2026-01-01
299,3,113,100,15,2026-01-01,100,314,304,10,2025-01-01,2026-01-01
300,3,100,100,29,2026-01-01,100,345,322,23,2025-01-01,2026-01-01
301,4,114,100,39,2026-01-01,100,327,312,15,2025-01-01,2026-01-01
302,4,93,100,23,2026-01-01,100,311,302,9,2025-01-01,2026-01-01
303,4,70,100,28,2026-01-01,100,310,300,10,2025-01-01,2026-01-01
304,4,27,100,14,2026-01-01,100,391,373,18,2025-01-01,2026-01-01
305,4,34,100,41,2026-01-01,100,360,349,11,2025-01-01,2026-01-01
306,4,23,100,50,2026-01-01,100,401,385,16,2025-01-01,2026-01-01
307,4,48,100,25,2026-01-01,100,348,333,15,2025-01-01,2026-01-01
308,4,111,100,19,2026-01-01,100,304,290,14,2025-01-01,2026-01-01
309,4,115,100,37,2026-01-01,100,294,280,14,2025-01-01,2026-01-01
310,4,132,100,14,2026-01-01,100,339,326,13,2025-01-01,2026-01-01
311,4,105,100,48,2026-01-01,100,307,299,8,2025-01-01,2026-01-01
312,4,147,100,47,2026-01-01,100,362,343,19,2025-01-01,2026-01-01
313,4,7,100,44,2026-01-01,100,1603,1597,6,2025-01-01,2026-01-01
314,4,145,100,36,2026-01-01,100,317,296,21,2025-01-01,2026-01-01
315,4,91,100,12,2026-01-01,100,316,303,13,2025-01-01,2026-01-01
316,4,24,100,44,2026-01-01,100,407,396,11,2025-01-01,2026-01-01
317,4,84,100,50,2026-01-01,100,324,310,14,2025-01-01,2026-01-01
318,4,99,100,16,2026-01-01,100,286,275,11,2025-01-01,2026-01-01
319,4,4,100,25,2026-01-01,100,330,307,23,2025-01-01,2026-01-01
320,4,75,100,32,2026-01-01,100,355,348,7,2025-01-01,2026-01-01
321,4,106,100,49,2026-01-01,100,349,339,10,2025-01-01,2026-01-01
322,4,100,100,46,2026-01-01,100,345,329,16,2025-01-01,2026-01-01
323,4,22,100,35,2026-01-01,100,379,363,16,2025-01-01,2026-01-01
324,4,149,100,31,2026-01-01,100,297,284,13,2025-01-01,2026-01-01
325,4,116,100,16,2026-01-01,100,297,285,12,2025-01-01,2026-01-01
326,4,72,100,16,2026-01-01,100,311,303,8,2025-01-01,2026-01-01
327,4,126,100,24,2026-01-01,100,334,320,14,2025-01-01,2026-01-01
328,4,32,100,43,2026-01-01,100,383,369,14,2025-01-01,2026-01-01
329,4,74,100,47,2026-01-01,100,340,329,11,2025-01-01,2026-01-01
330,4,67,100,46,2026-01-01,100,329,321,8,2025-01-01,2026-01-01
331,4,128,100,38,2026-01-01,100,323,308,15,2025-01-01,2026-01-01
332,4,88,100,35,2026-01-01,100,362,342,20,2025-01-01,2026-01-01
333,4,49,100,47,2026-01-01,100,334,321,13,2025-01-01,2026-01-01
334,4,120,100,42,2026-01-01,100,350,337,13,2025-01-01,2026-01-01
335,4,18,100,32,2026-01-01,100,355,339,16,2025-01-01,2026-01-01
336,4,35,100,40,2026-01-01,100,386,374,12,2025-01-01,2026-01-01
337,4,39,100,28,2026-01-01,100,331,322,9,2025-01-01,2026-01-01
338,4,142,100,15,2026-01-01,100,268,257,11,2025-01-01,2026-01-01
339,4,64,100,19,2026-01-01,100,341,329,12,2025-01-01,2026-01-01
340,4,19,100,29,2026-01-01,100,367,356,11,2025-01-01,2026-01-01
341,4,9,100,39,2026-01-01,100,89,89,0,2025-01-01,2026-01-01
342,4,117,100,23,2026-01-01,100,316,304,12,2025-01-01,2026-01-01
343,4,56,100,40,2026-01-01,100,346,331,15,2025-01-01,2026-01-01
344,4,36,100,40,2026-01-01,100,361,343,18,2025-01-01,2026-01-01
345,4,54,100,38,2026-01-01,100,347,331,16,2025-01-01,2026-01-01
346,4,150,100,38,2026-01-01,100,273,258,15,2025-01-01,2026-01-01
347,4,62,100,14,2026-01-01,100,343,328,15,2025-01-01,2026-01-01
348,4,101,100,12,2026-01-01,100,287,277,10,2025-01-01,2026-01-01
349,4,10,100,17,2026-01-01,100,982,961,21,2025-01-01,2026-01-01
350,4,47,100,31,2026-01-01,100,314,301,13,2025-01-01,2026-01-01
351,4,33,100,16,2026-01-01,100,381,365,16,2025-01-01,2026-01-01
352,4,123,100,20,2026-01-01,100,361,343,18,2025-01-01,2026-01-01
353,4,127,100,25,2026-01-01,100,372,354,18,2025-01-01,2026-01-01
354,4,81,100,21,2026-01-01,100,331,317,14,2025-01-01,2026-01-01
355,4,112,100,20,2026-01-01,100,349,335,14,2025-01-01,2026-01-01
356,4,77,100,45,2026-01-01,100,384,372,12,2025-01-01,2026-01-01
357,4,79,100,39,2026-01-01,100,346,331,15,2025-01-01,2026-01-01
358,4,26,100,35,2026-01-01,100,417,401,16,2025-01-01,2026-01-01
359,4,59,100,21,2026-01-01,100,318,306,12,2025-01-01,2026-01-01
360,4,14,100,50,2026-01-01,100,1337,1304,33,2025-01-01,2026-01-01
361,4,124,100,37,2026-01-01,100,316,302,14,2025-01-01,2026-01-01
362,4,140,100,11,2026-01-01,100,357,345,12,2025-01-01,2026-01-01
363,4,1,100,49,2026-01-01,100,6314,6280,34,2025-01-01,2026-01-01
364,4,51,100,38,2026-01-01,100,370,359,11,2025-01-01,2026-01-01
365,4,43,100,37,2026-01-01,100,335,324,11,2025-01-01,2026-01-01
366,4,80,100,10,2026-01-01,100,344,326,18,2025-01-01,2026-01-01
367,4,118,100,23,2026-01-01,100,316,304,12,2025-01-01,2026-01-01
368,4,86,100,27,2026-01-01,100,332,314,18,2025-01-01,2026-01-01
369,4,57,100,14,2026-01-01,100,323,306,17,2025-01-01,2026-01-01
370,4,83,100,16,2026-01-01,100,348,336,12,2025-01-01,2026-01-01
371,4,108,100,21,2026-01-01,100,330,316,14,2025-01-01,2026-01-01
372,4,95,100,30,2026-01-01,100,344,329,15,2025-01-01,2026-01-01
373,4,90,100,39,2026-01-01,100,296,287,9,2025-01-01,2026-01-01
374,4,89,100,26,2026-01-01,100,340,328,12,2025-01-01,2026-01-01
375,4,42,100,41,2026-01-01,100,340,331,9,2025-01-01,2026-01-01
376,4,98,100,50,2026-01-01,100,345,330,15,2025-01-01,2026-01-01
377,4,104,100,48,2026-01-01,100,380,356,24,2025-01-01,2026-01-01
378,4,41,100,49,2026-01-01,100,343,329,14,2025-01-01,2026-01-01
379,4,137,100,47,2026-01-01,100,359,350,9,2025-01-01,2026-01-01
380,4,87,100,32,2026-01-01,100,296,281,15,2025-01-01,2026-01-01
381,4,73,100,39,2026-01-01,100,347,333,14,2025-01-01,2026-01-01
382,4,38,100,21,2026-01-01,100,304,287,17,2025-01-01,2026-01-01
383,4,63,100,29,2026-01-01,100,351,340,11,2025-01-01,2026-01-01
384,4,133,100,47,2026-01-01,100,316,304,12,2025-01-01,2026-01-01
385,4,76,100,18,2026-01-01,100,333,322,11,2025-01-01,2026-01-01
386,4,134,100,17,2026-01-01,100,326,305,21,2025-01-01,2026-01-01
387,4,107,100,29,2026-01-01,100,321,312,9,2025-01-01,2026-01-01
388,4,53,100,21,2026-01-01,100,315,300,15,2025-01-01,2026-01-01
389,4,71,100,19,2026-01-01,100,323,307,16,2025-01-01,2026-01-01
390,4,131,100,34,2026-01-01,100,329,311,18,2025-01-01,2026-01-01
391,4,135,100,48,2026-01-01,100,311,298,13,2025-01-01,2026-01-01
392,4,8,100,46,2026-01-01,100,1061,1054,7,2025-01-01,2026-01-01
393,4,37,100,37,2026-01-01,100,370,360,10,2025-01-01,2026-01-01
394,4,13,100,41,2026-01-01,100,117,110,7,2025-01-01,2026-01-01
395,4,69,100,44,2026-01-01,100,338,320,18,2025-01-01,2026-01-01
396,4,113,100,21,2026-01-01,100,314,299,15,2025-01-01,2026-01-01
397,4,12,100,20,2026-01-01,100,1323,1303,20,2025-01-01,2026-01-01
398,4,44,100,28,2026-01-01,100,281,272,9,2025-01-01,2026-01-01
399,4,50,100,21,2026-01-01,100,334,318,16,2025-01-01,2026-01-01
400,4,96,100,38,2026-01-01,100,358,343,15,2025-01-01,2026-01-01
401,5,14,100,30,2026-01-01,100,1223,1199,24,2025-01-01,2026-01-01
402,5,92,100,35,2026-01-01,100,302,293,9,2025-01-01,2026-01-01
403,5,3,100,19,2026-01-01,100,6347,3731,2616,2025-01-01,2026-01-01
404,5,125,100,50,2026-01-01,100,319,311,8,2025-01-01,2026-01-01
405,5,35,100,50,2026-01-01,100,352,339,13,2025-01-01,2026-01-01
406,5,50,100,34,2026-01-01,100,333,315,18,2025-01-01,2026-01-01
407,5,99,100,14,2026-01-01,100,341,324,17,2025-01-01,2026-01-01
408,5,130,100,15,2026-01-01,100,333,321,12,2025-01-01,2026-01-01
409,5,127,100,42,2026-01-01,100,328,312,16,2025-01-01,2026-01-01
410,5,105,100,27,2026-01-01,100,330,317,13,2025-01-01,2026-01-01
411,5,126,100,33,2026-01-01,100,298,285,13,2025-01-01,2026-01-01
412,5,107,100,41,2026-01-01,100,293,274,19,2025-01-01,2026-01-01
413,5,114,100,47,2026-01-01,100,304,289,15,2025-01-01,2026-01-01
414,5,140,100,15,2026-01-01,100,352,338,14,2025-01-01,2026-01-01
415,5,43,100,39,2026-01-01,100,359,345,14,2025-01-01,2026-01-01
416,5,22,100,32,2026-01-01,100,455,434,21,2025-01-01,2026-01-01
417,5,8,100,44,2026-01-01,100,1131,1128,3,2025-01-01,2026-01-01
418,5,57,100,23,2026-01-01,100,310,299,11,2025-01-01,2026-01-01
419,5,75,100,23,2026-01-01,100,324,305,19,2025-01-01,2026-01-01
420,5,9,100,27,2026-01-01,100,56,54,2,2025-01-01,2026-01-01
421,5,71,100,28,2026-01-01,100,346,328,18,2025-01-01,2026-01-01
422,5,58,100,45,2026-01-01,100,331,312,19,2025-01-01,2026-01-01
423,5,74,100,18,2026-01-01,100,329,313,16,2025-01-01,2026-01-01
424,5,135,100,41,2026-01-01,100,323,307,16,2025-01-01,2026-01-01
425,5,100,100,13,2026-01-01,100,281,272,9,2025-01-01,2026-01-01
426,5,59,100,16,2026-01-01,100,355,345,10,2025-01-01,2026-01-01
427,5,73,100,39,2026-01-01,100,351,336,15,2025-01-01,2026-01-01
428,5,96,100,17,2026-01-01,100,299,287,12,2025-01-01,2026-01-01
429,5,144,100,38,2026-01-01,100,346,333,13,2025-01-01,2026-01-01
430,5,122,100,10,2026-01-01,100,323,314,9,2025-01-01,2026-01-01
431,5,64,100,22,2026-01-01,100,294,282,12,2025-01-01,2026-01-01
432,5,143,100,18,2026-01-01,100,303,294,9,2025-01-01,2026-01-01
433,5,66,100,29,2026-01-01,100,328,316,12,2025-01-01,2026-01-01
434,5,15,100,27,2026-01-01,100,348,335,13,2025-01-01,2026-01-01
435,5,128,100,33,2026-01-01,100,325,314,11,2025-01-01,2026-01-01
436,5,117,100,15,2026-01-01,100,314,298,16,2025-01-01,2026-01-01
437,5,146,100,20,2026-01-01,100,326,315,11,2025-01-01,2026-01-01
438,5,137,100,35,2026-01-01,100,342,319,23,2025-01-01,2026-01-01
439,5,70,100,29,2026-01-01,100,332,314,18,2025-01-01,2026-01-01
440,5,106,100,24,2026-01-01,100,344,331,13,2025-01-01,2026-01-01
441,5,47,100,15,2026-01-01,100,385,373,12,2025-01-01,2026-01-01
442,5,112,100,16,2026-01-01,100,289,272,17,2025-01-01,2026-01-01
443,5,111,100,23,2026-01-01,100,317,302,15,2025-01-01,2026-01-01
444,5,97,100,14,2026-01-01,100,333,316,17,2025-01-01,2026-01-01
445,5,6,100,47,2026-01-01,100,1694,1677,17,2025-01-01,2026-01-01
446,5,98,100,43,2026-01-01,100,324,313,11,2025-01-01,2026-01-01
447,5,93,100,38,2026-01-01,100,306,297,9,2025-01-01,2026-01-01
448,5,133,100,10,2026-01-01,100,328,315,13,2025-01-01,2026-01-01
449,5,109,100,31,2026-01-01,100,313,297,16,2025-01-01,2026-01-01
450,5,28,100,37,2026-01-01,100,395,374,21,2025-01-01,2026-01-01
451,5,55,100,18,2026-01-01,100,312,298,14,2025-01-01,2026-01-01
452,5,150,100,14,2026-01-01,100,318,309,9,2025-01-01,2026-01-01
453,5,95,100,34,2026-01-01,100,315,297,18,2025-01-01,2026-01-01
454,5,84,100,16,2026-01-01,100,350,337,13,2025-01-01,2026-01-01
455,5,32,100,30,2026-01-01,100,338,325,13,2025-01-01,2026-01-01
456,5,39,100,29,2026-01-01,100,310,298,12,2025-01-01,2026-01-01
457,5,5,100,34,2026-01-01,100,273,260,13,2025-01-01,2026-01-01
458,5,129,100,18,2026-01-01,100,315,305,10,2025-01-01,2026-01-01
459,5,34,100,19,2026-01-01,100,397,382,15,2025-01-01,2026-01-01
460,5,45,100,43,2026-01-01,100,316,301,15,2025-01-01,2026-01-01
461,5,12,100,10,2026-01-01,100,1144,1126,18,2025-01-01,2026-01-01
462,5,103,100,20,2026-01-01,100,304,289,15,2025-01-01,2026-01-01
463,5,16,100,32,2026-01-01,100,342,328,14,2025-01-01,2026-01-01
464,5,31,100,23,2026-01-01,100,372,351,21,2025-01-01,2026-01-01
465,5,27,100,19,2026-01-01,100,440,422,18,2025-01-01,2026-01-01
466,5,76,100,49,2026-01-01,100,342,327,15,2025-01-01,2026-01-01
467,5,91,100,38,2026-01-01,100,312,304,8,2025-01-01,2026-01-01
468,5,79,100,15,2026-01-01,100,311,294,17,2025-01-01,2026-01-01
469,5,81,100,18,2026-01-01,100,339,327,12,2025-01-01,2026-01-01
470,5,113,100,17,2026-01-01,100,300,282,18,2025-01-01,2026-01-01
471,5,142,100,34,2026-01-01,100,301,291,10,2025-01-01,2026-01-01
472,5,83,100,37,2026-01-01,100,306,299,7,2025-01-01,2026-01-01
473,5,18,100,18,2026-01-01,100,324,309,15,2025-01-01,2026-01-01
474,5,86,100,27,2026-01-01,100,323,312,11,2025-01-01,2026-01-01
475,5,77,100,15,2026-01-01,100,376,360,16,2025-01-01,2026-01-01
476,5,134,100,45,2026-01-01,100,307,295,12,2025-01-01,2026-01-01
477,5,124,100,48,2026-01-01,100,327,317,10,2025-01-01,2026-01-01
478,5,139,100,48,2026-01-01,100,328,313,15,2025-01-01,2026-01-01
479,5,69,100,11,2026-01-01,100,309,301,8,2025-01-01,2026-01-01
480,5,36,100,29,2026-01-01,100,277,263,14,2025-01-01,2026-01-01
481,5,72,100,43,2026-01-01,100,308,296,12,2025-01-01,2026-01-01
482,5,80,100,42,2026-01-01,100,319,306,13,2025-01-01,2026-01-01
483,5,42,100,35,2026-01-01,100,326,311,15,2025-01-01,2026-01-01
484,5,38,100,13,2026-01-01,100,346,328,18,2025-01-01,2026-01-01
485,5,67,100,25,2026-01-01,100,354,340,14,2025-01-01,2026-01-01
486,5,138,100,34,2026-01-01,100,322,307,15,2025-01-01,2026-01-01
487,5,13,100,25,2026-01-01,100,131,126,5,2025-01-01,2026-01-01
488,5,131,100,50,2026-01-01,100,322,309,13,2025-01-01,2026-01-01
489,5,62,100,14,2026-01-01,100,322,308,14,2025-01-01,2026-01-01
490,5,49,100,10,2026-01-01,100,307,289,18,2025-01-01,2026-01-01
491,5,51,100,30,2026-01-01,100,352,337,15,2025-01-01,2026-01-01
492,5,85,100,34,2026-01-01,100,337,327,10,2025-01-01,2026-01-01
493,5,4,100,36,2026-01-01,100,344,326,18,2025-01-01,2026-01-01
494,5,78,100,44,2026-01-01,100,315,301,14,2025-01-01,2026-01-01
495,5,56,100,21,2026-01-01,100,338,325,13,2025-01-01,2026-01-01
496,5,68,100,40,2026-01-01,100,306,298,8,2025-01-01,2026-01-01
497,5,63,100,14,2026-01-01,100,322,306,16,2025-01-01,2026-01-01
498,5,116,100,47,2026-01-01,100,343,323,20,2025-01-01,2026-01-01
499,5,54,100,10,2026-01-01,100,317,304,13,2025-01-01,2026-01-01
500,5,88,100,23,2026-01-01,100,292,276,16,2025-01-01,2026-01-01
501,6,11,100,36,2026-01-01,100,3842,3820,22,2025-01-01,2026-01-01
502,6,16,100,30,2026-01-01,100,304,287,17,2025-01-01,2026-01-01
503,6,102,100,36,2026-01-01,100,312,299,13,2025-01-01,2026-01-01
504,6,130,100,30,2026-01-01,100,312,299,13,2025-01-01,2026-01-01
505,6,74,100,14,2026-01-01,100,351,337,14,2025-01-01,2026-01-01
506,6,129,100,33,2026-01-01,100,356,338,18,2025-01-01,2026-01-01
507,6,107,100,42,2026-01-01,100,295,280,15,2025-01-01,2026-01-01
508,6,109,100,13,2026-01-01,100,314,297,17,2025-01-01,2026-01-01
509,6,103,100,24,2026-01-01,100,362,347,15,2025-01-01,2026-01-01
510,6,22,100,12,2026-01-01,100,376,356,20,2025-01-01,2026-01-01
511,6,138,100,14,2026-01-01,100,302,285,17,2025-01-01,2026-01-01
512,6,140,100,28,2026-01-01,100,361,352,9,2025-01-01,2026-01-01
513,6,40,100,29,2026-01-01,100,334,320,14,2025-01-01,2026-01-01
514,6,72,100,15,2026-01-01,100,302,282,20,2025-01-01,2026-01-01
515,6,141,100,39,2026-01-01,100,287,271,16,2025-01-01,2026-01-01
516,6,80,100,33,2026-01-01,100,333,322,11,2025-01-01,2026-01-01
517,6,21,100,28,2026-01-01,100,400,379,21,2025-01-01,2026-01-01
518,6,131,100,29,2026-01-01,100,292,284,8,2025-01-01,2026-01-01
519,6,53,100,49,2026-01-01,100,313,294,19,2025-01-01,2026-01-01
520,6,139,100,39,2026-01-01,100,343,327,16,2025-01-01,2026-01-01
521,6,84,100,47,2026-01-01,100,327,312,15,2025-01-01,2026-01-01
522,6,101,100,22,2026-01-01,100,325,313,12,2025-01-01,2026-01-01
523,6,17,100,44,2026-01-01,100,336,323,13,2025-01-01,2026-01-01
524,6,133,100,25,2026-01-01,100,344,323,21,2025-01-01,2026-01-01
525,6,90,100,10,2026-01-01,100,327,313,14,2025-01-01,2026-01-01
526,6,56,100,11,2026-01-01,100,338,320,18,2025-01-01,2026-01-01
527,6,94,100,44,2026-01-01,100,332,316,16,2025-01-01,2026-01-01
528,6,123,100,50,2026-01-01,100,341,321,20,2025-01-01,2026-01-01
529,6,143,100,10,2026-01-01,100,316,296,20,2025-01-01,2026-01-01
530,6,31,100,10,2026-01-01,100,365,347,18,2025-01-01,2026-01-01
531,6,8,100,34,2026-01-01,100,1155,1154,1,2025-01-01,2026-01-01
532,6,32,100,29,2026-01-01,100,375,358,17,2025-01-01,2026-01-01
533,6,12,100,23,2026-01-01,100,1219,1198,21,2025-01-01,2026-01-01
534,6,125,100,25,2026-01-01,100,310,297,13,2025-01-01,2026-01-01
535,6,15,100,41,2026-01-01,100,337,325,12,2025-01-01,2026-01-01
536,6,59,100,19,2026-01-01,100,293,278,15,2025-01-01,2026-01-01
537,6,79,100,27,2026-01-01,100,302,295,7,2025-01-01,2026-01-01
538,6,78,100,12,2026-01-01,100,374,358,16,2025-01-01,2026-01-01
539,6,120,100,43,2026-01-01,100,310,299,11,2025-01-01,2026-01-01
540,6,127,100,33,2026-01-01,100,288,276,12,2025-01-01,2026-01-01
541,6,86,100,15,2026-01-01,100,272,263,9,2025-01-01,2026-01-01
542,6,95,100,16,2026-01-01,100,319,305,14,2025-01-01,2026-01-01
543,6,85,100,18,2026-01-01,100,351,338,13,2025-01-01,2026-01-01
544,6,122,100,35,2026-01-01,100,295,283,12,2025-01-01,2026-01-01
545,6,23,100,47,2026-01-01,100,441,424,17,2025-01-01,2026-01-01
546,6,149,100,13,2026-01-01,100,335,320,15,2025-01-01,2026-01-01
547,6,2,100,18,2026-01-01,100,6,5,1,2025-01-01,2026-01-01
548,6,91,100,28,2026-01-01,100,301,290,11,2025-01-01,2026-01-01
549,6,18,100,30,2026-01-01,100,273,262,11,2025-01-01,2026-01-01
550,6,126,100,30,2026-01-01,100,318,303,15,2025-01-01,2026-01-01
551,6,104,100,38,2026-01-01,100,343,328,15,2025-01-01,2026-01-01
552,6,134,100,24,2026-01-01,100,311,299,12,2025-01-01,2026-01-01
553,6,64,100,22,2026-01-01,100,337,327,10,2025-01-01,2026-01-01
554,6,45,100,47,2026-01-01,100,303,291,12,2025-01-01,2026-01-01
555,6,67,100,19,2026-01-01,100,353,338,15,2025-01-01,2026-01-01
556,6,96,100,20,2026-01-01,100,328,317,11,2025-01-01,2026-01-01
557,6,93,100,39,2026-01-01,100,277,263,14,2025-01-01,2026-01-01
558,6,34,100,36,2026-01-01,100,363,351,12,2025-01-01,2026-01-01
559,6,136,100,44,2026-01-01,100,360,344,16,2025-01-01,2026-01-01
560,6,48,100,23,2026-01-01,100,318,305,13,2025-01-01,2026-01-01
561,6,128,100,29,2026-01-01,100,309,296,13,2025-01-01,2026-01-01
562,6,35,100,26,2026-01-01,100,401,383,18,2025-01-01,2026-01-01
563,6,105,100,15,2026-01-01,100,291,277,14,2025-01-01,2026-01-01
564,6,4,100,29,2026-01-01,100,346,329,17,2025-01-01,2026-01-01
565,6,43,100,48,2026-01-01,100,300,284,16,2025-01-01,2026-01-01
566,6,55,100,23,2026-01-01,100,323,314,9,2025-01-01,2026-01-01
567,6,89,100,19,2026-01-01,100,329,316,13,2025-01-01,2026-01-01
568,6,68,100,25,2026-01-01,100,335,325,10,2025-01-01,2026-01-01
569,6,9,100,35,2026-01-01,100,58,58,0,2025-01-01,2026-01-01
570,6,124,100,13,2026-01-01,100,342,332,10,2025-01-01,2026-01-01
571,6,146,100,29,2026-01-01,100,298,288,10,2025-01-01,2026-01-01
572,6,10,100,21,2026-01-01,100,924,899,25,2025-01-01,2026-01-01
573,6,98,100,35,2026-01-01,100,278,265,13,2025-01-01,2026-01-01
574,6,115,100,45,2026-01-01,100,372,352,20,2025-01-01,2026-01-01
575,6,66,100,45,2026-01-01,100,335,325,10,2025-01-01,2026-01-01
576,6,47,100,16,2026-01-01,100,310,299,11,2025-01-01,2026-01-01
577,6,112,100,16,2026-01-01,100,310,297,13,2025-01-01,2026-01-01
578,6,113,100,17,2026-01-01,100,345,335,10,2025-01-01,2026-01-01
579,6,92,100,13,2026-01-01,100,313,300,13,2025-01-01,2026-01-01
580,6,142,100,24,2026-01-01,100,327,309,18,2025-01-01,2026-01-01
581,6,99,100,22,2026-01-01,100,336,320,16,2025-01-01,2026-01-01
582,6,33,100,33,2026-01-01,100,358,344,14,2025-01-01,2026-01-01
583,6,14,100,50,2026-01-01,100,1322,1295,27,2025-01-01,2026-01-01
584,6,116,100,15,2026-01-01,100,309,295,14,2025-01-01,2026-01-01
585,6,30,100,47,2026-01-01,100,387,369,18,2025-01-01,2026-01-01
586,6,1,100,14,2026-01-01,100,6347,6316,31,2025-01-01,2026-01-01
587,6,6,100,14,2026-01-01,100,1680,1658,22,2025-01-01,2026-01-01
588,6,108,100,38,2026-01-01,100,350,338,12,2025-01-01,2026-01-01
589,6,117,100,15,2026-01-01,100,329,316,13,2025-01-01,2026-01-01
590,6,65,100,17,2026-01-01,100,286,278,8,2025-01-01,2026-01-01
591,6,88,100,39,2026-01-01,100,320,301,19,2025-01-01,2026-01-01
592,6,3,100,20,2026-01-01,100,6197,3643,2554,2025-01-01,2026-01-01
593,6,121,100,37,2026-01-01,100,328,312,16,2025-01-01,2026-01-01
594,6,24,100,35,2026-01-01,100,402,380,22,2025-01-01,2026-01-01
595,6,25,100,11,2026-01-01,100,392,376,16,2025-01-01,2026-01-01
596,6,114,100,37,2026-01-01,100,333,317,16,2025-01-01,2026-01-01
597,6,118,100,32,2026-01-01,100,353,338,15,2025-01-01,2026-01-01
598,6,77,100,21,2026-01-01,100,340,325,15,2025-01-01,2026-01-01
599,6,36,100,27,2026-01-01,100,335,316,19,2025-01-01,2026-01-01
600,6,46,100,19,2026-01-01,100,336,317,19,2025-01-01,2026-01-01
601,7,9,100,19,2026-01-01,100,76,75,1,2025-01-01,2026-01-01
602,7,63,100,17,2026-01-01,100,368,347,21,2025-01-01,2026-01-01
603,7,76,100,33,2026-01-01,100,321,308,13,2025-01-01,2026-01-01
604,7,128,100,33,2026-01-01,100,352,330,22,2025-01-01,2026-01-01
605,7,106,100,35,2026-01-01,100,334,322,12,2025-01-01,2026-01-01
606,7,141,100,16,2026-01-01,100,327,312,15,2025-01-01,2026-01-01
607,7,123,100,29,2026-01-01,100,342,328,14,2025-01-01,2026-01-01
608,7,16,100,18,2026-01-01,100,282,271,11,2025-01-01,2026-01-01
609,7,23,100,37,2026-01-01,100,348,335,13,2025-01-01,2026-01-01
610,7,72,100,41,2026-01-01,100,326,311,15,2025-01-01,2026-01-01
611,7,99,100,30,2026-01-01,100,347,334,13,2025-01-01,2026-01-01
612,7,36,100,45,2026-01-01,100,333,319,14,2025-01-01,2026-01-01
613,7,108,100,49,2026-01-01,100,312,301,11,2025-01-01,2026-01-01
614,7,52,100,24,2026-01-01,100,340,328,12,2025-01-01,2026-01-01
615,7,135,100,47,2026-01-01,100,348,334,14,2025-01-01,2026-01-01
616,7,64,100,34,2026-01-01,100,324,305,19,2025-01-01,2026-01-01
617,7,5,100,28,2026-01-01,100,305,292,13,2025-01-01,2026-01-01
618,7,98,100,21,2026-01-01,100,338,321,17,2025-01-01,2026-01-01
619,7,92,100,10,2026-01-01,100,337,314,23,2025-01-01,2026-01-01
620,7,144,100,46,2026-01-01,100,310,297,13,2025-01-01,2026-01-01
621,7,125,100,46,2026-01-01,100,342,328,14,2025-01-01,2026-01-01
622,7,89,100,21,2026-01-01,100,328,312,16,2025-01-01,2026-01-01
623,7,83,100,30,2026-01-01,100,338,325,13,2025-01-01,2026-01-01
624,7,50,100,24,2026-01-01,100,330,317,13,2025-01-01,2026-01-01
625,7,35,100,46,2026-01-01,100,446,424,22,2025-01-01,2026-01-01
626,7,24,100,41,2026-01-01,100,347,334,13,2025-01-01,2026-01-01
627,7,4,100,31,2026-01-01,100,278,263,15,2025-01-01,2026-01-01
628,7,41,100,14,2026-01-01,100,333,320,13,2025-01-01,2026-01-01
629,7,77,100,32,2026-01-01,100,317,299,18,2025-01-01,2026-01-01
630,7,29,100,20,2026-01-01,100,394,377,17,2025-01-01,2026-01-01
631,7,124,100,15,2026-01-01,100,352,335,17,2025-01-01,2026-01-01
632,7,115,100,50,2026-01-01,100,312,303,9,2025-01-01,2026-01-01
633,7,104,100,31,2026-01-01,100,339,325,14,2025-01-01,2026-01-01
634,7,100,100,10,2026-01-01,100,327,316,11,2025-01-01,2026-01-01
635,7,139,100,23,2026-01-01,100,295,282,13,2025-01-01,2026-01-01
636,7,8,100,14,2026-01-01,100,1082,1079,3,2025-01-01,2026-01-01
637,7,118,100,26,2026-01-01,100,312,300,12,2025-01-01,2026-01-01
638,7,61,100,10,2026-01-01,100,319,309,10,2025-01-01,2026-01-01
639,7,68,100,34,2026-01-01,100,337,323,14,2025-01-01,2026-01-01
640,7,46,100,36,2026-01-01,100,315,303,12,2025-01-01,2026-01-01
641,7,140,100,36,2026-01-01,100,308,292,16,2025-01-01,2026-01-01
642,7,75,100,34,2026-01-01,100,292,284,8,2025-01-01,2026-01-01
643,7,30,100,44,2026-01-01,100,338,317,21,2025-01-01,2026-01-01
644,7,21,100,16,2026-01-01,100,392,379,13,2025-01-01,2026-01-01
645,7,13,100,46,2026-01-01,100,205,203,2,2025-01-01,2026-01-01
646,7,32,100,24,2026-01-01,100,362,346,16,2025-01-01,2026-01-01
647,7,85,100,38,2026-01-01,100,273,261,12,2025-01-01,2026-01-01
648,7,31,100,12,2026-01-01,100,410,391,19,2025-01-01,2026-01-01
649,7,126,100,11,2026-01-01,100,314,308,6,2025-01-01,2026-01-01
650,7,69,100,26,2026-01-01,100,326,309,17,2025-01-01,2026-01-01
651,7,95,100,14,2026-01-01,100,324,310,14,2025-01-01,2026-01-01
652,7,119,100,20,2026-01-01,100,353,327,26,2025-01-01,2026-01-01
653,7,133,100,20,2026-01-01,100,365,344,21,2025-01-01,2026-01-01
654,7,121,100,14,2026-01-01,100,329,310,19,2025-01-01,2026-01-01
655,7,74,100,15,2026-01-01,100,326,311,15,2025-01-01,2026-01-01
656,7,127,100,48,2026-01-01,100,320,301,19,2025-01-01,2026-01-01
657,7,111,100,40,2026-01-01,100,286,277,9,2025-01-01,2026-01-01
658,7,142,100,11,2026-01-01,100,333,320,13,2025-01-01,2026-01-01
659,7,93,100,20,2026-01-01,100,307,298,9,2025-01-01,2026-01-01
660,7,103,100,37,2026-01-01,100,321,308,13,2025-01-01,2026-01-01
661,7,148,100,13,2026-01-01,100,343,335,8,2025-01-01,2026-01-01
662,7,131,100,31,2026-01-01,100,307,289,18,2025-01-01,2026-01-01
663,7,94,100,22,2026-01-01,100,348,333,15,2025-01-01,2026-01-01
664,7,90,100,45,2026-01-01,100,367,351,16,2025-01-01,2026-01-01
665,7,120,100,44,2026-01-01,100,360,340,20,2025-01-01,2026-01-01
666,7,88,100,28,2026-01-01,100,348,339,9,2025-01-01,2026-01-01
667,7,73,100,25,2026-01-01,100,304,296,8,2025-01-01,2026-01-01
668,7,84,100,13,2026-01-01,100,347,328,19,2025-01-01,2026-01-01
669,7,19,100,46,2026-01-01,100,396,375,21,2025-01-01,2026-01-01
670,7,147,100,41,2026-01-01,100,300,289,11,2025-01-01,2026-01-01
671,7,25,100,13,2026-01-01,100,350,339,11,2025-01-01,2026-01-01
672,7,136,100,10,2026-01-01,100,296,286,10,2025-01-01,2026-01-01
673,7,70,100,15,2026-01-01,100,313,301,12,2025-01-01,2026-01-01
674,7,40,100,50,2026-01-01,100,320,300,20,2025-01-01,2026-01-01
675,7,132,100,40,2026-01-01,100,300,281,19,2025-01-01,2026-01-01
676,7,149,100,16,2026-01-01,100,323,308,15,2025-01-01,2026-01-01
677,7,134,100,23,2026-01-01,100,347,333,14,2025-01-01,2026-01-01
678,7,12,100,50,2026-01-01,100,1213,1188,25,2025-01-01,2026-01-01
679,7,110,100,15,2026-01-01,100,314,301,13,2025-01-01,2026-01-01
680,7,138,100,17,2026-01-01,100,315,300,15,2025-01-01,2026-01-01
681,7,97,100,35,2026-01-01,100,343,329,14,2025-01-01,2026-01-01
682,7,3,100,41,2026-01-01,100,6364,3748,2616,2025-01-01,2026-01-01
683,7,112,100,26,2026-01-01,100,308,292,16,2025-01-01,2026-01-01
684,7,62,100,44,2026-01-01,100,311,297,14,2025-01-01,2026-01-01
685,7,1,100,21,2026-01-01,100,6424,6385,39,2025-01-01,2026-01-01
686,7,43,100,34,2026-01-01,100,336,321,15,2025-01-01,2026-01-01
687,7,26,100,21,2026-01-01,100,409,392,17,2025-01-01,2026-01-01
688,7,137,100,12,2026-01-01,100,365,340,25,2025-01-01,2026-01-01
689,7,150,100,38,2026-01-01,100,335,325,10,2025-01-01,2026-01-01
690,7,22,100,26,2026-01-01,100,413,402,11,2025-01-01,2026-01-01
691,7,114,100,27,2026-01-01,100,331,316,15,2025-01-01,2026-01-01
692,7,81,100,13,2026-01-01,100,313,303,10,2025-01-01,2026-01-01
693,7,109,100,16,2026-01-01,100,320,307,13,2025-01-01,2026-01-01
694,7,55,100,32,2026-01-01,100,317,303,14,2025-01-01,2026-01-01
695,7,56,100,36,2026-01-01,100,367,354,13,2025-01-01,2026-01-01
696,7,107,100,47,2026-01-01,100,276,264,12,2025-01-01,2026-01-01
697,7,86,100,45,2026-01-01,100,301,287,14,2025-01-01,2026-01-01
698,7,2,100,34,2026-01-01,100,9,8,1,2025-01-01,2026-01-01
699,7,10,100,36,2026-01-01,100,963,935,28,2025-01-01,2026-01-01
700,7,38,100,40,2026-01-01,100,415,391,24,2025-01-01,2026-01-01
701,8,147,100,38,2026-01-01,100,342,330,12,2025-01-01,2026-01-01
702,8,61,100,30,2026-01-01,100,358,349,9,2025-01-01,2026-01-01
703,8,122,100,36,2026-01-01,100,325,305,20,2025-01-01,2026-01-01
704,8,77,100,15,2026-01-01,100,319,303,16,2025-01-01,2026-01-01
705,8,21,100,38,2026-01-01,100,379,363,16,2025-01-01,2026-01-01
706,8,102,100,36,2026-01-01,100,384,371,13,2025-01-01,2026-01-01
707,8,9,100,41,2026-01-01,100,88,85,3,2025-01-01,2026-01-01
708,8,129,100,43,2026-01-01,100,336,324,12,2025-01-01,2026-01-01
709,8,133,100,13,2026-01-01,100,318,301,17,2025-01-01,2026-01-01
710,8,38,100,20,2026-01-01,100,346,336,10,2025-01-01,2026-01-01
711,8,31,100,29,2026-01-01,100,400,385,15,2025-01-01,2026-01-01
712,8,115,100,42,2026-01-01,100,341,329,12,2025-01-01,2026-01-01
713,8,45,100,18,2026-01-01,100,338,328,10,2025-01-01,2026-01-01
714,8,43,100,43,2026-01-01,100,348,332,16,2025-01-01,2026-01-01
715,8,55,100,11,2026-01-01,100,307,294,13,2025-01-01,2026-01-01
716,8,50,100,22,2026-01-01,100,314,298,16,2025-01-01,2026-01-01
717,8,33,100,13,2026-01-01,100,435,426,9,2025-01-01,2026-01-01
718,8,11,100,12,2026-01-01,100,3929,3889,40,2025-01-01,2026-01-01
719,8,109,100,13,2026-01-01,100,338,327,11,2025-01-01,2026-01-01
720,8,146,100,22,2026-01-01,100,304,290,14,2025-01-01,2026-01-01
721,8,112,100,33,2026-01-01,100,323,310,13,2025-01-01,2026-01-01
722,8,52,100,42,2026-01-01,100,333,319,14,2025-01-01,2026-01-01
723,8,141,100,50,2026-01-01,100,304,297,7,2025-01-01,2026-01-01
724,8,107,100,11,2026-01-01,100,350,345,5,2025-01-01,2026-01-01
725,8,150,100,33,2026-01-01,100,349,328,21,2025-01-01,2026-01-01
726,8,34,100,48,2026-01-01,100,406,393,13,2025-01-01,2026-01-01
727,8,41,100,21,2026-01-01,100,328,308,20,2025-01-01,2026-01-01
728,8,117,100,47,2026-01-01,100,319,305,14,2025-01-01,2026-01-01
729,8,94,100,32,2026-01-01,100,315,301,14,2025-01-01,2026-01-01
730,8,118,100,20,2026-01-01,100,350,332,18,2025-01-01,2026-01-01
731,8,104,100,15,2026-01-01,100,316,301,15,2025-01-01,2026-01-01
732,8,144,100,11,2026-01-01,100,379,361,18,2025-01-01,2026-01-01
733,8,12,100,13,2026-01-01,100,1404,1384,20,2025-01-01,2026-01-01
734,8,135,100,46,2026-01-01,100,352,343,9,2025-01-01,2026-01-01
735,8,72,100,23,2026-01-01,100,362,347,15,2025-01-01,2026-01-01
736,8,51,100,24,2026-01-01,100,336,321,15,2025-01-01,2026-01-01
737,8,71,100,23,2026-01-01,100,309,296,13,2025-01-01,2026-01-01
738,8,42,100,36,2026-01-01,100,344,327,17,2025-01-01,2026-01-01
739,8,110,100,11,2026-01-01,100,332,321,11,2025-01-01,2026-01-01
740,8,36,100,10,2026-01-01,100,320,308,12,2025-01-01,2026-01-01
741,8,67,100,18,2026-01-01,100,302,290,12,2025-01-01,2026-01-01
742,8,59,100,21,2026-01-01,100,340,327,13,2025-01-01,2026-01-01
743,8,2,100,10,2026-01-01,100,14,14,0,2025-01-01,2026-01-01
744,8,101,100,26,2026-01-01,100,345,331,14,2025-01-01,2026-01-01
745,8,90,100,29,2026-01-01,100,327,312,15,2025-01-01,2026-01-01
746,8,80,100,27,2026-01-01,100,308,290,18,2025-01-01,2026-01-01
747,8,76,100,34,2026-01-01,100,305,297,8,2025-01-01,2026-01-01
748,8,130,100,39,2026-01-01,100,329,320,9,2025-01-01,2026-01-01
749,8,127,100,23,2026-01-01,100,275,262,13,2025-01-01,2026-01-01
750,8,54,100,29,2026-01-01,100,362,347,15,2025-01-01,2026-01-01
751,8,15,100,43,2026-01-01,100,367,347,20,2025-01-01,2026-01-01
752,8,145,100,35,2026-01-01,100,299,286,13,2025-01-01,2026-01-01
753,8,20,100,16,2026-01-01,100,400,386,14,2025-01-01,2026-01-01
754,8,19,100,42,2026-01-01,100,374,360,14,2025-01-01,2026-01-01
755,8,73,100,33,2026-01-01,100,354,333,21,2025-01-01,2026-01-01
756,8,120,100,48,2026-01-01,100,271,256,15,2025-01-01,2026-01-01
757,8,75,100,28,2026-01-01,100,307,299,8,2025-01-01,2026-01-01
758,8,13,100,16,2026-01-01,100,130,126,4,2025-01-01,2026-01-01
759,8,14,100,14,2026-01-01,100,1420,1376,44,2025-01-01,2026-01-01
760,8,96,100,27,2026-01-01,100,367,356,11,2025-01-01,2026-01-01
761,8,93,100,30,2026-01-01,100,355,344,11,2025-01-01,2026-01-01
762,8,37,100,26,2026-01-01,100,342,334,8,2025-01-01,2026-01-01
763,8,69,100,29,2026-01-01,100,362,344,18,2025-01-01,2026-01-01
764,8,138,100,19,2026-01-01,100,389,373,16,2025-01-01,2026-01-01
765,8,53,100,25,2026-01-01,100,366,350,16,2025-01-01,2026-01-01
766,8,125,100,48,2026-01-01,100,353,341,12,2025-01-01,2026-01-01
767,8,123,100,30,2026-01-01,100,344,331,13,2025-01-01,2026-01-01
768,8,63,100,18,2026-01-01,100,350,339,11,2025-01-01,2026-01-01
769,8,74,100,11,2026-01-01,100,318,306,12,2025-01-01,2026-01-01
770,8,78,100,41,2026-01-01,100,350,331,19,2025-01-01,2026-01-01
771,8,149,100,26,2026-01-01,100,331,312,19,2025-01-01,2026-01-01
772,8,5,100,35,2026-01-01,100,286,274,12,2025-01-01,2026-01-01
773,8,23,100,12,2026-01-01,100,409,388,21,2025-01-01,2026-01-01
774,8,111,100,46,2026-01-01,100,306,296,10,2025-01-01,2026-01-01
775,8,143,100,31,2026-01-01,100,351,331,20,2025-01-01,2026-01-01
776,8,97,100,24,2026-01-01,100,353,342,11,2025-01-01,2026-01-01
777,8,95,100,44,2026-01-01,100,340,327,13,2025-01-01,2026-01-01
778,8,79,100,40,2026-01-01,100,324,312,12,2025-01-01,2026-01-01
779,8,139,100,32,2026-01-01,100,340,327,13,2025-01-01,2026-01-01
780,8,137,100,29,2026-01-01,100,293,276,17,2025-01-01,2026-01-01
781,8,140,100,45,2026-01-01,100,323,311,12,2025-01-01,2026-01-01
782,8,7,100,28,2026-01-01,100,1667,1655,12,2025-01-01,2026-01-01
783,8,105,100,40,2026-01-01,100,336,322,14,2025-01-01,2026-01-01
784,8,35,100,26,2026-01-01,100,400,383,17,2025-01-01,2026-01-01
785,8,48,100,45,2026-01-01,100,310,296,14,2025-01-01,2026-01-01
786,8,3,100,21,2026-01-01,100,6416,3765,2651,2025-01-01,2026-01-01
787,8,44,100,31,2026-01-01,100,339,329,10,2025-01-01,2026-01-01
788,8,86,100,15,2026-01-01,100,326,311,15,2025-01-01,2026-01-01
789,8,116,100,32,2026-01-01,100,322,310,12,2025-01-01,2026-01-01
790,8,98,100,29,2026-01-01,100,385,369,16,2025-01-01,2026-01-01
791,8,68,100,31,2026-01-01,100,336,320,16,2025-01-01,2026-01-01
792,8,18,100,26,2026-01-01,100,373,359,14,2025-01-01,2026-01-01
793,8,99,100,28,2026-01-01,100,348,332,16,2025-01-01,2026-01-01
794,8,32,100,17,2026-01-01,100,432,415,17,2025-01-01,2026-01-01
795,8,136,100,13,2026-01-01,100,310,292,18,2025-01-01,2026-01-01
796,8,87,100,47,2026-01-01,100,318,303,15,2025-01-01,2026-01-01
797,8,64,100,49,2026-01-01,100,324,311,13,2025-01-01,2026-01-01
798,8,88,100,40,2026-01-01,100,297,286,11,2025-01-01,2026-01-01
799,8,100,100,42,2026-01-01,100,321,303,18,2025-01-01,2026-01-01
800,8,119,100,34,2026-01-01,100,323,307,16,2025-01-01,2026-01-01
801,9,136,100,12,2026-01-01,100,360,344,16,2025-01-01,2026-01-01
802,9,77,100,50,2026-01-01,100,327,319,8,2025-01-01,2026-01-01
803,9,106,100,44,2026-01-01,100,318,307,11,2025-01-01,2026-01-01
804,9,14,100,13,2026-01-01,100,1341,1318,23,2025-01-01,2026-01-01
805,9,39,100,13,2026-01-01,100,340,329,11,2025-01-01,2026-01-01
806,9,36,100,16,2026-01-01,100,301,287,14,2025-01-01,2026-01-01
807,9,52,100,11,2026-01-01,100,346,331,15,2025-01-01,2026-01-01
808,9,88,100,17,2026-01-01,100,306,293,13,2025-01-01,2026-01-01
809,9,105,100,38,2026-01-01,100,318,301,17,2025-01-01,2026-01-01
810,9,118,100,17,2026-01-01,100,325,307,18,2025-01-01,2026-01-01
811,9,37,100,26,2026-01-01,100,318,306,12,2025-01-01,2026-01-01
812,9,81,100,19,2026-01-01,100,307,292,15,2025-01-01,2026-01-01
813,9,47,100,50,2026-01-01,100,316,305,11,2025-01-01,2026-01-01
814,9,21,100,29,2026-01-01,100,368,350,18,2025-01-01,2026-01-01
815,9,125,100,16,2026-01-01,100,346,332,14,2025-01-01,2026-01-01
816,9,86,100,43,2026-01-01,100,319,299,20,2025-01-01,2026-01-01
817,9,46,100,49,2026-01-01,100,324,307,17,2025-01-01,2026-01-01
818,9,139,100,18,2026-01-01,100,306,291,15,2025-01-01,2026-01-01
819,9,15,100,16,2026-01-01,100,300,291,9,2025-01-01,2026-01-01
820,9,2,100,49,2026-01-01,100,13,12,1,2025-01-01,2026-01-01
821,9,116,100,28,2026-01-01,100,337,321,16,2025-01-01,2026-01-01
822,9,71,100,16,2026-01-01,100,304,288,16,2025-01-01,2026-01-01
823,9,54,100,22,2026-01-01,100,349,335,14,2025-01-01,2026-01-01
824,9,98,100,22,2026-01-01,100,318,305,13,2025-01-01,2026-01-01
825,9,100,100,26,2026-01-01,100,272,263,9,2025-01-01,2026-01-01
826,9,22,100,22,2026-01-01,100,399,379,20,2025-01-01,2026-01-01
827,9,74,100,36,2026-01-01,100,362,342,20,2025-01-01,2026-01-01
828,9,127,100,20,2026-01-01,100,310,297,13,2025-01-01,2026-01-01
829,9,137,100,45,2026-01-01,100,320,307,13,2025-01-01,2026-01-01
830,9,63,100,23,2026-01-01,100,304,282,22,2025-01-01,2026-01-01
831,9,101,100,40,2026-01-01,100,308,301,7,2025-01-01,2026-01-01
832,9,123,100,25,2026-01-01,100,357,342,15,2025-01-01,2026-01-01
833,9,126,100,10,2026-01-01,100,317,299,18,2025-01-01,2026-01-01
834,9,12,100,15,2026-01-01,100,1254,1229,25,2025-01-01,2026-01-01
835,9,17,100,46,2026-01-01,100,358,343,15,2025-01-01,2026-01-01
836,9,79,100,41,2026-01-01,100,335,322,13,2025-01-01,2026-01-01
837,9,56,100,15,2026-01-01,100,339,322,17,2025-01-01,2026-01-01
838,9,82,100,42,2026-01-01,100,304,289,15,2025-01-01,2026-01-01
839,9,55,100,16,2026-01-01,100,312,298,14,2025-01-01,2026-01-01
840,9,144,100,24,2026-01-01,100,343,327,16,2025-01-01,2026-01-01
841,9,112,100,28,2026-01-01,100,308,294,14,2025-01-01,2026-01-01
842,9,62,100,39,2026-01-01,100,341,330,11,2025-01-01,2026-01-01
843,9,50,100,16,2026-01-01,100,320,303,17,2025-01-01,2026-01-01
844,9,1,100,12,2026-01-01,100,6132,6103,29,2025-01-01,2026-01-01
845,9,5,100,33,2026-01-01,100,316,306,10,2025-01-01,2026-01-01
846,9,69,100,30,2026-01-01,100,325,312,13,2025-01-01,2026-01-01
847,9,26,100,17,2026-01-01,100,380,367,13,2025-01-01,2026-01-01
848,9,94,100,12,2026-01-01,100,288,271,17,2025-01-01,2026-01-01
849,9,48,100,18,2026-01-01,100,344,332,12,2025-01-01,2026-01-01
850,9,131,100,20,2026-01-01,100,284,271,13,2025-01-01,2026-01-01
851,9,42,100,32,2026-01-01,100,322,310,12,2025-01-01,2026-01-01
852,9,97,100,49,2026-01-01,100,298,287,11,2025-01-01,2026-01-01
853,9,68,100,15,2026-01-01,100,310,299,11,2025-01-01,2026-01-01
854,9,25,100,31,2026-01-01,100,381,367,14,2025-01-01,2026-01-01
855,9,3,100,17,2026-01-01,100,6231,3666,2565,2025-01-01,2026-01-01
856,9,87,100,35,2026-01-01,100,319,311,8,2025-01-01,2026-01-01
857,9,107,100,27,2026-01-01,100,317,304,13,2025-01-01,2026-01-01
858,9,133,100,40,2026-01-01,100,335,325,10,2025-01-01,2026-01-01
859,9,32,100,20,2026-01-01,100,348,335,13,2025-01-01,2026-01-01
860,9,29,100,18,2026-01-01,100,356,345,11,2025-01-01,2026-01-01
861,9,89,100,13,2026-01-01,100,349,333,16,2025-01-01,2026-01-01
862,9,45,100,16,2026-01-01,100,297,289,8,2025-01-01,2026-01-01
863,9,40,100,47,2026-01-01,100,315,302,13,2025-01-01,2026-01-01
864,9,130,100,46,2026-01-01,100,331,318,13,2025-01-01,2026-01-01
865,9,147,100,38,2026-01-01,100,307,298,9,2025-01-01,2026-01-01
866,9,108,100,49,2026-01-01,100,324,309,15,2025-01-01,2026-01-01
867,9,65,100,32,2026-01-01,100,290,273,17,2025-01-01,2026-01-01
868,9,76,100,11,2026-01-01,100,343,332,11,2025-01-01,2026-01-01
869,9,143,100,18,2026-01-01,100,292,280,12,2025-01-01,2026-01-01
870,9,150,100,41,2026-01-01,100,283,274,9,2025-01-01,2026-01-01
871,9,9,100,36,2026-01-01,100,72,71,1,2025-01-01,2026-01-01
872,9,6,100,12,2026-01-01,100,1759,1732,27,2025-01-01,2026-01-01
873,9,146,100,26,2026-01-01,100,301,279,22,2025-01-01,2026-01-01
874,9,38,100,30,2026-01-01,100,339,323,16,2025-01-01,2026-01-01
875,9,59,100,43,2026-01-01,100,336,321,15,2025-01-01,2026-01-01
876,9,67,100,46,2026-01-01,100,312,298,14,2025-01-01,2026-01-01
877,9,119,100,46,2026-01-01,100,341,328,13,2025-01-01,2026-01-01
878,9,44,100,31,2026-01-01,100,320,304,16,2025-01-01,2026-01-01
879,9,114,100,43,2026-01-01,100,301,289,12,2025-01-01,2026-01-01
880,9,18,100,49,2026-01-01,100,338,323,15,2025-01-01,2026-01-01
881,9,73,100,37,2026-01-01,100,305,294,11,2025-01-01,2026-01-01
882,9,121,100,25,2026-01-01,100,321,313,8,2025-01-01,2026-01-01
883,9,134,100,32,2026-01-01,100,305,285,20,2025-01-01,2026-01-01
884,9,99,100,34,2026-01-01,100,264,252,12,2025-01-01,2026-01-01
885,9,93,100,45,2026-01-01,100,337,324,13,2025-01-01,2026-01-01
886,9,111,100,13,2026-01-01,100,348,338,10,2025-01-01,2026-01-01
887,9,96,100,20,2026-01-01,100,318,298,20,2025-01-01,2026-01-01
888,9,132,100,40,2026-01-01,100,314,301,13,2025-01-01,2026-01-01
889,9,142,100,20,2026-01-01,100,333,319,14,2025-01-01,2026-01-01
890,9,138,100,41,2026-01-01,100,344,332,12,2025-01-01,2026-01-01
891,9,80,100,25,2026-01-01,100,314,303,11,2025-01-01,2026-01-01
892,9,135,100,27,2026-01-01,100,336,321,15,2025-01-01,2026-01-01
893,9,61,100,42,2026-01-01,100,301,290,11,2025-01-01,2026-01-01
894,9,120,100,45,2026-01-01,100,372,356,16,2025-01-01,2026-01-01
895,9,149,100,34,2026-01-01,100,360,344,16,2025-01-01,2026-01-01
896,9,33,100,25,2026-01-01,100,356,340,16,2025-01-01,2026-01-01
897,9,11,100,39,2026-01-01,100,3826,3798,28,2025-01-01,2026-01-01
898,9,8,100,46,2026-01-01,100,1008,1000,8,2025-01-01,2026-01-01
899,9,24,100,15,2026-01-01,100,380,367,13,2025-01-01,2026-01-01
900,9,124,100,38,2026-01-01,100,324,315,9,2025-01-01,2026-01-01
901,10,81,100,36,2026-01-01,100,323,305,18,2025-01-01,2026-01-01
902,10,31,100,42,2026-01-01,100,349,337,12,2025-01-01,2026-01-01
903,10,128,100,45,2026-01-01,100,339,328,11,2025-01-01,2026-01-01
904,10,5,100,45,2026-01-01,100,320,301,19,2025-01-01,2026-01-01
905,10,27,100,23,2026-01-01,100,379,359,20,2025-01-01,2026-01-01
906,10,104,100,23,2026-01-01,100,346,325,21,2025-01-01,2026-01-01
907,10,106,100,28,2026-01-01,100,329,315,14,2025-01-01,2026-01-01
908,10,10,100,32,2026-01-01,100,990,966,24,2025-01-01,2026-01-01
909,10,141,100,18,2026-01-01,100,315,308,7,2025-01-01,2026-01-01
910,10,1,100,21,2026-01-01,100,6385,6363,22,2025-01-01,2026-01-01
911,10,24,100,44,2026-01-01,100,453,442,11,2025-01-01,2026-01-01
912,10,78,100,50,2026-01-01,100,330,313,17,2025-01-01,2026-01-01
913,10,131,100,17,2026-01-01,100,293,283,10,2025-01-01,2026-01-01
914,10,53,100,32,2026-01-01,100,367,345,22,2025-01-01,2026-01-01
915,10,117,100,40,2026-01-01,100,368,356,12,2025-01-01,2026-01-01
916,10,88,100,46,2026-01-01,100,307,290,17,2025-01-01,2026-01-01
917,10,94,100,36,2026-01-01,100,321,310,11,2025-01-01,2026-01-01
918,10,14,100,44,2026-01-01,100,1380,1353,27,2025-01-01,2026-01-01
919,10,58,100,37,2026-01-01,100,320,306,14,2025-01-01,2026-01-01
920,10,136,100,43,2026-01-01,100,314,302,12,2025-01-01,2026-01-01
921,10,85,100,11,2026-01-01,100,324,309,15,2025-01-01,2026-01-01
922,10,122,100,19,2026-01-01,100,330,315,15,2025-01-01,2026-01-01
923,10,134,100,13,2026-01-01,100,310,299,11,2025-01-01,2026-01-01
924,10,92,100,27,2026-01-01,100,321,311,10,2025-01-01,2026-01-01
925,10,132,100,20,2026-01-01,100,323,314,9,2025-01-01,2026-01-01
926,10,15,100,26,2026-01-01,100,323,314,9,2025-01-01,2026-01-01
927,10,13,100,13,2026-01-01,100,195,190,5,2025-01-01,2026-01-01
928,10,98,100,28,2026-01-01,100,340,328,12,2025-01-01,2026-01-01
929,10,130,100,44,2026-01-01,100,345,334,11,2025-01-01,2026-01-01
930,10,29,100,32,2026-01-01,100,394,378,16,2025-01-01,2026-01-01
931,10,142,100,16,2026-01-01,100,355,340,15,2025-01-01,2026-01-01
932,10,44,100,45,2026-01-01,100,296,285,11,2025-01-01,2026-01-01
933,10,46,100,45,2026-01-01,100,336,321,15,2025-01-01,2026-01-01
934,10,107,100,25,2026-01-01,100,388,372,16,2025-01-01,2026-01-01
935,10,82,100,28,2026-01-01,100,364,347,17,2025-01-01,2026-01-01
936,10,103,100,13,2026-01-01,100,327,313,14,2025-01-01,2026-01-01
937,10,38,100,34,2026-01-01,100,331,320,11,2025-01-01,2026-01-01
938,10,71,100,30,2026-01-01,100,370,353,17,2025-01-01,2026-01-01
939,10,67,100,13,2026-01-01,100,317,305,12,2025-01-01,2026-01-01
940,10,48,100,26,2026-01-01,100,357,342,15,2025-01-01,2026-01-01
941,10,90,100,49,2026-01-01,100,336,325,11,2025-01-01,2026-01-01
942,10,133,100,38,2026-01-01,100,347,323,24,2025-01-01,2026-01-01
943,10,6,100,50,2026-01-01,100,1774,1756,18,2025-01-01,2026-01-01
944,10,22,100,33,2026-01-01,100,414,399,15,2025-01-01,2026-01-01
945,10,64,100,47,2026-01-01,100,309,298,11,2025-01-01,2026-01-01
946,10,18,100,48,2026-01-01,100,347,333,14,2025-01-01,2026-01-01
947,10,127,100,22,2026-01-01,100,337,325,12,2025-01-01,2026-01-01
948,10,96,100,38,2026-01-01,100,346,336,10,2025-01-01,2026-01-01
949,10,93,100,14,2026-01-01,100,327,310,17,2025-01-01,2026-01-01
950,10,137,100,21,2026-01-01,100,347,336,11,2025-01-01,2026-01-01
951,10,109,100,42,2026-01-01,100,319,309,10,2025-01-01,2026-01-01
952,10,33,100,34,2026-01-01,100,394,377,17,2025-01-01,2026-01-01
953,10,79,100,37,2026-01-01,100,334,319,15,2025-01-01,2026-01-01
954,10,26,100,45,2026-01-01,100,383,368,15,2025-01-01,2026-01-01
955,10,25,100,18,2026-01-01,100,372,358,14,2025-01-01,2026-01-01
956,10,16,100,47,2026-01-01,100,369,354,15,2025-01-01,2026-01-01
957,10,51,100,10,2026-01-01,100,351,341,10,2025-01-01,2026-01-01
958,10,28,100,39,2026-01-01,100,348,335,13,2025-01-01,2026-01-01
959,10,59,100,19,2026-01-01,100,314,301,13,2025-01-01,2026-01-01
960,10,115,100,19,2026-01-01,100,392,371,21,2025-01-01,2026-01-01
961,10,119,100,48,2026-01-01,100,351,336,15,2025-01-01,2026-01-01
962,10,100,100,50,2026-01-01,100,342,335,7,2025-01-01,2026-01-01
963,10,54,100,29,2026-01-01,100,356,339,17,2025-01-01,2026-01-01
964,10,108,100,46,2026-01-01,100,323,303,20,2025-01-01,2026-01-01
965,10,116,100,32,2026-01-01,100,310,299,11,2025-01-01,2026-01-01
966,10,76,100,30,2026-01-01,100,356,344,12,2025-01-01,2026-01-01
967,10,95,100,24,2026-01-01,100,335,322,13,2025-01-01,2026-01-01
968,10,126,100,43,2026-01-01,100,317,302,15,2025-01-01,2026-01-01
969,10,145,100,42,2026-01-01,100,326,316,10,2025-01-01,2026-01-01
970,10,129,100,36,2026-01-01,100,325,305,20,2025-01-01,2026-01-01
971,10,65,100,44,2026-01-01,100,356,343,13,2025-01-01,2026-01-01
972,10,105,100,15,2026-01-01,100,369,358,11,2025-01-01,2026-01-01
973,10,144,100,24,2026-01-01,100,326,312,14,2025-01-01,2026-01-01
974,10,120,100,31,2026-01-01,100,315,297,18,2025-01-01,2026-01-01
975,10,68,100,33,2026-01-01,100,299,281,18,2025-01-01,2026-01-01
976,10,7,100,23,2026-01-01,100,1663,1654,9,2025-01-01,2026-01-01
977,10,113,100,49,2026-01-01,100,325,309,16,2025-01-01,2026-01-01
978,10,56,100,40,2026-01-01,100,320,309,11,2025-01-01,2026-01-01
979,10,62,100,10,2026-01-01,100,335,321,14,2025-01-01,2026-01-01
980,10,66,100,32,2026-01-01,100,350,337,13,2025-01-01,2026-01-01
981,10,23,100,25,2026-01-01,100,437,424,13,2025-01-01,2026-01-01
982,10,70,100,49,2026-01-01,100,314,303,11,2025-01-01,2026-01-01
983,10,17,100,25,2026-01-01,100,337,323,14,2025-01-01,2026-01-01
984,10,89,100,30,2026-01-01,100,323,312,11,2025-01-01,2026-01-01
985,10,50,100,17,2026-01-01,100,376,360,16,2025-01-01,2026-01-01
986,10,42,100,26,2026-01-01,100,355,332,23,2025-01-01,2026-01-01
987,10,74,100,28,2026-01-01,100,332,314,18,2025-01-01,2026-01-01
988,10,146,100,43,2026-01-01,100,277,263,14,2025-01-01,2026-01-01
989,10,39,100,33,2026-01-01,100,347,331,16,2025-01-01,2026-01-01
990,10,86,100,42,2026-01-01,100,342,330,12,2025-01-01,2026-01-01
991,10,45,100,41,2026-01-01,100,322,306,16,2025-01-01,2026-01-01
992,10,49,100,28,2026-01-01,100,336,324,12,2025-01-01,2026-01-01
993,10,84,100,22,2026-01-01,100,308,297,11,2025-01-01,2026-01-01
994,10,123,100,42,2026-01-01,100,312,298,14,2025-01-01,2026-01-01
995,10,97,100,16,2026-01-01,100,339,323,16,2025-01-01,2026-01-01
996,10,138,100,44,2026-01-01,100,356,341,15,2025-01-01,2026-01-01
997,10,19,100,10,2026-01-01,100,434,413,21,2025-01-01,2026-01-01
998,10,121,100,14,2026-01-01,100,312,299,13,2025-01-01,2026-01-01
999,10,52,100,50,2026-01-01,100,323,311,12,2025-01-01,2026-01-01
1000,10,9,100,23,2026-01-01,100,54,52,2,2025-01-01,2026-01-01
1001,11,109,100,45,2026-01-01,100,280,268,12,2025-01-01,2026-01-01
1002,11,27,100,45,2026-01-01,100,385,367,18,2025-01-01,2026-01-01
1003,11,53,100,28,2026-01-01,100,305,292,13,2025-01-01,2026-01-01
1004,11,138,100,14,2026-01-01,100,312,302,10,2025-01-01,2026-01-01
1005,11,112,100,16,2026-01-01,100,318,311,7,2025-01-01,2026-01-01
1006,11,19,100,47,2026-01-01,100,417,402,15,2025-01-01,2026-01-01
1007,11,40,100,31,2026-01-01,100,351,339,12,2025-01-01,2026-01-01
1008,11,7,100,18,2026-01-01,100,1523,1513,10,2025-01-01,2026-01-01
1009,11,118,100,25,2026-01-01,100,305,286,19,2025-01-01,2026-01-01
1010,11,85,100,28,2026-01-01,100,305,292,13,2025-01-01,2026-01-01
1011,11,10,100,14,2026-01-01,100,943,926,17,2025-01-01,2026-01-01
1012,11,23,100,30,2026-01-01,100,405,384,21,2025-01-01,2026-01-01
1013,11,145,100,38,2026-01-01,100,328,312,16,2025-01-01,2026-01-01
1014,11,14,100,49,2026-01-01,100,1242,1215,27,2025-01-01,2026-01-01
1015,11,46,100,29,2026-01-01,100,313,296,17,2025-01-01,2026-01-01
1016,11,65,100,47,2026-01-01,100,320,302,18,2025-01-01,2026-01-01
1017,11,147,100,46,2026-01-01,100,329,317,12,2025-01-01,2026-01-01
1018,11,59,100,33,2026-01-01,100,301,289,12,2025-01-01,2026-01-01
1019,11,67,100,37,2026-01-01,100,275,266,9,2025-01-01,2026-01-01
1020,11,105,100,10,2026-01-01,100,293,278,15,2025-01-01,2026-01-01
1021,11,100,100,25,2026-01-01,100,299,283,16,2025-01-01,2026-01-01
1022,11,116,100,37,2026-01-01,100,312,297,15,2025-01-01,2026-01-01
1023,11,104,100,33,2026-01-01,100,335,315,20,2025-01-01,2026-01-01
1024,11,56,100,31,2026-01-01,100,339,324,15,2025-01-01,2026-01-01
1025,11,41,100,39,2026-01-01,100,345,335,10,2025-01-01,2026-01-01
1026,11,3,100,32,2026-01-01,100,6371,3746,2625,2025-01-01,2026-01-01
1027,11,50,100,29,2026-01-01,100,326,307,19,2025-01-01,2026-01-01
1028,11,87,100,45,2026-01-01,100,326,309,17,2025-01-01,2026-01-01
1029,11,16,100,21,2026-01-01,100,291,279,12,2025-01-01,2026-01-01
1030,11,69,100,48,2026-01-01,100,324,308,16,2025-01-01,2026-01-01
1031,11,1,100,27,2026-01-01,100,6184,6149,35,2025-01-01,2026-01-01
1032,11,83,100,44,2026-01-01,100,316,299,17,2025-01-01,2026-01-01
1033,11,93,100,26,2026-01-01,100,318,301,17,2025-01-01,2026-01-01
1034,11,80,100,50,2026-01-01,100,280,270,10,2025-01-01,2026-01-01
1035,11,9,100,14,2026-01-01,100,76,74,2,2025-01-01,2026-01-01
1036,11,97,100,42,2026-01-01,100,271,262,9,2025-01-01,2026-01-01
1037,11,96,100,11,2026-01-01,100,326,315,11,2025-01-01,2026-01-01
1038,11,75,100,47,2026-01-01,100,356,338,18,2025-01-01,2026-01-01
1039,11,6,100,47,2026-01-01,100,1634,1604,30,2025-01-01,2026-01-01
1040,11,90,100,12,2026-01-01,100,279,271,8,2025-01-01,2026-01-01
1041,11,150,100,26,2026-01-01,100,328,316,12,2025-01-01,2026-01-01
1042,11,140,100,44,2026-01-01,100,305,289,16,2025-01-01,2026-01-01
1043,11,136,100,19,2026-01-01,100,350,337,13,2025-01-01,2026-01-01
1044,11,135,100,35,2026-01-01,100,337,327,10,2025-01-01,2026-01-01
1045,11,137,100,47,2026-01-01,100,329,319,10,2025-01-01,2026-01-01
1046,11,38,100,28,2026-01-01,100,268,249,19,2025-01-01,2026-01-01
1047,11,101,100,39,2026-01-01,100,326,314,12,2025-01-01,2026-01-01
1048,11,88,100,42,2026-01-01,100,307,297,10,2025-01-01,2026-01-01
1049,11,39,100,35,2026-01-01,100,309,294,15,2025-01-01,2026-01-01
1050,11,78,100,42,2026-01-01,100,311,295,16,2025-01-01,2026-01-01
1051,11,12,100,25,2026-01-01,100,1273,1257,16,2025-01-01,2026-01-01
1052,11,37,100,20,2026-01-01,100,352,331,21,2025-01-01,2026-01-01
1053,11,98,100,42,2026-01-01,100,323,316,7,2025-01-01,2026-01-01
1054,11,57,100,38,2026-01-01,100,348,335,13,2025-01-01,2026-01-01
1055,11,49,100,21,2026-01-01,100,332,314,18,2025-01-01,2026-01-01
1056,11,51,100,46,2026-01-01,100,300,288,12,2025-01-01,2026-01-01
1057,11,141,100,19,2026-01-01,100,303,291,12,2025-01-01,2026-01-01
1058,11,4,100,40,2026-01-01,100,286,276,10,2025-01-01,2026-01-01
1059,11,61,100,12,2026-01-01,100,355,341,14,2025-01-01,2026-01-01
1060,11,21,100,41,2026-01-01,100,413,394,19,2025-01-01,2026-01-01
1061,11,121,100,14,2026-01-01,100,328,309,19,2025-01-01,2026-01-01
1062,11,29,100,33,2026-01-01,100,359,346,13,2025-01-01,2026-01-01
1063,11,18,100,12,2026-01-01,100,272,260,12,2025-01-01,2026-01-01
1064,11,95,100,23,2026-01-01,100,315,308,7,2025-01-01,2026-01-01
1065,11,70,100,33,2026-01-01,100,323,311,12,2025-01-01,2026-01-01
1066,11,131,100,40,2026-01-01,100,276,263,13,2025-01-01,2026-01-01
1067,11,82,100,12,2026-01-01,100,330,319,11,2025-01-01,2026-01-01
1068,11,134,100,30,2026-01-01,100,296,286,10,2025-01-01,2026-01-01
1069,11,102,100,43,2026-01-01,100,326,314,12,2025-01-01,2026-01-01
1070,11,48,100,27,2026-01-01,100,349,329,20,2025-01-01,2026-01-01
1071,11,2,100,26,2026-01-01,100,8,8,0,2025-01-01,2026-01-01
1072,11,71,100,44,2026-01-01,100,353,335,18,2025-01-01,2026-01-01
1073,11,72,100,21,2026-01-01,100,317,304,13,2025-01-01,2026-01-01
1074,11,119,100,34,2026-01-01,100,327,316,11,2025-01-01,2026-01-01
1075,11,122,100,47,2026-01-01,100,288,273,15,2025-01-01,2026-01-01
1076,11,146,100,14,2026-01-01,100,328,309,19,2025-01-01,2026-01-01
1077,11,120,100,26,2026-01-01,100,282,268,14,2025-01-01,2026-01-01
1078,11,123,100,24,2026-01-01,100,295,283,12,2025-01-01,2026-01-01
1079,11,111,100,35,2026-01-01,100,315,297,18,2025-01-01,2026-01-01
1080,11,79,100,32,2026-01-01,100,318,300,18,2025-01-01,2026-01-01
1081,11,11,100,40,2026-01-01,100,3567,3543,24,2025-01-01,2026-01-01
1082,11,144,100,10,2026-01-01,100,345,329,16,2025-01-01,2026-01-01
1083,11,149,100,18,2026-01-01,100,334,319,15,2025-01-01,2026-01-01
1084,11,45,100,20,2026-01-01,100,313,303,10,2025-01-01,2026-01-01
1085,11,28,100,14,2026-01-01,100,393,377,16,2025-01-01,2026-01-01
1086,11,148,100,27,2026-01-01,100,278,266,12,2025-01-01,2026-01-01
1087,11,77,100,19,2026-01-01,100,340,326,14,2025-01-01,2026-01-01
1088,11,86,100,20,2026-01-01,100,317,297,20,2025-01-01,2026-01-01
1089,11,130,100,48,2026-01-01,100,311,299,12,2025-01-01,2026-01-01
1090,11,15,100,17,2026-01-01,100,335,325,10,2025-01-01,2026-01-01
1091,11,128,100,24,2026-01-01,100,294,277,17,2025-01-01,2026-01-01
1092,11,54,100,31,2026-01-01,100,316,302,14,2025-01-01,2026-01-01
1093,11,17,100,17,2026-01-01,100,333,318,15,2025-01-01,2026-01-01
1094,11,13,100,40,2026-01-01,100,159,153,6,2025-01-01,2026-01-01
1095,11,8,100,23,2026-01-01,100,1066,1064,2,2025-01-01,2026-01-01
1096,11,62,100,20,2026-01-01,100,332,312,20,2025-01-01,2026-01-01
1097,11,43,100,36,2026-01-01,100,363,348,15,2025-01-01,2026-01-01
1098,11,52,100,25,2026-01-01,100,341,331,10,2025-01-01,2026-01-01
1099,11,99,100,18,2026-01-01,100,345,331,14,2025-01-01,2026-01-01
1100,11,142,100,47,2026-01-01,100,310,305,5,2025-01-01,2026-01-01
1101,12,42,100,30,2026-01-01,100,333,322,11,2025-01-01,2026-01-01
1102,12,35,100,33,2026-01-01,100,391,377,14,2025-01-01,2026-01-01
1103,12,132,100,19,2026-01-01,100,301,280,21,2025-01-01,2026-01-01
1104,12,11,100,47,2026-01-01,100,3726,3686,40,2025-01-01,2026-01-01
1105,12,38,100,26,2026-01-01,100,340,320,20,2025-01-01,2026-01-01
1106,12,15,100,37,2026-01-01,100,296,281,15,2025-01-01,2026-01-01
1107,12,43,100,33,2026-01-01,100,301,289,12,2025-01-01,2026-01-01
1108,12,67,100,27,2026-01-01,100,311,295,16,2025-01-01,2026-01-01
1109,12,47,100,35,2026-01-01,100,352,336,16,2025-01-01,2026-01-01
1110,12,133,100,23,2026-01-01,100,308,300,8,2025-01-01,2026-01-01
1111,12,104,100,45,2026-01-01,100,351,337,14,2025-01-01,2026-01-01
1112,12,5,100,45,2026-01-01,100,316,307,9,2025-01-01,2026-01-01
1113,12,73,100,21,2026-01-01,100,300,292,8,2025-01-01,2026-01-01
1114,12,22,100,45,2026-01-01,100,429,410,19,2025-01-01,2026-01-01
1115,12,56,100,40,2026-01-01,100,323,310,13,2025-01-01,2026-01-01
1116,12,115,100,29,2026-01-01,100,338,325,13,2025-01-01,2026-01-01
1117,12,121,100,32,2026-01-01,100,318,305,13,2025-01-01,2026-01-01
1118,12,124,100,35,2026-01-01,100,356,340,16,2025-01-01,2026-01-01
1119,12,44,100,18,2026-01-01,100,315,301,14,2025-01-01,2026-01-01
1120,12,57,100,17,2026-01-01,100,337,319,18,2025-01-01,2026-01-01
1121,12,106,100,24,2026-01-01,100,351,332,19,2025-01-01,2026-01-01
1122,12,37,100,20,2026-01-01,100,330,315,15,2025-01-01,2026-01-01
1123,12,142,100,23,2026-01-01,100,348,332,16,2025-01-01,2026-01-01
1124,12,80,100,35,2026-01-01,100,331,320,11,2025-01-01,2026-01-01
1125,12,85,100,45,2026-01-01,100,268,261,7,2025-01-01,2026-01-01
1126,12,66,100,13,2026-01-01,100,302,281,21,2025-01-01,2026-01-01
1127,12,34,100,34,2026-01-01,100,416,406,10,2025-01-01,2026-01-01
1128,12,137,100,10,2026-01-01,100,340,321,19,2025-01-01,2026-01-01
1129,12,93,100,19,2026-01-01,100,333,318,15,2025-01-01,2026-01-01
1130,12,88,100,48,2026-01-01,100,368,353,15,2025-01-01,2026-01-01
1131,12,148,100,15,2026-01-01,100,387,366,21,2025-01-01,2026-01-01
1132,12,119,100,26,2026-01-01,100,321,303,18,2025-01-01,2026-01-01
1133,12,59,100,33,2026-01-01,100,332,320,12,2025-01-01,2026-01-01
1134,12,77,100,48,2026-01-01,100,304,288,16,2025-01-01,2026-01-01
1135,12,76,100,34,2026-01-01,100,346,329,17,2025-01-01,2026-01-01
1136,12,9,100,49,2026-01-01,100,82,82,0,2025-01-01,2026-01-01
1137,12,30,100,43,2026-01-01,100,393,381,12,2025-01-01,2026-01-01
1138,12,49,100,48,2026-01-01,100,347,335,12,2025-01-01,2026-01-01
1139,12,50,100,21,2026-01-01,100,343,331,12,2025-01-01,2026-01-01
1140,12,17,100,41,2026-01-01,100,358,349,9,2025-01-01,2026-01-01
1141,12,14,100,10,2026-01-01,100,1258,1234,24,2025-01-01,2026-01-01
1142,12,3,100,43,2026-01-01,100,6533,3833,2700,2025-01-01,2026-01-01
1143,12,26,100,22,2026-01-01,100,394,381,13,2025-01-01,2026-01-01
1144,12,143,100,48,2026-01-01,100,320,307,13,2025-01-01,2026-01-01
1145,12,65,100,43,2026-01-01,100,344,331,13,2025-01-01,2026-01-01
1146,12,134,100,24,2026-01-01,100,300,286,14,2025-01-01,2026-01-01
1147,12,54,100,20,2026-01-01,100,297,285,12,2025-01-01,2026-01-01
1148,12,20,100,12,2026-01-01,100,403,386,17,2025-01-01,2026-01-01
1149,12,78,100,25,2026-01-01,100,332,315,17,2025-01-01,2026-01-01
1150,12,13,100,10,2026-01-01,100,170,167,3,2025-01-01,2026-01-01
1151,12,23,100,15,2026-01-01,100,393,381,12,2025-01-01,2026-01-01
1152,12,61,100,35,2026-01-01,100,308,291,17,2025-01-01,2026-01-01
1153,12,79,100,35,2026-01-01,100,335,321,14,2025-01-01,2026-01-01
1154,12,117,100,47,2026-01-01,100,296,284,12,2025-01-01,2026-01-01
1155,12,139,100,43,2026-01-01,100,310,290,20,2025-01-01,2026-01-01
1156,12,69,100,14,2026-01-01,100,343,328,15,2025-01-01,2026-01-01
1157,12,130,100,45,2026-01-01,100,292,277,15,2025-01-01,2026-01-01
1158,12,16,100,45,2026-01-01,100,326,318,8,2025-01-01,2026-01-01
1159,12,12,100,32,2026-01-01,100,1135,1121,14,2025-01-01,2026-01-01
1160,12,62,100,27,2026-01-01,100,339,325,14,2025-01-01,2026-01-01
1161,12,126,100,48,2026-01-01,100,315,300,15,2025-01-01,2026-01-01
1162,12,111,100,39,2026-01-01,100,327,316,11,2025-01-01,2026-01-01
1163,12,102,100,46,2026-01-01,100,321,303,18,2025-01-01,2026-01-01
1164,12,70,100,26,2026-01-01,100,325,309,16,2025-01-01,2026-01-01
1165,12,1,100,36,2026-01-01,100,6385,6348,37,2025-01-01,2026-01-01
1166,12,84,100,16,2026-01-01,100,330,317,13,2025-01-01,2026-01-01
1167,12,136,100,14,2026-01-01,100,315,300,15,2025-01-01,2026-01-01
1168,12,107,100,28,2026-01-01,100,322,307,15,2025-01-01,2026-01-01
1169,12,140,100,17,2026-01-01,100,335,320,15,2025-01-01,2026-01-01
1170,12,48,100,26,2026-01-01,100,291,278,13,2025-01-01,2026-01-01
1171,12,6,100,46,2026-01-01,100,1755,1736,19,2025-01-01,2026-01-01
1172,12,68,100,38,2026-01-01,100,300,284,16,2025-01-01,2026-01-01
1173,12,55,100,46,2026-01-01,100,327,313,14,2025-01-01,2026-01-01
1174,12,114,100,25,2026-01-01,100,330,311,19,2025-01-01,2026-01-01
1175,12,91,100,31,2026-01-01,100,332,317,15,2025-01-01,2026-01-01
1176,12,113,100,39,2026-01-01,100,329,315,14,2025-01-01,2026-01-01
1177,12,45,100,39,2026-01-01,100,351,339,12,2025-01-01,2026-01-01
1178,12,101,100,11,2026-01-01,100,324,307,17,2025-01-01,2026-01-01
1179,12,105,100,17,2026-01-01,100,301,290,11,2025-01-01,2026-01-01
1180,12,18,100,14,2026-01-01,100,341,324,17,2025-01-01,2026-01-01
1181,12,33,100,50,2026-01-01,100,394,383,11,2025-01-01,2026-01-01
1182,12,116,100,24,2026-01-01,100,301,289,12,2025-01-01,2026-01-01
1183,12,97,100,36,2026-01-01,100,367,354,13,2025-01-01,2026-01-01
1184,12,147,100,43,2026-01-01,100,297,288,9,2025-01-01,2026-01-01
1185,12,129,100,10,2026-01-01,100,336,314,22,2025-01-01,2026-01-01
1186,12,53,100,26,2026-01-01,100,364,350,14,2025-01-01,2026-01-01
1187,12,87,100,28,2026-01-01,100,344,326,18,2025-01-01,2026-01-01
1188,12,138,100,35,2026-01-01,100,321,311,10,2025-01-01,2026-01-01
1189,12,86,100,31,2026-01-01,100,345,334,11,2025-01-01,2026-01-01
1190,12,46,100,45,2026-01-01,100,359,343,16,2025-01-01,2026-01-01
1191,12,81,100,40,2026-01-01,100,293,278,15,2025-01-01,2026-01-01
1192,12,51,100,32,2026-01-01,100,361,347,14,2025-01-01,2026-01-01
1193,12,95,100,46,2026-01-01,100,322,303,19,2025-01-01,2026-01-01
1194,12,125,100,21,2026-01-01,100,330,317,13,2025-01-01,2026-01-01
1195,12,141,100,22,2026-01-01,100,326,314,12,2025-01-01,2026-01-01
1196,12,8,100,22,2026-01-01,100,1120,1115,5,2025-01-01,2026-01-01
1197,12,90,100,25,2026-01-01,100,311,300,11,2025-01-01,2026-01-01
1198,12,58,100,23,2026-01-01,100,366,352,14,2025-01-01,2026-01-01
1199,12,25,100,22,2026-01-01,100,377,358,19,2025-01-01,2026-01-01
1200,12,150,100,49,2026-01-01,100,328,316,12,2025-01-01,2026-01-01
1201,13,92,100,45,2026-01-01,100,357,341,16,2025-01-01,2026-01-01
1202,13,40,100,13,2026-01-01,100,328,312,16,2025-01-01,2026-01-01
1203,13,28,100,16,2026-01-01,100,369,360,9,2025-01-01,2026-01-01
1204,13,31,100,20,2026-01-01,100,362,345,17,2025-01-01,2026-01-01
1205,13,21,100,23,2026-01-01,100,375,361,14,2025-01-01,2026-01-01
1206,13,127,100,40,2026-01-01,100,330,309,21,2025-01-01,2026-01-01
1207,13,2,100,16,2026-01-01,100,5,4,1,2025-01-01,2026-01-01
1208,13,139,100,31,2026-01-01,100,299,287,12,2025-01-01,2026-01-01
1209,13,11,100,33,2026-01-01,100,3773,3739,34,2025-01-01,2026-01-01
1210,13,124,100,45,2026-01-01,100,317,299,18,2025-01-01,2026-01-01
1211,13,96,100,26,2026-01-01,100,320,302,18,2025-01-01,2026-01-01
1212,13,81,100,11,2026-01-01,100,347,331,16,2025-01-01,2026-01-01
1213,13,145,100,17,2026-01-01,100,334,320,14,2025-01-01,2026-01-01
1214,13,71,100,48,2026-01-01,100,299,282,17,2025-01-01,2026-01-01
1215,13,126,100,46,2026-01-01,100,344,327,17,2025-01-01,2026-01-01
1216,13,47,100,44,2026-01-01,100,332,321,11,2025-01-01,2026-01-01
1217,13,131,100,28,2026-01-01,100,335,323,12,2025-01-01,2026-01-01
1218,13,72,100,30,2026-01-01,100,354,339,15,2025-01-01,2026-01-01
1219,13,102,100,42,2026-01-01,100,305,286,19,2025-01-01,2026-01-01
1220,13,57,100,38,2026-01-01,100,323,311,12,2025-01-01,2026-01-01
1221,13,33,100,34,2026-01-01,100,399,383,16,2025-01-01,2026-01-01
1222,13,14,100,28,2026-01-01,100,1244,1217,27,2025-01-01,2026-01-01
1223,13,109,100,50,2026-01-01,100,314,306,8,2025-01-01,2026-01-01
1224,13,62,100,20,2026-01-01,100,326,317,9,2025-01-01,2026-01-01
1225,13,121,100,31,2026-01-01,100,325,308,17,2025-01-01,2026-01-01
1226,13,70,100,50,2026-01-01,100,332,321,11,2025-01-01,2026-01-01
1227,13,5,100,46,2026-01-01,100,331,318,13,2025-01-01,2026-01-01
1228,13,65,100,14,2026-01-01,100,301,292,9,2025-01-01,2026-01-01
1229,13,45,100,20,2026-01-01,100,337,320,17,2025-01-01,2026-01-01
1230,13,51,100,24,2026-01-01,100,324,311,13,2025-01-01,2026-01-01
1231,13,111,100,30,2026-01-01,100,324,308,16,2025-01-01,2026-01-01
1232,13,88,100,28,2026-01-01,100,324,304,20,2025-01-01,2026-01-01
1233,13,100,100,27,2026-01-01,100,370,356,14,2025-01-01,2026-01-01
1234,13,23,100,35,2026-01-01,100,411,394,17,2025-01-01,2026-01-01
1235,13,59,100,38,2026-01-01,100,332,309,23,2025-01-01,2026-01-01
1236,13,16,100,33,2026-01-01,100,338,325,13,2025-01-01,2026-01-01
1237,13,90,100,47,2026-01-01,100,347,332,15,2025-01-01,2026-01-01
1238,13,67,100,38,2026-01-01,100,361,344,17,2025-01-01,2026-01-01
1239,13,116,100,20,2026-01-01,100,317,306,11,2025-01-01,2026-01-01
1240,13,41,100,11,2026-01-01,100,332,318,14,2025-01-01,2026-01-01
1241,13,89,100,25,2026-01-01,100,312,297,15,2025-01-01,2026-01-01
1242,13,144,100,26,2026-01-01,100,324,315,9,2025-01-01,2026-01-01
1243,13,128,100,15,2026-01-01,100,299,282,17,2025-01-01,2026-01-01
1244,13,87,100,20,2026-01-01,100,338,322,16,2025-01-01,2026-01-01
1245,13,27,100,16,2026-01-01,100,408,389,19,2025-01-01,2026-01-01
1246,13,49,100,14,2026-01-01,100,336,321,15,2025-01-01,2026-01-01
1247,13,75,100,45,2026-01-01,100,318,304,14,2025-01-01,2026-01-01
1248,13,13,100,11,2026-01-01,100,168,162,6,2025-01-01,2026-01-01
1249,13,42,100,35,2026-01-01,100,362,345,17,2025-01-01,2026-01-01
1250,13,135,100,15,2026-01-01,100,368,347,21,2025-01-01,2026-01-01
1251,13,79,100,26,2026-01-01,100,346,332,14,2025-01-01,2026-01-01
1252,13,34,100,19,2026-01-01,100,440,433,7,2025-01-01,2026-01-01
1253,13,24,100,34,2026-01-01,100,383,369,14,2025-01-01,2026-01-01
1254,13,137,100,24,2026-01-01,100,356,342,14,2025-01-01,2026-01-01
1255,13,99,100,28,2026-01-01,100,333,321,12,2025-01-01,2026-01-01
1256,13,147,100,50,2026-01-01,100,350,337,13,2025-01-01,2026-01-01
1257,13,35,100,18,2026-01-01,100,407,395,12,2025-01-01,2026-01-01
1258,13,61,100,20,2026-01-01,100,361,350,11,2025-01-01,2026-01-01
1259,13,118,100,12,2026-01-01,100,312,304,8,2025-01-01,2026-01-01
1260,13,44,100,32,2026-01-01,100,319,308,11,2025-01-01,2026-01-01
1261,13,101,100,40,2026-01-01,100,326,310,16,2025-01-01,2026-01-01
1262,13,98,100,44,2026-01-01,100,299,292,7,2025-01-01,2026-01-01
1263,13,64,100,45,2026-01-01,100,329,303,26,2025-01-01,2026-01-01
1264,13,55,100,18,2026-01-01,100,280,270,10,2025-01-01,2026-01-01
1265,13,106,100,44,2026-01-01,100,322,311,11,2025-01-01,2026-01-01
1266,13,54,100,47,2026-01-01,100,349,327,22,2025-01-01,2026-01-01
1267,13,48,100,39,2026-01-01,100,330,313,17,2025-01-01,2026-01-01
1268,13,114,100,50,2026-01-01,100,372,357,15,2025-01-01,2026-01-01
1269,13,52,100,37,2026-01-01,100,302,293,9,2025-01-01,2026-01-01
1270,13,36,100,50,2026-01-01,100,307,296,11,2025-01-01,2026-01-01
1271,13,58,100,44,2026-01-01,100,326,314,12,2025-01-01,2026-01-01
1272,13,110,100,32,2026-01-01,100,367,355,12,2025-01-01,2026-01-01
1273,13,74,100,44,2026-01-01,100,347,326,21,2025-01-01,2026-01-01
1274,13,17,100,15,2026-01-01,100,392,383,9,2025-01-01,2026-01-01
1275,13,78,100,29,2026-01-01,100,297,285,12,2025-01-01,2026-01-01
1276,13,30,100,36,2026-01-01,100,428,406,22,2025-01-01,2026-01-01
1277,13,103,100,19,2026-01-01,100,310,296,14,2025-01-01,2026-01-01
1278,13,94,100,10,2026-01-01,100,341,326,15,2025-01-01,2026-01-01
1279,13,95,100,43,2026-01-01,100,286,275,11,2025-01-01,2026-01-01
1280,13,56,100,18,2026-01-01,100,354,339,15,2025-01-01,2026-01-01
1281,13,105,100,28,2026-01-01,100,337,324,13,2025-01-01,2026-01-01
1282,13,26,100,44,2026-01-01,100,380,369,11,2025-01-01,2026-01-01
1283,13,19,100,41,2026-01-01,100,370,353,17,2025-01-01,2026-01-01
1284,13,20,100,40,2026-01-01,100,401,382,19,2025-01-01,2026-01-01
1285,13,93,100,10,2026-01-01,100,321,310,11,2025-01-01,2026-01-01
1286,13,108,100,37,2026-01-01,100,348,333,15,2025-01-01,2026-01-01
1287,13,117,100,48,2026-01-01,100,312,301,11,2025-01-01,2026-01-01
1288,13,86,100,10,2026-01-01,100,291,277,14,2025-01-01,2026-01-01
1289,13,32,100,33,2026-01-01,100,400,383,17,2025-01-01,2026-01-01
1290,13,9,100,36,2026-01-01,100,87,84,3,2025-01-01,2026-01-01
1291,13,80,100,37,2026-01-01,100,356,326,30,2025-01-01,2026-01-01
1292,13,107,100,25,2026-01-01,100,332,312,20,2025-01-01,2026-01-01
1293,13,120,100,34,2026-01-01,100,331,319,12,2025-01-01,2026-01-01
1294,13,140,100,24,2026-01-01,100,346,334,12,2025-01-01,2026-01-01
1295,13,73,100,15,2026-01-01,100,301,288,13,2025-01-01,2026-01-01
1296,13,83,100,50,2026-01-01,100,343,330,13,2025-01-01,2026-01-01
1297,13,146,100,43,2026-01-01,100,325,308,17,2025-01-01,2026-01-01
1298,13,136,100,49,2026-01-01,100,308,294,14,2025-01-01,2026-01-01
1299,13,138,100,27,2026-01-01,100,345,329,16,2025-01-01,2026-01-01
1300,13,113,100,44,2026-01-01,100,331,322,9,2025-01-01,2026-01-01
1301,14,69,100,10,2026-01-01,100,345,334,11,2025-01-01,2026-01-01
1302,14,106,100,47,2026-01-01,100,372,357,15,2025-01-01,2026-01-01
1303,14,49,100,40,2026-01-01,100,320,304,16,2025-01-01,2026-01-01
1304,14,18,100,48,2026-01-01,100,353,341,12,2025-01-01,2026-01-01
1305,14,47,100,33,2026-01-01,100,340,328,12,2025-01-01,2026-01-01
1306,14,35,100,15,2026-01-01,100,418,404,14,2025-01-01,2026-01-01
1307,14,75,100,20,2026-01-01,100,375,360,15,2025-01-01,2026-01-01
1308,14,29,100,15,2026-01-01,100,419,402,17,2025-01-01,2026-01-01
1309,14,117,100,49,2026-01-01,100,356,336,20,2025-01-01,2026-01-01
1310,14,116,100,50,2026-01-01,100,340,327,13,2025-01-01,2026-01-01
1311,14,70,100,13,2026-01-01,100,367,351,16,2025-01-01,2026-01-01
1312,14,126,100,19,2026-01-01,100,358,341,17,2025-01-01,2026-01-01
1313,14,148,100,44,2026-01-01,100,373,363,10,2025-01-01,2026-01-01
1314,14,83,100,18,2026-01-01,100,351,341,10,2025-01-01,2026-01-01
1315,14,5,100,24,2026-01-01,100,397,376,21,2025-01-01,2026-01-01
1316,14,39,100,45,2026-01-01,100,309,294,15,2025-01-01,2026-01-01
1317,14,13,100,32,2026-01-01,100,124,120,4,2025-01-01,2026-01-01
1318,14,6,100,22,2026-01-01,100,1737,1710,27,2025-01-01,2026-01-01
1319,14,48,100,34,2026-01-01,100,330,316,14,2025-01-01,2026-01-01
1320,14,27,100,18,2026-01-01,100,403,379,24,2025-01-01,2026-01-01
1321,14,73,100,12,2026-01-01,100,320,304,16,2025-01-01,2026-01-01
1322,14,150,100,38,2026-01-01,100,341,322,19,2025-01-01,2026-01-01
1323,14,33,100,28,2026-01-01,100,445,434,11,2025-01-01,2026-01-01
1324,14,92,100,41,2026-01-01,100,338,326,12,2025-01-01,2026-01-01
1325,14,57,100,46,2026-01-01,100,283,271,12,2025-01-01,2026-01-01
1326,14,94,100,44,2026-01-01,100,325,306,19,2025-01-01,2026-01-01
1327,14,2,100,30,2026-01-01,100,9,8,1,2025-01-01,2026-01-01
1328,14,30,100,39,2026-01-01,100,420,398,22,2025-01-01,2026-01-01
1329,14,12,100,48,2026-01-01,100,1235,1218,17,2025-01-01,2026-01-01
1330,14,20,100,20,2026-01-01,100,390,378,12,2025-01-01,2026-01-01
1331,14,124,100,43,2026-01-01,100,336,316,20,2025-01-01,2026-01-01
1332,14,64,100,38,2026-01-01,100,328,313,15,2025-01-01,2026-01-01
1333,14,28,100,26,2026-01-01,100,418,398,20,2025-01-01,2026-01-01
1334,14,44,100,33,2026-01-01,100,353,332,21,2025-01-01,2026-01-01
1335,14,54,100,10,2026-01-01,100,347,337,10,2025-01-01,2026-01-01
1336,14,40,100,50,2026-01-01,100,311,293,18,2025-01-01,2026-01-01
1337,14,101,100,34,2026-01-01,100,342,329,13,2025-01-01,2026-01-01
1338,14,103,100,21,2026-01-01,100,384,367,17,2025-01-01,2026-01-01
1339,14,119,100,49,2026-01-01,100,371,361,10,2025-01-01,2026-01-01
1340,14,132,100,49,2026-01-01,100,386,370,16,2025-01-01,2026-01-01
1341,14,60,100,30,2026-01-01,100,357,343,14,2025-01-01,2026-01-01
1342,14,90,100,14,2026-01-01,100,295,281,14,2025-01-01,2026-01-01
1343,14,102,100,44,2026-01-01,100,340,328,12,2025-01-01,2026-01-01
1344,14,136,100,22,2026-01-01,100,384,370,14,2025-01-01,2026-01-01
1345,14,43,100,41,2026-01-01,100,328,313,15,2025-01-01,2026-01-01
1346,14,11,100,45,2026-01-01,100,3961,3929,32,2025-01-01,2026-01-01
1347,14,97,100,49,2026-01-01,100,338,319,19,2025-01-01,2026-01-01
1348,14,19,100,30,2026-01-01,100,383,364,19,2025-01-01,2026-01-01
1349,14,8,100,30,2026-01-01,100,1094,1091,3,2025-01-01,2026-01-01
1350,14,145,100,16,2026-01-01,100,312,297,15,2025-01-01,2026-01-01
1351,14,100,100,14,2026-01-01,100,356,348,8,2025-01-01,2026-01-01
1352,14,51,100,18,2026-01-01,100,344,324,20,2025-01-01,2026-01-01
1353,14,10,100,12,2026-01-01,100,1019,990,29,2025-01-01,2026-01-01
1354,14,140,100,16,2026-01-01,100,360,341,19,2025-01-01,2026-01-01
1355,14,61,100,22,2026-01-01,100,314,297,17,2025-01-01,2026-01-01
1356,14,24,100,12,2026-01-01,100,413,394,19,2025-01-01,2026-01-01
1357,14,25,100,34,2026-01-01,100,434,419,15,2025-01-01,2026-01-01
1358,14,128,100,41,2026-01-01,100,366,347,19,2025-01-01,2026-01-01
1359,14,138,100,49,2026-01-01,100,326,307,19,2025-01-01,2026-01-01
1360,14,120,100,47,2026-01-01,100,338,320,18,2025-01-01,2026-01-01
1361,14,16,100,13,2026-01-01,100,357,340,17,2025-01-01,2026-01-01
1362,14,32,100,24,2026-01-01,100,410,393,17,2025-01-01,2026-01-01
1363,14,50,100,14,2026-01-01,100,339,325,14,2025-01-01,2026-01-01
1364,14,139,100,23,2026-01-01,100,306,295,11,2025-01-01,2026-01-01
1365,14,89,100,41,2026-01-01,100,330,310,20,2025-01-01,2026-01-01
1366,14,107,100,39,2026-01-01,100,338,324,14,2025-01-01,2026-01-01
1367,14,26,100,13,2026-01-01,100,441,414,27,2025-01-01,2026-01-01
1368,14,59,100,45,2026-01-01,100,316,304,12,2025-01-01,2026-01-01
1369,14,134,100,36,2026-01-01,100,344,325,19,2025-01-01,2026-01-01
1370,14,67,100,13,2026-01-01,100,294,282,12,2025-01-01,2026-01-01
1371,14,131,100,27,2026-01-01,100,314,303,11,2025-01-01,2026-01-01
1372,14,96,100,12,2026-01-01,100,358,340,18,2025-01-01,2026-01-01
1373,14,88,100,14,2026-01-01,100,357,343,14,2025-01-01,2026-01-01
1374,14,115,100,14,2026-01-01,100,329,318,11,2025-01-01,2026-01-01
1375,14,42,100,43,2026-01-01,100,352,337,15,2025-01-01,2026-01-01
1376,14,21,100,16,2026-01-01,100,387,370,17,2025-01-01,2026-01-01
1377,14,133,100,24,2026-01-01,100,341,329,12,2025-01-01,2026-01-01
1378,14,71,100,34,2026-01-01,100,371,357,14,2025-01-01,2026-01-01
1379,14,81,100,22,2026-01-01,100,314,296,18,2025-01-01,2026-01-01
1380,14,109,100,25,2026-01-01,100,342,323,19,2025-01-01,2026-01-01
1381,14,93,100,50,2026-01-01,100,374,357,17,2025-01-01,2026-01-01
1382,14,62,100,45,2026-01-01,100,337,314,23,2025-01-01,2026-01-01
1383,14,135,100,45,2026-01-01,100,327,314,13,2025-01-01,2026-01-01
1384,14,84,100,16,2026-01-01,100,310,297,13,2025-01-01,2026-01-01
1385,14,146,100,50,2026-01-01,100,377,358,19,2025-01-01,2026-01-01
1386,14,7,100,32,2026-01-01,100,1610,1602,8,2025-01-01,2026-01-01
1387,14,118,100,39,2026-01-01,100,371,357,14,2025-01-01,2026-01-01
1388,14,63,100,37,2026-01-01,100,319,311,8,2025-01-01,2026-01-01
1389,14,108,100,20,2026-01-01,100,344,327,17,2025-01-01,2026-01-01
1390,14,130,100,45,2026-01-01,100,314,305,9,2025-01-01,2026-01-01
1391,14,41,100,42,2026-01-01,100,358,339,19,2025-01-01,2026-01-01
1392,14,112,100,20,2026-01-01,100,363,350,13,2025-01-01,2026-01-01
1393,14,144,100,48,2026-01-01,100,315,303,12,2025-01-01,2026-01-01
1394,14,1,100,32,2026-01-01,100,6648,6624,24,2025-01-01,2026-01-01
1395,14,105,100,45,2026-01-01,100,378,363,15,2025-01-01,2026-01-01
1396,14,99,100,33,2026-01-01,100,360,337,23,2025-01-01,2026-01-01
1397,14,147,100,50,2026-01-01,100,364,350,14,2025-01-01,2026-01-01
1398,14,38,100,30,2026-01-01,100,375,360,15,2025-01-01,2026-01-01
1399,14,129,100,25,2026-01-01,100,297,285,12,2025-01-01,2026-01-01
1400,14,72,100,44,2026-01-01,100,358,344,14,2025-01-01,2026-01-01
1401,15,55,100,35,2026-01-01,100,335,318,17,2025-01-01,2026-01-01
1402,15,97,100,15,2026-01-01,100,295,282,13,2025-01-01,2026-01-01
1403,15,141,100,42,2026-01-01,100,324,309,15,2025-01-01,2026-01-01
1404,15,66,100,18,2026-01-01,100,329,315,14,2025-01-01,2026-01-01
1405,15,93,100,18,2026-01-01,100,342,320,22,2025-01-01,2026-01-01
1406,15,116,100,45,2026-01-01,100,336,323,13,2025-01-01,2026-01-01
1407,15,115,100,41,2026-01-01,100,359,349,10,2025-01-01,2026-01-01
1408,15,102,100,46,2026-01-01,100,289,271,18,2025-01-01,2026-01-01
1409,15,1,100,45,2026-01-01,100,6476,6444,32,2025-01-01,2026-01-01
1410,15,9,100,43,2026-01-01,100,62,60,2,2025-01-01,2026-01-01
1411,15,73,100,25,2026-01-01,100,309,300,9,2025-01-01,2026-01-01
1412,15,5,100,27,2026-01-01,100,295,283,12,2025-01-01,2026-01-01
1413,15,133,100,37,2026-01-01,100,367,345,22,2025-01-01,2026-01-01
1414,15,35,100,46,2026-01-01,100,385,372,13,2025-01-01,2026-01-01
1415,15,78,100,17,2026-01-01,100,308,295,13,2025-01-01,2026-01-01
1416,15,2,100,36,2026-01-01,100,4,4,0,2025-01-01,2026-01-01
1417,15,77,100,33,2026-01-01,100,321,301,20,2025-01-01,2026-01-01
1418,15,57,100,22,2026-01-01,100,340,329,11,2025-01-01,2026-01-01
1419,15,150,100,32,2026-01-01,100,318,303,15,2025-01-01,2026-01-01
1420,15,81,100,11,2026-01-01,100,317,305,12,2025-01-01,2026-01-01
1421,15,6,100,29,2026-01-01,100,1805,1784,21,2025-01-01,2026-01-01
1422,15,71,100,32,2026-01-01,100,300,286,14,2025-01-01,2026-01-01
1423,15,40,100,38,2026-01-01,100,315,303,12,2025-01-01,2026-01-01
1424,15,13,100,19,2026-01-01,100,156,149,7,2025-01-01,2026-01-01
1425,15,139,100,12,2026-01-01,100,320,301,19,2025-01-01,2026-01-01
1426,15,59,100,22,2026-01-01,100,355,332,23,2025-01-01,2026-01-01
1427,15,46,100,33,2026-01-01,100,301,286,15,2025-01-01,2026-01-01
1428,15,20,100,15,2026-01-01,100,371,354,17,2025-01-01,2026-01-01
1429,15,18,100,13,2026-01-01,100,316,300,16,2025-01-01,2026-01-01
1430,15,34,100,49,2026-01-01,100,418,402,16,2025-01-01,2026-01-01
1431,15,47,100,28,2026-01-01,100,314,301,13,2025-01-01,2026-01-01
1432,15,114,100,31,2026-01-01,100,331,316,15,2025-01-01,2026-01-01
1433,15,75,100,17,2026-01-01,100,274,260,14,2025-01-01,2026-01-01
1434,15,32,100,38,2026-01-01,100,380,366,14,2025-01-01,2026-01-01
1435,15,30,100,11,2026-01-01,100,365,354,11,2025-01-01,2026-01-01
1436,15,33,100,23,2026-01-01,100,323,308,15,2025-01-01,2026-01-01
1437,15,104,100,44,2026-01-01,100,354,340,14,2025-01-01,2026-01-01
1438,15,39,100,23,2026-01-01,100,303,291,12,2025-01-01,2026-01-01
1439,15,12,100,43,2026-01-01,100,1251,1231,20,2025-01-01,2026-01-01
1440,15,74,100,26,2026-01-01,100,279,265,14,2025-01-01,2026-01-01
1441,15,52,100,40,2026-01-01,100,284,270,14,2025-01-01,2026-01-01
1442,15,140,100,19,2026-01-01,100,341,329,12,2025-01-01,2026-01-01
1443,15,28,100,11,2026-01-01,100,397,378,19,2025-01-01,2026-01-01
1444,15,94,100,47,2026-01-01,100,287,277,10,2025-01-01,2026-01-01
1445,15,10,100,43,2026-01-01,100,966,946,20,2025-01-01,2026-01-01
1446,15,146,100,26,2026-01-01,100,343,331,12,2025-01-01,2026-01-01
1447,15,42,100,13,2026-01-01,100,335,325,10,2025-01-01,2026-01-01
1448,15,143,100,22,2026-01-01,100,352,338,14,2025-01-01,2026-01-01
1449,15,62,100,49,2026-01-01,100,356,337,19,2025-01-01,2026-01-01
1450,15,23,100,13,2026-01-01,100,343,333,10,2025-01-01,2026-01-01
1451,15,63,100,10,2026-01-01,100,317,304,13,2025-01-01,2026-01-01
1452,15,89,100,34,2026-01-01,100,321,307,14,2025-01-01,2026-01-01
1453,15,90,100,27,2026-01-01,100,366,352,14,2025-01-01,2026-01-01
1454,15,111,100,33,2026-01-01,100,378,363,15,2025-01-01,2026-01-01
1455,15,127,100,11,2026-01-01,100,294,279,15,2025-01-01,2026-01-01
1456,15,134,100,34,2026-01-01,100,313,300,13,2025-01-01,2026-01-01
1457,15,83,100,34,2026-01-01,100,317,302,15,2025-01-01,2026-01-01
1458,15,113,100,16,2026-01-01,100,310,298,12,2025-01-01,2026-01-01
1459,15,126,100,41,2026-01-01,100,308,291,17,2025-01-01,2026-01-01
1460,15,149,100,44,2026-01-01,100,266,255,11,2025-01-01,2026-01-01
1461,15,49,100,21,2026-01-01,100,313,305,8,2025-01-01,2026-01-01
1462,15,11,100,42,2026-01-01,100,3871,3831,40,2025-01-01,2026-01-01
1463,15,8,100,45,2026-01-01,100,1040,1039,1,2025-01-01,2026-01-01
1464,15,43,100,11,2026-01-01,100,347,333,14,2025-01-01,2026-01-01
1465,15,45,100,25,2026-01-01,100,336,320,16,2025-01-01,2026-01-01
1466,15,56,100,29,2026-01-01,100,280,270,10,2025-01-01,2026-01-01
1467,15,54,100,41,2026-01-01,100,321,308,13,2025-01-01,2026-01-01
1468,15,16,100,20,2026-01-01,100,316,302,14,2025-01-01,2026-01-01
1469,15,145,100,32,2026-01-01,100,337,321,16,2025-01-01,2026-01-01
1470,15,136,100,32,2026-01-01,100,348,337,11,2025-01-01,2026-01-01
1471,15,135,100,50,2026-01-01,100,337,318,19,2025-01-01,2026-01-01
1472,15,98,100,25,2026-01-01,100,354,334,20,2025-01-01,2026-01-01
1473,15,7,100,27,2026-01-01,100,1513,1503,10,2025-01-01,2026-01-01
1474,15,128,100,50,2026-01-01,100,344,333,11,2025-01-01,2026-01-01
1475,15,68,100,34,2026-01-01,100,306,281,25,2025-01-01,2026-01-01
1476,15,130,100,45,2026-01-01,100,294,284,10,2025-01-01,2026-01-01
1477,15,41,100,24,2026-01-01,100,309,297,12,2025-01-01,2026-01-01
1478,15,70,100,31,2026-01-01,100,367,351,16,2025-01-01,2026-01-01
1479,15,123,100,18,2026-01-01,100,363,348,15,2025-01-01,2026-01-01
1480,15,119,100,34,2026-01-01,100,330,319,11,2025-01-01,2026-01-01
1481,15,65,100,49,2026-01-01,100,361,346,15,2025-01-01,2026-01-01
1482,15,29,100,24,2026-01-01,100,371,356,15,2025-01-01,2026-01-01
1483,15,72,100,25,2026-01-01,100,346,331,15,2025-01-01,2026-01-01
1484,15,131,100,19,2026-01-01,100,365,351,14,2025-01-01,2026-01-01
1485,15,51,100,29,2026-01-01,100,345,330,15,2025-01-01,2026-01-01
1486,15,58,100,31,2026-01-01,100,333,317,16,2025-01-01,2026-01-01
1487,15,112,100,44,2026-01-01,100,379,365,14,2025-01-01,2026-01-01
1488,15,15,100,23,2026-01-01,100,315,301,14,2025-01-01,2026-01-01
1489,15,108,100,18,2026-01-01,100,277,262,15,2025-01-01,2026-01-01
1490,15,19,100,44,2026-01-01,100,375,367,8,2025-01-01,2026-01-01
1491,15,147,100,22,2026-01-01,100,348,329,19,2025-01-01,2026-01-01
1492,15,26,100,29,2026-01-01,100,379,364,15,2025-01-01,2026-01-01
1493,15,106,100,43,2026-01-01,100,341,324,17,2025-01-01,2026-01-01
1494,15,148,100,37,2026-01-01,100,354,338,16,2025-01-01,2026-01-01
1495,15,22,100,19,2026-01-01,100,334,322,12,2025-01-01,2026-01-01
1496,15,118,100,46,2026-01-01,100,334,315,19,2025-01-01,2026-01-01
1497,15,31,100,30,2026-01-01,100,349,334,15,2025-01-01,2026-01-01
1498,15,37,100,45,2026-01-01,100,363,354,9,2025-01-01,2026-01-01
1499,15,48,100,17,2026-01-01,100,359,332,27,2025-01-01,2026-01-01
1500,15,4,100,30,2026-01-01,100,324,313,11,2025-01-01,2026-01-01
1501,16,38,100,43,2026-01-01,100,308,296,12,2025-01-01,2026-01-01
1502,16,8,100,39,2026-01-01,100,1049,1045,4,2025-01-01,2026-01-01
1503,16,82,100,38,2026-01-01,100,335,320,15,2025-01-01,2026-01-01
1504,16,106,100,42,2026-01-01,100,337,322,15,2025-01-01,2026-01-01
1505,16,147,100,21,2026-01-01,100,273,264,9,2025-01-01,2026-01-01
1506,16,78,100,47,2026-01-01,100,370,360,10,2025-01-01,2026-01-01
1507,16,114,100,44,2026-01-01,100,339,325,14,2025-01-01,2026-01-01
1508,16,71,100,35,2026-01-01,100,302,290,12,2025-01-01,2026-01-01
1509,16,39,100,30,2026-01-01,100,275,264,11,2025-01-01,2026-01-01
1510,16,49,100,11,2026-01-01,100,334,316,18,2025-01-01,2026-01-01
1511,16,28,100,39,2026-01-01,100,376,359,17,2025-01-01,2026-01-01
1512,16,34,100,22,2026-01-01,100,340,326,14,2025-01-01,2026-01-01
1513,16,48,100,15,2026-01-01,100,331,314,17,2025-01-01,2026-01-01
1514,16,7,100,30,2026-01-01,100,1601,1592,9,2025-01-01,2026-01-01
1515,16,69,100,20,2026-01-01,100,321,308,13,2025-01-01,2026-01-01
1516,16,60,100,17,2026-01-01,100,368,346,22,2025-01-01,2026-01-01
1517,16,135,100,17,2026-01-01,100,308,297,11,2025-01-01,2026-01-01
1518,16,134,100,38,2026-01-01,100,334,323,11,2025-01-01,2026-01-01
1519,16,137,100,33,2026-01-01,100,299,286,13,2025-01-01,2026-01-01
1520,16,92,100,43,2026-01-01,100,339,323,16,2025-01-01,2026-01-01
1521,16,21,100,34,2026-01-01,100,428,414,14,2025-01-01,2026-01-01
1522,16,123,100,42,2026-01-01,100,306,290,16,2025-01-01,2026-01-01
1523,16,35,100,20,2026-01-01,100,412,394,18,2025-01-01,2026-01-01
1524,16,65,100,45,2026-01-01,100,328,310,18,2025-01-01,2026-01-01
1525,16,109,100,12,2026-01-01,100,325,314,11,2025-01-01,2026-01-01
1526,16,145,100,20,2026-01-01,100,327,314,13,2025-01-01,2026-01-01
1527,16,61,100,46,2026-01-01,100,294,277,17,2025-01-01,2026-01-01
1528,16,131,100,19,2026-01-01,100,325,308,17,2025-01-01,2026-01-01
1529,16,84,100,19,2026-01-01,100,273,266,7,2025-01-01,2026-01-01
1530,16,138,100,13,2026-01-01,100,369,351,18,2025-01-01,2026-01-01
1531,16,24,100,29,2026-01-01,100,392,376,16,2025-01-01,2026-01-01
1532,16,110,100,38,2026-01-01,100,353,338,15,2025-01-01,2026-01-01
1533,16,50,100,50,2026-01-01,100,331,314,17,2025-01-01,2026-01-01
1534,16,63,100,17,2026-01-01,100,271,264,7,2025-01-01,2026-01-01
1535,16,124,100,22,2026-01-01,100,338,320,18,2025-01-01,2026-01-01
1536,16,18,100,49,2026-01-01,100,374,354,20,2025-01-01,2026-01-01
1537,16,130,100,26,2026-01-01,100,329,317,12,2025-01-01,2026-01-01
1538,16,25,100,39,2026-01-01,100,437,420,17,2025-01-01,2026-01-01
1539,16,29,100,41,2026-01-01,100,390,371,19,2025-01-01,2026-01-01
1540,16,5,100,10,2026-01-01,100,299,288,11,2025-01-01,2026-01-01
1541,16,53,100,41,2026-01-01,100,331,320,11,2025-01-01,2026-01-01
1542,16,98,100,23,2026-01-01,100,326,314,12,2025-01-01,2026-01-01
1543,16,2,100,40,2026-01-01,100,6,6,0,2025-01-01,2026-01-01
1544,16,128,100,36,2026-01-01,100,265,254,11,2025-01-01,2026-01-01
1545,16,119,100,15,2026-01-01,100,345,336,9,2025-01-01,2026-01-01
1546,16,112,100,48,2026-01-01,100,378,362,16,2025-01-01,2026-01-01
1547,16,96,100,25,2026-01-01,100,338,322,16,2025-01-01,2026-01-01
1548,16,86,100,27,2026-01-01,100,322,311,11,2025-01-01,2026-01-01
1549,16,26,100,50,2026-01-01,100,400,386,14,2025-01-01,2026-01-01
1550,16,97,100,23,2026-01-01,100,328,313,15,2025-01-01,2026-01-01
1551,16,27,100,21,2026-01-01,100,411,397,14,2025-01-01,2026-01-01
1552,16,9,100,13,2026-01-01,100,72,71,1,2025-01-01,2026-01-01
1553,16,23,100,32,2026-01-01,100,381,365,16,2025-01-01,2026-01-01
1554,16,57,100,19,2026-01-01,100,306,289,17,2025-01-01,2026-01-01
1555,16,79,100,46,2026-01-01,100,319,305,14,2025-01-01,2026-01-01
1556,16,117,100,29,2026-01-01,100,294,279,15,2025-01-01,2026-01-01
1557,16,89,100,15,2026-01-01,100,305,292,13,2025-01-01,2026-01-01
1558,16,42,100,16,2026-01-01,100,339,329,10,2025-01-01,2026-01-01
1559,16,59,100,21,2026-01-01,100,326,306,20,2025-01-01,2026-01-01
1560,16,32,100,28,2026-01-01,100,351,340,11,2025-01-01,2026-01-01
1561,16,55,100,48,2026-01-01,100,347,333,14,2025-01-01,2026-01-01
1562,16,52,100,45,2026-01-01,100,348,330,18,2025-01-01,2026-01-01
1563,16,6,100,39,2026-01-01,100,1851,1826,25,2025-01-01,2026-01-01
1564,16,125,100,47,2026-01-01,100,294,279,15,2025-01-01,2026-01-01
1565,16,141,100,12,2026-01-01,100,320,302,18,2025-01-01,2026-01-01
1566,16,41,100,29,2026-01-01,100,308,295,13,2025-01-01,2026-01-01
1567,16,51,100,33,2026-01-01,100,353,336,17,2025-01-01,2026-01-01
1568,16,104,100,14,2026-01-01,100,310,298,12,2025-01-01,2026-01-01
1569,16,74,100,37,2026-01-01,100,315,303,12,2025-01-01,2026-01-01
1570,16,77,100,14,2026-01-01,100,370,349,21,2025-01-01,2026-01-01
1571,16,136,100,40,2026-01-01,100,356,342,14,2025-01-01,2026-01-01
1572,16,68,100,17,2026-01-01,100,342,330,12,2025-01-01,2026-01-01
1573,16,111,100,27,2026-01-01,100,349,336,13,2025-01-01,2026-01-01
1574,16,67,100,43,2026-01-01,100,279,267,12,2025-01-01,2026-01-01
1575,16,14,100,43,2026-01-01,100,1336,1298,38,2025-01-01,2026-01-01
1576,16,58,100,23,2026-01-01,100,352,332,20,2025-01-01,2026-01-01
1577,16,129,100,13,2026-01-01,100,308,299,9,2025-01-01,2026-01-01
1578,16,88,100,46,2026-01-01,100,307,299,8,2025-01-01,2026-01-01
1579,16,91,100,50,2026-01-01,100,283,268,15,2025-01-01,2026-01-01
1580,16,81,100,15,2026-01-01,100,315,306,9,2025-01-01,2026-01-01
1581,16,80,100,48,2026-01-01,100,329,315,14,2025-01-01,2026-01-01
1582,16,122,100,28,2026-01-01,100,315,298,17,2025-01-01,2026-01-01
1583,16,73,100,48,2026-01-01,100,335,323,12,2025-01-01,2026-01-01
1584,16,118,100,26,2026-01-01,100,285,276,9,2025-01-01,2026-01-01
1585,16,132,100,46,2026-01-01,100,308,302,6,2025-01-01,2026-01-01
1586,16,113,100,32,2026-01-01,100,283,276,7,2025-01-01,2026-01-01
1587,16,150,100,49,2026-01-01,100,338,327,11,2025-01-01,2026-01-01
1588,16,105,100,41,2026-01-01,100,303,289,14,2025-01-01,2026-01-01
1589,16,102,100,50,2026-01-01,100,375,355,20,2025-01-01,2026-01-01
1590,16,101,100,41,2026-01-01,100,327,316,11,2025-01-01,2026-01-01
1591,16,20,100,49,2026-01-01,100,365,349,16,2025-01-01,2026-01-01
1592,16,143,100,28,2026-01-01,100,341,329,12,2025-01-01,2026-01-01
1593,16,146,100,10,2026-01-01,100,331,317,14,2025-01-01,2026-01-01
1594,16,19,100,11,2026-01-01,100,396,386,10,2025-01-01,2026-01-01
1595,16,30,100,50,2026-01-01,100,394,376,18,2025-01-01,2026-01-01
1596,16,11,100,23,2026-01-01,100,3770,3746,24,2025-01-01,2026-01-01
1597,16,140,100,36,2026-01-01,100,310,295,15,2025-01-01,2026-01-01
1598,16,116,100,12,2026-01-01,100,345,334,11,2025-01-01,2026-01-01
1599,16,40,100,32,2026-01-01,100,318,304,14,2025-01-01,2026-01-01
1600,16,4,100,50,2026-01-01,100,291,272,19,2025-01-01,2026-01-01
1601,17,55,100,31,2026-01-01,100,387,374,13,2025-01-01,2026-01-01
1602,17,3,100,43,2026-01-01,100,6400,3758,2642,2025-01-01,2026-01-01
1603,17,52,100,30,2026-01-01,100,329,308,21,2025-01-01,2026-01-01
1604,17,73,100,16,2026-01-01,100,356,342,14,2025-01-01,2026-01-01
1605,17,66,100,18,2026-01-01,100,338,329,9,2025-01-01,2026-01-01
1606,17,18,100,12,2026-01-01,100,349,328,21,2025-01-01,2026-01-01
1607,17,79,100,34,2026-01-01,100,330,315,15,2025-01-01,2026-01-01
1608,17,77,100,43,2026-01-01,100,343,327,16,2025-01-01,2026-01-01
1609,17,130,100,10,2026-01-01,100,342,325,17,2025-01-01,2026-01-01
1610,17,141,100,12,2026-01-01,100,348,332,16,2025-01-01,2026-01-01
1611,17,83,100,48,2026-01-01,100,381,369,12,2025-01-01,2026-01-01
1612,17,2,100,31,2026-01-01,100,6,6,0,2025-01-01,2026-01-01
1613,17,30,100,12,2026-01-01,100,404,387,17,2025-01-01,2026-01-01
1614,17,86,100,43,2026-01-01,100,337,320,17,2025-01-01,2026-01-01
1615,17,88,100,29,2026-01-01,100,344,333,11,2025-01-01,2026-01-01
1616,17,102,100,46,2026-01-01,100,299,281,18,2025-01-01,2026-01-01
1617,17,8,100,29,2026-01-01,100,1092,1087,5,2025-01-01,2026-01-01
1618,17,45,100,23,2026-01-01,100,325,317,8,2025-01-01,2026-01-01
1619,17,50,100,22,2026-01-01,100,351,339,12,2025-01-01,2026-01-01
1620,17,85,100,28,2026-01-01,100,349,336,13,2025-01-01,2026-01-01
1621,17,87,100,44,2026-01-01,100,339,331,8,2025-01-01,2026-01-01
1622,17,123,100,38,2026-01-01,100,364,354,10,2025-01-01,2026-01-01
1623,17,122,100,17,2026-01-01,100,331,312,19,2025-01-01,2026-01-01
1624,17,103,100,19,2026-01-01,100,320,310,10,2025-01-01,2026-01-01
1625,17,5,100,27,2026-01-01,100,318,305,13,2025-01-01,2026-01-01
1626,17,140,100,10,2026-01-01,100,370,357,13,2025-01-01,2026-01-01
1627,17,145,100,45,2026-01-01,100,283,278,5,2025-01-01,2026-01-01
1628,17,62,100,16,2026-01-01,100,328,311,17,2025-01-01,2026-01-01
1629,17,20,100,44,2026-01-01,100,379,372,7,2025-01-01,2026-01-01
1630,17,81,100,45,2026-01-01,100,313,300,13,2025-01-01,2026-01-01
1631,17,59,100,27,2026-01-01,100,344,334,10,2025-01-01,2026-01-01
1632,17,115,100,28,2026-01-01,100,304,293,11,2025-01-01,2026-01-01
1633,17,111,100,25,2026-01-01,100,281,270,11,2025-01-01,2026-01-01
1634,17,69,100,14,2026-01-01,100,288,280,8,2025-01-01,2026-01-01
1635,17,119,100,49,2026-01-01,100,332,318,14,2025-01-01,2026-01-01
1636,17,43,100,44,2026-01-01,100,366,349,17,2025-01-01,2026-01-01
1637,17,60,100,13,2026-01-01,100,405,384,21,2025-01-01,2026-01-01
1638,17,101,100,11,2026-01-01,100,353,333,20,2025-01-01,2026-01-01
1639,17,105,100,13,2026-01-01,100,344,330,14,2025-01-01,2026-01-01
1640,17,53,100,34,2026-01-01,100,309,297,12,2025-01-01,2026-01-01
1641,17,96,100,15,2026-01-01,100,311,303,8,2025-01-01,2026-01-01
1642,17,134,100,35,2026-01-01,100,321,307,14,2025-01-01,2026-01-01
1643,17,107,100,48,2026-01-01,100,301,290,11,2025-01-01,2026-01-01
1644,17,67,100,50,2026-01-01,100,330,321,9,2025-01-01,2026-01-01
1645,17,39,100,38,2026-01-01,100,329,313,16,2025-01-01,2026-01-01
1646,17,147,100,32,2026-01-01,100,338,316,22,2025-01-01,2026-01-01
1647,17,93,100,31,2026-01-01,100,325,311,14,2025-01-01,2026-01-01
1648,17,142,100,44,2026-01-01,100,371,357,14,2025-01-01,2026-01-01
1649,17,41,100,39,2026-01-01,100,342,329,13,2025-01-01,2026-01-01
1650,17,72,100,18,2026-01-01,100,326,311,15,2025-01-01,2026-01-01
1651,17,117,100,39,2026-01-01,100,291,277,14,2025-01-01,2026-01-01
1652,17,149,100,39,2026-01-01,100,287,281,6,2025-01-01,2026-01-01
1653,17,27,100,39,2026-01-01,100,420,405,15,2025-01-01,2026-01-01
1654,17,74,100,24,2026-01-01,100,327,311,16,2025-01-01,2026-01-01
1655,17,136,100,19,2026-01-01,100,332,320,12,2025-01-01,2026-01-01
1656,17,116,100,26,2026-01-01,100,326,312,14,2025-01-01,2026-01-01
1657,17,46,100,35,2026-01-01,100,321,311,10,2025-01-01,2026-01-01
1658,17,9,100,31,2026-01-01,100,90,88,2,2025-01-01,2026-01-01
1659,17,128,100,39,2026-01-01,100,302,291,11,2025-01-01,2026-01-01
1660,17,36,100,11,2026-01-01,100,345,322,23,2025-01-01,2026-01-01
1661,17,4,100,40,2026-01-01,100,336,317,19,2025-01-01,2026-01-01
1662,17,44,100,32,2026-01-01,100,345,325,20,2025-01-01,2026-01-01
1663,17,49,100,39,2026-01-01,100,331,314,17,2025-01-01,2026-01-01
1664,17,121,100,28,2026-01-01,100,290,274,16,2025-01-01,2026-01-01
1665,17,100,100,32,2026-01-01,100,336,317,19,2025-01-01,2026-01-01
1666,17,22,100,46,2026-01-01,100,422,403,19,2025-01-01,2026-01-01
1667,17,97,100,42,2026-01-01,100,363,352,11,2025-01-01,2026-01-01
1668,17,78,100,35,2026-01-01,100,324,313,11,2025-01-01,2026-01-01
1669,17,132,100,16,2026-01-01,100,344,333,11,2025-01-01,2026-01-01
1670,17,24,100,45,2026-01-01,100,422,409,13,2025-01-01,2026-01-01
1671,17,143,100,14,2026-01-01,100,356,347,9,2025-01-01,2026-01-01
1672,17,15,100,44,2026-01-01,100,343,328,15,2025-01-01,2026-01-01
1673,17,40,100,35,2026-01-01,100,364,348,16,2025-01-01,2026-01-01
1674,17,135,100,36,2026-01-01,100,311,296,15,2025-01-01,2026-01-01
1675,17,126,100,49,2026-01-01,100,334,313,21,2025-01-01,2026-01-01
1676,17,35,100,45,2026-01-01,100,409,393,16,2025-01-01,2026-01-01
1677,17,118,100,40,2026-01-01,100,325,310,15,2025-01-01,2026-01-01
1678,17,12,100,14,2026-01-01,100,1345,1332,13,2025-01-01,2026-01-01
1679,17,64,100,23,2026-01-01,100,350,341,9,2025-01-01,2026-01-01
1680,17,31,100,47,2026-01-01,100,475,451,24,2025-01-01,2026-01-01
1681,17,48,100,37,2026-01-01,100,355,342,13,2025-01-01,2026-01-01
1682,17,58,100,31,2026-01-01,100,292,277,15,2025-01-01,2026-01-01
1683,17,106,100,25,2026-01-01,100,311,297,14,2025-01-01,2026-01-01
1684,17,28,100,14,2026-01-01,100,384,366,18,2025-01-01,2026-01-01
1685,17,68,100,46,2026-01-01,100,330,318,12,2025-01-01,2026-01-01
1686,17,23,100,17,2026-01-01,100,373,361,12,2025-01-01,2026-01-01
1687,17,144,100,48,2026-01-01,100,349,336,13,2025-01-01,2026-01-01
1688,17,127,100,30,2026-01-01,100,298,288,10,2025-01-01,2026-01-01
1689,17,51,100,16,2026-01-01,100,290,274,16,2025-01-01,2026-01-01
1690,17,99,100,21,2026-01-01,100,355,343,12,2025-01-01,2026-01-01
1691,17,82,100,35,2026-01-01,100,298,287,11,2025-01-01,2026-01-01
1692,17,13,100,48,2026-01-01,100,154,147,7,2025-01-01,2026-01-01
1693,17,6,100,48,2026-01-01,100,1700,1675,25,2025-01-01,2026-01-01
1694,17,29,100,34,2026-01-01,100,416,393,23,2025-01-01,2026-01-01
1695,17,33,100,41,2026-01-01,100,442,427,15,2025-01-01,2026-01-01
1696,17,139,100,13,2026-01-01,100,356,343,13,2025-01-01,2026-01-01
1697,17,148,100,23,2026-01-01,100,339,319,20,2025-01-01,2026-01-01
1698,17,71,100,47,2026-01-01,100,324,314,10,2025-01-01,2026-01-01
1699,17,56,100,50,2026-01-01,100,366,351,15,2025-01-01,2026-01-01
1700,17,10,100,19,2026-01-01,100,965,935,30,2025-01-01,2026-01-01
1701,18,39,100,33,2026-01-01,100,352,335,17,2025-01-01,2026-01-01
1702,18,116,100,47,2026-01-01,100,322,308,14,2025-01-01,2026-01-01
1703,18,137,100,15,2026-01-01,100,357,338,19,2025-01-01,2026-01-01
1704,18,75,100,43,2026-01-01,100,344,337,7,2025-01-01,2026-01-01
1705,18,100,100,27,2026-01-01,100,315,302,13,2025-01-01,2026-01-01
1706,18,115,100,43,2026-01-01,100,349,334,15,2025-01-01,2026-01-01
1707,18,51,100,43,2026-01-01,100,330,314,16,2025-01-01,2026-01-01
1708,18,53,100,15,2026-01-01,100,349,332,17,2025-01-01,2026-01-01
1709,18,82,100,40,2026-01-01,100,336,316,20,2025-01-01,2026-01-01
1710,18,77,100,14,2026-01-01,100,349,328,21,2025-01-01,2026-01-01
1711,18,78,100,50,2026-01-01,100,312,294,18,2025-01-01,2026-01-01
1712,18,112,100,47,2026-01-01,100,347,335,12,2025-01-01,2026-01-01
1713,18,89,100,49,2026-01-01,100,321,310,11,2025-01-01,2026-01-01
1714,18,23,100,31,2026-01-01,100,399,385,14,2025-01-01,2026-01-01
1715,18,3,100,10,2026-01-01,100,6406,3766,2640,2025-01-01,2026-01-01
1716,18,131,100,39,2026-01-01,100,315,298,17,2025-01-01,2026-01-01
1717,18,104,100,40,2026-01-01,100,254,237,17,2025-01-01,2026-01-01
1718,18,33,100,31,2026-01-01,100,433,420,13,2025-01-01,2026-01-01
1719,18,76,100,32,2026-01-01,100,330,317,13,2025-01-01,2026-01-01
1720,18,16,100,28,2026-01-01,100,301,289,12,2025-01-01,2026-01-01
1721,18,95,100,12,2026-01-01,100,329,311,18,2025-01-01,2026-01-01
1722,18,14,100,48,2026-01-01,100,1287,1253,34,2025-01-01,2026-01-01
1723,18,1,100,29,2026-01-01,100,6484,6444,40,2025-01-01,2026-01-01
1724,18,91,100,46,2026-01-01,100,307,297,10,2025-01-01,2026-01-01
1725,18,72,100,13,2026-01-01,100,326,307,19,2025-01-01,2026-01-01
1726,18,106,100,40,2026-01-01,100,312,291,21,2025-01-01,2026-01-01
1727,18,46,100,20,2026-01-01,100,364,350,14,2025-01-01,2026-01-01
1728,18,15,100,13,2026-01-01,100,318,306,12,2025-01-01,2026-01-01
1729,18,111,100,28,2026-01-01,100,325,315,10,2025-01-01,2026-01-01
1730,18,37,100,49,2026-01-01,100,356,347,9,2025-01-01,2026-01-01
1731,18,122,100,28,2026-01-01,100,290,275,15,2025-01-01,2026-01-01
1732,18,4,100,15,2026-01-01,100,364,350,14,2025-01-01,2026-01-01
1733,18,31,100,42,2026-01-01,100,402,385,17,2025-01-01,2026-01-01
1734,18,56,100,27,2026-01-01,100,318,306,12,2025-01-01,2026-01-01
1735,18,90,100,18,2026-01-01,100,317,297,20,2025-01-01,2026-01-01
1736,18,132,100,27,2026-01-01,100,345,333,12,2025-01-01,2026-01-01
1737,18,144,100,26,2026-01-01,100,345,331,14,2025-01-01,2026-01-01
1738,18,81,100,17,2026-01-01,100,363,349,14,2025-01-01,2026-01-01
1739,18,41,100,21,2026-01-01,100,349,328,21,2025-01-01,2026-01-01
1740,18,92,100,19,2026-01-01,100,311,298,13,2025-01-01,2026-01-01
1741,18,49,100,38,2026-01-01,100,310,297,13,2025-01-01,2026-01-01
1742,18,52,100,21,2026-01-01,100,309,292,17,2025-01-01,2026-01-01
1743,18,110,100,25,2026-01-01,100,354,341,13,2025-01-01,2026-01-01
1744,18,117,100,21,2026-01-01,100,328,317,11,2025-01-01,2026-01-01
1745,18,70,100,12,2026-01-01,100,343,325,18,2025-01-01,2026-01-01
1746,18,28,100,15,2026-01-01,100,347,334,13,2025-01-01,2026-01-01
1747,18,85,100,48,2026-01-01,100,309,300,9,2025-01-01,2026-01-01
1748,18,148,100,41,2026-01-01,100,312,302,10,2025-01-01,2026-01-01
1749,18,61,100,36,2026-01-01,100,312,297,15,2025-01-01,2026-01-01
1750,18,18,100,34,2026-01-01,100,351,334,17,2025-01-01,2026-01-01
1751,18,25,100,38,2026-01-01,100,390,379,11,2025-01-01,2026-01-01
1752,18,126,100,50,2026-01-01,100,319,306,13,2025-01-01,2026-01-01
1753,18,50,100,23,2026-01-01,100,393,372,21,2025-01-01,2026-01-01
1754,18,47,100,32,2026-01-01,100,331,321,10,2025-01-01,2026-01-01
1755,18,54,100,26,2026-01-01,100,332,318,14,2025-01-01,2026-01-01
1756,18,20,100,17,2026-01-01,100,377,366,11,2025-01-01,2026-01-01
1757,18,121,100,20,2026-01-01,100,341,329,12,2025-01-01,2026-01-01
1758,18,86,100,35,2026-01-01,100,374,353,21,2025-01-01,2026-01-01
1759,18,17,100,29,2026-01-01,100,296,285,11,2025-01-01,2026-01-01
1760,18,101,100,44,2026-01-01,100,313,303,10,2025-01-01,2026-01-01
1761,18,2,100,34,2026-01-01,100,11,10,1,2025-01-01,2026-01-01
1762,18,10,100,34,2026-01-01,100,943,915,28,2025-01-01,2026-01-01
1763,18,83,100,26,2026-01-01,100,300,288,12,2025-01-01,2026-01-01
1764,18,136,100,43,2026-01-01,100,361,349,12,2025-01-01,2026-01-01
1765,18,19,100,10,2026-01-01,100,396,385,11,2025-01-01,2026-01-01
1766,18,63,100,38,2026-01-01,100,354,337,17,2025-01-01,2026-01-01
1767,18,107,100,30,2026-01-01,100,336,322,14,2025-01-01,2026-01-01
1768,18,127,100,12,2026-01-01,100,323,317,6,2025-01-01,2026-01-01
1769,18,11,100,44,2026-01-01,100,3785,3757,28,2025-01-01,2026-01-01
1770,18,88,100,32,2026-01-01,100,344,327,17,2025-01-01,2026-01-01
1771,18,96,100,49,2026-01-01,100,343,333,10,2025-01-01,2026-01-01
1772,18,59,100,27,2026-01-01,100,330,320,10,2025-01-01,2026-01-01
1773,18,140,100,27,2026-01-01,100,363,350,13,2025-01-01,2026-01-01
1774,18,55,100,16,2026-01-01,100,332,316,16,2025-01-01,2026-01-01
1775,18,24,100,47,2026-01-01,100,424,408,16,2025-01-01,2026-01-01
1776,18,79,100,39,2026-01-01,100,342,330,12,2025-01-01,2026-01-01
1777,18,66,100,25,2026-01-01,100,348,336,12,2025-01-01,2026-01-01
1778,18,141,100,47,2026-01-01,100,329,311,18,2025-01-01,2026-01-01
1779,18,71,100,22,2026-01-01,100,388,370,18,2025-01-01,2026-01-01
1780,18,58,100,31,2026-01-01,100,361,344,17,2025-01-01,2026-01-01
1781,18,98,100,21,2026-01-01,100,317,304,13,2025-01-01,2026-01-01
1782,18,124,100,45,2026-01-01,100,378,361,17,2025-01-01,2026-01-01
1783,18,29,100,10,2026-01-01,100,365,347,18,2025-01-01,2026-01-01
1784,18,145,100,10,2026-01-01,100,354,341,13,2025-01-01,2026-01-01
1785,18,73,100,16,2026-01-01,100,332,318,14,2025-01-01,2026-01-01
1786,18,128,100,16,2026-01-01,100,305,291,14,2025-01-01,2026-01-01
1787,18,64,100,38,2026-01-01,100,341,327,14,2025-01-01,2026-01-01
1788,18,74,100,24,2026-01-01,100,320,308,12,2025-01-01,2026-01-01
1789,18,97,100,28,2026-01-01,100,327,311,16,2025-01-01,2026-01-01
1790,18,135,100,22,2026-01-01,100,284,267,17,2025-01-01,2026-01-01
1791,18,69,100,11,2026-01-01,100,377,362,15,2025-01-01,2026-01-01
1792,18,133,100,15,2026-01-01,100,322,312,10,2025-01-01,2026-01-01
1793,18,113,100,48,2026-01-01,100,311,293,18,2025-01-01,2026-01-01
1794,18,27,100,23,2026-01-01,100,360,343,17,2025-01-01,2026-01-01
1795,18,35,100,50,2026-01-01,100,380,370,10,2025-01-01,2026-01-01
1796,18,94,100,17,2026-01-01,100,355,339,16,2025-01-01,2026-01-01
1797,18,67,100,48,2026-01-01,100,313,301,12,2025-01-01,2026-01-01
1798,18,87,100,34,2026-01-01,100,342,330,12,2025-01-01,2026-01-01
1799,18,143,100,46,2026-01-01,100,330,321,9,2025-01-01,2026-01-01
1800,18,134,100,17,2026-01-01,100,343,324,19,2025-01-01,2026-01-01
1801,19,48,100,34,2026-01-01,100,318,312,6,2025-01-01,2026-01-01
1802,19,65,100,22,2026-01-01,100,307,295,12,2025-01-01,2026-01-01
1803,19,76,100,34,2026-01-01,100,388,373,15,2025-01-01,2026-01-01
1804,19,120,100,50,2026-01-01,100,380,364,16,2025-01-01,2026-01-01
1805,19,20,100,32,2026-01-01,100,426,410,16,2025-01-01,2026-01-01
1806,19,117,100,15,2026-01-01,100,323,315,8,2025-01-01,2026-01-01
1807,19,71,100,38,2026-01-01,100,324,312,12,2025-01-01,2026-01-01
1808,19,110,100,22,2026-01-01,100,325,315,10,2025-01-01,2026-01-01
1809,19,83,100,12,2026-01-01,100,319,302,17,2025-01-01,2026-01-01
1810,19,66,100,11,2026-01-01,100,295,280,15,2025-01-01,2026-01-01
1811,19,42,100,47,2026-01-01,100,354,341,13,2025-01-01,2026-01-01
1812,19,19,100,41,2026-01-01,100,389,379,10,2025-01-01,2026-01-01
1813,19,144,100,14,2026-01-01,100,348,329,19,2025-01-01,2026-01-01
1814,19,16,100,29,2026-01-01,100,340,328,12,2025-01-01,2026-01-01
1815,19,98,100,44,2026-01-01,100,289,280,9,2025-01-01,2026-01-01
1816,19,100,100,11,2026-01-01,100,304,294,10,2025-01-01,2026-01-01
1817,19,86,100,31,2026-01-01,100,320,309,11,2025-01-01,2026-01-01
1818,19,137,100,31,2026-01-01,100,315,295,20,2025-01-01,2026-01-01
1819,19,67,100,12,2026-01-01,100,340,322,18,2025-01-01,2026-01-01
1820,19,68,100,17,2026-01-01,100,287,273,14,2025-01-01,2026-01-01
1821,19,46,100,43,2026-01-01,100,303,292,11,2025-01-01,2026-01-01
1822,19,113,100,44,2026-01-01,100,312,298,14,2025-01-01,2026-01-01
1823,19,18,100,47,2026-01-01,100,343,333,10,2025-01-01,2026-01-01
1824,19,63,100,14,2026-01-01,100,256,245,11,2025-01-01,2026-01-01
1825,19,126,100,19,2026-01-01,100,336,326,10,2025-01-01,2026-01-01
1826,19,119,100,11,2026-01-01,100,313,302,11,2025-01-01,2026-01-01
1827,19,26,100,49,2026-01-01,100,353,343,10,2025-01-01,2026-01-01
1828,19,79,100,25,2026-01-01,100,334,319,15,2025-01-01,2026-01-01
1829,19,51,100,18,2026-01-01,100,303,290,13,2025-01-01,2026-01-01
1830,19,23,100,21,2026-01-01,100,365,351,14,2025-01-01,2026-01-01
1831,19,142,100,13,2026-01-01,100,300,283,17,2025-01-01,2026-01-01
1832,19,127,100,16,2026-01-01,100,318,305,13,2025-01-01,2026-01-01
1833,19,14,100,49,2026-01-01,100,1284,1258,26,2025-01-01,2026-01-01
1834,19,139,100,47,2026-01-01,100,304,289,15,2025-01-01,2026-01-01
1835,19,70,100,16,2026-01-01,100,334,317,17,2025-01-01,2026-01-01
1836,19,99,100,41,2026-01-01,100,365,342,23,2025-01-01,2026-01-01
1837,19,56,100,49,2026-01-01,100,314,295,19,2025-01-01,2026-01-01
1838,19,28,100,14,2026-01-01,100,426,411,15,2025-01-01,2026-01-01
1839,19,123,100,37,2026-01-01,100,309,292,17,2025-01-01,2026-01-01
1840,19,147,100,35,2026-01-01,100,331,323,8,2025-01-01,2026-01-01
1841,19,118,100,17,2026-01-01,100,327,309,18,2025-01-01,2026-01-01
1842,19,57,100,46,2026-01-01,100,312,296,16,2025-01-01,2026-01-01
1843,19,92,100,18,2026-01-01,100,292,277,15,2025-01-01,2026-01-01
1844,19,34,100,23,2026-01-01,100,349,335,14,2025-01-01,2026-01-01
1845,19,143,100,12,2026-01-01,100,340,327,13,2025-01-01,2026-01-01
1846,19,5,100,21,2026-01-01,100,293,284,9,2025-01-01,2026-01-01
1847,19,10,100,14,2026-01-01,100,1009,983,26,2025-01-01,2026-01-01
1848,19,104,100,27,2026-01-01,100,314,299,15,2025-01-01,2026-01-01
1849,19,74,100,36,2026-01-01,100,341,326,15,2025-01-01,2026-01-01
1850,19,94,100,33,2026-01-01,100,305,290,15,2025-01-01,2026-01-01
1851,19,33,100,20,2026-01-01,100,410,390,20,2025-01-01,2026-01-01
1852,19,58,100,25,2026-01-01,100,313,302,11,2025-01-01,2026-01-01
1853,19,3,100,12,2026-01-01,100,6416,3770,2646,2025-01-01,2026-01-01
1854,19,64,100,16,2026-01-01,100,348,336,12,2025-01-01,2026-01-01
1855,19,146,100,49,2026-01-01,100,328,317,11,2025-01-01,2026-01-01
1856,19,84,100,20,2026-01-01,100,325,314,11,2025-01-01,2026-01-01
1857,19,82,100,41,2026-01-01,100,293,277,16,2025-01-01,2026-01-01
1858,19,1,100,10,2026-01-01,100,6250,6223,27,2025-01-01,2026-01-01
1859,19,105,100,21,2026-01-01,100,337,324,13,2025-01-01,2026-01-01
1860,19,134,100,47,2026-01-01,100,310,300,10,2025-01-01,2026-01-01
1861,19,50,100,36,2026-01-01,100,350,334,16,2025-01-01,2026-01-01
1862,19,35,100,40,2026-01-01,100,400,386,14,2025-01-01,2026-01-01
1863,19,96,100,18,2026-01-01,100,340,327,13,2025-01-01,2026-01-01
1864,19,43,100,19,2026-01-01,100,328,319,9,2025-01-01,2026-01-01
1865,19,122,100,27,2026-01-01,100,365,349,16,2025-01-01,2026-01-01
1866,19,102,100,38,2026-01-01,100,333,321,12,2025-01-01,2026-01-01
1867,19,93,100,25,2026-01-01,100,333,317,16,2025-01-01,2026-01-01
1868,19,141,100,49,2026-01-01,100,334,319,15,2025-01-01,2026-01-01
1869,19,125,100,12,2026-01-01,100,321,307,14,2025-01-01,2026-01-01
1870,19,62,100,21,2026-01-01,100,329,319,10,2025-01-01,2026-01-01
1871,19,114,100,41,2026-01-01,100,318,304,14,2025-01-01,2026-01-01
1872,19,52,100,15,2026-01-01,100,310,297,13,2025-01-01,2026-01-01
1873,19,9,100,29,2026-01-01,100,47,46,1,2025-01-01,2026-01-01
1874,19,116,100,36,2026-01-01,100,327,318,9,2025-01-01,2026-01-01
1875,19,29,100,45,2026-01-01,100,391,373,18,2025-01-01,2026-01-01
1876,19,95,100,22,2026-01-01,100,301,289,12,2025-01-01,2026-01-01
1877,19,90,100,43,2026-01-01,100,300,288,12,2025-01-01,2026-01-01
1878,19,81,100,49,2026-01-01,100,320,303,17,2025-01-01,2026-01-01
1879,19,133,100,44,2026-01-01,100,300,287,13,2025-01-01,2026-01-01
1880,19,69,100,24,2026-01-01,100,330,317,13,2025-01-01,2026-01-01
1881,19,130,100,50,2026-01-01,100,356,337,19,2025-01-01,2026-01-01
1882,19,87,100,23,2026-01-01,100,316,302,14,2025-01-01,2026-01-01
1883,19,39,100,13,2026-01-01,100,300,285,15,2025-01-01,2026-01-01
1884,19,112,100,17,2026-01-01,100,382,363,19,2025-01-01,2026-01-01
1885,19,8,100,40,2026-01-01,100,1066,1060,6,2025-01-01,2026-01-01
1886,19,12,100,21,2026-01-01,100,1286,1269,17,2025-01-01,2026-01-01
1887,19,47,100,12,2026-01-01,100,338,327,11,2025-01-01,2026-01-01
1888,19,89,100,33,2026-01-01,100,322,305,17,2025-01-01,2026-01-01
1889,19,55,100,23,2026-01-01,100,289,276,13,2025-01-01,2026-01-01
1890,19,22,100,26,2026-01-01,100,343,324,19,2025-01-01,2026-01-01
1891,19,6,100,49,2026-01-01,100,1688,1670,18,2025-01-01,2026-01-01
1892,19,54,100,39,2026-01-01,100,376,360,16,2025-01-01,2026-01-01
1893,19,30,100,16,2026-01-01,100,376,362,14,2025-01-01,2026-01-01
1894,19,49,100,13,2026-01-01,100,295,287,8,2025-01-01,2026-01-01
1895,19,85,100,21,2026-01-01,100,343,332,11,2025-01-01,2026-01-01
1896,19,145,100,11,2026-01-01,100,336,318,18,2025-01-01,2026-01-01
1897,19,140,100,42,2026-01-01,100,296,285,11,2025-01-01,2026-01-01
1898,19,13,100,14,2026-01-01,100,130,122,8,2025-01-01,2026-01-01
1899,19,149,100,38,2026-01-01,100,345,334,11,2025-01-01,2026-01-01
1900,19,36,100,47,2026-01-01,100,312,294,18,2025-01-01,2026-01-01
1901,20,84,100,36,2026-01-01,100,321,312,9,2025-01-01,2026-01-01
1902,20,108,100,18,2026-01-01,100,372,354,18,2025-01-01,2026-01-01
1903,20,51,100,28,2026-01-01,100,343,326,17,2025-01-01,2026-01-01
1904,20,150,100,15,2026-01-01,100,334,319,15,2025-01-01,2026-01-01
1905,20,59,100,40,2026-01-01,100,345,331,14,2025-01-01,2026-01-01
1906,20,29,100,29,2026-01-01,100,350,336,14,2025-01-01,2026-01-01
1907,20,147,100,39,2026-01-01,100,297,276,21,2025-01-01,2026-01-01
1908,20,146,100,47,2026-01-01,100,303,289,14,2025-01-01,2026-01-01
1909,20,26,100,39,2026-01-01,100,395,378,17,2025-01-01,2026-01-01
1910,20,61,100,18,2026-01-01,100,342,318,24,2025-01-01,2026-01-01
1911,20,106,100,35,2026-01-01,100,300,281,19,2025-01-01,2026-01-01
1912,20,52,100,33,2026-01-01,100,293,281,12,2025-01-01,2026-01-01
1913,20,97,100,39,2026-01-01,100,359,345,14,2025-01-01,2026-01-01
1914,20,57,100,50,2026-01-01,100,329,318,11,2025-01-01,2026-01-01
1915,20,19,100,50,2026-01-01,100,398,372,26,2025-01-01,2026-01-01
1916,20,121,100,34,2026-01-01,100,336,320,16,2025-01-01,2026-01-01
1917,20,125,100,31,2026-01-01,100,363,348,15,2025-01-01,2026-01-01
1918,20,14,100,12,2026-01-01,100,1378,1342,36,2025-01-01,2026-01-01
1919,20,112,100,37,2026-01-01,100,301,288,13,2025-01-01,2026-01-01
1920,20,38,100,27,2026-01-01,100,355,344,11,2025-01-01,2026-01-01
1921,20,56,100,49,2026-01-01,100,326,317,9,2025-01-01,2026-01-01
1922,20,117,100,46,2026-01-01,100,324,314,10,2025-01-01,2026-01-01
1923,20,46,100,15,2026-01-01,100,331,321,10,2025-01-01,2026-01-01
1924,20,50,100,31,2026-01-01,100,321,301,20,2025-01-01,2026-01-01
1925,20,48,100,13,2026-01-01,100,282,274,8,2025-01-01,2026-01-01
1926,20,18,100,33,2026-01-01,100,392,375,17,2025-01-01,2026-01-01
1927,20,143,100,17,2026-01-01,100,326,319,7,2025-01-01,2026-01-01
1928,20,93,100,33,2026-01-01,100,316,303,13,2025-01-01,2026-01-01
1929,20,25,100,49,2026-01-01,100,305,294,11,2025-01-01,2026-01-01
1930,20,81,100,33,2026-01-01,100,318,299,19,2025-01-01,2026-01-01
1931,20,128,100,21,2026-01-01,100,329,316,13,2025-01-01,2026-01-01
1932,20,35,100,45,2026-01-01,100,369,354,15,2025-01-01,2026-01-01
1933,20,142,100,14,2026-01-01,100,315,299,16,2025-01-01,2026-01-01
1934,20,43,100,23,2026-01-01,100,351,338,13,2025-01-01,2026-01-01
1935,20,17,100,31,2026-01-01,100,357,343,14,2025-01-01,2026-01-01
1936,20,5,100,44,2026-01-01,100,340,326,14,2025-01-01,2026-01-01
1937,20,89,100,40,2026-01-01,100,326,306,20,2025-01-01,2026-01-01
1938,20,73,100,47,2026-01-01,100,349,332,17,2025-01-01,2026-01-01
1939,20,8,100,23,2026-01-01,100,1103,1099,4,2025-01-01,2026-01-01
1940,20,36,100,24,2026-01-01,100,316,301,15,2025-01-01,2026-01-01
1941,20,134,100,32,2026-01-01,100,305,293,12,2025-01-01,2026-01-01
1942,20,15,100,42,2026-01-01,100,319,302,17,2025-01-01,2026-01-01
1943,20,60,100,37,2026-01-01,100,303,289,14,2025-01-01,2026-01-01
1944,20,124,100,13,2026-01-01,100,320,308,12,2025-01-01,2026-01-01
1945,20,54,100,33,2026-01-01,100,305,289,16,2025-01-01,2026-01-01
1946,20,22,100,38,2026-01-01,100,408,389,19,2025-01-01,2026-01-01
1947,20,98,100,42,2026-01-01,100,318,305,13,2025-01-01,2026-01-01
1948,20,44,100,17,2026-01-01,100,303,288,15,2025-01-01,2026-01-01
1949,20,145,100,44,2026-01-01,100,307,292,15,2025-01-01,2026-01-01
1950,20,131,100,44,2026-01-01,100,353,343,10,2025-01-01,2026-01-01
1951,20,78,100,38,2026-01-01,100,311,292,19,2025-01-01,2026-01-01
1952,20,21,100,33,2026-01-01,100,408,390,18,2025-01-01,2026-01-01
1953,20,82,100,14,2026-01-01,100,358,346,12,2025-01-01,2026-01-01
1954,20,79,100,39,2026-01-01,100,311,304,7,2025-01-01,2026-01-01
1955,20,105,100,15,2026-01-01,100,316,303,13,2025-01-01,2026-01-01
1956,20,74,100,21,2026-01-01,100,316,306,10,2025-01-01,2026-01-01
1957,20,71,100,14,2026-01-01,100,292,281,11,2025-01-01,2026-01-01
1958,20,30,100,20,2026-01-01,100,398,385,13,2025-01-01,2026-01-01
1959,20,12,100,17,2026-01-01,100,1268,1251,17,2025-01-01,2026-01-01
1960,20,53,100,19,2026-01-01,100,267,258,9,2025-01-01,2026-01-01
1961,20,67,100,19,2026-01-01,100,345,335,10,2025-01-01,2026-01-01
1962,20,63,100,43,2026-01-01,100,330,314,16,2025-01-01,2026-01-01
1963,20,28,100,11,2026-01-01,100,396,375,21,2025-01-01,2026-01-01
1964,20,76,100,36,2026-01-01,100,325,309,16,2025-01-01,2026-01-01
1965,20,141,100,44,2026-01-01,100,339,322,17,2025-01-01,2026-01-01
1966,20,149,100,40,2026-01-01,100,279,268,11,2025-01-01,2026-01-01
1967,20,111,100,36,2026-01-01,100,331,317,14,2025-01-01,2026-01-01
1968,20,2,100,11,2026-01-01,100,4,4,0,2025-01-01,2026-01-01
1969,20,55,100,22,2026-01-01,100,327,313,14,2025-01-01,2026-01-01
1970,20,32,100,11,2026-01-01,100,413,395,18,2025-01-01,2026-01-01
1971,20,135,100,43,2026-01-01,100,298,289,9,2025-01-01,2026-01-01
1972,20,42,100,31,2026-01-01,100,311,296,15,2025-01-01,2026-01-01
1973,20,130,100,47,2026-01-01,100,337,320,17,2025-01-01,2026-01-01
1974,20,75,100,30,2026-01-01,100,373,361,12,2025-01-01,2026-01-01
1975,20,102,100,47,2026-01-01,100,347,327,20,2025-01-01,2026-01-01
1976,20,20,100,43,2026-01-01,100,388,372,16,2025-01-01,2026-01-01
1977,20,95,100,38,2026-01-01,100,317,297,20,2025-01-01,2026-01-01
1978,20,1,100,29,2026-01-01,100,6329,6296,33,2025-01-01,2026-01-01
1979,20,140,100,18,2026-01-01,100,327,320,7,2025-01-01,2026-01-01
1980,20,6,100,20,2026-01-01,100,1753,1727,26,2025-01-01,2026-01-01
1981,20,94,100,24,2026-01-01,100,322,306,16,2025-01-01,2026-01-01
1982,20,86,100,33,2026-01-01,100,343,321,22,2025-01-01,2026-01-01
1983,20,65,100,13,2026-01-01,100,360,342,18,2025-01-01,2026-01-01
1984,20,115,100,32,2026-01-01,100,337,316,21,2025-01-01,2026-01-01
1985,20,104,100,39,2026-01-01,100,353,338,15,2025-01-01,2026-01-01
1986,20,148,100,49,2026-01-01,100,300,290,10,2025-01-01,2026-01-01
1987,20,62,100,44,2026-01-01,100,327,314,13,2025-01-01,2026-01-01
1988,20,139,100,21,2026-01-01,100,330,309,21,2025-01-01,2026-01-01
1989,20,114,100,19,2026-01-01,100,367,350,17,2025-01-01,2026-01-01
1990,20,45,100,25,2026-01-01,100,295,287,8,2025-01-01,2026-01-01
1991,20,91,100,12,2026-01-01,100,321,309,12,2025-01-01,2026-01-01
1992,20,7,100,46,2026-01-01,100,1663,1656,7,2025-01-01,2026-01-01
1993,20,87,100,38,2026-01-01,100,351,336,15,2025-01-01,2026-01-01
1994,20,80,100,33,2026-01-01,100,326,319,7,2025-01-01,2026-01-01
1995,20,16,100,23,2026-01-01,100,316,301,15,2025-01-01,2026-01-01
1996,20,70,100,12,2026-01-01,100,366,353,13,2025-01-01,2026-01-01
1997,20,144,100,30,2026-01-01,100,315,297,18,2025-01-01,2026-01-01
1998,20,49,100,19,2026-01-01,100,318,305,13,2025-01-01,2026-01-01
1999,20,113,100,38,2026-01-01,100,332,321,11,2025-01-01,2026-01-01
2000,20,69,100,20,2026-01-01,100,340,321,19,2025-01-01,2026-01-01
2001,1,1,100,20,2026-01-01,100,5731,5702,29,2025-01-01,2026-01-01
2002,1,2,100,20,2026-01-01,100,9,9,0,2025-01-01,2026-01-01
2003,1,3,100,20,2026-01-01,100,5967,3506,2461,2025-01-01,2026-01-01
2004,1,5,100,20,2026-01-01,100,5941,5912,29,2025-01-01,2026-01-01
2005,1,9,100,20,2026-01-01,100,52,52,0,2025-01-01,2026-01-01
2006,1,12,100,20,2026-01-01,100,1284,1263,21,2025-01-01,2026-01-01
2007,1,13,100,20,2026-01-01,100,175,171,4,2025-01-01,2026-01-01
2008,1,23,100,20,2026-01-01,100,365,355,10,2025-01-01,2026-01-01
2009,1,26,100,20,2026-01-01,100,336,321,15,2025-01-01,2026-01-01
2010,1,28,100,20,2026-01-01,100,341,326,15,2025-01-01,2026-01-01
2011,1,30,100,20,2026-01-01,100,369,354,15,2025-01-01,2026-01-01
2012,1,35,100,20,2026-01-01,100,407,393,14,2025-01-01,2026-01-01
2013,1,36,100,20,2026-01-01,100,289,273,16,2025-01-01,2026-01-01
2014,1,37,100,20,2026-01-01,100,306,292,14,2025-01-01,2026-01-01
2015,1,46,100,20,2026-01-01,100,274,262,12,2025-01-01,2026-01-01
2016,1,47,100,20,2026-01-01,100,293,283,10,2025-01-01,2026-01-01
2017,1,49,100,20,2026-01-01,100,295,281,14,2025-01-01,2026-01-01
2018,1,50,100,20,2026-01-01,100,274,263,11,2025-01-01,2026-01-01
2019,1,53,100,20,2026-01-01,100,292,278,14,2025-01-01,2026-01-01
2020,1,55,100,20,2026-01-01,100,312,304,8,2025-01-01,2026-01-01
2021,1,56,100,20,2026-01-01,100,325,313,12,2025-01-01,2026-01-01
2022,1,61,100,20,2026-01-01,100,284,273,11,2025-01-01,2026-01-01
2023,1,63,100,20,2026-01-01,100,307,299,8,2025-01-01,2026-01-01
2024,1,67,100,20,2026-01-01,100,303,291,12,2025-01-01,2026-01-01
2025,1,68,100,20,2026-01-01,100,272,262,10,2025-01-01,2026-01-01
2026,1,69,100,20,2026-01-01,100,310,298,12,2025-01-01,2026-01-01
2027,1,72,100,20,2026-01-01,100,269,256,13,2025-01-01,2026-01-01
2028,1,79,100,20,2026-01-01,100,296,282,14,2025-01-01,2026-01-01
2029,1,86,100,20,2026-01-01,100,336,324,12,2025-01-01,2026-01-01
2030,1,94,100,20,2026-01-01,100,308,294,14,2025-01-01,2026-01-01
2031,1,95,100,20,2026-01-01,100,292,279,13,2025-01-01,2026-01-01
2032,1,98,100,20,2026-01-01,100,307,293,14,2025-01-01,2026-01-01
2033,1,102,100,20,2026-01-01,100,262,247,15,2025-01-01,2026-01-01
2034,1,105,100,20,2026-01-01,100,262,250,12,2025-01-01,2026-01-01
2035,1,109,100,20,2026-01-01,100,305,293,12,2025-01-01,2026-01-01
2036,1,120,100,20,2026-01-01,100,317,305,12,2025-01-01,2026-01-01
2037,1,122,100,20,2026-01-01,100,297,292,5,2025-01-01,2026-01-01
2038,1,123,100,20,2026-01-01,100,289,276,13,2025-01-01,2026-01-01
2039,1,124,100,20,2026-01-01,100,332,317,15,2025-01-01,2026-01-01
2040,1,127,100,20,2026-01-01,100,276,265,11,2025-01-01,2026-01-01
2041,1,131,100,20,2026-01-01,100,295,286,9,2025-01-01,2026-01-01
2042,1,132,100,20,2026-01-01,100,308,292,16,2025-01-01,2026-01-01
2043,1,134,100,20,2026-01-01,100,298,282,16,2025-01-01,2026-01-01
2044,1,137,100,20,2026-01-01,100,324,309,15,2025-01-01,2026-01-01
2045,1,138,100,20,2026-01-01,100,337,313,24,2025-01-01,2026-01-01
2046,1,139,100,20,2026-01-01,100,319,301,18,2025-01-01,2026-01-01
2047,1,141,100,20,2026-01-01,100,299,285,14,2025-01-01,2026-01-01
2048,1,142,100,20,2026-01-01,100,348,335,13,2025-01-01,2026-01-01
2049,1,147,100,20,2026-01-01,100,296,288,8,2025-01-01,2026-01-01
2050,1,148,100,20,2026-01-01,100,310,290,20,2025-01-01,2026-01-01
2051,2,3,100,20,2026-01-01,100,6682,3932,2750,2025-01-01,2026-01-01
2052,2,4,100,20,2026-01-01,100,331,312,19,2025-01-01,2026-01-01
2053,2,7,100,20,2026-01-01,100,1613,1609,4,2025-01-01,2026-01-01
2054,2,9,100,20,2026-01-01,100,101,100,1,2025-01-01,2026-01-01
2055,2,10,100,20,2026-01-01,100,1000,965,35,2025-01-01,2026-01-01
2056,2,11,100,20,2026-01-01,100,3947,3917,30,2025-01-01,2026-01-01
2057,2,16,100,20,2026-01-01,100,338,322,16,2025-01-01,2026-01-01
2058,2,17,100,20,2026-01-01,100,321,307,14,2025-01-01,2026-01-01
2059,2,19,100,20,2026-01-01,100,422,398,24,2025-01-01,2026-01-01
2060,2,20,100,20,2026-01-01,100,402,382,20,2025-01-01,2026-01-01
2061,2,22,100,20,2026-01-01,100,402,387,15,2025-01-01,2026-01-01
2062,2,27,100,20,2026-01-01,100,401,385,16,2025-01-01,2026-01-01
2063,2,29,100,20,2026-01-01,100,371,353,18,2025-01-01,2026-01-01
2064,2,31,100,20,2026-01-01,100,386,364,22,2025-01-01,2026-01-01
2065,2,32,100,20,2026-01-01,100,383,379,4,2025-01-01,2026-01-01
2066,2,34,100,20,2026-01-01,100,437,418,19,2025-01-01,2026-01-01
2067,2,45,100,20,2026-01-01,100,371,352,19,2025-01-01,2026-01-01
2068,2,46,100,20,2026-01-01,100,338,322,16,2025-01-01,2026-01-01
2069,2,47,100,20,2026-01-01,100,317,304,13,2025-01-01,2026-01-01
2070,2,48,100,20,2026-01-01,100,340,326,14,2025-01-01,2026-01-01
2071,2,49,100,20,2026-01-01,100,308,294,14,2025-01-01,2026-01-01
2072,2,50,100,20,2026-01-01,100,364,351,13,2025-01-01,2026-01-01
2073,2,56,100,20,2026-01-01,100,324,305,19,2025-01-01,2026-01-01
2074,2,57,100,20,2026-01-01,100,379,361,18,2025-01-01,2026-01-01
2075,2,67,100,20,2026-01-01,100,332,314,18,2025-01-01,2026-01-01
2076,2,75,100,20,2026-01-01,100,332,314,18,2025-01-01,2026-01-01
2077,2,76,100,20,2026-01-01,100,316,303,13,2025-01-01,2026-01-01
2078,2,77,100,20,2026-01-01,100,319,308,11,2025-01-01,2026-01-01
2079,2,79,100,20,2026-01-01,100,328,320,8,2025-01-01,2026-01-01
2080,2,80,100,20,2026-01-01,100,336,321,15,2025-01-01,2026-01-01
2081,2,86,100,20,2026-01-01,100,330,311,19,2025-01-01,2026-01-01
2082,2,87,100,20,2026-01-01,100,381,365,16,2025-01-01,2026-01-01
2083,2,88,100,20,2026-01-01,100,347,326,21,2025-01-01,2026-01-01
2084,2,90,100,20,2026-01-01,100,351,335,16,2025-01-01,2026-01-01
2085,2,94,100,20,2026-01-01,100,345,329,16,2025-01-01,2026-01-01
2086,2,96,100,20,2026-01-01,100,305,289,16,2025-01-01,2026-01-01
2087,2,103,100,20,2026-01-01,100,295,285,10,2025-01-01,2026-01-01
2088,2,108,100,20,2026-01-01,100,331,320,11,2025-01-01,2026-01-01
2089,2,109,100,20,2026-01-01,100,314,299,15,2025-01-01,2026-01-01
2090,2,111,100,20,2026-01-01,100,361,339,22,2025-01-01,2026-01-01
2091,2,116,100,20,2026-01-01,100,324,313,11,2025-01-01,2026-01-01
2092,2,117,100,20,2026-01-01,100,314,303,11,2025-01-01,2026-01-01
2093,2,118,100,20,2026-01-01,100,328,314,14,2025-01-01,2026-01-01
2094,2,127,100,20,2026-01-01,100,333,316,17,2025-01-01,2026-01-01
2095,2,128,100,20,2026-01-01,100,310,301,9,2025-01-01,2026-01-01
2096,2,131,100,20,2026-01-01,100,359,347,12,2025-01-01,2026-01-01
2097,2,139,100,20,2026-01-01,100,341,331,10,2025-01-01,2026-01-01
2098,2,146,100,20,2026-01-01,100,333,316,17,2025-01-01,2026-01-01
2099,2,147,100,20,2026-01-01,100,323,314,9,2025-01-01,2026-01-01
2100,2,150,100,20,2026-01-01,100,328,313,15,2025-01-01,2026-01-01
2101,3,1,100,20,2026-01-01,100,6047,6026,21,2025-01-01,2026-01-01
2102,3,4,100,20,2026-01-01,100,240,231,9,2025-01-01,2026-01-01
2103,3,5,100,20,2026-01-01,100,309,295,14,2025-01-01,2026-01-01
2104,3,8,100,20,2026-01-01,100,1042,1036,6,2025-01-01,2026-01-01
2105,3,9,100,20,2026-01-01,100,70,65,5,2025-01-01,2026-01-01
2106,3,17,100,20,2026-01-01,100,344,333,11,2025-01-01,2026-01-01
2107,3,19,100,20,2026-01-01,100,382,365,17,2025-01-01,2026-01-01
2108,3,20,100,20,2026-01-01,100,398,376,22,2025-01-01,2026-01-01
2109,3,22,100,20,2026-01-01,100,383,364,19,2025-01-01,2026-01-01
2110,3,23,100,20,2026-01-01,100,403,383,20,2025-01-01,2026-01-01
2111,3,26,100,20,2026-01-01,100,383,370,13,2025-01-01,2026-01-01
2112,3,29,100,20,2026-01-01,100,422,402,20,2025-01-01,2026-01-01
2113,3,30,100,20,2026-01-01,100,408,397,11,2025-01-01,2026-01-01
2114,3,36,100,20,2026-01-01,100,317,303,14,2025-01-01,2026-01-01
2115,3,38,100,20,2026-01-01,100,348,332,16,2025-01-01,2026-01-01
2116,3,41,100,20,2026-01-01,100,344,325,19,2025-01-01,2026-01-01
2117,3,44,100,20,2026-01-01,100,324,314,10,2025-01-01,2026-01-01
2118,3,52,100,20,2026-01-01,100,320,307,13,2025-01-01,2026-01-01
2119,3,53,100,20,2026-01-01,100,274,265,9,2025-01-01,2026-01-01
2120,3,55,100,20,2026-01-01,100,334,316,18,2025-01-01,2026-01-01
2121,3,56,100,20,2026-01-01,100,288,280,8,2025-01-01,2026-01-01
2122,3,57,100,20,2026-01-01,100,289,274,15,2025-01-01,2026-01-01
2123,3,63,100,20,2026-01-01,100,328,312,16,2025-01-01,2026-01-01
2124,3,65,100,20,2026-01-01,100,335,323,12,2025-01-01,2026-01-01
2125,3,70,100,20,2026-01-01,100,311,295,16,2025-01-01,2026-01-01
2126,3,73,100,20,2026-01-01,100,338,324,14,2025-01-01,2026-01-01
2127,3,79,100,20,2026-01-01,100,289,279,10,2025-01-01,2026-01-01
2128,3,80,100,20,2026-01-01,100,303,293,10,2025-01-01,2026-01-01
2129,3,84,100,20,2026-01-01,100,298,289,9,2025-01-01,2026-01-01
2130,3,85,100,20,2026-01-01,100,322,311,11,2025-01-01,2026-01-01
2131,3,88,100,20,2026-01-01,100,344,332,12,2025-01-01,2026-01-01
2132,3,90,100,20,2026-01-01,100,323,313,10,2025-01-01,2026-01-01
2133,3,94,100,20,2026-01-01,100,313,296,17,2025-01-01,2026-01-01
2134,3,95,100,20,2026-01-01,100,317,304,13,2025-01-01,2026-01-01
2135,3,101,100,20,2026-01-01,100,356,346,10,2025-01-01,2026-01-01
2136,3,104,100,20,2026-01-01,100,344,328,16,2025-01-01,2026-01-01
2137,3,112,100,20,2026-01-01,100,299,286,13,2025-01-01,2026-01-01
2138,3,114,100,20,2026-01-01,100,315,305,10,2025-01-01,2026-01-01
2139,3,115,100,20,2026-01-01,100,280,267,13,2025-01-01,2026-01-01
2140,3,116,100,20,2026-01-01,100,342,329,13,2025-01-01,2026-01-01
2141,3,117,100,20,2026-01-01,100,317,307,10,2025-01-01,2026-01-01
2142,3,120,100,20,2026-01-01,100,335,325,10,2025-01-01,2026-01-01
2143,3,123,100,20,2026-01-01,100,304,290,14,2025-01-01,2026-01-01
2144,3,128,100,20,2026-01-01,100,284,275,9,2025-01-01,2026-01-01
2145,3,132,100,20,2026-01-01,100,285,276,9,2025-01-01,2026-01-01
2146,3,142,100,20,2026-01-01,100,357,341,16,2025-01-01,2026-01-01
2147,3,145,100,20,2026-01-01,100,338,324,14,2025-01-01,2026-01-01
2148,3,147,100,20,2026-01-01,100,305,288,17,2025-01-01,2026-01-01
2149,3,148,100,20,2026-01-01,100,339,324,15,2025-01-01,2026-01-01
2150,3,150,100,20,2026-01-01,100,362,351,11,2025-01-01,2026-01-01
2151,4,2,100,20,2026-01-01,100,8,6,2,2025-01-01,2026-01-01
2152,4,3,100,20,2026-01-01,100,6491,3809,2682,2025-01-01,2026-01-01
2153,4,5,100,20,2026-01-01,100,364,349,15,2025-01-01,2026-01-01
2154,4,6,100,20,2026-01-01,100,1671,1646,25,2025-01-01,2026-01-01
2155,4,11,100,20,2026-01-01,100,3761,3730,31,2025-01-01,2026-01-01
2156,4,15,100,20,2026-01-01,100,307,293,14,2025-01-01,2026-01-01
2157,4,16,100,20,2026-01-01,100,344,326,18,2025-01-01,2026-01-01
2158,4,17,100,20,2026-01-01,100,336,323,13,2025-01-01,2026-01-01
2159,4,20,100,20,2026-01-01,100,420,404,16,2025-01-01,2026-01-01
2160,4,21,100,20,2026-01-01,100,350,335,15,2025-01-01,2026-01-01
2161,4,25,100,20,2026-01-01,100,337,323,14,2025-01-01,2026-01-01
2162,4,28,100,20,2026-01-01,100,393,380,13,2025-01-01,2026-01-01
2163,4,29,100,20,2026-01-01,100,370,356,14,2025-01-01,2026-01-01
2164,4,30,100,20,2026-01-01,100,400,385,15,2025-01-01,2026-01-01
2165,4,31,100,20,2026-01-01,100,398,376,22,2025-01-01,2026-01-01
2166,4,40,100,20,2026-01-01,100,312,295,17,2025-01-01,2026-01-01
2167,4,45,100,20,2026-01-01,100,315,303,12,2025-01-01,2026-01-01
2168,4,46,100,20,2026-01-01,100,360,345,15,2025-01-01,2026-01-01
2169,4,52,100,20,2026-01-01,100,296,286,10,2025-01-01,2026-01-01
2170,4,55,100,20,2026-01-01,100,357,347,10,2025-01-01,2026-01-01
2171,4,58,100,20,2026-01-01,100,288,280,8,2025-01-01,2026-01-01
2172,4,60,100,20,2026-01-01,100,314,299,15,2025-01-01,2026-01-01
2173,4,61,100,20,2026-01-01,100,326,311,15,2025-01-01,2026-01-01
2174,4,65,100,20,2026-01-01,100,322,309,13,2025-01-01,2026-01-01
2175,4,66,100,20,2026-01-01,100,351,332,19,2025-01-01,2026-01-01
2176,4,68,100,20,2026-01-01,100,331,317,14,2025-01-01,2026-01-01
2177,4,78,100,20,2026-01-01,100,363,349,14,2025-01-01,2026-01-01
2178,4,82,100,20,2026-01-01,100,302,288,14,2025-01-01,2026-01-01
2179,4,85,100,20,2026-01-01,100,326,311,15,2025-01-01,2026-01-01
2180,4,92,100,20,2026-01-01,100,332,320,12,2025-01-01,2026-01-01
2181,4,94,100,20,2026-01-01,100,295,284,11,2025-01-01,2026-01-01
2182,4,97,100,20,2026-01-01,100,316,304,12,2025-01-01,2026-01-01
2183,4,102,100,20,2026-01-01,100,319,304,15,2025-01-01,2026-01-01
2184,4,103,100,20,2026-01-01,100,358,337,21,2025-01-01,2026-01-01
2185,4,109,100,20,2026-01-01,100,295,281,14,2025-01-01,2026-01-01
2186,4,110,100,20,2026-01-01,100,338,328,10,2025-01-01,2026-01-01
2187,4,119,100,20,2026-01-01,100,357,340,17,2025-01-01,2026-01-01
2188,4,121,100,20,2026-01-01,100,293,275,18,2025-01-01,2026-01-01
2189,4,122,100,20,2026-01-01,100,312,299,13,2025-01-01,2026-01-01
2190,4,125,100,20,2026-01-01,100,331,317,14,2025-01-01,2026-01-01
2191,4,129,100,20,2026-01-01,100,292,276,16,2025-01-01,2026-01-01
2192,4,130,100,20,2026-01-01,100,366,347,19,2025-01-01,2026-01-01
2193,4,136,100,20,2026-01-01,100,359,339,20,2025-01-01,2026-01-01
2194,4,138,100,20,2026-01-01,100,338,326,12,2025-01-01,2026-01-01
2195,4,139,100,20,2026-01-01,100,302,284,18,2025-01-01,2026-01-01
2196,4,141,100,20,2026-01-01,100,347,331,16,2025-01-01,2026-01-01
2197,4,143,100,20,2026-01-01,100,359,340,19,2025-01-01,2026-01-01
2198,4,144,100,20,2026-01-01,100,333,320,13,2025-01-01,2026-01-01
2199,4,146,100,20,2026-01-01,100,301,292,9,2025-01-01,2026-01-01
2200,4,148,100,20,2026-01-01,100,333,319,14,2025-01-01,2026-01-01
2201,5,1,100,20,2026-01-01,100,6241,6212,29,2025-01-01,2026-01-01
2202,5,2,100,20,2026-01-01,100,8,8,0,2025-01-01,2026-01-01
2203,5,7,100,20,2026-01-01,100,1526,1516,10,2025-01-01,2026-01-01
2204,5,10,100,20,2026-01-01,100,911,887,24,2025-01-01,2026-01-01
2205,5,11,100,20,2026-01-01,100,3737,3712,25,2025-01-01,2026-01-01
2206,5,17,100,20,2026-01-01,100,313,307,6,2025-01-01,2026-01-01
2207,5,19,100,20,2026-01-01,100,400,385,15,2025-01-01,2026-01-01
2208,5,20,100,20,2026-01-01,100,343,331,12,2025-01-01,2026-01-01
2209,5,21,100,20,2026-01-01,100,365,349,16,2025-01-01,2026-01-01
2210,5,23,100,20,2026-01-01,100,369,350,19,2025-01-01,2026-01-01
2211,5,24,100,20,2026-01-01,100,402,382,20,2025-01-01,2026-01-01
2212,5,25,100,20,2026-01-01,100,380,363,17,2025-01-01,2026-01-01
2213,5,26,100,20,2026-01-01,100,381,362,19,2025-01-01,2026-01-01
2214,5,29,100,20,2026-01-01,100,420,399,21,2025-01-01,2026-01-01
2215,5,30,100,20,2026-01-01,100,383,373,10,2025-01-01,2026-01-01
2216,5,33,100,20,2026-01-01,100,373,358,15,2025-01-01,2026-01-01
2217,5,37,100,20,2026-01-01,100,327,317,10,2025-01-01,2026-01-01
2218,5,40,100,20,2026-01-01,100,352,341,11,2025-01-01,2026-01-01
2219,5,41,100,20,2026-01-01,100,319,304,15,2025-01-01,2026-01-01
2220,5,44,100,20,2026-01-01,100,336,323,13,2025-01-01,2026-01-01
2221,5,46,100,20,2026-01-01,100,308,297,11,2025-01-01,2026-01-01
2222,5,48,100,20,2026-01-01,100,307,294,13,2025-01-01,2026-01-01
2223,5,52,100,20,2026-01-01,100,280,268,12,2025-01-01,2026-01-01
2224,5,53,100,20,2026-01-01,100,319,307,12,2025-01-01,2026-01-01
2225,5,60,100,20,2026-01-01,100,322,311,11,2025-01-01,2026-01-01
2226,5,61,100,20,2026-01-01,100,310,299,11,2025-01-01,2026-01-01
2227,5,65,100,20,2026-01-01,100,317,296,21,2025-01-01,2026-01-01
2228,5,82,100,20,2026-01-01,100,340,328,12,2025-01-01,2026-01-01
2229,5,87,100,20,2026-01-01,100,296,284,12,2025-01-01,2026-01-01
2230,5,89,100,20,2026-01-01,100,293,274,19,2025-01-01,2026-01-01
2231,5,90,100,20,2026-01-01,100,298,285,13,2025-01-01,2026-01-01
2232,5,94,100,20,2026-01-01,100,301,288,13,2025-01-01,2026-01-01
2233,5,101,100,20,2026-01-01,100,315,303,12,2025-01-01,2026-01-01
2234,5,102,100,20,2026-01-01,100,329,312,17,2025-01-01,2026-01-01
2235,5,104,100,20,2026-01-01,100,293,283,10,2025-01-01,2026-01-01
2236,5,108,100,20,2026-01-01,100,303,289,14,2025-01-01,2026-01-01
2237,5,110,100,20,2026-01-01,100,339,323,16,2025-01-01,2026-01-01
2238,5,115,100,20,2026-01-01,100,357,342,15,2025-01-01,2026-01-01
2239,5,118,100,20,2026-01-01,100,361,346,15,2025-01-01,2026-01-01
2240,5,119,100,20,2026-01-01,100,317,303,14,2025-01-01,2026-01-01
2241,5,120,100,20,2026-01-01,100,320,306,14,2025-01-01,2026-01-01
2242,5,121,100,20,2026-01-01,100,343,332,11,2025-01-01,2026-01-01
2243,5,123,100,20,2026-01-01,100,325,309,16,2025-01-01,2026-01-01
2244,5,132,100,20,2026-01-01,100,333,317,16,2025-01-01,2026-01-01
2245,5,136,100,20,2026-01-01,100,337,321,16,2025-01-01,2026-01-01
2246,5,141,100,20,2026-01-01,100,346,329,17,2025-01-01,2026-01-01
2247,5,145,100,20,2026-01-01,100,341,328,13,2025-01-01,2026-01-01
2248,5,147,100,20,2026-01-01,100,329,314,15,2025-01-01,2026-01-01
2249,5,148,100,20,2026-01-01,100,301,292,9,2025-01-01,2026-01-01
2250,5,149,100,20,2026-01-01,100,327,310,17,2025-01-01,2026-01-01
2251,6,5,100,20,2026-01-01,100,283,271,12,2025-01-01,2026-01-01
2252,6,7,100,20,2026-01-01,100,1466,1457,9,2025-01-01,2026-01-01
2253,6,13,100,20,2026-01-01,100,170,162,8,2025-01-01,2026-01-01
2254,6,19,100,20,2026-01-01,100,408,399,9,2025-01-01,2026-01-01
2255,6,20,100,20,2026-01-01,100,339,326,13,2025-01-01,2026-01-01
2256,6,26,100,20,2026-01-01,100,387,371,16,2025-01-01,2026-01-01
2257,6,27,100,20,2026-01-01,100,394,376,18,2025-01-01,2026-01-01
2258,6,28,100,20,2026-01-01,100,364,347,17,2025-01-01,2026-01-01
2259,6,29,100,20,2026-01-01,100,386,366,20,2025-01-01,2026-01-01
2260,6,37,100,20,2026-01-01,100,309,292,17,2025-01-01,2026-01-01
2261,6,38,100,20,2026-01-01,100,357,339,18,2025-01-01,2026-01-01
2262,6,39,100,20,2026-01-01,100,334,318,16,2025-01-01,2026-01-01
2263,6,41,100,20,2026-01-01,100,300,287,13,2025-01-01,2026-01-01
2264,6,42,100,20,2026-01-01,100,317,304,13,2025-01-01,2026-01-01
2265,6,44,100,20,2026-01-01,100,344,336,8,2025-01-01,2026-01-01
2266,6,49,100,20,2026-01-01,100,343,326,17,2025-01-01,2026-01-01
2267,6,50,100,20,2026-01-01,100,307,293,14,2025-01-01,2026-01-01
2268,6,51,100,20,2026-01-01,100,299,287,12,2025-01-01,2026-01-01
2269,6,52,100,20,2026-01-01,100,364,348,16,2025-01-01,2026-01-01
2270,6,54,100,20,2026-01-01,100,317,304,13,2025-01-01,2026-01-01
2271,6,57,100,20,2026-01-01,100,335,320,15,2025-01-01,2026-01-01
2272,6,58,100,20,2026-01-01,100,305,292,13,2025-01-01,2026-01-01
2273,6,60,100,20,2026-01-01,100,334,318,16,2025-01-01,2026-01-01
2274,6,61,100,20,2026-01-01,100,361,349,12,2025-01-01,2026-01-01
2275,6,62,100,20,2026-01-01,100,301,285,16,2025-01-01,2026-01-01
2276,6,63,100,20,2026-01-01,100,317,305,12,2025-01-01,2026-01-01
2277,6,69,100,20,2026-01-01,100,286,274,12,2025-01-01,2026-01-01
2278,6,70,100,20,2026-01-01,100,282,272,10,2025-01-01,2026-01-01
2279,6,71,100,20,2026-01-01,100,329,317,12,2025-01-01,2026-01-01
2280,6,73,100,20,2026-01-01,100,303,290,13,2025-01-01,2026-01-01
2281,6,75,100,20,2026-01-01,100,319,307,12,2025-01-01,2026-01-01
2282,6,76,100,20,2026-01-01,100,363,346,17,2025-01-01,2026-01-01
2283,6,81,100,20,2026-01-01,100,332,318,14,2025-01-01,2026-01-01
2284,6,82,100,20,2026-01-01,100,312,300,12,2025-01-01,2026-01-01
2285,6,83,100,20,2026-01-01,100,330,318,12,2025-01-01,2026-01-01
2286,6,87,100,20,2026-01-01,100,379,359,20,2025-01-01,2026-01-01
2287,6,97,100,20,2026-01-01,100,347,331,16,2025-01-01,2026-01-01
2288,6,100,100,20,2026-01-01,100,323,314,9,2025-01-01,2026-01-01
2289,6,106,100,20,2026-01-01,100,297,278,19,2025-01-01,2026-01-01
2290,6,110,100,20,2026-01-01,100,329,319,10,2025-01-01,2026-01-01
2291,6,111,100,20,2026-01-01,100,386,360,26,2025-01-01,2026-01-01
2292,6,119,100,20,2026-01-01,100,304,292,12,2025-01-01,2026-01-01
2293,6,132,100,20,2026-01-01,100,309,294,15,2025-01-01,2026-01-01
2294,6,135,100,20,2026-01-01,100,336,324,12,2025-01-01,2026-01-01
2295,6,137,100,20,2026-01-01,100,303,282,21,2025-01-01,2026-01-01
2296,6,144,100,20,2026-01-01,100,324,311,13,2025-01-01,2026-01-01
2297,6,145,100,20,2026-01-01,100,277,266,11,2025-01-01,2026-01-01
2298,6,147,100,20,2026-01-01,100,292,284,8,2025-01-01,2026-01-01
2299,6,148,100,20,2026-01-01,100,346,338,8,2025-01-01,2026-01-01
2300,6,150,100,20,2026-01-01,100,295,281,14,2025-01-01,2026-01-01
2301,7,6,100,20,2026-01-01,100,1776,1753,23,2025-01-01,2026-01-01
2302,7,7,100,20,2026-01-01,100,1702,1690,12,2025-01-01,2026-01-01
2303,7,11,100,20,2026-01-01,100,3678,3646,32,2025-01-01,2026-01-01
2304,7,14,100,20,2026-01-01,100,1120,1096,24,2025-01-01,2026-01-01
2305,7,15,100,20,2026-01-01,100,324,309,15,2025-01-01,2026-01-01
2306,7,17,100,20,2026-01-01,100,324,313,11,2025-01-01,2026-01-01
2307,7,18,100,20,2026-01-01,100,319,303,16,2025-01-01,2026-01-01
2308,7,20,100,20,2026-01-01,100,380,369,11,2025-01-01,2026-01-01
2309,7,27,100,20,2026-01-01,100,394,375,19,2025-01-01,2026-01-01
2310,7,28,100,20,2026-01-01,100,400,383,17,2025-01-01,2026-01-01
2311,7,33,100,20,2026-01-01,100,368,354,14,2025-01-01,2026-01-01
2312,7,34,100,20,2026-01-01,100,391,376,15,2025-01-01,2026-01-01
2313,7,37,100,20,2026-01-01,100,291,275,16,2025-01-01,2026-01-01
2314,7,39,100,20,2026-01-01,100,379,366,13,2025-01-01,2026-01-01
2315,7,42,100,20,2026-01-01,100,332,317,15,2025-01-01,2026-01-01
2316,7,44,100,20,2026-01-01,100,322,309,13,2025-01-01,2026-01-01
2317,7,45,100,20,2026-01-01,100,307,294,13,2025-01-01,2026-01-01
2318,7,47,100,20,2026-01-01,100,334,314,20,2025-01-01,2026-01-01
2319,7,48,100,20,2026-01-01,100,323,314,9,2025-01-01,2026-01-01
2320,7,49,100,20,2026-01-01,100,346,332,14,2025-01-01,2026-01-01
2321,7,51,100,20,2026-01-01,100,322,306,16,2025-01-01,2026-01-01
2322,7,53,100,20,2026-01-01,100,280,268,12,2025-01-01,2026-01-01
2323,7,54,100,20,2026-01-01,100,346,334,12,2025-01-01,2026-01-01
2324,7,57,100,20,2026-01-01,100,305,296,9,2025-01-01,2026-01-01
2325,7,58,100,20,2026-01-01,100,323,310,13,2025-01-01,2026-01-01
2326,7,59,100,20,2026-01-01,100,349,337,12,2025-01-01,2026-01-01
2327,7,60,100,20,2026-01-01,100,319,304,15,2025-01-01,2026-01-01
2328,7,65,100,20,2026-01-01,100,334,318,16,2025-01-01,2026-01-01
2329,7,66,100,20,2026-01-01,100,293,281,12,2025-01-01,2026-01-01
2330,7,67,100,20,2026-01-01,100,301,295,6,2025-01-01,2026-01-01
2331,7,71,100,20,2026-01-01,100,315,298,17,2025-01-01,2026-01-01
2332,7,78,100,20,2026-01-01,100,347,331,16,2025-01-01,2026-01-01
2333,7,79,100,20,2026-01-01,100,295,271,24,2025-01-01,2026-01-01
2334,7,80,100,20,2026-01-01,100,305,290,15,2025-01-01,2026-01-01
2335,7,82,100,20,2026-01-01,100,327,316,11,2025-01-01,2026-01-01
2336,7,87,100,20,2026-01-01,100,317,302,15,2025-01-01,2026-01-01
2337,7,91,100,20,2026-01-01,100,372,358,14,2025-01-01,2026-01-01
2338,7,96,100,20,2026-01-01,100,343,333,10,2025-01-01,2026-01-01
2339,7,101,100,20,2026-01-01,100,290,281,9,2025-01-01,2026-01-01
2340,7,102,100,20,2026-01-01,100,336,318,18,2025-01-01,2026-01-01
2341,7,105,100,20,2026-01-01,100,295,284,11,2025-01-01,2026-01-01
2342,7,113,100,20,2026-01-01,100,353,339,14,2025-01-01,2026-01-01
2343,7,116,100,20,2026-01-01,100,336,323,13,2025-01-01,2026-01-01
2344,7,117,100,20,2026-01-01,100,322,307,15,2025-01-01,2026-01-01
2345,7,122,100,20,2026-01-01,100,324,311,13,2025-01-01,2026-01-01
2346,7,129,100,20,2026-01-01,100,317,306,11,2025-01-01,2026-01-01
2347,7,130,100,20,2026-01-01,100,314,296,18,2025-01-01,2026-01-01
2348,7,143,100,20,2026-01-01,100,291,276,15,2025-01-01,2026-01-01
2349,7,145,100,20,2026-01-01,100,319,309,10,2025-01-01,2026-01-01
2350,7,146,100,20,2026-01-01,100,298,282,16,2025-01-01,2026-01-01
2351,8,1,100,20,2026-01-01,100,6503,6469,34,2025-01-01,2026-01-01
2352,8,4,100,20,2026-01-01,100,310,304,6,2025-01-01,2026-01-01
2353,8,6,100,20,2026-01-01,100,1631,1614,17,2025-01-01,2026-01-01
2354,8,8,100,20,2026-01-01,100,1074,1068,6,2025-01-01,2026-01-01
2355,8,10,100,20,2026-01-01,100,1017,989,28,2025-01-01,2026-01-01
2356,8,16,100,20,2026-01-01,100,315,304,11,2025-01-01,2026-01-01
2357,8,17,100,20,2026-01-01,100,345,340,5,2025-01-01,2026-01-01
2358,8,22,100,20,2026-01-01,100,389,368,21,2025-01-01,2026-01-01
2359,8,24,100,20,2026-01-01,100,348,336,12,2025-01-01,2026-01-01
2360,8,25,100,20,2026-01-01,100,398,382,16,2025-01-01,2026-01-01
2361,8,26,100,20,2026-01-01,100,426,412,14,2025-01-01,2026-01-01
2362,8,27,100,20,2026-01-01,100,400,385,15,2025-01-01,2026-01-01
2363,8,28,100,20,2026-01-01,100,394,372,22,2025-01-01,2026-01-01
2364,8,29,100,20,2026-01-01,100,394,382,12,2025-01-01,2026-01-01
2365,8,30,100,20,2026-01-01,100,405,383,22,2025-01-01,2026-01-01
2366,8,39,100,20,2026-01-01,100,343,332,11,2025-01-01,2026-01-01
2367,8,40,100,20,2026-01-01,100,341,330,11,2025-01-01,2026-01-01
2368,8,46,100,20,2026-01-01,100,360,341,19,2025-01-01,2026-01-01
2369,8,47,100,20,2026-01-01,100,357,346,11,2025-01-01,2026-01-01
2370,8,49,100,20,2026-01-01,100,331,312,19,2025-01-01,2026-01-01
2371,8,56,100,20,2026-01-01,100,347,336,11,2025-01-01,2026-01-01
2372,8,57,100,20,2026-01-01,100,342,325,17,2025-01-01,2026-01-01
2373,8,58,100,20,2026-01-01,100,311,295,16,2025-01-01,2026-01-01
2374,8,60,100,20,2026-01-01,100,382,367,15,2025-01-01,2026-01-01
2375,8,62,100,20,2026-01-01,100,363,354,9,2025-01-01,2026-01-01
2376,8,65,100,20,2026-01-01,100,316,298,18,2025-01-01,2026-01-01
2377,8,66,100,20,2026-01-01,100,322,310,12,2025-01-01,2026-01-01
2378,8,70,100,20,2026-01-01,100,359,349,10,2025-01-01,2026-01-01
2379,8,81,100,20,2026-01-01,100,357,341,16,2025-01-01,2026-01-01
2380,8,82,100,20,2026-01-01,100,311,299,12,2025-01-01,2026-01-01
2381,8,83,100,20,2026-01-01,100,308,300,8,2025-01-01,2026-01-01
2382,8,84,100,20,2026-01-01,100,328,312,16,2025-01-01,2026-01-01
2383,8,85,100,20,2026-01-01,100,315,303,12,2025-01-01,2026-01-01
2384,8,89,100,20,2026-01-01,100,347,328,19,2025-01-01,2026-01-01
2385,8,91,100,20,2026-01-01,100,340,326,14,2025-01-01,2026-01-01
2386,8,92,100,20,2026-01-01,100,340,334,6,2025-01-01,2026-01-01
2387,8,103,100,20,2026-01-01,100,355,334,21,2025-01-01,2026-01-01
2388,8,106,100,20,2026-01-01,100,331,321,10,2025-01-01,2026-01-01
2389,8,108,100,20,2026-01-01,100,319,306,13,2025-01-01,2026-01-01
2390,8,113,100,20,2026-01-01,100,330,310,20,2025-01-01,2026-01-01
2391,8,114,100,20,2026-01-01,100,320,307,13,2025-01-01,2026-01-01
2392,8,121,100,20,2026-01-01,100,323,311,12,2025-01-01,2026-01-01
2393,8,124,100,20,2026-01-01,100,311,297,14,2025-01-01,2026-01-01
2394,8,126,100,20,2026-01-01,100,311,289,22,2025-01-01,2026-01-01
2395,8,128,100,20,2026-01-01,100,363,348,15,2025-01-01,2026-01-01
2396,8,131,100,20,2026-01-01,100,369,358,11,2025-01-01,2026-01-01
2397,8,132,100,20,2026-01-01,100,310,297,13,2025-01-01,2026-01-01
2398,8,134,100,20,2026-01-01,100,348,330,18,2025-01-01,2026-01-01
2399,8,142,100,20,2026-01-01,100,310,298,12,2025-01-01,2026-01-01
2400,8,148,100,20,2026-01-01,100,359,348,11,2025-01-01,2026-01-01
2401,9,4,100,20,2026-01-01,100,290,274,16,2025-01-01,2026-01-01
2402,9,7,100,20,2026-01-01,100,1503,1496,7,2025-01-01,2026-01-01
2403,9,10,100,20,2026-01-01,100,1058,1034,24,2025-01-01,2026-01-01
2404,9,13,100,20,2026-01-01,100,137,136,1,2025-01-01,2026-01-01
2405,9,16,100,20,2026-01-01,100,300,290,10,2025-01-01,2026-01-01
2406,9,19,100,20,2026-01-01,100,349,335,14,2025-01-01,2026-01-01
2407,9,20,100,20,2026-01-01,100,335,323,12,2025-01-01,2026-01-01
2408,9,23,100,20,2026-01-01,100,361,343,18,2025-01-01,2026-01-01
2409,9,27,100,20,2026-01-01,100,376,365,11,2025-01-01,2026-01-01
2410,9,28,100,20,2026-01-01,100,372,358,14,2025-01-01,2026-01-01
2411,9,30,100,20,2026-01-01,100,387,377,10,2025-01-01,2026-01-01
2412,9,31,100,20,2026-01-01,100,392,377,15,2025-01-01,2026-01-01
2413,9,34,100,20,2026-01-01,100,362,350,12,2025-01-01,2026-01-01
2414,9,35,100,20,2026-01-01,100,389,371,18,2025-01-01,2026-01-01
2415,9,41,100,20,2026-01-01,100,327,315,12,2025-01-01,2026-01-01
2416,9,43,100,20,2026-01-01,100,314,301,13,2025-01-01,2026-01-01
2417,9,49,100,20,2026-01-01,100,294,278,16,2025-01-01,2026-01-01
2418,9,51,100,20,2026-01-01,100,325,312,13,2025-01-01,2026-01-01
2419,9,53,100,20,2026-01-01,100,312,300,12,2025-01-01,2026-01-01
2420,9,57,100,20,2026-01-01,100,303,288,15,2025-01-01,2026-01-01
2421,9,58,100,20,2026-01-01,100,304,295,9,2025-01-01,2026-01-01
2422,9,60,100,20,2026-01-01,100,340,321,19,2025-01-01,2026-01-01
2423,9,64,100,20,2026-01-01,100,309,300,9,2025-01-01,2026-01-01
2424,9,66,100,20,2026-01-01,100,291,280,11,2025-01-01,2026-01-01
2425,9,70,100,20,2026-01-01,100,329,316,13,2025-01-01,2026-01-01
2426,9,72,100,20,2026-01-01,100,283,271,12,2025-01-01,2026-01-01
2427,9,75,100,20,2026-01-01,100,331,318,13,2025-01-01,2026-01-01
2428,9,78,100,20,2026-01-01,100,270,257,13,2025-01-01,2026-01-01
2429,9,83,100,20,2026-01-01,100,289,278,11,2025-01-01,2026-01-01
2430,9,84,100,20,2026-01-01,100,310,297,13,2025-01-01,2026-01-01
2431,9,85,100,20,2026-01-01,100,315,307,8,2025-01-01,2026-01-01
2432,9,90,100,20,2026-01-01,100,324,313,11,2025-01-01,2026-01-01
2433,9,91,100,20,2026-01-01,100,330,314,16,2025-01-01,2026-01-01
2434,9,92,100,20,2026-01-01,100,311,297,14,2025-01-01,2026-01-01
2435,9,95,100,20,2026-01-01,100,327,312,15,2025-01-01,2026-01-01
2436,9,102,100,20,2026-01-01,100,340,328,12,2025-01-01,2026-01-01
2437,9,103,100,20,2026-01-01,100,303,283,20,2025-01-01,2026-01-01
2438,9,104,100,20,2026-01-01,100,326,312,14,2025-01-01,2026-01-01
2439,9,109,100,20,2026-01-01,100,320,303,17,2025-01-01,2026-01-01
2440,9,110,100,20,2026-01-01,100,342,331,11,2025-01-01,2026-01-01
2441,9,113,100,20,2026-01-01,100,342,329,13,2025-01-01,2026-01-01
2442,9,115,100,20,2026-01-01,100,357,347,10,2025-01-01,2026-01-01
2443,9,117,100,20,2026-01-01,100,307,293,14,2025-01-01,2026-01-01
2444,9,122,100,20,2026-01-01,100,287,272,15,2025-01-01,2026-01-01
2445,9,128,100,20,2026-01-01,100,292,281,11,2025-01-01,2026-01-01
2446,9,129,100,20,2026-01-01,100,300,284,16,2025-01-01,2026-01-01
2447,9,140,100,20,2026-01-01,100,334,318,16,2025-01-01,2026-01-01
2448,9,141,100,20,2026-01-01,100,386,370,16,2025-01-01,2026-01-01
2449,9,145,100,20,2026-01-01,100,344,333,11,2025-01-01,2026-01-01
2450,9,148,100,20,2026-01-01,100,351,334,17,2025-01-01,2026-01-01
2451,10,2,100,20,2026-01-01,100,15,13,2,2025-01-01,2026-01-01
2452,10,3,100,20,2026-01-01,100,6807,4003,2804,2025-01-01,2026-01-01
2453,10,4,100,20,2026-01-01,100,346,325,21,2025-01-01,2026-01-01
2454,10,8,100,20,2026-01-01,100,1091,1087,4,2025-01-01,2026-01-01
2455,10,11,100,20,2026-01-01,100,3748,3720,28,2025-01-01,2026-01-01
2456,10,12,100,20,2026-01-01,100,1254,1236,18,2025-01-01,2026-01-01
2457,10,20,100,20,2026-01-01,100,388,371,17,2025-01-01,2026-01-01
2458,10,21,100,20,2026-01-01,100,404,386,18,2025-01-01,2026-01-01
2459,10,30,100,20,2026-01-01,100,439,418,21,2025-01-01,2026-01-01
2460,10,32,100,20,2026-01-01,100,408,388,20,2025-01-01,2026-01-01
2461,10,34,100,20,2026-01-01,100,380,363,17,2025-01-01,2026-01-01
2462,10,35,100,20,2026-01-01,100,369,354,15,2025-01-01,2026-01-01
2463,10,36,100,20,2026-01-01,100,332,320,12,2025-01-01,2026-01-01
2464,10,37,100,20,2026-01-01,100,330,315,15,2025-01-01,2026-01-01
2465,10,40,100,20,2026-01-01,100,324,307,17,2025-01-01,2026-01-01
2466,10,41,100,20,2026-01-01,100,337,319,18,2025-01-01,2026-01-01
2467,10,43,100,20,2026-01-01,100,355,345,10,2025-01-01,2026-01-01
2468,10,47,100,20,2026-01-01,100,327,311,16,2025-01-01,2026-01-01
2469,10,55,100,20,2026-01-01,100,328,310,18,2025-01-01,2026-01-01
2470,10,57,100,20,2026-01-01,100,334,317,17,2025-01-01,2026-01-01
2471,10,60,100,20,2026-01-01,100,359,349,10,2025-01-01,2026-01-01
2472,10,61,100,20,2026-01-01,100,332,320,12,2025-01-01,2026-01-01
2473,10,63,100,20,2026-01-01,100,307,294,13,2025-01-01,2026-01-01
2474,10,69,100,20,2026-01-01,100,352,336,16,2025-01-01,2026-01-01
2475,10,72,100,20,2026-01-01,100,364,346,18,2025-01-01,2026-01-01
2476,10,73,100,20,2026-01-01,100,344,334,10,2025-01-01,2026-01-01
2477,10,75,100,20,2026-01-01,100,336,315,21,2025-01-01,2026-01-01
2478,10,77,100,20,2026-01-01,100,315,301,14,2025-01-01,2026-01-01
2479,10,80,100,20,2026-01-01,100,352,339,13,2025-01-01,2026-01-01
2480,10,83,100,20,2026-01-01,100,340,321,19,2025-01-01,2026-01-01
2481,10,87,100,20,2026-01-01,100,346,327,19,2025-01-01,2026-01-01
2482,10,91,100,20,2026-01-01,100,296,280,16,2025-01-01,2026-01-01
2483,10,99,100,20,2026-01-01,100,333,321,12,2025-01-01,2026-01-01
2484,10,101,100,20,2026-01-01,100,316,301,15,2025-01-01,2026-01-01
2485,10,102,100,20,2026-01-01,100,353,338,15,2025-01-01,2026-01-01
2486,10,110,100,20,2026-01-01,100,353,338,15,2025-01-01,2026-01-01
2487,10,111,100,20,2026-01-01,100,346,330,16,2025-01-01,2026-01-01
2488,10,112,100,20,2026-01-01,100,362,346,16,2025-01-01,2026-01-01
2489,10,114,100,20,2026-01-01,100,338,320,18,2025-01-01,2026-01-01
2490,10,118,100,20,2026-01-01,100,326,308,18,2025-01-01,2026-01-01
2491,10,124,100,20,2026-01-01,100,326,314,12,2025-01-01,2026-01-01
2492,10,125,100,20,2026-01-01,100,334,322,12,2025-01-01,2026-01-01
2493,10,135,100,20,2026-01-01,100,391,371,20,2025-01-01,2026-01-01
2494,10,139,100,20,2026-01-01,100,326,313,13,2025-01-01,2026-01-01
2495,10,140,100,20,2026-01-01,100,347,339,8,2025-01-01,2026-01-01
2496,10,143,100,20,2026-01-01,100,358,341,17,2025-01-01,2026-01-01
2497,10,147,100,20,2026-01-01,100,303,290,13,2025-01-01,2026-01-01
2498,10,148,100,20,2026-01-01,100,322,311,11,2025-01-01,2026-01-01
2499,10,149,100,20,2026-01-01,100,310,297,13,2025-01-01,2026-01-01
2500,10,150,100,20,2026-01-01,100,341,330,11,2025-01-01,2026-01-01
2501,11,5,100,20,2026-01-01,100,326,312,14,2025-01-01,2026-01-01
2502,11,20,100,20,2026-01-01,100,374,364,10,2025-01-01,2026-01-01
2503,11,22,100,20,2026-01-01,100,369,356,13,2025-01-01,2026-01-01
2504,11,24,100,20,2026-01-01,100,394,373,21,2025-01-01,2026-01-01
2505,11,25,100,20,2026-01-01,100,345,329,16,2025-01-01,2026-01-01
2506,11,26,100,20,2026-01-01,100,379,367,12,2025-01-01,2026-01-01
2507,11,30,100,20,2026-01-01,100,383,365,18,2025-01-01,2026-01-01
2508,11,31,100,20,2026-01-01,100,381,368,13,2025-01-01,2026-01-01
2509,11,32,100,20,2026-01-01,100,392,375,17,2025-01-01,2026-01-01
2510,11,33,100,20,2026-01-01,100,373,352,21,2025-01-01,2026-01-01
2511,11,34,100,20,2026-01-01,100,375,359,16,2025-01-01,2026-01-01
2512,11,35,100,20,2026-01-01,100,387,374,13,2025-01-01,2026-01-01
2513,11,36,100,20,2026-01-01,100,300,282,18,2025-01-01,2026-01-01
2514,11,42,100,20,2026-01-01,100,320,304,16,2025-01-01,2026-01-01
2515,11,44,100,20,2026-01-01,100,289,279,10,2025-01-01,2026-01-01
2516,11,47,100,20,2026-01-01,100,308,292,16,2025-01-01,2026-01-01
2517,11,55,100,20,2026-01-01,100,317,304,13,2025-01-01,2026-01-01
2518,11,58,100,20,2026-01-01,100,329,320,9,2025-01-01,2026-01-01
2519,11,60,100,20,2026-01-01,100,300,290,10,2025-01-01,2026-01-01
2520,11,63,100,20,2026-01-01,100,303,287,16,2025-01-01,2026-01-01
2521,11,64,100,20,2026-01-01,100,309,295,14,2025-01-01,2026-01-01
2522,11,66,100,20,2026-01-01,100,329,309,20,2025-01-01,2026-01-01
2523,11,68,100,20,2026-01-01,100,300,283,17,2025-01-01,2026-01-01
2524,11,73,100,20,2026-01-01,100,286,275,11,2025-01-01,2026-01-01
2525,11,74,100,20,2026-01-01,100,320,309,11,2025-01-01,2026-01-01
2526,11,76,100,20,2026-01-01,100,303,287,16,2025-01-01,2026-01-01
2527,11,81,100,20,2026-01-01,100,332,318,14,2025-01-01,2026-01-01
2528,11,84,100,20,2026-01-01,100,302,292,10,2025-01-01,2026-01-01
2529,11,89,100,20,2026-01-01,100,325,314,11,2025-01-01,2026-01-01
2530,11,91,100,20,2026-01-01,100,322,310,12,2025-01-01,2026-01-01
2531,11,92,100,20,2026-01-01,100,348,334,14,2025-01-01,2026-01-01
2532,11,94,100,20,2026-01-01,100,336,316,20,2025-01-01,2026-01-01
2533,11,103,100,20,2026-01-01,100,330,317,13,2025-01-01,2026-01-01
2534,11,106,100,20,2026-01-01,100,304,298,6,2025-01-01,2026-01-01
2535,11,107,100,20,2026-01-01,100,361,347,14,2025-01-01,2026-01-01
2536,11,108,100,20,2026-01-01,100,284,272,12,2025-01-01,2026-01-01
2537,11,110,100,20,2026-01-01,100,282,273,9,2025-01-01,2026-01-01
2538,11,113,100,20,2026-01-01,100,277,263,14,2025-01-01,2026-01-01
2539,11,114,100,20,2026-01-01,100,294,276,18,2025-01-01,2026-01-01
2540,11,115,100,20,2026-01-01,100,294,280,14,2025-01-01,2026-01-01
2541,11,117,100,20,2026-01-01,100,289,279,10,2025-01-01,2026-01-01
2542,11,124,100,20,2026-01-01,100,311,297,14,2025-01-01,2026-01-01
2543,11,125,100,20,2026-01-01,100,321,301,20,2025-01-01,2026-01-01
2544,11,126,100,20,2026-01-01,100,301,284,17,2025-01-01,2026-01-01
2545,11,127,100,20,2026-01-01,100,343,326,17,2025-01-01,2026-01-01
2546,11,129,100,20,2026-01-01,100,341,324,17,2025-01-01,2026-01-01
2547,11,132,100,20,2026-01-01,100,286,271,15,2025-01-01,2026-01-01
2548,11,133,100,20,2026-01-01,100,287,273,14,2025-01-01,2026-01-01
2549,11,139,100,20,2026-01-01,100,273,262,11,2025-01-01,2026-01-01
2550,11,143,100,20,2026-01-01,100,292,280,12,2025-01-01,2026-01-01
2551,12,2,100,20,2026-01-01,100,6,6,0,2025-01-01,2026-01-01
2552,12,4,100,20,2026-01-01,100,333,319,14,2025-01-01,2026-01-01
2553,12,7,100,20,2026-01-01,100,1584,1577,7,2025-01-01,2026-01-01
2554,12,10,100,20,2026-01-01,100,1029,1008,21,2025-01-01,2026-01-01
2555,12,19,100,20,2026-01-01,100,422,409,13,2025-01-01,2026-01-01
2556,12,21,100,20,2026-01-01,100,346,332,14,2025-01-01,2026-01-01
2557,12,24,100,20,2026-01-01,100,390,369,21,2025-01-01,2026-01-01
2558,12,27,100,20,2026-01-01,100,375,365,10,2025-01-01,2026-01-01
2559,12,28,100,20,2026-01-01,100,394,372,22,2025-01-01,2026-01-01
2560,12,29,100,20,2026-01-01,100,391,376,15,2025-01-01,2026-01-01
2561,12,31,100,20,2026-01-01,100,349,336,13,2025-01-01,2026-01-01
2562,12,32,100,20,2026-01-01,100,381,366,15,2025-01-01,2026-01-01
2563,12,36,100,20,2026-01-01,100,338,324,14,2025-01-01,2026-01-01
2564,12,39,100,20,2026-01-01,100,323,307,16,2025-01-01,2026-01-01
2565,12,40,100,20,2026-01-01,100,322,311,11,2025-01-01,2026-01-01
2566,12,41,100,20,2026-01-01,100,337,324,13,2025-01-01,2026-01-01
2567,12,52,100,20,2026-01-01,100,358,346,12,2025-01-01,2026-01-01
2568,12,60,100,20,2026-01-01,100,349,337,12,2025-01-01,2026-01-01
2569,12,63,100,20,2026-01-01,100,350,334,16,2025-01-01,2026-01-01
2570,12,64,100,20,2026-01-01,100,304,294,10,2025-01-01,2026-01-01
2571,12,71,100,20,2026-01-01,100,351,337,14,2025-01-01,2026-01-01
2572,12,72,100,20,2026-01-01,100,365,347,18,2025-01-01,2026-01-01
2573,12,74,100,20,2026-01-01,100,334,317,17,2025-01-01,2026-01-01
2574,12,75,100,20,2026-01-01,100,330,313,17,2025-01-01,2026-01-01
2575,12,82,100,20,2026-01-01,100,304,294,10,2025-01-01,2026-01-01
2576,12,83,100,20,2026-01-01,100,349,339,10,2025-01-01,2026-01-01
2577,12,89,100,20,2026-01-01,100,310,301,9,2025-01-01,2026-01-01
2578,12,92,100,20,2026-01-01,100,338,322,16,2025-01-01,2026-01-01
2579,12,94,100,20,2026-01-01,100,301,297,4,2025-01-01,2026-01-01
2580,12,96,100,20,2026-01-01,100,316,297,19,2025-01-01,2026-01-01
2581,12,98,100,20,2026-01-01,100,349,330,19,2025-01-01,2026-01-01
2582,12,99,100,20,2026-01-01,100,328,310,18,2025-01-01,2026-01-01
2583,12,100,100,20,2026-01-01,100,321,305,16,2025-01-01,2026-01-01
2584,12,103,100,20,2026-01-01,100,363,349,14,2025-01-01,2026-01-01
2585,12,108,100,20,2026-01-01,100,287,272,15,2025-01-01,2026-01-01
2586,12,109,100,20,2026-01-01,100,316,308,8,2025-01-01,2026-01-01
2587,12,110,100,20,2026-01-01,100,330,318,12,2025-01-01,2026-01-01
2588,12,112,100,20,2026-01-01,100,323,308,15,2025-01-01,2026-01-01
2589,12,118,100,20,2026-01-01,100,326,316,10,2025-01-01,2026-01-01
2590,12,120,100,20,2026-01-01,100,339,327,12,2025-01-01,2026-01-01
2591,12,122,100,20,2026-01-01,100,315,297,18,2025-01-01,2026-01-01
2592,12,123,100,20,2026-01-01,100,342,323,19,2025-01-01,2026-01-01
2593,12,127,100,20,2026-01-01,100,314,298,16,2025-01-01,2026-01-01
2594,12,128,100,20,2026-01-01,100,278,270,8,2025-01-01,2026-01-01
2595,12,131,100,20,2026-01-01,100,334,326,8,2025-01-01,2026-01-01
2596,12,135,100,20,2026-01-01,100,316,302,14,2025-01-01,2026-01-01
2597,12,144,100,20,2026-01-01,100,339,321,18,2025-01-01,2026-01-01
2598,12,145,100,20,2026-01-01,100,345,330,15,2025-01-01,2026-01-01
2599,12,146,100,20,2026-01-01,100,334,318,16,2025-01-01,2026-01-01
2600,12,149,100,20,2026-01-01,100,326,311,15,2025-01-01,2026-01-01
2601,13,1,100,20,2026-01-01,100,6370,6343,27,2025-01-01,2026-01-01
2602,13,3,100,20,2026-01-01,100,6517,3834,2683,2025-01-01,2026-01-01
2603,13,4,100,20,2026-01-01,100,304,294,10,2025-01-01,2026-01-01
2604,13,6,100,20,2026-01-01,100,1696,1677,19,2025-01-01,2026-01-01
2605,13,7,100,20,2026-01-01,100,1638,1631,7,2025-01-01,2026-01-01
2606,13,8,100,20,2026-01-01,100,1032,1024,8,2025-01-01,2026-01-01
2607,13,10,100,20,2026-01-01,100,980,955,25,2025-01-01,2026-01-01
2608,13,12,100,20,2026-01-01,100,1205,1187,18,2025-01-01,2026-01-01
2609,13,15,100,20,2026-01-01,100,326,315,11,2025-01-01,2026-01-01
2610,13,18,100,20,2026-01-01,100,311,294,17,2025-01-01,2026-01-01
2611,13,22,100,20,2026-01-01,100,415,394,21,2025-01-01,2026-01-01
2612,13,25,100,20,2026-01-01,100,353,339,14,2025-01-01,2026-01-01
2613,13,29,100,20,2026-01-01,100,418,401,17,2025-01-01,2026-01-01
2614,13,37,100,20,2026-01-01,100,328,316,12,2025-01-01,2026-01-01
2615,13,38,100,20,2026-01-01,100,343,330,13,2025-01-01,2026-01-01
2616,13,39,100,20,2026-01-01,100,359,347,12,2025-01-01,2026-01-01
2617,13,43,100,20,2026-01-01,100,339,329,10,2025-01-01,2026-01-01
2618,13,46,100,20,2026-01-01,100,354,341,13,2025-01-01,2026-01-01
2619,13,50,100,20,2026-01-01,100,409,393,16,2025-01-01,2026-01-01
2620,13,53,100,20,2026-01-01,100,326,308,18,2025-01-01,2026-01-01
2621,13,60,100,20,2026-01-01,100,332,317,15,2025-01-01,2026-01-01
2622,13,63,100,20,2026-01-01,100,356,341,15,2025-01-01,2026-01-01
2623,13,66,100,20,2026-01-01,100,353,330,23,2025-01-01,2026-01-01
2624,13,68,100,20,2026-01-01,100,359,347,12,2025-01-01,2026-01-01
2625,13,69,100,20,2026-01-01,100,344,330,14,2025-01-01,2026-01-01
2626,13,76,100,20,2026-01-01,100,338,319,19,2025-01-01,2026-01-01
2627,13,77,100,20,2026-01-01,100,379,360,19,2025-01-01,2026-01-01
2628,13,82,100,20,2026-01-01,100,332,320,12,2025-01-01,2026-01-01
2629,13,84,100,20,2026-01-01,100,318,300,18,2025-01-01,2026-01-01
2630,13,85,100,20,2026-01-01,100,311,293,18,2025-01-01,2026-01-01
2631,13,91,100,20,2026-01-01,100,348,333,15,2025-01-01,2026-01-01
2632,13,97,100,20,2026-01-01,100,300,286,14,2025-01-01,2026-01-01
2633,13,104,100,20,2026-01-01,100,353,346,7,2025-01-01,2026-01-01
2634,13,112,100,20,2026-01-01,100,351,337,14,2025-01-01,2026-01-01
2635,13,115,100,20,2026-01-01,100,334,321,13,2025-01-01,2026-01-01
2636,13,119,100,20,2026-01-01,100,323,307,16,2025-01-01,2026-01-01
2637,13,122,100,20,2026-01-01,100,331,319,12,2025-01-01,2026-01-01
2638,13,123,100,20,2026-01-01,100,315,300,15,2025-01-01,2026-01-01
2639,13,125,100,20,2026-01-01,100,356,341,15,2025-01-01,2026-01-01
2640,13,129,100,20,2026-01-01,100,327,309,18,2025-01-01,2026-01-01
2641,13,130,100,20,2026-01-01,100,324,305,19,2025-01-01,2026-01-01
2642,13,132,100,20,2026-01-01,100,361,343,18,2025-01-01,2026-01-01
2643,13,133,100,20,2026-01-01,100,322,307,15,2025-01-01,2026-01-01
2644,13,134,100,20,2026-01-01,100,332,313,19,2025-01-01,2026-01-01
2645,13,141,100,20,2026-01-01,100,338,319,19,2025-01-01,2026-01-01
2646,13,142,100,20,2026-01-01,100,334,317,17,2025-01-01,2026-01-01
2647,13,143,100,20,2026-01-01,100,318,304,14,2025-01-01,2026-01-01
2648,13,148,100,20,2026-01-01,100,323,316,7,2025-01-01,2026-01-01
2649,13,149,100,20,2026-01-01,100,349,328,21,2025-01-01,2026-01-01
2650,13,150,100,20,2026-01-01,100,317,310,7,2025-01-01,2026-01-01
2651,14,3,100,20,2026-01-01,100,6666,3919,2747,2025-01-01,2026-01-01
2652,14,4,100,20,2026-01-01,100,362,338,24,2025-01-01,2026-01-01
2653,14,9,100,20,2026-01-01,100,77,76,1,2025-01-01,2026-01-01
2654,14,14,100,20,2026-01-01,100,1369,1331,38,2025-01-01,2026-01-01
2655,14,15,100,20,2026-01-01,100,366,349,17,2025-01-01,2026-01-01
2656,14,17,100,20,2026-01-01,100,374,359,15,2025-01-01,2026-01-01
2657,14,22,100,20,2026-01-01,100,399,383,16,2025-01-01,2026-01-01
2658,14,23,100,20,2026-01-01,100,456,441,15,2025-01-01,2026-01-01
2659,14,31,100,20,2026-01-01,100,421,413,8,2025-01-01,2026-01-01
2660,14,34,100,20,2026-01-01,100,440,421,19,2025-01-01,2026-01-01
2661,14,36,100,20,2026-01-01,100,376,363,13,2025-01-01,2026-01-01
2662,14,37,100,20,2026-01-01,100,314,304,10,2025-01-01,2026-01-01
2663,14,45,100,20,2026-01-01,100,343,328,15,2025-01-01,2026-01-01
2664,14,46,100,20,2026-01-01,100,346,325,21,2025-01-01,2026-01-01
2665,14,52,100,20,2026-01-01,100,313,294,19,2025-01-01,2026-01-01
2666,14,53,100,20,2026-01-01,100,345,331,14,2025-01-01,2026-01-01
2667,14,55,100,20,2026-01-01,100,343,325,18,2025-01-01,2026-01-01
2668,14,56,100,20,2026-01-01,100,354,340,14,2025-01-01,2026-01-01
2669,14,58,100,20,2026-01-01,100,392,371,21,2025-01-01,2026-01-01
2670,14,65,100,20,2026-01-01,100,352,333,19,2025-01-01,2026-01-01
2671,14,66,100,20,2026-01-01,100,373,358,15,2025-01-01,2026-01-01
2672,14,68,100,20,2026-01-01,100,344,335,9,2025-01-01,2026-01-01
2673,14,74,100,20,2026-01-01,100,310,302,8,2025-01-01,2026-01-01
2674,14,76,100,20,2026-01-01,100,317,297,20,2025-01-01,2026-01-01
2675,14,77,100,20,2026-01-01,100,328,312,16,2025-01-01,2026-01-01
2676,14,78,100,20,2026-01-01,100,342,330,12,2025-01-01,2026-01-01
2677,14,79,100,20,2026-01-01,100,338,329,9,2025-01-01,2026-01-01
2678,14,80,100,20,2026-01-01,100,359,337,22,2025-01-01,2026-01-01
2679,14,82,100,20,2026-01-01,100,297,288,9,2025-01-01,2026-01-01
2680,14,85,100,20,2026-01-01,100,364,349,15,2025-01-01,2026-01-01
2681,14,86,100,20,2026-01-01,100,332,316,16,2025-01-01,2026-01-01
2682,14,87,100,20,2026-01-01,100,352,337,15,2025-01-01,2026-01-01
2683,14,91,100,20,2026-01-01,100,358,342,16,2025-01-01,2026-01-01
2684,14,95,100,20,2026-01-01,100,398,380,18,2025-01-01,2026-01-01
2685,14,98,100,20,2026-01-01,100,294,279,15,2025-01-01,2026-01-01
2686,14,104,100,20,2026-01-01,100,353,341,12,2025-01-01,2026-01-01
2687,14,110,100,20,2026-01-01,100,357,347,10,2025-01-01,2026-01-01
2688,14,111,100,20,2026-01-01,100,290,281,9,2025-01-01,2026-01-01
2689,14,113,100,20,2026-01-01,100,315,302,13,2025-01-01,2026-01-01
2690,14,114,100,20,2026-01-01,100,341,331,10,2025-01-01,2026-01-01
2691,14,121,100,20,2026-01-01,100,343,324,19,2025-01-01,2026-01-01
2692,14,122,100,20,2026-01-01,100,367,347,20,2025-01-01,2026-01-01
2693,14,123,100,20,2026-01-01,100,307,293,14,2025-01-01,2026-01-01
2694,14,125,100,20,2026-01-01,100,351,340,11,2025-01-01,2026-01-01
2695,14,127,100,20,2026-01-01,100,332,316,16,2025-01-01,2026-01-01
2696,14,137,100,20,2026-01-01,100,402,383,19,2025-01-01,2026-01-01
2697,14,141,100,20,2026-01-01,100,346,336,10,2025-01-01,2026-01-01
2698,14,142,100,20,2026-01-01,100,318,306,12,2025-01-01,2026-01-01
2699,14,143,100,20,2026-01-01,100,323,310,13,2025-01-01,2026-01-01
2700,14,149,100,20,2026-01-01,100,347,329,18,2025-01-01,2026-01-01
2701,15,3,100,20,2026-01-01,100,6545,3843,2702,2025-01-01,2026-01-01
2702,15,14,100,20,2026-01-01,100,1239,1205,34,2025-01-01,2026-01-01
2703,15,17,100,20,2026-01-01,100,342,328,14,2025-01-01,2026-01-01
2704,15,21,100,20,2026-01-01,100,340,327,13,2025-01-01,2026-01-01
2705,15,24,100,20,2026-01-01,100,402,382,20,2025-01-01,2026-01-01
2706,15,25,100,20,2026-01-01,100,447,434,13,2025-01-01,2026-01-01
2707,15,27,100,20,2026-01-01,100,389,378,11,2025-01-01,2026-01-01
2708,15,36,100,20,2026-01-01,100,295,284,11,2025-01-01,2026-01-01
2709,15,38,100,20,2026-01-01,100,333,320,13,2025-01-01,2026-01-01
2710,15,44,100,20,2026-01-01,100,300,294,6,2025-01-01,2026-01-01
2711,15,50,100,20,2026-01-01,100,328,316,12,2025-01-01,2026-01-01
2712,15,53,100,20,2026-01-01,100,338,325,13,2025-01-01,2026-01-01
2713,15,60,100,20,2026-01-01,100,412,399,13,2025-01-01,2026-01-01
2714,15,61,100,20,2026-01-01,100,332,320,12,2025-01-01,2026-01-01
2715,15,64,100,20,2026-01-01,100,329,306,23,2025-01-01,2026-01-01
2716,15,67,100,20,2026-01-01,100,317,307,10,2025-01-01,2026-01-01
2717,15,69,100,20,2026-01-01,100,287,275,12,2025-01-01,2026-01-01
2718,15,76,100,20,2026-01-01,100,314,300,14,2025-01-01,2026-01-01
2719,15,79,100,20,2026-01-01,100,326,311,15,2025-01-01,2026-01-01
2720,15,80,100,20,2026-01-01,100,298,291,7,2025-01-01,2026-01-01
2721,15,82,100,20,2026-01-01,100,304,289,15,2025-01-01,2026-01-01
2722,15,84,100,20,2026-01-01,100,303,289,14,2025-01-01,2026-01-01
2723,15,85,100,20,2026-01-01,100,355,339,16,2025-01-01,2026-01-01
2724,15,86,100,20,2026-01-01,100,329,318,11,2025-01-01,2026-01-01
2725,15,87,100,20,2026-01-01,100,339,327,12,2025-01-01,2026-01-01
2726,15,88,100,20,2026-01-01,100,340,325,15,2025-01-01,2026-01-01
2727,15,91,100,20,2026-01-01,100,321,303,18,2025-01-01,2026-01-01
2728,15,92,100,20,2026-01-01,100,283,271,12,2025-01-01,2026-01-01
2729,15,95,100,20,2026-01-01,100,338,325,13,2025-01-01,2026-01-01
2730,15,96,100,20,2026-01-01,100,358,344,14,2025-01-01,2026-01-01
2731,15,99,100,20,2026-01-01,100,324,315,9,2025-01-01,2026-01-01
2732,15,100,100,20,2026-01-01,100,311,297,14,2025-01-01,2026-01-01
2733,15,101,100,20,2026-01-01,100,327,305,22,2025-01-01,2026-01-01
2734,15,103,100,20,2026-01-01,100,336,321,15,2025-01-01,2026-01-01
2735,15,105,100,20,2026-01-01,100,366,347,19,2025-01-01,2026-01-01
2736,15,107,100,20,2026-01-01,100,313,302,11,2025-01-01,2026-01-01
2737,15,109,100,20,2026-01-01,100,346,330,16,2025-01-01,2026-01-01
2738,15,110,100,20,2026-01-01,100,319,306,13,2025-01-01,2026-01-01
2739,15,117,100,20,2026-01-01,100,283,274,9,2025-01-01,2026-01-01
2740,15,120,100,20,2026-01-01,100,304,292,12,2025-01-01,2026-01-01
2741,15,121,100,20,2026-01-01,100,352,333,19,2025-01-01,2026-01-01
2742,15,122,100,20,2026-01-01,100,322,301,21,2025-01-01,2026-01-01
2743,15,124,100,20,2026-01-01,100,337,318,19,2025-01-01,2026-01-01
2744,15,125,100,20,2026-01-01,100,361,338,23,2025-01-01,2026-01-01
2745,15,129,100,20,2026-01-01,100,329,318,11,2025-01-01,2026-01-01
2746,15,132,100,20,2026-01-01,100,359,344,15,2025-01-01,2026-01-01
2747,15,137,100,20,2026-01-01,100,323,309,14,2025-01-01,2026-01-01
2748,15,138,100,20,2026-01-01,100,347,328,19,2025-01-01,2026-01-01
2749,15,142,100,20,2026-01-01,100,350,332,18,2025-01-01,2026-01-01
2750,15,144,100,20,2026-01-01,100,295,277,18,2025-01-01,2026-01-01
2751,16,1,100,20,2026-01-01,100,6346,6316,30,2025-01-01,2026-01-01
2752,16,3,100,20,2026-01-01,100,6366,3741,2625,2025-01-01,2026-01-01
2753,16,10,100,20,2026-01-01,100,924,895,29,2025-01-01,2026-01-01
2754,16,12,100,20,2026-01-01,100,1231,1210,21,2025-01-01,2026-01-01
2755,16,13,100,20,2026-01-01,100,138,133,5,2025-01-01,2026-01-01
2756,16,15,100,20,2026-01-01,100,319,303,16,2025-01-01,2026-01-01
2757,16,16,100,20,2026-01-01,100,314,302,12,2025-01-01,2026-01-01
2758,16,17,100,20,2026-01-01,100,319,307,12,2025-01-01,2026-01-01
2759,16,22,100,20,2026-01-01,100,407,385,22,2025-01-01,2026-01-01
2760,16,31,100,20,2026-01-01,100,393,371,22,2025-01-01,2026-01-01
2761,16,33,100,20,2026-01-01,100,423,414,9,2025-01-01,2026-01-01
2762,16,36,100,20,2026-01-01,100,334,324,10,2025-01-01,2026-01-01
2763,16,37,100,20,2026-01-01,100,339,328,11,2025-01-01,2026-01-01
2764,16,43,100,20,2026-01-01,100,307,291,16,2025-01-01,2026-01-01
2765,16,44,100,20,2026-01-01,100,300,284,16,2025-01-01,2026-01-01
2766,16,45,100,20,2026-01-01,100,318,303,15,2025-01-01,2026-01-01
2767,16,46,100,20,2026-01-01,100,293,273,20,2025-01-01,2026-01-01
2768,16,47,100,20,2026-01-01,100,297,279,18,2025-01-01,2026-01-01
2769,16,54,100,20,2026-01-01,100,330,317,13,2025-01-01,2026-01-01
2770,16,56,100,20,2026-01-01,100,309,300,9,2025-01-01,2026-01-01
2771,16,62,100,20,2026-01-01,100,326,310,16,2025-01-01,2026-01-01
2772,16,64,100,20,2026-01-01,100,301,289,12,2025-01-01,2026-01-01
2773,16,66,100,20,2026-01-01,100,339,321,18,2025-01-01,2026-01-01
2774,16,70,100,20,2026-01-01,100,315,299,16,2025-01-01,2026-01-01
2775,16,72,100,20,2026-01-01,100,323,303,20,2025-01-01,2026-01-01
2776,16,75,100,20,2026-01-01,100,339,323,16,2025-01-01,2026-01-01
2777,16,76,100,20,2026-01-01,100,324,309,15,2025-01-01,2026-01-01
2778,16,83,100,20,2026-01-01,100,328,314,14,2025-01-01,2026-01-01
2779,16,85,100,20,2026-01-01,100,313,300,13,2025-01-01,2026-01-01
2780,16,87,100,20,2026-01-01,100,325,305,20,2025-01-01,2026-01-01
2781,16,90,100,20,2026-01-01,100,338,316,22,2025-01-01,2026-01-01
2782,16,93,100,20,2026-01-01,100,337,319,18,2025-01-01,2026-01-01
2783,16,94,100,20,2026-01-01,100,301,288,13,2025-01-01,2026-01-01
2784,16,95,100,20,2026-01-01,100,313,304,9,2025-01-01,2026-01-01
2785,16,99,100,20,2026-01-01,100,319,307,12,2025-01-01,2026-01-01
2786,16,100,100,20,2026-01-01,100,347,324,23,2025-01-01,2026-01-01
2787,16,103,100,20,2026-01-01,100,329,313,16,2025-01-01,2026-01-01
2788,16,107,100,20,2026-01-01,100,326,313,13,2025-01-01,2026-01-01
2789,16,108,100,20,2026-01-01,100,301,286,15,2025-01-01,2026-01-01
2790,16,115,100,20,2026-01-01,100,296,285,11,2025-01-01,2026-01-01
2791,16,120,100,20,2026-01-01,100,317,299,18,2025-01-01,2026-01-01
2792,16,121,100,20,2026-01-01,100,264,257,7,2025-01-01,2026-01-01
2793,16,126,100,20,2026-01-01,100,322,310,12,2025-01-01,2026-01-01
2794,16,127,100,20,2026-01-01,100,336,322,14,2025-01-01,2026-01-01
2795,16,133,100,20,2026-01-01,100,339,324,15,2025-01-01,2026-01-01
2796,16,139,100,20,2026-01-01,100,314,299,15,2025-01-01,2026-01-01
2797,16,142,100,20,2026-01-01,100,304,296,8,2025-01-01,2026-01-01
2798,16,144,100,20,2026-01-01,100,311,298,13,2025-01-01,2026-01-01
2799,16,148,100,20,2026-01-01,100,307,296,11,2025-01-01,2026-01-01
2800,16,149,100,20,2026-01-01,100,317,308,9,2025-01-01,2026-01-01
2801,17,1,100,20,2026-01-01,100,6244,6208,36,2025-01-01,2026-01-01
2802,17,7,100,20,2026-01-01,100,1572,1561,11,2025-01-01,2026-01-01
2803,17,11,100,20,2026-01-01,100,3949,3909,40,2025-01-01,2026-01-01
2804,17,14,100,20,2026-01-01,100,1304,1287,17,2025-01-01,2026-01-01
2805,17,16,100,20,2026-01-01,100,350,337,13,2025-01-01,2026-01-01
2806,17,17,100,20,2026-01-01,100,299,283,16,2025-01-01,2026-01-01
2807,17,19,100,20,2026-01-01,100,455,437,18,2025-01-01,2026-01-01
2808,17,21,100,20,2026-01-01,100,367,349,18,2025-01-01,2026-01-01
2809,17,25,100,20,2026-01-01,100,347,333,14,2025-01-01,2026-01-01
2810,17,26,100,20,2026-01-01,100,408,387,21,2025-01-01,2026-01-01
2811,17,32,100,20,2026-01-01,100,430,414,16,2025-01-01,2026-01-01
2812,17,34,100,20,2026-01-01,100,350,338,12,2025-01-01,2026-01-01
2813,17,37,100,20,2026-01-01,100,343,329,14,2025-01-01,2026-01-01
2814,17,38,100,20,2026-01-01,100,350,337,13,2025-01-01,2026-01-01
2815,17,42,100,20,2026-01-01,100,325,316,9,2025-01-01,2026-01-01
2816,17,47,100,20,2026-01-01,100,346,331,15,2025-01-01,2026-01-01
2817,17,54,100,20,2026-01-01,100,358,346,12,2025-01-01,2026-01-01
2818,17,57,100,20,2026-01-01,100,362,345,17,2025-01-01,2026-01-01
2819,17,61,100,20,2026-01-01,100,329,313,16,2025-01-01,2026-01-01
2820,17,63,100,20,2026-01-01,100,378,361,17,2025-01-01,2026-01-01
2821,17,65,100,20,2026-01-01,100,329,316,13,2025-01-01,2026-01-01
2822,17,70,100,20,2026-01-01,100,359,348,11,2025-01-01,2026-01-01
2823,17,75,100,20,2026-01-01,100,308,292,16,2025-01-01,2026-01-01
2824,17,76,100,20,2026-01-01,100,318,313,5,2025-01-01,2026-01-01
2825,17,80,100,20,2026-01-01,100,325,313,12,2025-01-01,2026-01-01
2826,17,84,100,20,2026-01-01,100,325,306,19,2025-01-01,2026-01-01
2827,17,89,100,20,2026-01-01,100,354,336,18,2025-01-01,2026-01-01
2828,17,90,100,20,2026-01-01,100,348,331,17,2025-01-01,2026-01-01
2829,17,91,100,20,2026-01-01,100,342,328,14,2025-01-01,2026-01-01
2830,17,92,100,20,2026-01-01,100,353,330,23,2025-01-01,2026-01-01
2831,17,94,100,20,2026-01-01,100,282,267,15,2025-01-01,2026-01-01
2832,17,95,100,20,2026-01-01,100,317,305,12,2025-01-01,2026-01-01
2833,17,98,100,20,2026-01-01,100,292,283,9,2025-01-01,2026-01-01
2834,17,104,100,20,2026-01-01,100,341,325,16,2025-01-01,2026-01-01
2835,17,108,100,20,2026-01-01,100,312,295,17,2025-01-01,2026-01-01
2836,17,109,100,20,2026-01-01,100,306,287,19,2025-01-01,2026-01-01
2837,17,110,100,20,2026-01-01,100,340,322,18,2025-01-01,2026-01-01
2838,17,112,100,20,2026-01-01,100,295,288,7,2025-01-01,2026-01-01
2839,17,113,100,20,2026-01-01,100,328,309,19,2025-01-01,2026-01-01
2840,17,114,100,20,2026-01-01,100,367,351,16,2025-01-01,2026-01-01
2841,17,120,100,20,2026-01-01,100,341,323,18,2025-01-01,2026-01-01
2842,17,124,100,20,2026-01-01,100,319,303,16,2025-01-01,2026-01-01
2843,17,125,100,20,2026-01-01,100,327,312,15,2025-01-01,2026-01-01
2844,17,129,100,20,2026-01-01,100,351,333,18,2025-01-01,2026-01-01
2845,17,131,100,20,2026-01-01,100,346,332,14,2025-01-01,2026-01-01
2846,17,133,100,20,2026-01-01,100,326,311,15,2025-01-01,2026-01-01
2847,17,137,100,20,2026-01-01,100,347,335,12,2025-01-01,2026-01-01
2848,17,138,100,20,2026-01-01,100,274,263,11,2025-01-01,2026-01-01
2849,17,146,100,20,2026-01-01,100,326,306,20,2025-01-01,2026-01-01
2850,17,150,100,20,2026-01-01,100,373,354,19,2025-01-01,2026-01-01
2851,18,5,100,20,2026-01-01,100,314,304,10,2025-01-01,2026-01-01
2852,18,6,100,20,2026-01-01,100,1711,1688,23,2025-01-01,2026-01-01
2853,18,7,100,20,2026-01-01,100,1553,1541,12,2025-01-01,2026-01-01
2854,18,8,100,20,2026-01-01,100,1132,1122,10,2025-01-01,2026-01-01
2855,18,9,100,20,2026-01-01,100,82,81,1,2025-01-01,2026-01-01
2856,18,12,100,20,2026-01-01,100,1330,1307,23,2025-01-01,2026-01-01
2857,18,13,100,20,2026-01-01,100,170,165,5,2025-01-01,2026-01-01
2858,18,21,100,20,2026-01-01,100,379,364,15,2025-01-01,2026-01-01
2859,18,22,100,20,2026-01-01,100,393,378,15,2025-01-01,2026-01-01
2860,18,26,100,20,2026-01-01,100,395,374,21,2025-01-01,2026-01-01
2861,18,30,100,20,2026-01-01,100,414,401,13,2025-01-01,2026-01-01
2862,18,32,100,20,2026-01-01,100,381,370,11,2025-01-01,2026-01-01
2863,18,34,100,20,2026-01-01,100,397,386,11,2025-01-01,2026-01-01
2864,18,36,100,20,2026-01-01,100,311,300,11,2025-01-01,2026-01-01
2865,18,38,100,20,2026-01-01,100,324,309,15,2025-01-01,2026-01-01
2866,18,40,100,20,2026-01-01,100,307,292,15,2025-01-01,2026-01-01
2867,18,42,100,20,2026-01-01,100,388,367,21,2025-01-01,2026-01-01
2868,18,43,100,20,2026-01-01,100,398,382,16,2025-01-01,2026-01-01
2869,18,44,100,20,2026-01-01,100,303,293,10,2025-01-01,2026-01-01
2870,18,45,100,20,2026-01-01,100,337,320,17,2025-01-01,2026-01-01
2871,18,48,100,20,2026-01-01,100,318,304,14,2025-01-01,2026-01-01
2872,18,57,100,20,2026-01-01,100,325,312,13,2025-01-01,2026-01-01
2873,18,60,100,20,2026-01-01,100,327,319,8,2025-01-01,2026-01-01
2874,18,62,100,20,2026-01-01,100,303,293,10,2025-01-01,2026-01-01
2875,18,65,100,20,2026-01-01,100,325,308,17,2025-01-01,2026-01-01
2876,18,68,100,20,2026-01-01,100,281,271,10,2025-01-01,2026-01-01
2877,18,80,100,20,2026-01-01,100,327,315,12,2025-01-01,2026-01-01
2878,18,84,100,20,2026-01-01,100,263,251,12,2025-01-01,2026-01-01
2879,18,93,100,20,2026-01-01,100,339,328,11,2025-01-01,2026-01-01
2880,18,99,100,20,2026-01-01,100,336,324,12,2025-01-01,2026-01-01
2881,18,102,100,20,2026-01-01,100,288,272,16,2025-01-01,2026-01-01
2882,18,103,100,20,2026-01-01,100,355,343,12,2025-01-01,2026-01-01
2883,18,105,100,20,2026-01-01,100,339,323,16,2025-01-01,2026-01-01
2884,18,108,100,20,2026-01-01,100,316,305,11,2025-01-01,2026-01-01
2885,18,109,100,20,2026-01-01,100,341,329,12,2025-01-01,2026-01-01
2886,18,114,100,20,2026-01-01,100,330,319,11,2025-01-01,2026-01-01
2887,18,118,100,20,2026-01-01,100,324,316,8,2025-01-01,2026-01-01
2888,18,119,100,20,2026-01-01,100,295,286,9,2025-01-01,2026-01-01
2889,18,120,100,20,2026-01-01,100,343,331,12,2025-01-01,2026-01-01
2890,18,123,100,20,2026-01-01,100,286,270,16,2025-01-01,2026-01-01
2891,18,125,100,20,2026-01-01,100,329,310,19,2025-01-01,2026-01-01
2892,18,129,100,20,2026-01-01,100,354,339,15,2025-01-01,2026-01-01
2893,18,130,100,20,2026-01-01,100,316,306,10,2025-01-01,2026-01-01
2894,18,138,100,20,2026-01-01,100,321,309,12,2025-01-01,2026-01-01
2895,18,139,100,20,2026-01-01,100,312,294,18,2025-01-01,2026-01-01
2896,18,142,100,20,2026-01-01,100,345,330,15,2025-01-01,2026-01-01
2897,18,146,100,20,2026-01-01,100,387,370,17,2025-01-01,2026-01-01
2898,18,147,100,20,2026-01-01,100,292,278,14,2025-01-01,2026-01-01
2899,18,149,100,20,2026-01-01,100,318,302,16,2025-01-01,2026-01-01
2900,18,150,100,20,2026-01-01,100,349,329,20,2025-01-01,2026-01-01
2901,19,2,100,20,2026-01-01,100,15,13,2,2025-01-01,2026-01-01
2902,19,4,100,20,2026-01-01,100,278,268,10,2025-01-01,2026-01-01
2903,19,7,100,20,2026-01-01,100,1602,1593,9,2025-01-01,2026-01-01
2904,19,11,100,20,2026-01-01,100,3855,3816,39,2025-01-01,2026-01-01
2905,19,15,100,20,2026-01-01,100,319,304,15,2025-01-01,2026-01-01
2906,19,17,100,20,2026-01-01,100,333,318,15,2025-01-01,2026-01-01
2907,19,21,100,20,2026-01-01,100,418,401,17,2025-01-01,2026-01-01
2908,19,24,100,20,2026-01-01,100,395,378,17,2025-01-01,2026-01-01
2909,19,25,100,20,2026-01-01,100,364,349,15,2025-01-01,2026-01-01
2910,19,27,100,20,2026-01-01,100,402,385,17,2025-01-01,2026-01-01
2911,19,31,100,20,2026-01-01,100,373,362,11,2025-01-01,2026-01-01
2912,19,32,100,20,2026-01-01,100,379,365,14,2025-01-01,2026-01-01
2913,19,37,100,20,2026-01-01,100,353,336,17,2025-01-01,2026-01-01
2914,19,38,100,20,2026-01-01,100,331,319,12,2025-01-01,2026-01-01
2915,19,40,100,20,2026-01-01,100,383,363,20,2025-01-01,2026-01-01
2916,19,41,100,20,2026-01-01,100,363,344,19,2025-01-01,2026-01-01
2917,19,44,100,20,2026-01-01,100,328,309,19,2025-01-01,2026-01-01
2918,19,45,100,20,2026-01-01,100,354,336,18,2025-01-01,2026-01-01
2919,19,53,100,20,2026-01-01,100,325,311,14,2025-01-01,2026-01-01
2920,19,59,100,20,2026-01-01,100,279,272,7,2025-01-01,2026-01-01
2921,19,60,100,20,2026-01-01,100,332,316,16,2025-01-01,2026-01-01
2922,19,61,100,20,2026-01-01,100,337,322,15,2025-01-01,2026-01-01
2923,19,72,100,20,2026-01-01,100,340,330,10,2025-01-01,2026-01-01
2924,19,73,100,20,2026-01-01,100,332,313,19,2025-01-01,2026-01-01
2925,19,75,100,20,2026-01-01,100,354,345,9,2025-01-01,2026-01-01
2926,19,77,100,20,2026-01-01,100,374,357,17,2025-01-01,2026-01-01
2927,19,78,100,20,2026-01-01,100,323,307,16,2025-01-01,2026-01-01
2928,19,80,100,20,2026-01-01,100,311,300,11,2025-01-01,2026-01-01
2929,19,88,100,20,2026-01-01,100,308,302,6,2025-01-01,2026-01-01
2930,19,91,100,20,2026-01-01,100,384,369,15,2025-01-01,2026-01-01
2931,19,97,100,20,2026-01-01,100,323,307,16,2025-01-01,2026-01-01
2932,19,101,100,20,2026-01-01,100,351,331,20,2025-01-01,2026-01-01
2933,19,103,100,20,2026-01-01,100,332,320,12,2025-01-01,2026-01-01
2934,19,106,100,20,2026-01-01,100,292,274,18,2025-01-01,2026-01-01
2935,19,107,100,20,2026-01-01,100,343,330,13,2025-01-01,2026-01-01
2936,19,108,100,20,2026-01-01,100,329,310,19,2025-01-01,2026-01-01
2937,19,109,100,20,2026-01-01,100,328,318,10,2025-01-01,2026-01-01
2938,19,111,100,20,2026-01-01,100,332,315,17,2025-01-01,2026-01-01
2939,19,115,100,20,2026-01-01,100,392,376,16,2025-01-01,2026-01-01
2940,19,121,100,20,2026-01-01,100,356,339,17,2025-01-01,2026-01-01
2941,19,124,100,20,2026-01-01,100,353,340,13,2025-01-01,2026-01-01
2942,19,128,100,20,2026-01-01,100,359,340,19,2025-01-01,2026-01-01
2943,19,129,100,20,2026-01-01,100,310,295,15,2025-01-01,2026-01-01
2944,19,131,100,20,2026-01-01,100,307,292,15,2025-01-01,2026-01-01
2945,19,132,100,20,2026-01-01,100,324,314,10,2025-01-01,2026-01-01
2946,19,135,100,20,2026-01-01,100,359,346,13,2025-01-01,2026-01-01
2947,19,136,100,20,2026-01-01,100,369,350,19,2025-01-01,2026-01-01
2948,19,138,100,20,2026-01-01,100,326,312,14,2025-01-01,2026-01-01
2949,19,148,100,20,2026-01-01,100,283,269,14,2025-01-01,2026-01-01
2950,19,150,100,20,2026-01-01,100,340,319,21,2025-01-01,2026-01-01
2951,20,3,100,20,2026-01-01,100,6500,3823,2677,2025-01-01,2026-01-01
2952,20,4,100,20,2026-01-01,100,260,240,20,2025-01-01,2026-01-01
2953,20,9,100,20,2026-01-01,100,81,80,1,2025-01-01,2026-01-01
2954,20,10,100,20,2026-01-01,100,1018,995,23,2025-01-01,2026-01-01
2955,20,11,100,20,2026-01-01,100,3766,3729,37,2025-01-01,2026-01-01
2956,20,13,100,20,2026-01-01,100,199,191,8,2025-01-01,2026-01-01
2957,20,23,100,20,2026-01-01,100,405,385,20,2025-01-01,2026-01-01
2958,20,24,100,20,2026-01-01,100,431,421,10,2025-01-01,2026-01-01
2959,20,27,100,20,2026-01-01,100,398,383,15,2025-01-01,2026-01-01
2960,20,31,100,20,2026-01-01,100,408,383,25,2025-01-01,2026-01-01
2961,20,33,100,20,2026-01-01,100,403,388,15,2025-01-01,2026-01-01
2962,20,34,100,20,2026-01-01,100,383,371,12,2025-01-01,2026-01-01
2963,20,37,100,20,2026-01-01,100,307,296,11,2025-01-01,2026-01-01
2964,20,39,100,20,2026-01-01,100,360,352,8,2025-01-01,2026-01-01
2965,20,40,100,20,2026-01-01,100,349,338,11,2025-01-01,2026-01-01
2966,20,41,100,20,2026-01-01,100,321,302,19,2025-01-01,2026-01-01
2967,20,47,100,20,2026-01-01,100,300,286,14,2025-01-01,2026-01-01
2968,20,58,100,20,2026-01-01,100,341,334,7,2025-01-01,2026-01-01
2969,20,64,100,20,2026-01-01,100,344,335,9,2025-01-01,2026-01-01
2970,20,66,100,20,2026-01-01,100,331,315,16,2025-01-01,2026-01-01
2971,20,68,100,20,2026-01-01,100,318,309,9,2025-01-01,2026-01-01
2972,20,72,100,20,2026-01-01,100,327,322,5,2025-01-01,2026-01-01
2973,20,77,100,20,2026-01-01,100,304,290,14,2025-01-01,2026-01-01
2974,20,83,100,20,2026-01-01,100,332,322,10,2025-01-01,2026-01-01
2975,20,85,100,20,2026-01-01,100,302,289,13,2025-01-01,2026-01-01
2976,20,88,100,20,2026-01-01,100,311,298,13,2025-01-01,2026-01-01
2977,20,90,100,20,2026-01-01,100,332,319,13,2025-01-01,2026-01-01
2978,20,92,100,20,2026-01-01,100,327,305,22,2025-01-01,2026-01-01
2979,20,96,100,20,2026-01-01,100,327,313,14,2025-01-01,2026-01-01
2980,20,99,100,20,2026-01-01,100,312,304,8,2025-01-01,2026-01-01
2981,20,100,100,20,2026-01-01,100,348,328,20,2025-01-01,2026-01-01
2982,20,101,100,20,2026-01-01,100,349,332,17,2025-01-01,2026-01-01
2983,20,103,100,20,2026-01-01,100,304,293,11,2025-01-01,2026-01-01
2984,20,107,100,20,2026-01-01,100,344,327,17,2025-01-01,2026-01-01
2985,20,109,100,20,2026-01-01,100,288,280,8,2025-01-01,2026-01-01
2986,20,110,100,20,2026-01-01,100,321,308,13,2025-01-01,2026-01-01
2987,20,116,100,20,2026-01-01,100,277,268,9,2025-01-01,2026-01-01
2988,20,118,100,20,2026-01-01,100,359,339,20,2025-01-01,2026-01-01
2989,20,119,100,20,2026-01-01,100,349,334,15,2025-01-01,2026-01-01
2990,20,120,100,20,2026-01-01,100,325,310,15,2025-01-01,2026-01-01
2991,20,122,100,20,2026-01-01,100,318,309,9,2025-01-01,2026-01-01
2992,20,123,100,20,2026-01-01,100,366,346,20,2025-01-01,2026-01-01
2993,20,126,100,20,2026-01-01,100,320,307,13,2025-01-01,2026-01-01
2994,20,127,100,20,2026-01-01,100,310,296,14,2025-01-01,2026-01-01
2995,20,129,100,20,2026-01-01,100,372,351,21,2025-01-01,2026-01-01
2996,20,132,100,20,2026-01-01,100,354,340,14,2025-01-01,2026-01-01
2997,20,133,100,20,2026-01-01,100,338,323,15,2025-01-01,2026-01-01
2998,20,136,100,20,2026-01-01,100,312,301,11,2025-01-01,2026-01-01
2999,20,137,100,20,2026-01-01,100,333,323,10,2025-01-01,2026-01-01
3000,20,138,100,20,2026-01-01,100,365,346,19,2025-01-01,2026-01-01
