Customer_ID,Recency_Days,Frequency,Churn_Risk
1,73,2,Low
2,251,1,High
3,58,2,Low
4,32,3,Low
5,98,1,Low
6,11,1,Low
7,133,1,Low
8,357,1,High
9,237,1,High
10,42,5,Low
11,282,2,High
12,15,3,Low
13,336,1,High
14,90,4,Low
15,236,1,High
16,6,1,Low
17,153,2,Low
18,92,2,Low
19,112,2,Low
20,174,1,Low
21,146,2,Low
22,89,4,Low
23,56,1,Low
24,160,2,Low
25,71,4,Low
26,44,5,Low
28,96,2,Low
29,160,2,Low
31,15,2,Low
32,55,5,Low
33,59,3,Low
34,12,2,Low
35,166,4,Low
36,64,4,Low
37,91,4,Low
38,2,2,Low
39,38,3,Low
40,27,5,Low
42,98,4,Low
43,59,3,Low
44,97,3,Low
45,60,4,Low
46,132,2,Low
48,343,2,High
49,81,3,Low
51,111,2,Low
52,148,2,Low
53,103,1,Low
54,17,8,Low
55,76,1,Low
56,217,2,High
57,30,2,Low
59,346,1,High
60,158,1,Low
61,265,2,High
62,48,2,Low
63,47,3,Low
65,246,1,High
66,104,1,Low
67,71,1,Low
68,327,1,High
69,60,1,Low
71,90,4,Low
72,91,1,Low
73,223,1,High
74,31,2,Low
75,321,1,High
76,45,1,Low
78,107,3,Low
79,37,5,Low
80,51,2,Low
81,63,4,Low
82,230,2,High
83,11,5,Low
85,112,3,Low
86,202,3,High
87,85,3,Low
88,185,3,Low
89,191,2,Low
90,92,1,Low
91,39,5,Low
92,125,2,Low
93,84,1,Low
94,21,5,Low
95,223,1,High
99,25,3,Low
100,85,4,Low
101,247,1,High
103,23,2,Low
104,240,2,High
106,52,2,Low
107,114,3,Low
108,106,1,Low
111,201,1,High
112,109,1,Low
113,83,2,Low
114,181,3,Low
115,174,4,Low
116,79,2,Low
117,11,4,Low
119,313,1,High
120,191,2,Low
121,290,1,High
122,3,2,Low
123,107,3,Low
124,117,2,Low
125,113,3,Low
126,139,2,Low
127,87,3,Low
129,92,1,Low
130,300,1,High
132,16,3,Low
133,79,2,Low
134,64,3,Low
135,264,1,High
136,105,3,Low
137,263,1,High
138,22,4,Low
139,30,2,Low
140,111,4,Low
141,153,2,Low
142,193,3,Low
143,107,6,Low
144,330,1,High
145,24,3,Low
146,23,1,Low
149,327,1,High
150,276,1,High
151,38,2,Low
152,119,2,Low
153,158,5,Low
154,130,3,Low
155,110,1,Low
156,5,3,Low
157,2,4,Low
158,92,2,Low
159,282,1,High
160,303,1,High
161,22,2,Low
162,81,4,Low
163,18,1,Low
164,307,2,High
165,210,1,High
166,33,1,Low
167,88,2,Low
168,82,2,Low
169,115,1,Low
170,94,2,Low
171,136,3,Low
173,165,2,Low
174,14,1,Low
175,2,3,Low
178,267,1,High
180,337,1,High
181,281,1,High
182,129,1,Low
183,25,5,Low
184,151,4,Low
186,183,3,Low
187,287,1,High
188,243,1,High
190,200,1,High
191,50,7,Low
192,170,2,Low
193,107,2,Low
195,20,2,Low
196,227,1,High
198,5,3,Low
199,113,1,Low
200,29,2,Low
201,118,2,Low
203,254,1,High
204,15,2,Low
206,326,1,High
207,77,2,Low
208,211,3,High
209,34,2,Low
210,3,4,Low
211,81,4,Low
212,249,2,High
213,133,3,Low
214,14,2,Low
215,225,1,High
216,124,1,Low
217,17,2,Low
218,9,7,Low
219,80,2,Low
220,7,1,Low
221,76,2,Low
222,157,2,Low
223,69,3,Low
224,134,1,Low
225,10,3,Low
228,249,1,High
229,174,5,Low
230,196,1,High
231,163,2,Low
232,134,1,Low
233,96,3,Low
234,2,5,Low
235,300,1,High
236,33,5,Low
238,29,3,Low
240,2,1,Low
241,69,1,Low
242,198,3,High
244,204,2,High
245,149,2,Low
246,329,2,High
247,62,2,Low
248,74,2,Low
249,19,2,Low
250,122,1,Low
251,92,2,Low
252,304,1,High
254,124,1,Low
255,32,3,Low
256,304,1,High
257,174,1,Low
258,129,1,Low
259,1,1,Low
260,263,1,High
261,107,1,Low
262,176,2,Low
263,148,2,Low
264,47,2,Low
266,18,1,Low
267,298,1,High
268,53,4,Low
269,30,4,Low
270,61,4,Low
271,273,1,High
272,57,6,Low
273,25,4,Low
275,207,1,High
276,132,1,Low
278,233,1,High
279,103,1,Low
281,304,1,High
282,341,1,High
283,295,2,High
284,184,2,Low
285,121,4,Low
286,120,4,Low
288,216,2,High
291,27,3,Low
292,336,1,High
293,45,3,Low
294,156,2,Low
295,158,2,Low
298,28,3,Low
299,210,3,High
300,7,1,Low
301,17,3,Low
302,73,3,Low
303,187,2,Low
304,149,2,Low
305,126,2,Low
306,159,5,Low
307,253,2,High
308,128,2,Low
309,147,1,Low
311,167,3,Low
312,2,4,Low
313,83,3,Low
316,45,2,Low
317,182,2,Low
320,199,1,High
322,350,1,High
323,32,2,Low
324,7,4,Low
327,185,1,Low
328,9,2,Low
329,281,1,High
330,132,3,Low
331,62,1,Low
332,17,3,Low
333,361,1,High
334,262,1,High
335,24,4,Low
336,89,2,Low
337,96,2,Low
339,133,4,Low
340,183,2,Low
341,140,1,Low
342,135,2,Low
343,245,1,High
344,31,1,Low
345,251,1,High
347,263,2,High
348,117,3,Low
349,68,1,Low
350,71,4,Low
351,57,3,Low
352,136,2,Low
353,7,3,Low
354,209,3,High
355,81,3,Low
356,320,1,High
357,10,6,Low
358,81,2,Low
359,294,1,High
360,266,2,High
361,243,1,High
362,361,1,High
363,258,1,High
364,155,1,Low
365,144,1,Low
366,32,2,Low
368,281,1,High
369,135,3,Low
370,84,4,Low
372,137,2,Low
373,113,1,Low
374,254,3,High
375,117,3,Low
377,76,4,Low
379,316,2,High
380,97,5,Low
381,21,1,Low
382,243,1,High
384,68,1,Low
385,101,2,Low
386,149,2,Low
387,1,5,Low
389,44,1,Low
393,65,3,Low
394,5,2,Low
395,57,3,Low
396,42,3,Low
399,82,2,Low
400,51,2,Low
402,142,2,Low
403,21,5,Low
404,120,3,Low
406,73,1,Low
407,25,2,Low
408,94,2,Low
410,80,3,Low
412,17,4,Low
414,322,1,High
416,101,2,Low
417,11,2,Low
418,345,1,High
419,47,2,Low
420,266,2,High
421,90,3,Low
423,172,1,Low
424,20,2,Low
425,334,1,High
426,70,2,Low
427,23,2,Low
428,290,1,High
430,306,2,High
431,34,2,Low
432,209,1,High
433,56,5,Low
434,338,1,High
435,65,1,Low
436,49,3,Low
437,167,1,Low
438,339,1,High
439,52,2,Low
441,95,5,Low
442,119,3,Low
443,188,3,Low
444,22,5,Low
446,96,4,Low
447,36,1,Low
449,12,1,Low
450,241,3,High
451,2,2,Low
452,249,2,High
453,180,3,Low
454,90,8,Low
455,14,3,Low
458,152,2,Low
459,1,3,Low
460,99,2,Low
461,72,5,Low
462,71,4,Low
463,260,2,High
464,13,4,Low
466,162,1,Low
467,33,2,Low
468,91,4,Low
469,82,5,Low
471,90,3,Low
472,219,2,High
473,2,1,Low
474,85,2,Low
475,239,1,High
476,279,2,High
477,318,1,High
479,164,1,Low
480,53,2,Low
481,21,4,Low
483,76,2,Low
484,58,5,Low
485,200,1,High
486,315,1,High
487,23,1,Low
488,270,1,High
489,174,1,Low
490,173,1,Low
491,144,2,Low
492,175,3,Low
494,90,2,Low
496,71,3,Low
497,147,3,Low
498,100,2,Low
499,46,2,Low
500,97,1,Low
501,128,3,Low
502,213,1,High
503,103,2,Low
504,24,5,Low
505,22,2,Low
506,2,6,Low
507,66,4,Low
508,35,2,Low
509,74,1,Low
511,352,1,High
512,109,2,Low
513,48,2,Low
514,230,1,High
515,60,3,Low
516,28,2,Low
517,110,3,Low
518,195,2,High
519,91,1,Low
520,237,1,High
521,20,2,Low
522,76,2,Low
523,313,1,High
524,245,2,High
525,246,2,High
526,324,2,High
527,347,1,High
529,6,5,Low
531,76,3,Low
532,144,2,Low
534,346,1,High
535,49,3,Low
536,46,3,Low
538,26,5,Low
539,158,2,Low
541,309,1,High
542,143,1,Low
543,167,2,Low
544,171,4,Low
545,34,3,Low
547,46,2,Low
548,74,2,Low
549,184,1,Low
551,198,2,High
552,73,1,Low
553,32,2,Low
554,4,3,Low
555,53,3,Low
558,12,3,Low
559,5,4,Low
560,96,2,Low
561,30,2,Low
562,356,2,High
563,69,1,Low
564,26,5,Low
565,217,2,High
566,159,2,Low
568,60,3,Low
569,15,4,Low
570,17,1,Low
571,83,3,Low
573,48,2,Low
574,51,3,Low
576,81,3,Low
577,36,7,Low
578,85,3,Low
579,345,1,High
580,297,1,High
581,116,2,Low
582,5,2,Low
583,21,2,Low
584,7,2,Low
585,42,2,Low
586,343,1,High
588,279,1,High
589,30,1,Low
590,187,1,Low
591,78,6,Low
593,69,3,Low
594,66,1,Low
595,196,2,High
596,46,2,Low
597,43,3,Low
598,199,1,High
599,17,3,Low
600,2,5,Low
601,336,1,High
603,349,1,High
605,133,2,Low
606,351,1,High
607,174,2,Low
608,84,3,Low
610,45,2,Low
611,111,1,Low
613,77,2,Low
614,104,1,Low
615,77,3,Low
616,133,2,Low
618,190,4,Low
619,135,2,Low
620,27,2,Low
621,271,2,High
622,11,3,Low
623,190,1,Low
625,199,1,High
626,169,4,Low
627,19,4,Low
631,220,2,High
632,210,2,High
633,131,1,Low
635,57,2,Low
636,49,4,Low
638,19,3,Low
640,88,2,Low
642,290,2,High
643,270,1,High
644,38,3,Low
645,2,5,Low
646,20,4,Low
648,124,2,Low
649,248,1,High
650,332,1,High
651,72,3,Low
652,120,5,Low
653,235,1,High
654,55,3,Low
655,182,2,Low
656,104,6,Low
657,54,4,Low
658,49,3,Low
659,34,3,Low
660,58,4,Low
661,171,2,Low
664,72,2,Low
666,10,4,Low
667,19,2,Low
668,361,1,High
669,48,4,Low
670,222,1,High
671,240,1,High
672,257,1,High
674,326,1,High
675,36,6,Low
676,288,1,High
678,242,3,High
679,93,3,Low
680,211,1,High
681,333,1,High
682,86,1,Low
683,15,2,Low
685,240,1,High
686,287,1,High
687,296,1,High
688,69,2,Low
689,1,5,Low
690,38,1,Low
691,91,1,Low
693,8,4,Low
694,185,2,Low
695,138,1,Low
696,39,4,Low
697,163,1,Low
698,57,2,Low
699,213,2,High
700,27,1,Low
701,190,1,Low
703,243,2,High
704,107,2,Low
705,161,3,Low
707,317,2,High
708,91,5,Low
709,231,2,High
710,166,2,Low
711,180,1,Low
712,96,1,Low
713,143,2,Low
714,104,1,Low
715,110,3,Low
716,241,1,High
717,9,5,Low
718,68,4,Low
719,29,4,Low
720,359,1,High
721,221,2,High
722,298,1,High
723,308,2,High
725,77,1,Low
726,220,1,High
728,294,1,High
729,56,1,Low
730,174,2,Low
731,31,2,Low
732,157,2,Low
733,17,4,Low
734,180,2,Low
735,20,2,Low
737,222,1,High
738,159,2,Low
740,66,2,Low
741,77,1,Low
742,221,2,High
744,2,2,Low
745,68,1,Low
747,205,2,High
748,223,3,High
750,31,1,Low
751,248,3,High
752,290,1,High
753,221,1,High
754,88,3,Low
755,69,5,Low
756,279,1,High
757,166,2,Low
758,184,1,Low
759,38,3,Low
761,1,2,Low
762,179,2,Low
763,38,2,Low
764,212,3,High
765,230,2,High
766,268,1,High
768,51,2,Low
769,12,4,Low
770,332,2,High
771,19,1,Low
772,353,1,High
773,210,1,High
774,310,1,High
775,110,3,Low
776,215,3,High
777,90,2,Low
778,79,2,Low
779,225,3,High
780,318,1,High
781,225,1,High
783,86,5,Low
785,230,2,High
786,314,1,High
788,230,2,High
789,115,4,Low
791,2,1,Low
792,137,2,Low
793,115,4,Low
794,200,1,High
795,104,2,Low
796,25,2,Low
797,270,1,High
798,203,3,High
799,215,1,High
800,106,1,Low
801,83,4,Low
802,26,2,Low
803,163,1,Low
804,316,1,High
805,3,2,Low
806,315,1,High
807,104,2,Low
808,195,3,High
809,243,1,High
810,66,4,Low
812,58,2,Low
813,75,5,Low
814,38,2,Low
815,3,1,Low
816,263,4,High
817,108,4,Low
818,36,2,Low
820,30,1,Low
821,118,3,Low
823,32,3,Low
824,295,2,High
829,60,4,Low
830,26,5,Low
831,69,3,Low
832,214,1,High
833,232,1,High
834,152,3,Low
835,40,3,Low
836,69,3,Low
837,96,1,Low
838,176,4,Low
839,33,4,Low
840,5,1,Low
843,95,2,Low
844,28,3,Low
845,44,2,Low
846,241,2,High
847,35,2,Low
848,287,1,High
849,85,2,Low
850,17,2,Low
851,268,2,High
852,245,2,High
853,40,2,Low
854,4,2,Low
856,57,3,Low
857,36,2,Low
858,2,2,Low
860,42,3,Low
861,155,2,Low
862,98,3,Low
863,148,1,Low
864,317,1,High
866,20,2,Low
867,341,1,High
868,76,1,Low
869,314,1,High
870,139,3,Low
872,17,3,Low
873,286,1,High
874,157,2,Low
875,202,2,High
876,56,2,Low
877,86,4,Low
878,73,3,Low
879,131,1,Low
880,207,5,High
881,73,2,Low
882,295,1,High
884,211,1,High
885,152,2,Low
886,54,4,Low
887,191,1,Low
888,278,2,High
889,84,7,Low
891,36,1,Low
892,41,2,Low
894,116,2,Low
895,90,1,Low
896,24,4,Low
897,271,2,High
898,139,3,Low
899,189,4,Low
900,35,3,Low
903,165,2,Low
904,139,3,Low
905,132,2,Low
906,128,2,Low
907,9,3,Low
908,89,3,Low
909,359,1,High
910,64,5,Low
912,273,2,High
913,117,2,Low
914,156,2,Low
915,123,1,Low
916,104,3,Low
917,13,2,Low
918,110,1,Low
919,124,1,Low
920,113,2,Low
922,57,3,Low
923,165,3,Low
924,145,3,Low
926,37,5,Low
927,190,1,Low
928,9,5,Low
929,267,1,High
930,8,3,Low
931,78,1,Low
932,42,2,Low
933,108,3,Low
934,179,2,Low
935,37,2,Low
936,36,1,Low
937,126,2,Low
938,157,3,Low
939,144,3,Low
940,104,1,Low
941,58,4,Low
942,264,1,High
943,156,2,Low
944,22,3,Low
946,5,2,Low
947,25,1,Low
948,317,1,High
949,277,1,High
950,35,2,Low
952,86,1,Low
953,70,3,Low
954,41,2,Low
955,4,1,Low
956,37,3,Low
957,65,2,Low
958,6,3,Low
959,40,6,Low
960,69,4,Low
961,27,1,Low
962,35,4,Low
965,27,4,Low
966,309,1,High
967,96,2,Low
968,37,1,Low
969,140,3,Low
970,194,1,High
971,101,3,Low
972,217,4,High
973,101,2,Low
974,51,3,Low
975,185,1,Low
976,163,2,Low
977,310,1,High
978,307,1,High
980,216,2,High
981,97,3,Low
982,30,2,Low
983,157,3,Low
985,120,1,Low
986,195,2,High
987,113,4,Low
988,316,2,High
989,298,1,High
990,279,1,High
992,335,1,High
993,34,3,Low
994,247,1,High
995,130,5,Low
996,190,3,Low
997,334,1,High
998,87,1,Low
999,207,1,High
1000,127,1,Low
1001,186,3,Low
1002,124,2,Low
1003,119,1,Low
1004,152,3,Low
1005,71,2,Low
1006,316,1,High
1007,18,2,Low
1008,45,3,Low
1011,38,2,Low
1012,159,1,Low
1013,143,3,Low
1014,67,3,Low
1015,223,2,High
1016,69,1,Low
1017,48,3,Low
1018,92,2,Low
1019,22,4,Low
1020,2,3,Low
1021,4,5,Low
1022,76,4,Low
1023,317,1,High
1024,184,2,Low
1025,184,1,Low
1026,34,3,Low
1027,69,2,Low
1028,289,2,High
1029,113,3,Low
1030,276,2,High
1033,5,2,Low
1034,327,1,High
1035,29,3,Low
1036,287,1,High
1038,214,3,High
1039,11,1,Low
1040,223,1,High
1041,9,3,Low
1043,146,1,Low
1045,84,4,Low
1046,5,2,Low
1047,304,1,High
1048,241,1,High
1049,110,4,Low
1050,180,2,Low
1051,300,1,High
1052,2,3,Low
1053,6,3,Low
1054,181,3,Low
1055,117,1,Low
1056,128,2,Low
1057,309,1,High
1058,86,2,Low
1059,36,2,Low
1060,71,1,Low
1061,30,2,Low
1062,220,3,High
1063,79,2,Low
1064,67,3,Low
1065,171,1,Low
1066,30,4,Low
1067,171,1,Low
1068,32,5,Low
1069,15,2,Low
1070,204,2,High
1071,143,2,Low
1073,175,2,Low
1074,6,1,Low
1075,183,2,Low
1076,80,3,Low
1077,48,3,Low
1079,39,2,Low
1080,325,1,High
1081,169,4,Low
1082,132,2,Low
1083,245,2,High
1084,69,4,Low
1085,356,2,High
1086,20,3,Low
1087,122,1,Low
1090,58,4,Low
1091,76,3,Low
1092,243,1,High
1093,253,2,High
1095,357,1,High
1096,241,3,High
1097,205,2,High
1098,32,2,Low
1099,327,1,High
1100,210,3,High
1101,161,3,Low
1103,215,2,High
1104,214,2,High
1105,311,2,High
1106,295,2,High
1107,174,2,Low
1108,165,2,Low
1110,163,3,Low
1111,332,1,High
1112,44,1,Low
1113,185,1,Low
1115,175,4,Low
1116,67,1,Low
1117,59,2,Low
1118,36,4,Low
1119,77,4,Low
1121,178,2,Low
1122,284,1,High
1123,240,2,High
1124,23,1,Low
1125,132,1,Low
1126,114,2,Low
1127,88,1,Low
1128,92,2,Low
1129,113,3,Low
1130,82,3,Low
1131,85,2,Low
1132,56,4,Low
1133,114,1,Low
1134,25,1,Low
1135,45,2,Low
1137,231,1,High
1138,303,1,High
1139,228,2,High
1140,89,3,Low
1141,44,3,Low
1142,96,4,Low
1144,118,1,Low
1146,20,5,Low
1150,218,3,High
1151,6,5,Low
1152,73,3,Low
1153,107,2,Low
1154,172,1,Low
1155,183,1,Low
1156,139,5,Low
1157,59,2,Low
1158,41,3,Low
1159,135,6,Low
1160,41,2,Low
1161,174,1,Low
1163,232,3,High
1164,25,3,Low
1165,192,3,Low
1166,242,1,High
1168,38,1,Low
1169,95,5,Low
1171,52,2,Low
1172,296,1,High
1173,29,1,Low
1174,16,3,Low
1175,232,2,High
1176,5,7,Low
1177,11,1,Low
1178,30,1,Low
1179,138,3,Low
1180,227,1,High
1181,14,2,Low
1182,27,3,Low
1184,167,1,Low
1186,140,3,Low
1187,129,1,Low
1188,166,2,Low
1189,174,1,Low
1192,43,2,Low
1193,78,2,Low
1194,81,1,Low
1195,133,2,Low
1196,7,1,Low
1197,35,2,Low
1198,48,1,Low
1199,147,1,Low
1200,104,1,Low
1201,45,2,Low
1202,201,4,High
1203,95,2,Low
1204,43,2,Low
1205,64,3,Low
1207,186,2,Low
1208,186,2,Low
1209,95,2,Low
1210,251,1,High
1211,181,2,Low
1212,24,6,Low
1213,2,1,Low
1214,136,1,Low
1215,29,2,Low
1216,124,1,Low
1217,25,2,Low
1218,198,2,High
1219,19,2,Low
1220,46,3,Low
1221,338,1,High
1222,90,1,Low
1223,154,3,Low
1224,31,1,Low
1226,229,2,High
1228,258,1,High
1230,171,3,Low
1231,31,3,Low
1236,176,1,Low
1237,7,3,Low
1238,190,2,Low
1239,80,2,Low
1240,282,1,High
1241,141,3,Low
1242,191,1,Low
1243,9,1,Low
1244,20,3,Low
1245,222,3,High
1246,34,3,Low
1247,303,1,High
1248,286,2,High
1249,145,1,Low
1250,201,4,High
1252,82,3,Low
1254,50,2,Low
1255,309,1,High
1256,90,1,Low
1257,178,3,Low
1258,142,1,Low
1259,146,1,Low
1261,284,1,High
1263,208,1,High
1264,30,5,Low
1265,243,2,High
1267,205,1,High
1268,203,2,High
1269,201,1,High
1270,168,1,Low
1271,306,2,High
1272,56,5,Low
1273,214,1,High
1274,79,3,Low
1275,92,3,Low
1276,33,2,Low
1277,117,2,Low
1278,16,5,Low
1280,106,2,Low
1281,41,4,Low
1282,100,1,Low
1283,182,1,Low
1284,39,3,Low
1285,135,1,Low
1286,251,2,High
1287,245,2,High
1288,56,2,Low
1289,192,2,Low
1290,95,2,Low
1291,214,3,High
1292,318,3,High
1293,104,2,Low
1294,32,1,Low
1295,177,2,Low
1296,76,3,Low
1297,86,5,Low
1298,62,2,Low
1299,40,5,Low
1301,215,4,High
1302,76,3,Low
1303,104,1,Low
1306,11,2,Low
1307,187,1,Low
1308,27,3,Low
1309,73,1,Low
1310,50,3,Low
1311,124,1,Low
1313,147,1,Low
1314,42,2,Low
1315,139,2,Low
1316,68,5,Low
1317,46,3,Low
1318,64,3,Low
1320,50,3,Low
1322,207,2,High
1323,174,4,Low
1324,310,1,High
1325,37,2,Low
1327,89,2,Low
1328,29,2,Low
1329,1,3,Low
1330,209,1,High
1331,10,2,Low
1335,163,2,Low
1336,139,2,Low
1337,62,1,Low
1339,122,3,Low
1340,1,5,Low
1341,47,4,Low
1342,95,2,Low
1343,216,1,High
1344,183,2,Low
1345,57,2,Low
1346,332,1,High
1347,27,2,Low
1348,265,2,High
1349,42,2,Low
1350,236,1,High
1351,59,3,Low
1352,101,4,Low
1353,293,2,High
1354,329,1,High
1355,87,2,Low
1356,66,3,Low
1357,37,3,Low
1358,2,3,Low
1360,262,1,High
1362,239,2,High
1364,14,4,Low
1365,251,1,High
1366,82,5,Low
1368,212,1,High
1369,5,2,Low
1370,26,2,Low
1371,42,3,Low
1372,15,3,Low
1373,148,2,Low
1374,30,4,Low
1375,27,4,Low
1376,94,4,Low
1377,168,3,Low
1378,352,1,High
1380,114,2,Low
1381,95,4,Low
1382,271,1,High
1383,197,2,High
1384,126,2,Low
1386,269,1,High
1387,247,1,High
1388,194,1,High
1389,325,1,High
1390,158,3,Low
1391,3,1,Low
1392,110,1,Low
1393,257,2,High
1394,145,4,Low
1395,98,1,Low
1396,116,3,Low
1398,6,2,Low
1399,128,1,Low
1400,37,5,Low
1401,76,1,Low
1402,244,2,High
1403,319,1,High
1404,15,2,Low
1405,189,2,Low
1406,193,2,Low
1407,194,1,High
1408,55,2,Low
1410,8,6,Low
1411,95,2,Low
1412,47,2,Low
1413,72,2,Low
1414,147,2,Low
1415,284,3,High
1416,11,2,Low
1417,90,1,Low
1418,284,2,High
1419,154,1,Low
1420,6,2,Low
1422,226,2,High
1423,137,1,Low
1424,74,2,Low
1425,20,3,Low
1426,109,3,Low
1427,91,4,Low
1428,203,1,High
1429,105,3,Low
1430,12,3,Low
1431,174,1,Low
1432,77,3,Low
1433,184,1,Low
1434,102,3,Low
1435,217,1,High
1436,185,1,Low
1437,212,2,High
1438,167,6,Low
1439,294,2,High
1440,100,2,Low
1441,31,3,Low
1442,20,4,Low
1444,90,1,Low
1445,24,1,Low
1446,225,5,High
1447,93,2,Low
1448,267,1,High
1449,93,3,Low
1450,281,2,High
1451,152,1,Low
1452,275,2,High
1453,199,1,High
1454,143,4,Low
1457,259,2,High
1458,68,4,Low
1459,92,3,Low
1460,28,4,Low
1461,140,5,Low
1463,63,3,Low
1464,176,1,Low
1465,330,1,High
1466,75,3,Low
1467,94,4,Low
1468,7,4,Low
1469,147,1,Low
1470,331,1,High
1471,11,1,Low
1472,131,5,Low
1473,240,2,High
1474,242,1,High
1476,82,6,Low
1477,284,1,High
1478,74,4,Low
1480,71,2,Low
1481,109,2,Low
1482,184,3,Low
1484,247,1,High
1485,83,1,Low
1486,24,4,Low
1487,72,2,Low
1488,177,2,Low
1489,66,2,Low
1490,141,3,Low
1491,209,1,High
1492,20,1,Low
1493,17,3,Low
1494,61,4,Low
1495,38,4,Low
1496,49,2,Low
1498,236,1,High
1499,8,8,Low
1500,359,1,High
1501,23,3,Low
1502,117,3,Low
1503,36,7,Low
1504,73,3,Low
1506,68,4,Low
1507,332,1,High
1509,93,1,Low
1510,4,2,Low
1511,191,2,Low
1514,244,3,High
1515,266,1,High
1516,151,3,Low
1517,223,1,High
1518,341,1,High
1519,127,2,Low
1520,78,3,Low
1521,103,4,Low
1522,89,6,Low
1523,173,2,Low
1524,111,3,Low
1525,158,3,Low
1526,103,4,Low
1527,43,1,Low
1528,75,3,Low
1529,9,2,Low
1530,123,3,Low
1531,158,4,Low
1533,235,1,High
1534,79,2,Low
1535,51,1,Low
1536,114,3,Low
1537,287,1,High
1538,11,4,Low
1540,149,2,Low
1541,2,2,Low
1542,35,1,Low
1543,21,4,Low
1544,255,2,High
1545,96,2,Low
1546,116,2,Low
1547,68,1,Low
1548,40,3,Low
1550,30,3,Low
1551,106,4,Low
1552,320,1,High
1553,358,1,High
1554,9,2,Low
1555,336,3,High
1556,72,1,Low
1557,80,1,Low
1558,150,3,Low
1559,45,2,Low
1560,115,3,Low
1561,100,2,Low
1563,12,2,Low
1564,240,2,High
1565,188,1,Low
1566,14,1,Low
1567,95,1,Low
1568,102,3,Low
1569,359,1,High
1570,33,3,Low
1571,84,5,Low
1573,134,1,Low
1574,104,3,Low
1575,99,3,Low
1576,152,1,Low
1577,16,4,Low
1578,17,3,Low
1579,148,3,Low
1582,327,2,High
1583,223,2,High
1585,108,3,Low
1586,78,3,Low
1588,235,3,High
1590,227,1,High
1591,163,2,Low
1592,75,5,Low
1593,152,2,Low
1594,275,1,High
1595,49,3,Low
1596,128,3,Low
1599,19,2,Low
1600,361,1,High
1602,13,6,Low
1603,80,1,Low
1604,128,3,Low
1605,108,1,Low
1607,76,2,Low
1608,149,3,Low
1610,131,3,Low
1611,80,4,Low
1612,17,1,Low
1613,166,1,Low
1614,227,2,High
1615,115,1,Low
1616,13,5,Low
1617,19,2,Low
1618,112,2,Low
1619,54,8,Low
1620,51,3,Low
1621,29,4,Low
1622,28,2,Low
1623,70,3,Low
1624,337,1,High
1625,197,1,High
1626,6,4,Low
1627,36,4,Low
1628,175,4,Low
1629,73,1,Low
1631,37,2,Low
1632,104,2,Low
1633,70,3,Low
1634,13,4,Low
1635,15,3,Low
1636,10,4,Low
1637,141,2,Low
1638,84,1,Low
1639,121,2,Low
1640,101,3,Low
1642,63,2,Low
1643,38,2,Low
1644,200,2,High
1645,154,3,Low
1646,6,6,Low
1647,49,3,Low
1648,103,4,Low
1649,46,3,Low
1651,143,3,Low
1652,304,1,High
1653,223,1,High
1654,143,1,Low
1655,94,4,Low
1656,42,3,Low
1658,58,1,Low
1659,45,3,Low
1660,227,1,High
1661,33,4,Low
1662,359,1,High
1663,168,2,Low
1664,167,3,Low
1665,103,2,Low
1666,80,2,Low
1667,20,2,Low
1670,57,3,Low
1671,165,2,Low
1672,137,4,Low
1673,200,3,High
1674,23,3,Low
1675,197,1,High
1676,112,3,Low
1677,224,2,High
1678,185,3,Low
1679,76,2,Low
1680,161,3,Low
1682,125,2,Low
1683,27,2,Low
1685,109,2,Low
1687,47,5,Low
1688,153,2,Low
1689,22,1,Low
1690,218,3,High
1691,136,1,Low
1692,13,2,Low
1693,172,2,Low
1695,53,2,Low
1696,45,3,Low
1697,95,3,Low
1698,6,1,Low
1699,95,3,Low
1701,123,5,Low
1702,205,2,High
1704,5,3,Low
1705,286,2,High
1706,171,2,Low
1707,168,1,Low
1708,288,3,High
1709,31,3,Low
1710,16,3,Low
1711,33,4,Low
1713,60,2,Low
1714,64,1,Low
1715,28,3,Low
1716,100,1,Low
1717,90,2,Low
1718,177,1,Low
1719,117,3,Low
1720,72,4,Low
1721,63,2,Low
1724,96,1,Low
1725,51,4,Low
1726,42,1,Low
1727,292,2,High
1728,223,1,High
1729,160,1,Low
1730,74,4,Low
1731,162,2,Low
1732,96,1,Low
1733,286,1,High
1734,30,5,Low
1735,16,2,Low
1736,117,2,Low
1737,47,5,Low
1738,200,1,High
1739,98,4,Low
1741,23,3,Low
1742,12,1,Low
1743,151,1,Low
1744,27,2,Low
1745,175,1,Low
1748,260,2,High
1749,66,2,Low
1750,111,5,Low
1752,109,5,Low
1753,277,1,High
1754,139,1,Low
1755,18,8,Low
1757,227,2,High
1759,164,4,Low
1760,8,6,Low
1761,212,3,High
1762,117,1,Low
1763,27,1,Low
1764,325,1,High
1765,32,2,Low
1766,7,1,Low
1767,215,1,High
1768,303,1,High
1769,166,2,Low
1770,339,2,High
1771,94,4,Low
1772,197,1,High
1773,152,3,Low
1774,95,5,Low
1775,266,1,High
1778,25,3,Low
1779,188,1,Low
1780,217,1,High
1782,199,4,High
1783,284,3,High
1784,36,1,Low
1785,110,1,Low
1786,40,2,Low
1787,343,1,High
1788,99,1,Low
1789,2,3,Low
1790,145,5,Low
1791,71,2,Low
1792,253,1,High
1793,39,9,Low
1794,112,1,Low
1795,134,3,Low
1797,137,3,Low
1799,40,2,Low
1800,240,2,High
1801,50,5,Low
1802,183,2,Low
1803,23,3,Low
1804,113,1,Low
1807,271,2,High
1808,120,3,Low
1810,13,3,Low
1811,29,5,Low
1812,169,2,Low
1813,228,2,High
1814,9,3,Low
1815,149,3,Low
1816,100,1,Low
1817,350,1,High
1818,186,4,Low
1819,72,1,Low
1821,274,1,High
1822,8,3,Low
1824,103,1,Low
1825,168,2,Low
1826,36,2,Low
1827,224,1,High
1828,131,4,Low
1829,211,1,High
1830,103,2,Low
1831,8,1,Low
1832,280,2,High
1833,210,2,High
1834,50,3,Low
1835,9,3,Low
1836,7,2,Low
1838,44,3,Low
1839,36,3,Low
1840,130,3,Low
1842,88,3,Low
1843,170,1,Low
1844,174,2,Low
1845,235,1,High
1847,34,2,Low
1848,26,1,Low
1849,38,4,Low
1850,186,1,Low
1851,47,1,Low
1852,18,7,Low
1854,231,2,High
1855,84,1,Low
1857,169,2,Low
1858,189,2,Low
1859,72,2,Low
1860,152,4,Low
1861,18,2,Low
1862,116,2,Low
1863,124,3,Low
1864,109,4,Low
1866,225,1,High
1867,7,3,Low
1868,249,2,High
1869,52,4,Low
1870,337,1,High
1871,100,4,Low
1872,177,2,Low
1873,353,1,High
1874,204,3,High
1876,8,3,Low
1877,279,1,High
1878,333,1,High
1879,23,3,Low
1880,77,1,Low
1881,108,1,Low
1882,305,1,High
1883,241,1,High
1884,158,1,Low
1885,4,4,Low
1886,188,1,Low
1887,77,4,Low
1888,342,1,High
1889,12,2,Low
1890,17,2,Low
1891,19,2,Low
1894,36,3,Low
1895,103,2,Low
1896,258,2,High
1897,24,2,Low
1898,8,3,Low
1899,107,3,Low
1900,51,4,Low
1901,275,2,High
1903,36,5,Low
1904,62,2,Low
1905,182,1,Low
1906,32,3,Low
1907,280,1,High
1908,39,3,Low
1909,196,3,High
1910,13,2,Low
1912,306,1,High
1913,356,1,High
1914,299,1,High
1915,122,3,Low
1916,9,3,Low
1918,66,2,Low
1919,64,3,Low
1920,97,7,Low
1923,136,2,Low
1924,9,4,Low
1925,303,2,High
1926,187,1,Low
1927,264,1,High
1928,15,5,Low
1929,350,1,High
1930,65,1,Low
1932,80,2,Low
1933,271,1,High
1934,189,4,Low
1935,163,1,Low
1937,232,2,High
1938,102,1,Low
1939,112,1,Low
1940,143,1,Low
1941,247,2,High
1942,79,3,Low
1943,114,3,Low
1944,301,1,High
1945,30,5,Low
1946,35,2,Low
1947,253,2,High
1948,365,1,High
1949,47,2,Low
1950,21,5,Low
1951,4,2,Low
1952,291,1,High
1953,56,4,Low
1954,346,1,High
1955,121,2,Low
1956,66,2,Low
1957,238,1,High
1958,24,4,Low
1959,211,2,High
1960,56,2,Low
1962,122,3,Low
1964,26,3,Low
1965,36,5,Low
1966,350,1,High
1968,88,1,Low
1969,172,3,Low
1971,158,3,Low
1972,49,4,Low
1973,109,2,Low
1974,147,2,Low
1975,251,1,High
1976,49,3,Low
1977,350,1,High
1978,163,1,Low
1979,87,2,Low
1980,106,1,Low
1982,42,2,Low
1983,41,1,Low
1984,76,2,Low
1985,282,1,High
1986,202,1,High
1987,42,3,Low
1988,194,1,High
1990,152,2,Low
1992,138,2,Low
1993,143,1,Low
1994,28,5,Low
1995,159,2,Low
1996,136,2,Low
1997,46,3,Low
1998,6,5,Low
1999,170,1,Low
2000,16,5,Low
2001,17,5,Low
2002,92,2,Low
2004,77,4,Low
2005,130,2,Low
2006,108,1,Low
2007,46,5,Low
2008,70,2,Low
2009,86,2,Low
2010,352,1,High
2011,186,2,Low
2012,322,2,High
2014,37,2,Low
2017,53,2,Low
2018,97,3,Low
2019,50,4,Low
2020,195,3,High
2022,214,1,High
2024,63,1,Low
2025,74,1,Low
2027,34,3,Low
2029,80,3,Low
2030,135,2,Low
2031,186,3,Low
2032,14,2,Low
2033,271,3,High
2034,14,2,Low
2035,129,2,Low
2036,55,2,Low
2037,32,2,Low
2038,153,3,Low
2039,37,1,Low
2040,35,2,Low
2041,4,2,Low
2042,172,3,Low
2043,27,5,Low
2044,324,1,High
2045,204,1,High
2046,50,3,Low
2047,127,2,Low
2048,40,2,Low
2049,255,1,High
2051,9,6,Low
2052,226,2,High
2053,208,2,High
2054,321,1,High
2055,38,4,Low
2056,108,3,Low
2057,5,4,Low
2058,39,3,Low
2060,35,2,Low
2062,67,3,Low
2063,221,1,High
2065,115,3,Low
2067,41,2,Low
2068,168,2,Low
2069,333,1,High
2071,326,1,High
2072,11,2,Low
2073,248,2,High
2074,164,2,Low
2075,2,2,Low
2076,246,2,High
2077,101,2,Low
2078,211,1,High
2079,154,2,Low
2081,28,3,Low
2082,111,1,Low
2083,33,2,Low
2084,277,2,High
2085,240,2,High
2086,352,1,High
2088,46,5,Low
2089,11,3,Low
2090,5,3,Low
2091,219,2,High
2092,33,3,Low
2093,294,1,High
2095,150,4,Low
2096,40,1,Low
2097,277,1,High
2098,237,1,High
2099,71,3,Low
2100,33,2,Low
2101,239,1,High
2102,189,1,Low
2103,70,1,Low
2104,45,3,Low
2105,61,1,Low
2107,80,3,Low
2108,80,1,Low
2110,58,2,Low
2111,52,2,Low
2112,24,1,Low
2113,23,2,Low
2114,3,3,Low
2115,146,1,Low
2116,16,1,Low
2117,46,4,Low
2118,340,2,High
2119,31,2,Low
2120,358,2,High
2121,126,1,Low
2122,34,1,Low
2123,110,2,Low
2124,76,4,Low
2125,277,1,High
2126,194,4,High
2127,1,1,Low
2128,231,1,High
2129,65,3,Low
2131,261,1,High
2133,125,1,Low
2134,217,1,High
2135,55,5,Low
2136,235,2,High
2137,252,2,High
2138,302,2,High
2140,219,1,High
2141,146,2,Low
2142,285,2,High
2143,303,1,High
2144,54,1,Low
2148,178,2,Low
2149,147,3,Low
2150,102,2,Low
2151,66,3,Low
2152,3,2,Low
2153,217,2,High
2154,149,4,Low
2155,155,1,Low
2156,140,3,Low
2157,55,3,Low
2158,170,2,Low
2159,68,2,Low
2160,5,4,Low
2162,137,2,Low
2164,184,3,Low
2165,22,2,Low
2166,218,3,High
2167,91,1,Low
2169,55,4,Low
2170,68,1,Low
2171,72,3,Low
2172,83,1,Low
2173,6,3,Low
2174,139,1,Low
2176,153,2,Low
2177,213,2,High
2178,160,3,Low
2179,30,1,Low
2181,110,2,Low
2182,27,4,Low
2183,47,2,Low
2184,148,2,Low
2185,72,1,Low
2186,47,1,Low
2188,41,5,Low
2189,39,2,Low
2190,17,3,Low
2191,79,2,Low
2193,43,3,Low
2195,34,4,Low
2196,308,2,High
2197,218,2,High
2199,18,3,Low
2200,234,1,High
2201,286,1,High
2202,69,3,Low
2204,339,1,High
2205,79,3,Low
2206,151,4,Low
2207,117,3,Low
2208,206,2,High
2209,340,1,High
2210,81,5,Low
2211,341,1,High
2212,48,3,Low
2213,275,1,High
2215,252,2,High
2216,101,2,Low
2217,42,2,Low
2219,183,1,Low
2220,20,1,Low
2221,8,3,Low
2222,21,3,Low
2223,68,1,Low
2224,264,1,High
2225,49,1,Low
2226,48,3,Low
2227,21,4,Low
2228,29,2,Low
2229,54,2,Low
2232,32,2,Low
2233,11,4,Low
2234,2,2,Low
2235,16,1,Low
2236,126,2,Low
2237,41,1,Low
2238,178,2,Low
2239,108,4,Low
2240,291,2,High
2241,4,2,Low
2243,223,1,High
2245,109,2,Low
2247,323,1,High
2249,40,5,Low
2250,121,3,Low
2251,2,3,Low
2252,225,1,High
2253,63,3,Low
2254,24,4,Low
2255,98,2,Low
2256,85,1,Low
2257,12,2,Low
2258,214,2,High
2260,306,1,High
2263,198,1,High
2264,153,3,Low
2265,13,2,Low
2266,157,2,Low
2267,328,2,High
2269,139,3,Low
2270,76,1,Low
2271,193,5,Low
2272,85,1,Low
2273,116,1,Low
2275,104,1,Low
2276,78,1,Low
2278,133,2,Low
2279,99,4,Low
2282,144,3,Low
2283,162,4,Low
2284,89,2,Low
2286,336,1,High
2287,168,2,Low
2289,149,3,Low
2290,291,1,High
2291,37,3,Low
2293,26,3,Low
2294,24,4,Low
2295,7,1,Low
2296,86,2,Low
2297,185,1,Low
2299,39,2,Low
2300,67,2,Low
2301,267,1,High
2302,225,2,High
2305,5,3,Low
2306,223,2,High
2307,67,2,Low
2308,67,2,Low
2309,229,1,High
2310,192,1,Low
2312,78,4,Low
2313,32,1,Low
2314,118,1,Low
2315,109,2,Low
2317,94,2,Low
2319,208,1,High
2320,8,3,Low
2321,113,2,Low
2322,177,1,Low
2323,163,3,Low
2324,81,2,Low
2325,25,1,Low
2326,203,2,High
2327,68,1,Low
2328,329,1,High
2329,148,3,Low
2330,236,2,High
2332,108,1,Low
2333,196,3,High
2334,72,3,Low
2336,213,3,High
2338,144,4,Low
2339,275,3,High
2340,45,1,Low
2342,95,2,Low
2343,254,1,High
2344,148,1,Low
2345,33,3,Low
2346,103,3,Low
2347,186,1,Low
2348,100,4,Low
2349,41,2,Low
2350,358,1,High
2351,301,1,High
2352,30,3,Low
2353,302,2,High
2354,40,5,Low
2355,286,1,High
2356,85,4,Low
2357,88,1,Low
2358,264,2,High
2359,83,2,Low
2360,71,1,Low
2361,86,1,Low
2363,180,1,Low
2364,47,2,Low
2365,192,1,Low
2366,161,1,Low
2367,38,2,Low
2369,223,4,High
2370,42,4,Low
2371,282,1,High
2372,59,1,Low
2374,59,1,Low
2376,54,2,Low
2377,17,2,Low
2378,174,1,Low
2379,34,1,Low
2380,35,1,Low
2381,278,1,High
2382,191,3,Low
2383,329,1,High
2384,333,1,High
2385,162,3,Low
2386,294,1,High
2387,67,2,Low
2388,60,4,Low
2389,349,1,High
2390,102,1,Low
2391,187,1,Low
2392,27,4,Low
2393,216,2,High
2394,97,2,Low
2395,279,1,High
2396,230,2,High
2397,289,2,High
2398,18,1,Low
2399,51,2,Low
2401,103,3,Low
2402,18,4,Low
2403,156,2,Low
2404,195,1,High
2405,158,1,Low
2406,10,1,Low
2407,111,2,Low
2408,109,1,Low
2409,85,1,Low
2410,24,1,Low
2411,101,3,Low
2412,187,3,Low
2413,88,2,Low
2414,27,7,Low
2415,1,2,Low
2416,23,3,Low
2417,43,2,Low
2418,185,2,Low
2420,68,3,Low
2421,84,3,Low
2422,256,2,High
2423,30,1,Low
2424,123,2,Low
2425,20,4,Low
2426,87,1,Low
2427,244,2,High
2429,95,5,Low
2430,38,1,Low
2431,216,1,High
2432,1,4,Low
2434,32,2,Low
2435,50,1,Low
2436,159,2,Low
2439,22,3,Low
2440,166,3,Low
2441,140,2,Low
2442,22,4,Low
2444,122,1,Low
2445,19,2,Low
2446,34,1,Low
2447,357,2,High
2448,73,2,Low
2449,39,3,Low
2450,161,1,Low
2451,291,1,High
2452,131,3,Low
2453,11,4,Low
2454,139,1,Low
2458,103,2,Low
2459,12,3,Low
2460,254,1,High
2462,19,6,Low
2463,9,3,Low
2464,63,2,Low
2465,30,3,Low
2466,18,3,Low
2467,125,4,Low
2468,29,3,Low
2469,63,4,Low
2470,117,1,Low
2471,43,4,Low
2473,57,3,Low
2474,4,4,Low
2475,10,2,Low
2477,128,3,Low
2478,174,2,Low
2479,9,3,Low
2480,99,3,Low
2481,52,3,Low
2484,107,1,Low
2485,53,2,Low
2486,193,3,Low
2487,12,2,Low
2488,312,1,High
2489,308,1,High
2490,335,1,High
2491,112,3,Low
2493,134,1,Low
2494,192,2,Low
2495,292,2,High
2496,25,5,Low
2497,217,1,High
2498,60,2,Low
2499,122,1,Low
2500,141,2,Low
2501,262,2,High
2502,206,1,High
2503,248,2,High
2505,39,2,Low
2506,176,1,Low
2508,180,3,Low
2509,127,1,Low
2510,186,5,Low
2511,136,1,Low
2512,2,4,Low
2513,157,2,Low
2514,233,2,High
2515,78,4,Low
2516,306,1,High
2517,186,1,Low
2518,41,2,Low
2519,299,1,High
2520,12,3,Low
2521,128,2,Low
2522,19,1,Low
2523,147,3,Low
2524,274,2,High
2525,110,1,Low
2527,69,2,Low
2529,293,2,High
2530,32,2,Low
2531,115,2,Low
2532,1,2,Low
2533,46,5,Low
2534,137,4,Low
2535,242,2,High
2536,286,2,High
2537,99,4,Low
2538,232,1,High
2539,295,1,High
2540,29,3,Low
2542,38,3,Low
2543,78,3,Low
2544,142,1,Low
2545,302,1,High
2546,243,1,High
2548,51,1,Low
2550,125,3,Low
2551,255,2,High
2553,212,1,High
2554,2,3,Low
2555,36,2,Low
2556,142,3,Low
2558,46,3,Low
2559,127,3,Low
2560,1,2,Low
2561,49,1,Low
2562,243,1,High
2563,6,1,Low
2564,61,1,Low
2565,134,2,Low
2566,117,1,Low
2568,48,4,Low
2569,274,1,High
2573,323,1,High
2575,209,2,High
2577,57,3,Low
2578,33,1,Low
2579,208,1,High
2580,107,4,Low
2581,1,3,Low
2582,118,5,Low
2583,99,2,Low
2584,61,2,Low
2585,265,1,High
2586,184,1,Low
2587,122,3,Low
2588,69,2,Low
2590,156,4,Low
2591,46,4,Low
2592,67,3,Low
2593,351,1,High
2594,102,1,Low
2595,117,2,Low
2596,53,6,Low
2597,208,1,High
2598,5,2,Low
2599,50,4,Low
2600,143,2,Low
2601,77,3,Low
2602,312,1,High
2603,193,2,Low
2604,180,1,Low
2605,38,2,Low
2606,282,1,High
2607,100,5,Low
2608,53,1,Low
2609,57,2,Low
2610,12,1,Low
2611,42,3,Low
2612,280,2,High
2614,182,3,Low
2615,68,2,Low
2616,131,3,Low
2617,39,5,Low
2618,264,1,High
2620,156,4,Low
2621,214,2,High
2622,261,1,High
2623,31,2,Low
2624,146,1,Low
2625,94,1,Low
2627,117,3,Low
2628,92,2,Low
2629,71,2,Low
2630,27,6,Low
2631,12,1,Low
2632,34,3,Low
2633,134,5,Low
2634,28,3,Low
2635,33,4,Low
2636,99,2,Low
2637,19,2,Low
2638,119,1,Low
2639,36,1,Low
2640,80,3,Low
2641,281,2,High
2642,36,3,Low
2643,218,1,High
2644,146,5,Low
2645,12,4,Low
2647,330,2,High
2648,271,1,High
2649,99,1,Low
2650,83,3,Low
2651,52,1,Low
2652,364,1,High
2653,349,2,High
2654,12,2,Low
2656,258,1,High
2657,194,1,High
2658,11,4,Low
2659,42,4,Low
2660,198,2,High
2661,127,1,Low
2662,215,2,High
2663,167,1,Low
2664,59,1,Low
2665,181,5,Low
2666,69,3,Low
2668,86,1,Low
2669,13,5,Low
2670,68,1,Low
2672,60,3,Low
2674,90,4,Low
2675,73,4,Low
2676,82,3,Low
2677,151,1,Low
2678,199,3,High
2679,67,1,Low
2680,239,1,High
2681,8,2,Low
2684,159,2,Low
2686,128,2,Low
2687,106,3,Low
2688,142,1,Low
2689,358,1,High
2690,168,3,Low
2691,26,2,Low
2692,109,4,Low
2693,38,2,Low
2696,130,3,Low
2697,304,2,High
2699,153,2,Low
2701,147,2,Low
2702,203,2,High
2703,166,2,Low
2704,81,4,Low
2705,24,1,Low
2706,67,2,Low
2707,154,3,Low
2708,178,1,Low
2709,36,2,Low
2710,169,3,Low
2711,68,2,Low
2713,242,2,High
2715,28,3,Low
2716,198,2,High
2717,8,1,Low
2718,29,1,Low
2719,22,3,Low
2720,25,3,Low
2721,52,3,Low
2722,153,2,Low
2723,343,1,High
2724,1,4,Low
2725,256,1,High
2726,2,2,Low
2727,266,2,High
2728,149,2,Low
2729,143,1,Low
2730,77,2,Low
2731,39,3,Low
2732,147,2,Low
2733,30,2,Low
2734,306,1,High
2735,229,1,High
2736,86,2,Low
2738,247,2,High
2739,17,3,Low
2740,31,5,Low
2741,80,2,Low
2742,25,2,Low
2743,18,4,Low
2744,33,4,Low
2745,122,1,Low
2746,32,1,Low
2747,44,2,Low
2748,60,2,Low
2749,114,2,Low
2751,7,2,Low
2752,286,1,High
2753,20,4,Low
2754,239,2,High
2756,357,1,High
2757,100,1,Low
2758,231,1,High
2759,302,1,High
2760,44,7,Low
2761,3,4,Low
2762,94,1,Low
2764,91,1,Low
2765,18,2,Low
2766,145,2,Low
2767,133,4,Low
2768,211,2,High
2769,124,3,Low
2770,117,4,Low
2772,84,2,Low
2773,28,3,Low
2774,171,1,Low
2775,120,3,Low
2776,98,2,Low
2777,5,1,Low
2778,276,2,High
2779,61,2,Low
2780,341,1,High
2781,75,1,Low
2783,194,1,High
2784,298,1,High
2785,37,7,Low
2786,182,1,Low
2787,13,2,Low
2788,95,1,Low
2789,23,2,Low
2790,181,1,Low
2791,48,1,Low
2792,191,2,Low
2793,81,4,Low
2794,142,4,Low
2795,12,4,Low
2796,121,3,Low
2797,283,1,High
2798,89,1,Low
2799,7,2,Low
2800,340,1,High
2801,19,2,Low
2802,116,5,Low
2803,54,1,Low
2804,240,3,High
2805,26,2,Low
2806,70,2,Low
2807,66,3,Low
2808,339,1,High
2809,4,1,Low
2810,295,1,High
2811,125,1,Low
2813,66,2,Low
2814,55,2,Low
2816,104,1,Low
2817,113,2,Low
2818,83,1,Low
2819,61,2,Low
2820,191,2,Low
2821,128,2,Low
2822,176,1,Low
2823,24,4,Low
2824,157,2,Low
2825,110,3,Low
2826,277,1,High
2827,247,2,High
2828,99,2,Low
2829,43,4,Low
2830,190,1,Low
2831,90,3,Low
2832,108,4,Low
2833,269,1,High
2834,57,4,Low
2835,96,2,Low
2837,283,2,High
2838,35,3,Low
2840,5,2,Low
2841,16,3,Low
2842,37,3,Low
2843,147,2,Low
2844,335,1,High
2845,139,1,Low
2847,311,2,High
2848,28,3,Low
2849,123,3,Low
2850,72,1,Low
2851,109,3,Low
2852,43,3,Low
2854,29,2,Low
2855,16,3,Low
2856,71,2,Low
2857,16,2,Low
2858,320,1,High
2859,23,2,Low
2860,9,2,Low
2861,7,2,Low
2863,136,5,Low
2864,9,3,Low
2865,24,2,Low
2866,26,1,Low
2867,12,2,Low
2868,207,3,High
2869,230,2,High
2871,4,2,Low
2872,23,4,Low
2873,220,2,High
2874,198,3,High
2875,184,3,Low
2876,50,4,Low
2877,113,1,Low
2879,84,2,Low
2880,261,4,High
2881,209,2,High
2882,145,2,Low
2883,119,1,Low
2884,186,1,Low
2887,59,2,Low
2888,320,1,High
2889,265,1,High
2890,117,3,Low
2891,10,4,Low
2892,19,2,Low
2893,176,2,Low
2894,252,1,High
2895,43,1,Low
2896,199,3,High
2897,2,5,Low
2900,111,1,Low
2901,101,1,Low
2902,107,1,Low
2903,144,2,Low
2904,101,1,Low
2905,215,2,High
2906,70,1,Low
2907,116,4,Low
2908,90,2,Low
2909,86,4,Low
2910,234,1,High
2911,148,1,Low
2912,12,2,Low
2913,28,2,Low
2914,82,3,Low
2915,154,1,Low
2916,322,1,High
2917,128,1,Low
2918,18,5,Low
2919,10,2,Low
2921,46,2,Low
2922,49,2,Low
2923,190,2,Low
2924,102,1,Low
2925,162,1,Low
2926,84,2,Low
2927,34,2,Low
2928,54,3,Low
2930,264,2,High
2931,190,2,Low
2932,12,1,Low
2933,279,1,High
2934,44,4,Low
2935,71,3,Low
2937,171,2,Low
2938,124,2,Low
2939,57,2,Low
2941,64,2,Low
2942,9,2,Low
2944,196,3,High
2945,153,2,Low
2946,322,1,High
2947,236,2,High
2948,41,2,Low
2949,76,4,Low
2950,85,1,Low
2951,359,1,High
2952,114,3,Low
2953,217,1,High
2955,33,1,Low
2956,46,2,Low
2957,47,2,Low
2958,277,1,High
2959,40,3,Low
2960,6,2,Low
2962,81,2,Low
2963,234,3,High
2964,208,4,High
2965,242,1,High
2967,263,1,High
2969,5,4,Low
2970,47,3,Low
2971,211,1,High
2973,46,3,Low
2974,94,5,Low
2975,115,2,Low
2976,91,3,Low
2977,329,1,High
2978,99,1,Low
2979,42,2,Low
2980,24,2,Low
2981,139,3,Low
2982,198,2,High
2983,186,1,Low
2984,75,3,Low
2985,70,1,Low
2986,101,3,Low
2987,74,1,Low
2988,95,3,Low
2989,96,1,Low
2991,97,3,Low
2992,89,2,Low
2993,141,1,Low
2994,44,4,Low
2995,224,1,High
2996,67,2,Low
2997,81,4,Low
2998,153,1,Low
2999,19,1,Low
3000,211,1,High
3001,70,2,Low
3002,57,2,Low
3003,186,1,Low
3004,176,1,Low
3005,111,4,Low
3006,207,2,High
3007,54,1,Low
3008,137,3,Low
3009,100,1,Low
3010,112,3,Low
3012,117,3,Low
3013,60,2,Low
3014,64,2,Low
3015,9,2,Low
3016,206,3,High
3018,56,2,Low
3019,112,5,Low
3020,192,2,Low
3021,30,3,Low
3022,33,2,Low
3023,11,4,Low
3024,197,3,High
3025,96,1,Low
3026,82,2,Low
3027,92,1,Low
3028,53,1,Low
3029,16,1,Low
3031,360,1,High
3032,88,2,Low
3033,124,3,Low
3034,294,1,High
3035,18,2,Low
3036,16,3,Low
3037,25,2,Low
3038,254,2,High
3040,287,2,High
3041,258,3,High
3042,107,3,Low
3043,123,3,Low
3044,310,1,High
3045,193,1,Low
3047,96,1,Low
3050,354,1,High
3051,121,3,Low
3052,113,1,Low
3053,69,1,Low
3054,42,4,Low
3055,165,2,Low
3056,200,1,High
3057,11,4,Low
3060,237,1,High
3061,23,1,Low
3062,147,1,Low
3064,81,2,Low
3065,115,2,Low
3066,148,1,Low
3067,204,5,High
3068,64,1,Low
3069,199,2,High
3071,176,2,Low
3072,148,2,Low
3073,204,2,High
3074,142,2,Low
3075,135,4,Low
3076,1,4,Low
3077,285,1,High
3078,20,1,Low
3079,184,1,Low
3080,177,1,Low
3081,271,1,High
3082,182,1,Low
3083,32,3,Low
3084,124,4,Low
3085,224,1,High
3086,163,1,Low
3087,160,4,Low
3088,49,1,Low
3089,63,3,Low
3091,78,4,Low
3092,27,5,Low
3093,74,3,Low
3094,79,1,Low
3095,18,3,Low
3096,55,3,Low
3097,47,3,Low
3098,177,1,Low
3099,55,1,Low
3103,27,4,Low
3104,32,3,Low
3105,83,1,Low
3106,5,3,Low
3107,36,4,Low
3108,235,1,High
3109,289,1,High
3111,19,4,Low
3112,253,2,High
3114,178,1,Low
3115,260,1,High
3116,45,2,Low
3117,100,1,Low
3118,46,2,Low
3119,122,2,Low
3120,46,1,Low
3122,62,2,Low
3123,20,6,Low
3124,31,4,Low
3125,303,1,High
3126,17,6,Low
3127,222,1,High
3128,10,2,Low
3129,158,5,Low
3132,139,2,Low
3133,331,1,High
3134,351,2,High
3135,11,2,Low
3136,59,3,Low
3137,205,1,High
3138,116,1,Low
3139,155,3,Low
3140,168,2,Low
3141,50,2,Low
3142,5,4,Low
3143,54,4,Low
3144,249,1,High
3145,41,4,Low
3146,102,3,Low
3148,349,1,High
3150,147,2,Low
3151,224,2,High
3152,109,2,Low
3153,141,3,Low
3154,136,1,Low
3155,5,3,Low
3156,43,2,Low
3157,257,2,High
3158,53,2,Low
3159,110,2,Low
3160,60,2,Low
3161,271,2,High
3163,361,1,High
3164,154,1,Low
3166,193,4,Low
3167,136,1,Low
3168,56,1,Low
3169,121,2,Low
3170,51,1,Low
3171,121,3,Low
3172,224,1,High
3173,177,2,Low
3174,25,5,Low
3175,36,4,Low
3176,75,1,Low
3177,52,2,Low
3178,14,3,Low
3179,123,2,Low
3180,29,4,Low
3181,162,5,Low
3182,226,2,High
3183,213,1,High
3184,324,1,High
3185,99,4,Low
3187,77,4,Low
3188,319,1,High
3189,206,1,High
3190,344,2,High
3191,124,2,Low
3192,260,1,High
3193,42,1,Low
3194,150,3,Low
3195,110,4,Low
3196,189,2,Low
3197,115,4,Low
3198,151,1,Low
3200,93,3,Low
3201,185,2,Low
3202,37,4,Low
3203,22,1,Low
3204,227,2,High
3205,69,3,Low
3206,95,4,Low
3207,285,2,High
3208,80,2,Low
3209,280,2,High
3210,51,1,Low
3211,266,2,High
3212,77,1,Low
3214,140,2,Low
3215,177,7,Low
3216,163,2,Low
3218,16,2,Low
3219,316,1,High
3220,93,1,Low
3221,328,1,High
3222,293,1,High
3224,9,2,Low
3227,116,2,Low
3228,266,2,High
3230,338,1,High
3231,175,3,Low
3233,320,1,High
3234,128,3,Low
3235,125,1,Low
3236,181,2,Low
3237,232,2,High
3238,129,1,Low
3239,57,3,Low
3240,281,1,High
3241,315,1,High
3242,260,4,High
3243,48,2,Low
3244,134,2,Low
3245,54,2,Low
3246,110,3,Low
3247,2,5,Low
3248,9,2,Low
3249,157,4,Low
3250,123,3,Low
3251,88,1,Low
3252,174,1,Low
3253,179,2,Low
3254,150,2,Low
3255,192,2,Low
3256,21,2,Low
3257,345,1,High
3259,152,1,Low
3261,236,2,High
3262,120,2,Low
3263,48,2,Low
3265,141,1,Low
3267,37,3,Low
3268,44,2,Low
3270,319,1,High
3271,280,2,High
3272,61,1,Low
3273,52,2,Low
3274,96,2,Low
3275,286,2,High
3276,208,1,High
3277,292,2,High
3278,2,2,Low
3279,18,2,Low
3280,92,2,Low
3281,115,2,Low
3283,24,3,Low
3284,212,3,High
3285,3,4,Low
3287,95,2,Low
3288,68,3,Low
3289,142,1,Low
3290,1,2,Low
3293,25,4,Low
3294,100,3,Low
3296,27,3,Low
3297,49,2,Low
3298,103,2,Low
3299,97,1,Low
3300,67,2,Low
3301,119,1,Low
3302,212,1,High
3303,49,3,Low
3304,253,2,High
3305,238,3,High
3306,47,2,Low
3307,63,5,Low
3308,121,2,Low
3309,163,1,Low
3310,11,3,Low
3311,48,1,Low
3312,88,2,Low
3313,148,5,Low
3314,107,3,Low
3315,114,2,Low
3316,212,1,High
3317,105,3,Low
3318,33,3,Low
3319,49,2,Low
3320,158,2,Low
3321,49,3,Low
3322,104,1,Low
3324,360,1,High
3325,6,1,Low
3327,170,3,Low
3328,265,1,High
3329,205,3,High
3330,20,5,Low
3331,153,2,Low
3332,53,4,Low
3333,98,4,Low
3334,85,3,Low
3335,194,2,High
3336,188,2,Low
3337,63,5,Low
3338,214,3,High
3339,184,1,Low
3340,347,1,High
3341,360,1,High
3342,22,2,Low
3343,63,2,Low
3344,8,3,Low
3345,90,2,Low
3347,234,1,High
3348,77,1,Low
3349,30,1,Low
3350,62,2,Low
3351,135,2,Low
3353,211,1,High
3354,28,2,Low
3355,61,2,Low
3356,6,4,Low
3357,175,3,Low
3359,145,1,Low
3360,92,1,Low
3363,57,2,Low
3364,177,2,Low
3367,121,3,Low
3368,47,1,Low
3369,78,3,Low
3370,25,4,Low
3371,223,3,High
3373,78,2,Low
3374,11,2,Low
3375,43,3,Low
3376,39,4,Low
3377,3,2,Low
3378,100,3,Low
3379,265,2,High
3380,108,1,Low
3381,3,1,Low
3382,29,2,Low
3383,214,2,High
3384,23,4,Low
3385,291,1,High
3387,76,2,Low
3388,52,3,Low
3389,93,4,Low
3390,89,3,Low
3392,62,1,Low
3393,26,3,Low
3394,102,2,Low
3395,42,7,Low
3396,159,2,Low
3397,76,1,Low
3399,149,1,Low
3402,279,1,High
3403,104,1,Low
3404,68,2,Low
3407,124,2,Low
3408,238,1,High
3409,119,4,Low
3410,318,2,High
3411,64,2,Low
3413,167,2,Low
3414,37,2,Low
3415,246,2,High
3416,254,2,High
3417,346,1,High
3418,113,1,Low
3419,45,2,Low
3420,351,1,High
3421,63,2,Low
3424,89,2,Low
3425,4,3,Low
3426,37,3,Low
3428,323,1,High
3429,206,1,High
3430,272,1,High
3431,62,2,Low
3432,127,1,Low
3433,92,1,Low
3434,41,2,Low
3435,284,3,High
3436,158,4,Low
3438,20,3,Low
3440,110,1,Low
3442,23,3,Low
3443,178,1,Low
3444,218,2,High
3445,19,3,Low
3446,278,1,High
3447,79,2,Low
3448,16,2,Low
3449,88,6,Low
3450,59,3,Low
3451,115,3,Low
3453,321,1,High
3454,281,1,High
3455,73,4,Low
3458,350,1,High
3459,303,1,High
3460,145,2,Low
3461,210,3,High
3462,92,3,Low
3463,40,5,Low
3464,164,1,Low
3465,250,1,High
3466,75,3,Low
3467,18,1,Low
3468,136,1,Low
3469,76,1,Low
3470,191,1,Low
3471,10,3,Low
3472,62,2,Low
3473,141,2,Low
3474,7,4,Low
3475,122,1,Low
3476,191,1,Low
3477,171,1,Low
3478,309,3,High
3480,153,3,Low
3481,55,1,Low
3482,45,3,Low
3483,190,1,Low
3484,348,1,High
3485,78,3,Low
3486,89,2,Low
3487,305,2,High
3488,149,1,Low
3489,115,1,Low
3490,42,1,Low
3491,127,1,Low
3492,24,3,Low
3493,135,1,Low
3494,91,2,Low
3496,87,1,Low
3497,94,2,Low
3498,337,1,High
3499,332,1,High
3500,256,1,High
3501,124,2,Low
3502,149,6,Low
3503,203,1,High
3504,21,4,Low
3505,18,2,Low
3506,24,1,Low
3508,189,1,Low
3509,116,1,Low
3510,75,4,Low
3511,93,2,Low
3512,161,4,Low
3514,225,3,High
3515,168,2,Low
3516,65,2,Low
3517,62,4,Low
3518,29,1,Low
3519,100,1,Low
3520,50,3,Low
3521,119,4,Low
3522,30,4,Low
3523,81,2,Low
3524,100,3,Low
3525,1,3,Low
3526,172,1,Low
3527,227,2,High
3528,56,1,Low
3529,86,4,Low
3530,21,3,Low
3531,204,2,High
3532,174,4,Low
3533,292,2,High
3534,271,1,High
3535,227,1,High
3536,10,3,Low
3537,128,2,Low
3538,247,1,High
3539,154,4,Low
3540,27,3,Low
3544,329,1,High
3546,104,2,Low
3547,214,2,High
3548,162,2,Low
3549,61,4,Low
3550,9,4,Low
3551,19,2,Low
3552,36,5,Low
3553,78,1,Low
3554,73,2,Low
3555,193,1,Low
3556,161,2,Low
3557,29,4,Low
3558,19,2,Low
3559,28,2,Low
3560,116,1,Low
3561,325,1,High
3562,135,2,Low
3563,93,3,Low
3564,21,2,Low
3565,28,4,Low
3566,320,2,High
3567,108,1,Low
3568,101,2,Low
3569,143,5,Low
3570,241,1,High
3572,27,2,Low
3573,284,2,High
3574,105,4,Low
3576,271,1,High
3577,220,1,High
3578,5,4,Low
3579,203,3,High
3580,69,1,Low
3581,108,4,Low
3582,209,3,High
3583,81,2,Low
3584,279,2,High
3585,330,1,High
3587,108,2,Low
3588,59,2,Low
3589,162,1,Low
3590,66,2,Low
3591,71,3,Low
3592,240,1,High
3593,158,3,Low
3594,116,1,Low
3595,20,2,Low
3596,120,3,Low
3597,157,2,Low
3599,5,2,Low
3601,234,1,High
3602,356,1,High
3603,120,1,Low
3604,79,4,Low
3605,2,2,Low
3606,63,4,Low
3607,281,1,High
3608,55,4,Low
3610,128,1,Low
3611,343,1,High
3613,282,1,High
3614,179,3,Low
3615,158,1,Low
3616,59,2,Low
3617,279,1,High
3618,242,1,High
3619,215,1,High
3620,77,3,Low
3621,134,2,Low
3622,121,3,Low
3623,232,1,High
3624,79,5,Low
3625,272,2,High
3626,93,1,Low
3627,47,2,Low
3628,144,2,Low
3629,12,2,Low
3630,77,1,Low
3631,160,2,Low
3632,96,1,Low
3633,266,1,High
3634,52,3,Low
3635,10,3,Low
3636,164,3,Low
3637,50,6,Low
3638,181,1,Low
3639,160,1,Low
3640,39,1,Low
3642,152,3,Low
3643,134,2,Low
3644,2,4,Low
3646,106,2,Low
3647,80,1,Low
3648,133,2,Low
3650,154,3,Low
3651,1,6,Low
3652,55,3,Low
3653,159,3,Low
3655,107,1,Low
3656,318,1,High
3657,192,2,Low
3658,209,2,High
3659,2,1,Low
3660,18,3,Low
3661,210,1,High
3662,6,2,Low
3663,18,3,Low
3664,15,1,Low
3666,296,1,High
3667,75,1,Low
3668,237,2,High
3669,285,1,High
3670,43,5,Low
3672,111,2,Low
3673,251,1,High
3674,97,3,Low
3676,279,2,High
3677,159,3,Low
3678,139,1,Low
3679,104,3,Low
3681,262,1,High
3682,176,1,Low
3683,16,3,Low
3684,168,1,Low
3686,329,1,High
3688,218,2,High
3689,136,3,Low
3690,162,2,Low
3691,80,2,Low
3692,171,3,Low
3694,293,1,High
3695,192,1,Low
3696,31,2,Low
3698,9,4,Low
3699,114,2,Low
3701,94,1,Low
3702,56,1,Low
3703,59,4,Low
3704,21,1,Low
3705,48,2,Low
3706,133,1,Low
3707,257,1,High
3708,259,1,High
3709,164,2,Low
3710,73,4,Low
3711,249,2,High
3712,22,3,Low
3714,100,3,Low
3715,8,3,Low
3716,203,1,High
3717,187,1,Low
3719,11,4,Low
3720,242,1,High
3721,101,2,Low
3722,195,1,High
3723,161,3,Low
3724,328,1,High
3725,123,5,Low
3726,39,2,Low
3727,287,1,High
3728,64,2,Low
3729,1,3,Low
3730,243,1,High
3731,19,4,Low
3732,47,4,Low
3733,62,3,Low
3734,7,3,Low
3735,93,2,Low
3736,101,2,Low
3737,322,2,High
3738,11,4,Low
3740,38,2,Low
3741,331,1,High
3742,143,2,Low
3743,153,2,Low
3744,265,2,High
3745,26,1,Low
3746,22,1,Low
3747,348,1,High
3748,315,1,High
3749,234,1,High
3750,235,1,High
3751,73,2,Low
3752,24,3,Low
3753,99,1,Low
3754,105,2,Low
3755,205,1,High
3756,20,6,Low
3757,128,2,Low
3758,74,3,Low
3759,206,1,High
3760,248,2,High
3761,137,4,Low
3763,31,2,Low
3764,150,7,Low
3765,197,1,High
3767,162,2,Low
3768,326,1,High
3769,100,1,Low
3770,133,2,Low
3771,25,8,Low
3773,70,3,Low
3774,49,4,Low
3775,289,2,High
3776,70,3,Low
3777,44,5,Low
3778,108,3,Low
3779,6,4,Low
3780,131,2,Low
3783,20,2,Low
3784,199,3,High
3785,73,1,Low
3786,111,1,Low
3787,89,4,Low
3788,182,1,Low
3789,225,1,High
3790,112,1,Low
3791,57,2,Low
3792,221,2,High
3793,3,2,Low
3794,241,1,High
3795,93,2,Low
3796,164,4,Low
3797,111,1,Low
3798,193,3,Low
3799,215,1,High
3800,144,2,Low
3804,21,2,Low
3806,58,3,Low
3807,197,3,High
3808,324,1,High
3809,45,4,Low
3811,23,3,Low
3812,27,7,Low
3814,80,2,Low
3815,29,2,Low
3816,291,1,High
3817,356,1,High
3818,262,2,High
3819,228,1,High
3820,180,2,Low
3821,315,1,High
3822,35,3,Low
3824,59,4,Low
3825,88,1,Low
3826,92,2,Low
3827,67,2,Low
3828,42,4,Low
3829,22,2,Low
3830,239,2,High
3831,14,4,Low
3833,97,4,Low
3834,32,5,Low
3835,121,3,Low
3836,53,3,Low
3837,70,3,Low
3838,79,1,Low
3839,5,1,Low
3840,27,3,Low
3843,43,5,Low
3844,110,2,Low
3845,162,1,Low
3846,115,1,Low
3848,97,3,Low
3851,116,4,Low
3852,112,4,Low
3853,52,4,Low
3854,181,2,Low
3856,42,3,Low
3857,205,2,High
3859,213,1,High
3860,203,5,High
3861,71,3,Low
3862,216,1,High
3863,106,1,Low
3864,299,1,High
3865,25,2,Low
3866,77,2,Low
3867,243,2,High
3868,148,3,Low
3869,203,1,High
3870,245,1,High
3871,114,1,Low
3872,237,1,High
3873,27,2,Low
3875,17,1,Low
3876,168,1,Low
3877,156,1,Low
3878,28,1,Low
3879,113,2,Low
3880,234,1,High
3881,23,6,Low
3882,71,3,Low
3883,116,2,Low
3884,257,1,High
3886,149,1,Low
3888,67,2,Low
3890,284,2,High
3891,330,1,High
3893,107,1,Low
3894,229,2,High
3895,12,3,Low
3896,7,4,Low
3898,239,2,High
3899,37,2,Low
3900,221,2,High
3901,20,2,Low
3902,276,1,High
3903,75,5,Low
3904,107,2,Low
3905,285,2,High
3906,38,2,Low
3907,12,2,Low
3908,155,5,Low
3909,82,2,Low
3910,329,1,High
3912,115,2,Low
3914,44,1,Low
3915,59,3,Low
3916,73,2,Low
3917,261,2,High
3918,103,2,Low
3919,31,3,Low
3921,68,1,Low
3922,9,1,Low
3923,4,1,Low
3924,17,3,Low
3925,195,1,High
3926,166,3,Low
3927,4,2,Low
3928,11,3,Low
3929,211,2,High
3930,354,1,High
3931,106,1,Low
3932,9,2,Low
3933,196,1,High
3935,164,2,Low
3936,46,6,Low
3937,19,2,Low
3938,80,1,Low
3939,265,2,High
3940,290,2,High
3941,33,2,Low
3944,50,2,Low
3945,6,3,Low
3946,72,3,Low
3947,190,1,Low
3948,48,1,Low
3949,8,3,Low
3950,229,1,High
3951,148,1,Low
3952,52,4,Low
3953,150,3,Low
3954,163,3,Low
3955,168,1,Low
3956,167,3,Low
3957,112,3,Low
3958,72,1,Low
3959,351,1,High
3960,97,3,Low
3962,192,1,Low
3963,73,3,Low
3964,35,2,Low
3965,158,2,Low
3966,194,2,High
3967,157,2,Low
3969,2,6,Low
3970,13,1,Low
3971,8,4,Low
3972,162,3,Low
3973,39,1,Low
3974,93,1,Low
3975,209,2,High
3976,81,3,Low
3977,72,1,Low
3978,288,3,High
3979,64,1,Low
3980,6,4,Low
3981,70,2,Low
3983,38,4,Low
3985,156,3,Low
3986,29,2,Low
3987,289,1,High
3989,282,1,High
3990,28,1,Low
3991,8,5,Low
3992,364,1,High
3993,125,3,Low
3994,329,1,High
3995,288,1,High
3996,277,2,High
3997,37,2,Low
3998,76,4,Low
3999,65,7,Low
4000,107,2,Low
4001,140,4,Low
4002,365,1,High
4004,19,1,Low
4005,195,1,High
4006,39,1,Low
4007,80,2,Low
4008,39,6,Low
4009,20,2,Low
4010,360,1,High
4011,87,1,Low
4012,205,2,High
4013,33,6,Low
4014,157,2,Low
4015,39,1,Low
4016,37,2,Low
4018,190,3,Low
4019,14,3,Low
4020,41,1,Low
4021,137,2,Low
4023,43,3,Low
4024,64,1,Low
4025,82,2,Low
4026,302,2,High
4027,249,2,High
4028,99,2,Low
4029,258,1,High
4030,33,2,Low
4031,112,2,Low
4032,52,3,Low
4033,8,1,Low
4034,19,6,Low
4035,364,1,High
4037,87,6,Low
4038,81,3,Low
4039,12,4,Low
4040,182,4,Low
4041,12,1,Low
4042,276,1,High
4043,58,3,Low
4044,124,2,Low
4045,298,1,High
4047,200,1,High
4048,11,2,Low
4051,135,2,Low
4052,81,1,Low
4053,71,2,Low
4054,266,1,High
4055,67,2,Low
4056,280,2,High
4057,364,1,High
4058,33,2,Low
4059,44,3,Low
4060,29,2,Low
4062,286,1,High
4063,144,2,Low
4064,194,1,High
4065,31,3,Low
4066,28,2,Low
4067,188,1,Low
4068,355,1,High
4069,208,5,High
4071,49,2,Low
4072,336,1,High
4073,112,4,Low
4074,316,1,High
4075,90,2,Low
4076,197,3,High
4078,141,1,Low
4079,152,1,Low
4080,69,1,Low
4081,38,4,Low
4082,50,2,Low
4083,223,1,High
4084,110,2,Low
4085,207,2,High
4086,266,3,High
4088,187,2,Low
4089,96,1,Low
4091,94,1,Low
4092,76,3,Low
4093,192,6,Low
4094,316,1,High
4095,300,1,High
4096,330,2,High
4097,306,1,High
4098,8,1,Low
4100,43,4,Low
4101,42,2,Low
4102,75,3,Low
4103,143,1,Low
4104,122,3,Low
4106,291,2,High
4108,41,2,Low
4109,45,3,Low
4110,9,3,Low
4112,213,2,High
4115,20,6,Low
4116,58,1,Low
4117,93,1,Low
4118,159,1,Low
4119,56,4,Low
4120,245,1,High
4121,158,4,Low
4123,16,2,Low
4124,210,1,High
4125,150,2,Low
4127,91,1,Low
4128,23,2,Low
4129,10,1,Low
4130,101,2,Low
4131,111,1,Low
4133,6,5,Low
4134,7,2,Low
4136,160,3,Low
4137,72,2,Low
4138,70,2,Low
4139,261,1,High
4140,75,2,Low
4143,58,4,Low
4144,265,2,High
4145,40,1,Low
4147,226,2,High
4148,111,2,Low
4149,328,1,High
4150,36,2,Low
4151,121,2,Low
4152,75,2,Low
4153,238,1,High
4154,18,5,Low
4155,128,1,Low
4156,67,5,Low
4157,333,1,High
4159,178,1,Low
4160,57,5,Low
4161,87,3,Low
4164,73,3,Low
4165,153,1,Low
4166,72,3,Low
4167,63,2,Low
4168,55,4,Low
4169,180,3,Low
4170,188,1,Low
4171,61,4,Low
4173,137,3,Low
4174,286,2,High
4175,21,2,Low
4177,27,3,Low
4179,137,2,Low
4180,36,3,Low
4181,160,2,Low
4182,25,3,Low
4184,152,2,Low
4185,45,3,Low
4186,3,4,Low
4187,79,2,Low
4188,26,1,Low
4189,172,4,Low
4190,50,2,Low
4191,154,1,Low
4193,95,1,Low
4194,354,1,High
4195,206,1,High
4197,26,4,Low
4198,21,1,Low
4201,171,2,Low
4202,211,3,High
4203,313,1,High
4204,82,3,Low
4205,140,1,Low
4206,191,2,Low
4207,335,1,High
4210,269,1,High
4211,15,2,Low
4212,195,3,High
4213,228,2,High
4214,260,1,High
4215,124,4,Low
4216,10,5,Low
4217,19,2,Low
4218,129,2,Low
4219,21,1,Low
4221,207,1,High
4222,64,3,Low
4223,139,3,Low
4224,234,1,High
4225,130,2,Low
4226,52,2,Low
4227,76,1,Low
4228,277,1,High
4229,100,2,Low
4230,240,2,High
4232,71,2,Low
4233,7,3,Low
4234,4,3,Low
4235,190,1,Low
4236,155,2,Low
4237,172,3,Low
4238,159,2,Low
4239,143,2,Low
4240,90,2,Low
4241,191,2,Low
4243,291,1,High
4244,275,2,High
4245,96,2,Low
4246,186,1,Low
4247,138,5,Low
4248,83,3,Low
4250,260,1,High
4252,167,3,Low
4253,37,3,Low
4254,39,5,Low
4255,148,1,Low
4256,305,2,High
4257,181,5,Low
4258,155,1,Low
4260,17,2,Low
4261,316,1,High
4262,84,3,Low
4264,28,3,Low
4266,16,2,Low
4267,253,1,High
4268,186,1,Low
4269,64,2,Low
4270,81,3,Low
4271,27,4,Low
4273,63,3,Low
4274,20,1,Low
4275,38,7,Low
4276,85,2,Low
4277,180,2,Low
4278,85,3,Low
4279,168,2,Low
4280,12,1,Low
4281,108,4,Low
4282,213,2,High
4283,86,3,Low
4284,154,2,Low
4285,275,1,High
4286,72,3,Low
4287,61,2,Low
4288,130,2,Low
4289,89,3,Low
4290,212,1,High
4291,15,2,Low
4292,180,1,Low
4293,343,1,High
4294,231,2,High
4296,139,6,Low
4297,226,1,High
4299,118,2,Low
4300,69,3,Low
4301,23,2,Low
4302,5,4,Low
4303,82,2,Low
4304,149,2,Low
4305,179,3,Low
4306,12,1,Low
4308,138,2,Low
4309,166,2,Low
4310,7,5,Low
4311,93,3,Low
4313,47,1,Low
4314,7,2,Low
4315,23,2,Low
4317,25,1,Low
4318,159,2,Low
4319,74,3,Low
4320,83,3,Low
4321,99,3,Low
4322,32,3,Low
4323,186,3,Low
4324,106,2,Low
4325,22,4,Low
4326,113,4,Low
4327,66,2,Low
4328,211,1,High
4329,197,1,High
4330,243,2,High
4331,166,2,Low
4332,232,2,High
4334,276,1,High
4335,168,1,Low
4336,24,4,Low
4337,303,1,High
4338,201,4,High
4339,167,3,Low
4340,199,2,High
4341,32,1,Low
4342,145,3,Low
4343,125,1,Low
4345,5,4,Low
4346,83,2,Low
4347,162,2,Low
4348,14,3,Low
4349,138,2,Low
4351,16,3,Low
4352,30,3,Low
4354,190,2,Low
4355,127,2,Low
4356,131,1,Low
4358,134,3,Low
4359,70,3,Low
4360,4,5,Low
4362,325,2,High
4363,112,2,Low
4364,39,2,Low
4366,247,1,High
4367,36,3,Low
4368,141,1,Low
4369,136,4,Low
4370,28,3,Low
4371,1,3,Low
4372,173,2,Low
4373,347,1,High
4374,35,5,Low
4375,8,2,Low
4376,48,1,Low
4377,346,1,High
4378,148,1,Low
4379,82,2,Low
4380,19,4,Low
4381,23,4,Low
4382,161,2,Low
4383,131,1,Low
4384,137,2,Low
4385,234,1,High
4386,57,2,Low
4387,121,3,Low
4388,218,2,High
4390,6,3,Low
4392,176,1,Low
4393,147,1,Low
4394,141,2,Low
4395,154,2,Low
4396,189,1,Low
4397,78,2,Low
4398,5,2,Low
4399,21,5,Low
4400,43,5,Low
4402,53,4,Low
4403,34,4,Low
4405,31,3,Low
4406,323,1,High
4407,156,3,Low
4408,68,3,Low
4409,41,3,Low
4410,88,2,Low
4411,70,1,Low
4412,151,2,Low
4414,130,2,Low
4415,144,2,Low
4416,108,2,Low
4417,65,2,Low
4418,8,4,Low
4419,113,2,Low
4420,42,5,Low
4421,167,3,Low
4422,62,3,Low
4423,29,3,Low
4424,177,2,Low
4425,37,2,Low
4426,163,3,Low
4427,37,2,Low
4428,14,4,Low
4429,86,6,Low
4430,136,1,Low
4431,82,2,Low
4433,158,4,Low
4434,37,2,Low
4436,166,3,Low
4437,71,1,Low
4438,95,1,Low
4439,111,1,Low
4440,30,3,Low
4441,335,1,High
4442,252,1,High
4443,274,1,High
4444,186,1,Low
4445,3,2,Low
4446,193,2,Low
4447,44,2,Low
4448,103,1,Low
4449,215,1,High
4450,39,2,Low
4451,7,2,Low
4452,21,5,Low
4453,66,3,Low
4454,118,2,Low
4455,13,3,Low
4456,101,4,Low
4458,95,4,Low
4459,121,1,Low
4461,90,1,Low
4462,128,1,Low
4463,22,3,Low
4464,223,1,High
4465,14,4,Low
4467,48,2,Low
4468,282,3,High
4469,103,4,Low
4470,123,2,Low
4471,74,2,Low
4472,189,1,Low
4473,21,8,Low
4474,165,2,Low
4475,26,3,Low
4476,23,3,Low
4477,88,2,Low
4478,81,3,Low
4479,18,4,Low
4480,124,2,Low
4481,45,3,Low
4482,28,2,Low
4484,191,3,Low
4485,66,3,Low
4486,100,2,Low
4488,142,2,Low
4489,144,4,Low
4490,159,3,Low
4491,135,2,Low
4492,147,2,Low
4493,55,3,Low
4494,95,3,Low
4495,87,3,Low
4496,62,3,Low
4497,294,1,High
4498,24,4,Low
4499,180,2,Low
4500,49,2,Low
4501,48,1,Low
4502,129,4,Low
4503,164,2,Low
4504,30,2,Low
4505,29,4,Low
4507,94,1,Low
4508,210,3,High
4509,156,1,Low
4510,11,4,Low
4511,336,1,High
4513,217,1,High
4514,231,1,High
4516,365,1,High
4517,99,2,Low
4518,78,2,Low
4520,174,1,Low
4521,31,3,Low
4522,47,2,Low
4523,111,2,Low
4525,43,1,Low
4526,336,1,High
4527,4,3,Low
4528,173,2,Low
4529,90,2,Low
4530,79,3,Low
4531,78,4,Low
4532,311,1,High
4533,70,3,Low
4534,249,1,High
4535,162,1,Low
4536,116,2,Low
4537,155,4,Low
4538,209,2,High
4539,209,2,High
4540,169,2,Low
4541,132,2,Low
4543,348,1,High
4544,126,4,Low
4545,46,2,Low
4546,106,2,Low
4547,44,2,Low
4548,354,1,High
4549,25,4,Low
4550,49,2,Low
4552,16,3,Low
4553,58,3,Low
4554,92,2,Low
4555,87,1,Low
4556,163,2,Low
4557,72,3,Low
4559,21,5,Low
4560,39,3,Low
4561,30,1,Low
4562,32,3,Low
4563,3,2,Low
4564,42,2,Low
4565,48,5,Low
4566,210,1,High
4567,13,1,Low
4568,298,1,High
4569,217,1,High
4570,16,4,Low
4571,24,2,Low
4572,13,2,Low
4573,358,1,High
4574,84,1,Low
4575,342,1,High
4576,217,3,High
4577,80,3,Low
4578,125,1,Low
4581,103,1,Low
4582,292,3,High
4583,125,2,Low
4584,111,3,Low
4585,86,2,Low
4586,167,1,Low
4587,240,2,High
4588,60,4,Low
4589,57,2,Low
4590,10,1,Low
4591,276,1,High
4592,30,4,Low
4593,1,2,Low
4594,34,3,Low
4595,29,3,Low
4596,38,4,Low
4597,37,3,Low
4598,268,2,High
4599,91,2,Low
4600,106,3,Low
4601,205,2,High
4602,58,2,Low
4603,310,1,High
4604,136,3,Low
4605,50,3,Low
4606,243,1,High
4607,25,3,Low
4608,180,2,Low
4609,184,2,Low
4610,42,2,Low
4611,73,3,Low
4612,209,1,High
4613,158,3,Low
4615,68,2,Low
4616,254,1,High
4617,86,2,Low
4618,288,1,High
4619,349,1,High
4620,214,2,High
4621,201,2,High
4622,81,6,Low
4623,11,3,Low
4625,84,1,Low
4626,222,2,High
4628,349,1,High
4629,194,1,High
4631,255,3,High
4632,23,4,Low
4633,34,2,Low
4634,219,1,High
4635,2,3,Low
4636,5,5,Low
4637,138,1,Low
4638,290,1,High
4639,173,5,Low
4640,88,6,Low
4641,88,1,Low
4642,200,3,High
4643,54,3,Low
4644,247,4,High
4645,44,3,Low
4646,139,2,Low
4647,22,5,Low
4648,138,1,Low
4649,45,1,Low
4650,65,4,Low
4651,9,3,Low
4652,254,2,High
4653,124,2,Low
4657,189,2,Low
4658,333,1,High
4659,164,3,Low
4660,194,2,High
4661,6,2,Low
4662,202,1,High
4663,50,5,Low
4664,181,7,Low
4665,130,5,Low
4666,288,1,High
4667,17,2,Low
4668,37,3,Low
4669,36,4,Low
4671,13,4,Low
4672,238,1,High
4674,38,1,Low
4675,7,2,Low
4676,19,6,Low
4677,54,2,Low
4681,80,1,Low
4682,171,1,Low
4683,19,3,Low
4684,30,2,Low
4685,118,4,Low
4686,5,1,Low
4687,62,1,Low
4688,230,2,High
4689,223,1,High
4690,135,2,Low
4691,203,1,High
4692,2,8,Low
4694,107,1,Low
4696,64,6,Low
4697,15,6,Low
4698,246,2,High
4699,161,2,Low
4700,21,3,Low
4702,81,2,Low
4703,92,3,Low
4704,138,2,Low
4705,143,2,Low
4706,172,3,Low
4707,266,1,High
4708,161,2,Low
4709,134,1,Low
4710,20,3,Low
4711,58,1,Low
4712,39,1,Low
4713,111,2,Low
4714,167,2,Low
4715,65,2,Low
4716,33,1,Low
4717,70,2,Low
4718,208,1,High
4719,77,1,Low
4721,140,2,Low
4722,148,3,Low
4723,15,4,Low
4725,91,5,Low
4726,152,3,Low
4727,8,5,Low
4728,54,4,Low
4730,68,1,Low
4731,39,2,Low
4732,138,3,Low
4733,55,2,Low
4734,13,5,Low
4735,106,1,Low
4736,60,3,Low
4738,353,1,High
4739,179,2,Low
4740,207,1,High
4741,282,2,High
4742,228,1,High
4743,83,2,Low
4744,159,1,Low
4745,195,4,High
4746,160,3,Low
4747,50,2,Low
4748,59,2,Low
4749,177,1,Low
4750,282,1,High
4751,225,2,High
4752,142,2,Low
4754,45,4,Low
4755,173,1,Low
4756,30,2,Low
4758,63,4,Low
4759,141,1,Low
4761,67,2,Low
4762,145,1,Low
4763,55,5,Low
4764,1,1,Low
4765,85,4,Low
4766,316,1,High
4767,51,4,Low
4768,100,1,Low
4769,83,1,Low
4771,36,1,Low
4772,11,1,Low
4773,52,2,Low
4774,63,2,Low
4775,121,1,Low
4776,274,2,High
4778,98,1,Low
4779,87,3,Low
4781,119,3,Low
4782,182,1,Low
4783,121,1,Low
4784,68,1,Low
4786,275,1,High
4787,143,3,Low
4789,57,2,Low
4790,160,4,Low
4791,26,5,Low
4792,51,3,Low
4793,99,3,Low
4794,63,3,Low
4795,88,3,Low
4797,84,1,Low
4798,159,1,Low
4799,71,4,Low
4800,86,1,Low
4801,65,3,Low
4802,76,3,Low
4803,31,1,Low
4804,114,2,Low
4806,146,1,Low
4807,3,4,Low
4808,113,1,Low
4809,160,1,Low
4810,166,1,Low
4811,355,1,High
4813,17,4,Low
4814,5,4,Low
4815,199,3,High
4816,31,7,Low
4817,199,2,High
4818,52,2,Low
4819,255,1,High
4821,20,1,Low
4822,33,3,Low
4823,82,2,Low
4824,129,3,Low
4825,79,4,Low
4826,15,3,Low
4828,42,4,Low
4829,120,3,Low
4830,109,2,Low
4831,122,1,Low
4832,3,6,Low
4833,133,2,Low
4834,95,3,Low
4835,126,4,Low
4836,223,1,High
4837,81,2,Low
4838,3,2,Low
4840,27,4,Low
4841,287,2,High
4842,168,1,Low
4845,208,2,High
4846,101,4,Low
4847,19,2,Low
4848,29,2,Low
4849,138,1,Low
4850,46,3,Low
4851,38,3,Low
4852,42,2,Low
4853,251,1,High
4854,128,3,Low
4855,10,1,Low
4857,140,3,Low
4859,169,3,Low
4861,44,2,Low
4862,169,3,Low
4863,323,1,High
4866,205,1,High
4867,4,4,Low
4868,55,3,Low
4869,129,2,Low
4870,361,1,High
4871,71,3,Low
4872,111,1,Low
4874,318,1,High
4875,22,3,Low
4876,234,2,High
4877,37,4,Low
4878,52,2,Low
4879,145,3,Low
4880,1,3,Low
4881,268,1,High
4883,247,3,High
4884,143,1,Low
4885,68,2,Low
4886,8,3,Low
4887,45,2,Low
4888,52,3,Low
4889,267,1,High
4890,123,6,Low
4893,249,1,High
4894,217,2,High
4895,147,6,Low
4897,240,2,High
4898,30,4,Low
4899,157,4,Low
4900,3,1,Low
4901,34,3,Low
4902,107,1,Low
4903,39,2,Low
4904,69,2,Low
4905,122,1,Low
4906,9,3,Low
4907,73,4,Low
4908,49,1,Low
4909,1,3,Low
4911,72,3,Low
4913,183,3,Low
4914,52,3,Low
4915,346,1,High
4916,170,2,Low
4917,221,3,High
4918,205,1,High
4919,159,1,Low
4920,73,5,Low
4921,62,1,Low
4922,82,3,Low
4923,8,3,Low
4924,183,2,Low
4925,127,4,Low
4926,105,1,Low
4927,96,1,Low
4928,79,3,Low
4929,13,2,Low
4930,177,1,Low
4931,28,1,Low
4932,259,1,High
4933,221,2,High
4934,107,1,Low
4935,155,1,Low
4936,167,3,Low
4937,12,2,Low
4938,180,1,Low
4940,154,3,Low
4941,274,2,High
4942,176,4,Low
4943,140,1,Low
4945,65,2,Low
4946,23,2,Low
4947,250,1,High
4948,40,5,Low
4949,151,2,Low
4950,171,2,Low
4951,298,2,High
4952,76,5,Low
4953,172,1,Low
4954,170,1,Low
4955,27,5,Low
4956,14,3,Low
4957,121,3,Low
4958,292,2,High
4960,98,2,Low
4961,148,1,Low
4962,81,1,Low
4963,129,3,Low
4964,8,6,Low
4965,90,2,Low
4966,160,1,Low
4967,40,4,Low
4968,28,2,Low
4970,254,1,High
4972,59,5,Low
4973,82,3,Low
4974,21,2,Low
4975,112,3,Low
4977,183,3,Low
4978,343,1,High
4979,171,6,Low
4980,130,2,Low
4981,105,4,Low
4982,232,2,High
4983,149,3,Low
4984,195,2,High
4985,245,2,High
4987,228,1,High
4988,52,1,Low
4990,9,5,Low
4991,190,2,Low
4992,61,1,Low
4993,137,2,Low
4994,59,1,Low
4995,65,1,Low
4996,114,2,Low
4997,18,4,Low
4998,264,1,High
4999,11,2,Low
5000,264,1,High
5001,315,1,High
5002,363,1,High
5004,45,3,Low
5005,57,2,Low
5007,140,3,Low
5008,40,2,Low
5009,183,2,Low
5010,83,2,Low
5011,274,1,High
5012,223,1,High
5013,61,1,Low
5014,103,2,Low
5015,301,1,High
5016,242,2,High
5017,227,2,High
5018,19,3,Low
5019,129,1,Low
5020,73,2,Low
5021,154,3,Low
5022,76,1,Low
5023,22,3,Low
5024,213,2,High
5025,12,3,Low
5026,230,3,High
5027,293,1,High
5028,124,3,Low
5029,140,1,Low
5030,56,2,Low
5031,9,5,Low
5032,28,1,Low
5034,320,1,High
5035,91,3,Low
5037,79,1,Low
5038,224,2,High
5039,256,1,High
5040,124,4,Low
5041,164,3,Low
5042,336,1,High
5043,238,1,High
5044,81,1,Low
5045,101,1,Low
5046,20,4,Low
5047,145,3,Low
5048,131,2,Low
5049,74,1,Low
5050,168,2,Low
5051,43,1,Low
5052,74,2,Low
5053,74,3,Low
5054,67,3,Low
5055,282,1,High
5056,10,4,Low
5058,34,3,Low
5059,74,1,Low
5060,163,1,Low
5061,55,1,Low
5062,110,1,Low
5063,241,2,High
5065,133,1,Low
5067,228,2,High
5068,212,1,High
5069,50,3,Low
5070,4,2,Low
5071,186,2,Low
5072,59,3,Low
5073,63,2,Low
5074,62,1,Low
5075,350,1,High
5076,170,3,Low
5078,39,3,Low
5080,226,2,High
5081,151,2,Low
5082,182,2,Low
5083,66,3,Low
5084,266,1,High
5085,291,1,High
5086,76,4,Low
5087,203,2,High
5088,75,1,Low
5089,102,2,Low
5091,1,2,Low
5093,158,2,Low
5094,32,4,Low
5096,239,2,High
5097,184,4,Low
5098,39,2,Low
5100,282,1,High
5101,277,1,High
5102,69,1,Low
5103,17,2,Low
5104,175,3,Low
5105,312,1,High
5106,276,1,High
5107,40,2,Low
5108,285,1,High
5109,291,1,High
5110,129,3,Low
5111,97,4,Low
5112,47,4,Low
5113,10,2,Low
5114,9,3,Low
5115,276,2,High
5116,5,5,Low
5117,59,1,Low
5118,274,2,High
5119,179,2,Low
5121,66,3,Low
5123,183,2,Low
5124,46,2,Low
5125,353,1,High
5126,180,1,Low
5127,225,2,High
5128,189,1,Low
5129,45,1,Low
5131,19,3,Low
5132,5,1,Low
5133,94,1,Low
5135,157,2,Low
5136,13,5,Low
5137,29,3,Low
5138,22,3,Low
5139,212,1,High
5140,16,1,Low
5141,56,4,Low
5142,116,3,Low
5143,68,2,Low
5144,233,3,High
5146,12,1,Low
5147,64,2,Low
5148,60,3,Low
5149,251,2,High
5151,207,1,High
5152,223,1,High
5153,21,3,Low
5154,234,2,High
5155,14,3,Low
5156,163,3,Low
5157,322,1,High
5158,59,1,Low
5159,123,3,Low
5161,120,4,Low
5163,97,1,Low
5164,63,1,Low
5165,234,1,High
5166,88,1,Low
5167,207,2,High
5169,61,3,Low
5170,18,2,Low
5171,34,2,Low
5172,26,2,Low
5173,308,2,High
5174,79,1,Low
5176,169,3,Low
5177,45,3,Low
5178,282,1,High
5179,140,1,Low
5180,345,1,High
5181,312,1,High
5182,76,1,Low
5183,243,2,High
5184,157,5,Low
5185,4,4,Low
5186,25,2,Low
5187,78,2,Low
5188,130,1,Low
5189,16,2,Low
5190,37,3,Low
5192,114,2,Low
5193,158,3,Low
5194,355,1,High
5195,31,5,Low
5196,241,1,High
5197,185,1,Low
5198,12,2,Low
5199,81,2,Low
5201,79,4,Low
5202,317,1,High
5203,122,1,Low
5204,42,4,Low
5205,338,1,High
5206,79,2,Low
5208,215,2,High
5209,134,3,Low
5210,359,1,High
5211,19,3,Low
5212,115,1,Low
5213,225,1,High
5214,56,2,Low
5215,98,2,Low
5216,172,2,Low
5217,36,4,Low
5218,64,2,Low
5219,222,2,High
5220,186,3,Low
5221,37,3,Low
5222,134,3,Low
5223,60,2,Low
5224,6,5,Low
5225,87,1,Low
5226,208,6,High
5227,72,3,Low
5228,35,3,Low
5229,29,3,Low
5230,104,3,Low
5231,337,1,High
5232,361,1,High
5233,32,4,Low
5234,218,2,High
5235,121,1,Low
5236,240,2,High
5237,333,1,High
5238,12,4,Low
5239,280,3,High
5240,54,2,Low
5241,118,4,Low
5242,66,4,Low
5243,80,2,Low
5244,106,3,Low
5245,89,2,Low
5246,2,1,Low
5248,41,3,Low
5249,1,4,Low
5250,125,4,Low
5251,37,2,Low
5252,90,3,Low
5254,77,3,Low
5255,59,3,Low
5256,144,4,Low
5257,202,1,High
5258,184,2,Low
5259,28,3,Low
5260,81,1,Low
5261,7,6,Low
5262,207,2,High
5263,78,2,Low
5266,272,2,High
5267,94,1,Low
5268,224,1,High
5269,117,2,Low
5271,60,4,Low
5274,340,1,High
5275,233,3,High
5276,18,3,Low
5278,66,8,Low
5279,309,2,High
5280,348,1,High
5281,347,1,High
5282,89,4,Low
5284,117,3,Low
5285,2,4,Low
5286,113,1,Low
5287,88,3,Low
5288,78,4,Low
5289,68,3,Low
5290,248,2,High
5291,361,1,High
5292,9,3,Low
5294,80,2,Low
5295,190,3,Low
5296,119,2,Low
5298,116,2,Low
5299,35,2,Low
5300,2,3,Low
5301,145,1,Low
5302,66,1,Low
5303,127,2,Low
5304,133,2,Low
5305,75,2,Low
5306,169,2,Low
5307,50,3,Low
5308,41,4,Low
5309,77,3,Low
5310,111,1,Low
5312,284,1,High
5313,50,1,Low
5315,219,3,High
5317,21,2,Low
5319,302,1,High
5320,3,3,Low
5321,50,2,Low
5322,333,1,High
5323,1,4,Low
5324,360,1,High
5326,162,2,Low
5327,225,1,High
5328,222,1,High
5329,183,2,Low
5330,88,2,Low
5331,87,2,Low
5333,183,1,Low
5334,83,1,Low
5335,135,1,Low
5337,145,2,Low
5338,178,1,Low
5339,272,3,High
5340,357,1,High
5341,90,1,Low
5342,342,1,High
5344,72,1,Low
5345,68,2,Low
5346,110,1,Low
5347,256,1,High
5349,203,1,High
5350,6,3,Low
5351,103,2,Low
5352,363,1,High
5353,3,3,Low
5354,218,1,High
5356,113,2,Low
5357,22,3,Low
5358,32,4,Low
5359,67,3,Low
5360,348,1,High
5361,7,1,Low
5362,35,3,Low
5363,72,3,Low
5364,39,3,Low
5366,124,2,Low
5367,119,2,Low
5370,249,1,High
5371,152,1,Low
5372,118,4,Low
5373,82,2,Low
5376,65,4,Low
5377,171,2,Low
5378,212,2,High
5380,94,1,Low
5381,99,1,Low
5382,85,1,Low
5383,63,3,Low
5384,131,2,Low
5385,46,3,Low
5386,104,1,Low
5387,51,2,Low
5388,196,3,High
5389,2,3,Low
5390,18,1,Low
5391,1,3,Low
5392,104,3,Low
5393,70,1,Low
5394,38,2,Low
5395,53,3,Low
5396,148,1,Low
5397,73,1,Low
5398,237,1,High
5399,26,1,Low
5400,71,1,Low
5401,154,2,Low
5402,69,3,Low
5404,158,1,Low
5406,8,3,Low
5407,121,1,Low
5408,35,2,Low
5409,47,3,Low
5410,99,2,Low
5411,103,3,Low
5413,76,6,Low
5414,147,1,Low
5415,250,2,High
5416,67,1,Low
5417,103,4,Low
5418,216,1,High
5419,135,3,Low
5420,212,1,High
5421,100,4,Low
5422,206,1,High
5423,127,2,Low
5424,39,3,Low
5425,12,1,Low
5426,32,2,Low
5427,173,1,Low
5428,70,3,Low
5429,239,1,High
5430,179,3,Low
5431,112,1,Low
5432,256,2,High
5433,58,5,Low
5434,90,2,Low
5435,353,1,High
5436,24,3,Low
5437,75,4,Low
5438,288,1,High
5439,63,3,Low
5440,144,2,Low
5441,211,2,High
5442,234,2,High
5443,296,1,High
5445,2,3,Low
5446,162,4,Low
5448,60,3,Low
5450,25,5,Low
5451,252,2,High
5453,29,1,Low
5454,29,4,Low
5457,280,1,High
5459,106,1,Low
5461,214,2,High
5462,196,1,High
5463,13,1,Low
5465,141,1,Low
5468,34,1,Low
5469,200,1,High
5470,155,3,Low
5472,26,1,Low
5475,297,1,High
5476,146,2,Low
5477,143,2,Low
5478,143,2,Low
5479,70,2,Low
5480,80,4,Low
5481,45,2,Low
5482,82,3,Low
5483,212,1,High
5484,40,2,Low
5485,245,2,High
5487,333,1,High
5488,185,1,Low
5489,274,1,High
5490,355,1,High
5491,131,1,Low
5492,47,4,Low
5493,25,4,Low
5495,15,3,Low
5496,81,3,Low
5497,287,1,High
5498,76,1,Low
5499,127,1,Low
5500,90,2,Low
5501,288,2,High
5502,2,4,Low
5503,13,4,Low
5504,104,3,Low
5505,55,1,Low
5506,4,2,Low
5509,67,1,Low
5510,26,3,Low
5511,41,1,Low
5512,164,1,Low
5513,32,2,Low
5514,262,1,High
5515,34,4,Low
5516,70,1,Low
5518,306,1,High
5519,48,3,Low
5521,9,5,Low
5522,46,2,Low
5523,152,2,Low
5524,66,2,Low
5526,118,6,Low
5527,186,1,Low
5528,114,1,Low
5530,78,4,Low
5533,268,1,High
5534,74,2,Low
5535,165,2,Low
5536,114,1,Low
5537,306,1,High
5538,54,3,Low
5539,36,1,Low
5541,236,3,High
5542,194,2,High
5543,359,1,High
5544,7,2,Low
5545,52,3,Low
5546,144,2,Low
5547,51,2,Low
5548,52,3,Low
5549,228,2,High
5550,48,3,Low
5551,103,3,Low
5552,169,2,Low
5553,221,1,High
5554,205,3,High
5555,24,2,Low
5556,134,3,Low
5557,31,6,Low
5558,153,3,Low
5559,194,2,High
5560,51,3,Low
5561,314,1,High
5562,122,1,Low
5563,50,2,Low
5565,80,3,Low
5566,77,4,Low
5567,162,3,Low
5568,251,1,High
5569,124,1,Low
5570,45,2,Low
5571,173,2,Low
5572,11,4,Low
5573,12,3,Low
5576,145,2,Low
5577,298,1,High
5578,34,3,Low
5579,145,1,Low
5580,2,2,Low
5581,101,3,Low
5582,104,3,Low
5583,197,1,High
5584,170,2,Low
5585,1,3,Low
5587,17,1,Low
5588,349,1,High
5589,350,1,High
5591,8,2,Low
5593,210,1,High
5594,56,3,Low
5595,40,3,Low
5596,97,1,Low
5597,21,3,Low
5598,102,1,Low
5599,127,2,Low
5600,95,1,Low
5604,324,1,High
5605,31,3,Low
5607,103,4,Low
5608,188,3,Low
5609,164,1,Low
5610,125,3,Low
5611,213,3,High
5612,96,2,Low
5613,110,3,Low
5614,305,1,High
5615,193,1,Low
5616,157,3,Low
5617,197,2,High
5618,318,2,High
5619,3,2,Low
5620,6,3,Low
5621,63,3,Low
5622,69,3,Low
5623,340,1,High
5624,312,1,High
5625,55,4,Low
5626,304,1,High
5627,61,1,Low
5630,200,2,High
5631,31,3,Low
5632,66,3,Low
5633,71,1,Low
5634,357,1,High
5635,21,2,Low
5636,108,3,Low
5637,22,1,Low
5638,219,1,High
5639,68,2,Low
5640,47,2,Low
5641,43,4,Low
5642,22,2,Low
5643,68,1,Low
5644,25,5,Low
5645,73,5,Low
5646,201,2,High
5648,108,3,Low
5649,231,1,High
5650,113,4,Low
5651,288,1,High
5652,17,3,Low
5653,104,3,Low
5654,286,1,High
5655,178,2,Low
5656,116,1,Low
5658,104,2,Low
5659,257,2,High
5660,148,2,Low
5661,213,3,High
5662,22,3,Low
5663,67,3,Low
5666,134,1,Low
5667,149,2,Low
5668,83,3,Low
5669,259,1,High
5670,301,1,High
5671,4,1,Low
5672,82,2,Low
5673,90,2,Low
5675,31,5,Low
5676,30,4,Low
5677,55,1,Low
5678,72,2,Low
5681,14,3,Low
5683,13,3,Low
5685,266,1,High
5686,31,1,Low
5687,261,3,High
5688,242,1,High
5689,65,3,Low
5691,26,1,Low
5692,89,3,Low
5693,165,1,Low
5694,178,2,Low
5696,150,2,Low
5698,171,1,Low
5699,46,1,Low
5700,66,2,Low
5701,40,3,Low
5702,77,2,Low
5703,100,3,Low
5705,164,2,Low
5708,243,1,High
5709,363,1,High
5710,187,1,Low
5711,37,2,Low
5712,15,5,Low
5713,39,4,Low
5715,125,3,Low
5716,223,1,High
5717,224,2,High
5718,91,3,Low
5720,37,3,Low
5721,269,1,High
5723,120,2,Low
5724,89,5,Low
5725,284,1,High
5726,136,2,Low
5727,221,3,High
5729,265,2,High
5730,122,1,Low
5731,186,1,Low
5732,19,4,Low
5733,71,1,Low
5735,216,2,High
5736,16,3,Low
5737,243,1,High
5738,131,4,Low
5739,288,2,High
5740,76,2,Low
5741,100,3,Low
5742,244,1,High
5743,213,2,High
5744,61,2,Low
5745,146,1,Low
5746,180,2,Low
5747,195,4,High
5748,249,1,High
5750,55,1,Low
5751,101,2,Low
5752,154,4,Low
5753,26,3,Low
5754,126,1,Low
5755,5,3,Low
5756,29,2,Low
5757,10,3,Low
5758,146,1,Low
5759,46,3,Low
5760,92,2,Low
5761,221,1,High
5763,282,1,High
5764,184,2,Low
5767,275,1,High
5768,195,2,High
5769,194,1,High
5770,108,2,Low
5771,56,2,Low
5772,47,2,Low
5773,65,5,Low
5774,56,4,Low
5775,95,3,Low
5776,127,1,Low
5778,4,4,Low
5779,15,7,Low
5781,163,1,Low
5782,133,3,Low
5783,235,2,High
5784,342,1,High
5785,92,2,Low
5788,110,3,Low
5789,330,1,High
5790,358,1,High
5791,282,1,High
5792,160,3,Low
5793,49,4,Low
5794,12,4,Low
5795,144,2,Low
5796,261,2,High
5797,51,2,Low
5800,214,1,High
5802,306,1,High
5803,86,1,Low
5805,192,2,Low
5806,248,1,High
5807,62,4,Low
5808,17,2,Low
5809,97,3,Low
5810,50,3,Low
5811,35,3,Low
5812,179,2,Low
5813,363,1,High
5814,96,2,Low
5815,141,3,Low
5816,356,1,High
5818,250,1,High
5819,152,1,Low
5820,33,4,Low
5821,137,3,Low
5822,61,2,Low
5824,110,2,Low
5826,311,1,High
5827,77,3,Low
5828,117,1,Low
5829,2,2,Low
5830,273,1,High
5831,181,2,Low
5832,56,2,Low
5833,180,3,Low
5834,43,3,Low
5835,98,3,Low
5836,200,2,High
5837,146,3,Low
5838,97,2,Low
5839,224,1,High
5840,105,1,Low
5841,193,1,Low
5842,109,2,Low
5843,4,3,Low
5844,14,4,Low
5845,292,2,High
5846,305,3,High
5847,100,2,Low
5848,31,5,Low
5849,275,1,High
5850,90,3,Low
5851,36,2,Low
5854,96,2,Low
5855,166,2,Low
5857,308,1,High
5860,233,2,High
5862,171,1,Low
5864,2,4,Low
5865,108,1,Low
5866,107,1,Low
5867,198,1,High
5868,49,2,Low
5869,137,4,Low
5870,49,1,Low
5871,178,2,Low
5873,72,2,Low
5874,61,3,Low
5875,60,3,Low
5876,37,4,Low
5877,71,4,Low
5879,85,2,Low
5880,33,2,Low
5881,38,3,Low
5882,304,1,High
5883,53,1,Low
5886,72,2,Low
5887,25,3,Low
5888,98,1,Low
5889,79,3,Low
5890,222,1,High
5891,81,3,Low
5892,4,3,Low
5895,238,1,High
5896,251,1,High
5897,177,2,Low
5898,44,2,Low
5901,155,2,Low
5903,34,5,Low
5904,207,2,High
5905,174,1,Low
5906,214,1,High
5907,159,1,Low
5908,77,1,Low
5909,15,4,Low
5910,195,2,High
5911,209,2,High
5912,262,2,High
5913,15,2,Low
5914,48,1,Low
5915,190,1,Low
5917,157,1,Low
5919,265,1,High
5920,100,1,Low
5923,181,1,Low
5924,5,4,Low
5925,37,3,Low
5927,181,1,Low
5928,257,4,High
5929,19,2,Low
5930,333,1,High
5931,83,2,Low
5932,48,5,Low
5934,116,3,Low
5935,217,1,High
5936,196,2,High
5937,212,2,High
5938,73,4,Low
5939,139,2,Low
5940,121,3,Low
5941,53,2,Low
5942,81,1,Low
5943,66,1,Low
5945,5,2,Low
5946,364,1,High
5947,50,4,Low
5948,99,4,Low
5949,16,3,Low
5950,208,1,High
5951,89,2,Low
5952,17,2,Low
5953,101,3,Low
5954,15,3,Low
5955,145,5,Low
5956,140,4,Low
5957,56,1,Low
5958,194,2,High
5962,21,5,Low
5964,86,1,Low
5966,313,1,High
5967,129,1,Low
5969,181,3,Low
5970,23,2,Low
5972,53,1,Low
5973,67,2,Low
5974,173,2,Low
5975,52,7,Low
5977,112,4,Low
5978,32,3,Low
5979,46,2,Low
5980,134,2,Low
5981,68,2,Low
5982,11,3,Low
5983,55,2,Low
5984,4,3,Low
5985,99,5,Low
5986,179,1,Low
5987,166,4,Low
5988,44,2,Low
5989,6,1,Low
5991,41,2,Low
5992,31,5,Low
5993,173,1,Low
5994,188,2,Low
5995,251,1,High
5996,190,1,Low
5997,149,1,Low
5998,4,2,Low
5999,204,1,High
6000,30,3,Low
6001,70,6,Low
6002,103,1,Low
6003,32,4,Low
6004,189,1,Low
6005,54,2,Low
6006,152,5,Low
6007,90,4,Low
6008,75,3,Low
6009,149,1,Low
6010,234,3,High
6012,4,2,Low
6013,55,5,Low
6014,12,4,Low
6015,260,1,High
6016,233,2,High
6017,259,2,High
6018,166,2,Low
6019,58,1,Low
6020,71,2,Low
6021,94,4,Low
6022,147,1,Low
6023,83,2,Low
6024,54,1,Low
6025,73,4,Low
6026,193,3,Low
6027,89,2,Low
6028,53,3,Low
6029,328,1,High
6030,218,1,High
6032,33,6,Low
6033,274,1,High
6034,35,2,Low
6035,139,1,Low
6036,86,1,Low
6037,346,1,High
6038,242,2,High
6039,337,1,High
6040,170,1,Low
6042,144,2,Low
6043,167,2,Low
6044,34,5,Low
6046,4,2,Low
6047,356,1,High
6048,255,2,High
6049,249,3,High
6050,24,3,Low
6051,32,4,Low
6052,239,3,High
6053,221,3,High
6054,164,1,Low
6056,114,2,Low
6057,96,2,Low
6058,153,1,Low
6059,22,2,Low
6060,62,3,Low
6061,14,2,Low
6062,15,2,Low
6063,35,2,Low
6064,173,3,Low
6065,157,2,Low
6066,106,1,Low
6067,160,1,Low
6068,70,3,Low
6069,70,3,Low
6070,49,1,Low
6071,45,3,Low
6073,314,1,High
6074,41,2,Low
6075,177,2,Low
6076,137,2,Low
6077,194,4,High
6078,222,1,High
6079,48,3,Low
6080,121,2,Low
6081,116,2,Low
6082,112,2,Low
6083,8,3,Low
6084,159,2,Low
6085,190,1,Low
6086,292,1,High
6087,106,1,Low
6088,289,1,High
6089,35,2,Low
6090,51,3,Low
6091,81,1,Low
6092,142,3,Low
6093,219,1,High
6094,123,5,Low
6095,88,1,Low
6096,17,5,Low
6097,275,1,High
6098,61,2,Low
6099,60,3,Low
6101,87,1,Low
6102,174,2,Low
6103,277,1,High
6104,50,2,Low
6107,14,1,Low
6108,251,1,High
6109,320,1,High
6110,33,1,Low
6111,41,2,Low
6112,241,1,High
6115,69,1,Low
6117,83,1,Low
6118,101,1,Low
6119,346,1,High
6120,22,5,Low
6121,164,1,Low
6122,67,3,Low
6123,166,1,Low
6124,115,2,Low
6125,47,1,Low
6126,244,1,High
6127,359,1,High
6128,168,1,Low
6129,92,2,Low
6130,28,2,Low
6131,144,1,Low
6132,116,2,Low
6133,108,2,Low
6134,299,1,High
6135,67,1,Low
6137,103,4,Low
6138,93,3,Low
6139,47,1,Low
6141,189,2,Low
6142,56,4,Low
6143,152,1,Low
6144,61,4,Low
6146,132,3,Low
6147,362,1,High
6148,341,1,High
6149,181,2,Low
6150,322,1,High
6151,11,1,Low
6152,96,2,Low
6153,104,2,Low
6155,114,2,Low
6156,4,3,Low
6157,29,3,Low
6158,112,1,Low
6159,155,2,Low
6160,175,1,Low
6161,146,2,Low
6162,253,2,High
6163,39,3,Low
6164,285,1,High
6165,191,2,Low
6166,173,3,Low
6167,243,1,High
6168,224,1,High
6170,54,3,Low
6171,113,4,Low
6173,160,2,Low
6175,104,3,Low
6177,34,2,Low
6178,9,1,Low
6179,229,1,High
6181,89,2,Low
6182,89,1,Low
6183,229,2,High
6184,2,3,Low
6185,53,3,Low
6186,123,2,Low
6188,109,2,Low
6189,44,5,Low
6190,176,1,Low
6192,139,2,Low
6193,300,2,High
6194,162,3,Low
6196,70,1,Low
6198,54,2,Low
6199,3,4,Low
6200,22,2,Low
6202,132,1,Low
6203,349,1,High
6204,67,3,Low
6205,143,3,Low
6206,283,1,High
6207,176,1,Low
6208,121,2,Low
6209,100,3,Low
6210,10,2,Low
6211,341,1,High
6212,224,1,High
6213,143,3,Low
6215,4,2,Low
6217,359,1,High
6218,95,4,Low
6219,279,3,High
6222,161,1,Low
6223,327,1,High
6224,305,2,High
6225,75,7,Low
6226,74,2,Low
6227,175,3,Low
6229,5,2,Low
6231,269,1,High
6232,25,6,Low
6233,277,1,High
6235,67,1,Low
6236,181,3,Low
6237,25,2,Low
6238,162,2,Low
6239,108,2,Low
6240,320,1,High
6241,273,1,High
6242,7,4,Low
6244,133,1,Low
6245,27,3,Low
6246,48,3,Low
6247,207,4,High
6248,6,2,Low
6249,26,3,Low
6250,155,2,Low
6251,114,4,Low
6252,17,3,Low
6253,3,4,Low
6255,71,2,Low
6256,251,2,High
6257,128,1,Low
6258,34,3,Low
6259,112,3,Low
6260,337,1,High
6262,30,2,Low
6263,148,2,Low
6264,268,3,High
6265,68,2,Low
6266,90,4,Low
6267,72,1,Low
6269,17,4,Low
6272,291,1,High
6273,197,2,High
6274,88,1,Low
6275,355,1,High
6276,344,1,High
6277,146,3,Low
6278,29,3,Low
6279,284,2,High
6280,72,2,Low
6281,14,4,Low
6282,71,2,Low
6283,121,2,Low
6284,8,3,Low
6285,169,3,Low
6286,344,3,High
6287,132,3,Low
6288,10,3,Low
6289,175,1,Low
6290,103,3,Low
6291,74,1,Low
6292,36,1,Low
6293,206,2,High
6294,165,1,Low
6295,111,3,Low
6296,68,5,Low
6297,144,2,Low
6298,208,1,High
6300,139,1,Low
6302,134,1,Low
6303,142,1,Low
6304,33,3,Low
6305,332,2,High
6306,51,2,Low
6307,3,3,Low
6310,187,2,Low
6311,16,3,Low
6312,327,1,High
6313,124,2,Low
6314,268,1,High
6315,19,7,Low
6316,36,3,Low
6319,237,2,High
6320,105,5,Low
6321,33,2,Low
6322,17,6,Low
6323,311,1,High
6324,224,3,High
6325,50,3,Low
6326,320,1,High
6327,68,2,Low
6329,53,2,Low
6330,92,2,Low
6331,7,2,Low
6333,38,3,Low
6335,250,1,High
6337,67,2,Low
6338,7,1,Low
6339,92,2,Low
6340,95,3,Low
6341,226,2,High
6342,133,2,Low
6343,32,2,Low
6344,113,5,Low
6345,203,3,High
6346,52,3,Low
6347,82,3,Low
6348,162,2,Low
6349,115,2,Low
6350,281,1,High
6351,130,2,Low
6352,186,2,Low
6353,135,3,Low
6354,60,2,Low
6355,150,3,Low
6356,135,3,Low
6357,58,4,Low
6358,337,1,High
6359,58,3,Low
6360,332,1,High
6361,118,2,Low
6362,117,2,Low
6363,147,2,Low
6364,73,2,Low
6365,365,1,High
6366,84,2,Low
6367,84,3,Low
6368,47,4,Low
6369,12,3,Low
6370,306,1,High
6371,329,1,High
6372,6,2,Low
6373,122,2,Low
6374,332,1,High
6375,41,2,Low
6376,135,2,Low
6377,79,2,Low
6378,55,2,Low
6380,363,1,High
6381,135,2,Low
6382,38,6,Low
6383,74,2,Low
6384,241,1,High
6385,152,3,Low
6386,102,3,Low
6387,317,1,High
6388,65,4,Low
6389,88,3,Low
6390,10,2,Low
6391,39,1,Low
6394,59,3,Low
6395,335,1,High
6396,247,1,High
6397,215,2,High
6398,25,3,Low
6399,13,2,Low
6400,128,1,Low
6401,87,2,Low
6402,25,4,Low
6403,18,3,Low
6404,232,3,High
6405,174,3,Low
6406,122,3,Low
6407,9,2,Low
6408,52,3,Low
6409,208,2,High
6410,180,1,Low
6411,295,1,High
6412,117,4,Low
6413,79,2,Low
6414,141,3,Low
6416,196,1,High
6417,343,1,High
6418,29,4,Low
6419,40,2,Low
6421,62,1,Low
6422,137,5,Low
6423,38,2,Low
6424,206,1,High
6425,69,4,Low
6426,333,2,High
6427,7,2,Low
6428,66,1,Low
6429,109,2,Low
6430,36,4,Low
6431,233,2,High
6432,271,1,High
6433,143,4,Low
6434,88,2,Low
6435,59,4,Low
6436,26,2,Low
6437,70,3,Low
6438,113,3,Low
6439,359,1,High
6440,73,1,Low
6442,133,3,Low
6443,138,5,Low
6445,270,2,High
6447,238,2,High
6448,165,1,Low
6450,203,2,High
6451,95,1,Low
6452,146,3,Low
6453,324,1,High
6454,2,2,Low
6455,162,3,Low
6456,23,3,Low
6457,263,1,High
6458,128,2,Low
6459,46,5,Low
6460,15,2,Low
6461,150,3,Low
6462,130,2,Low
6463,267,2,High
6464,75,4,Low
6465,50,2,Low
6466,20,6,Low
6467,245,1,High
6468,171,2,Low
6469,13,2,Low
6470,34,3,Low
6471,151,2,Low
6472,27,5,Low
6473,177,2,Low
6474,56,2,Low
6475,264,2,High
6476,331,1,High
6477,161,2,Low
6478,28,4,Low
6479,152,2,Low
6480,70,3,Low
6482,288,1,High
6483,313,2,High
6485,54,2,Low
6486,144,1,Low
6487,36,1,Low
6488,136,1,Low
6489,2,2,Low
6490,137,1,Low
6491,251,2,High
6492,126,1,Low
6493,16,2,Low
6494,365,1,High
6495,235,1,High
6496,18,5,Low
6497,248,2,High
6498,37,2,Low
6499,347,2,High
6500,170,1,Low
6502,39,2,Low
6503,19,8,Low
6504,316,1,High
6505,119,4,Low
6506,29,1,Low
6508,196,2,High
6509,51,2,Low
6510,12,6,Low
6511,147,1,Low
6512,317,1,High
6513,113,2,Low
6514,342,1,High
6515,96,2,Low
6516,1,1,Low
6517,29,4,Low
6518,136,2,Low
6520,331,2,High
6521,148,3,Low
6522,252,1,High
6523,158,1,Low
6524,126,2,Low
6525,164,1,Low
6527,43,3,Low
6528,193,1,Low
6529,38,4,Low
6530,183,3,Low
6532,156,2,Low
6534,16,5,Low
6535,95,1,Low
6536,83,1,Low
6537,252,2,High
6538,81,2,Low
6539,107,2,Low
6540,41,2,Low
6541,33,4,Low
6542,195,3,High
6543,45,3,Low
6544,119,2,Low
6545,71,3,Low
6546,161,1,Low
6547,205,1,High
6548,198,2,High
6549,185,1,Low
6550,21,5,Low
6551,351,1,High
6552,214,2,High
6554,315,1,High
6555,30,2,Low
6556,161,3,Low
6558,192,2,Low
6559,163,1,Low
6560,1,2,Low
6561,284,3,High
6562,85,1,Low
6564,129,1,Low
6565,73,1,Low
6567,97,3,Low
6568,203,3,High
6569,144,2,Low
6570,51,3,Low
6571,112,3,Low
6572,340,1,High
6573,202,2,High
6575,15,4,Low
6576,81,2,Low
6577,105,4,Low
6578,61,3,Low
6580,96,6,Low
6582,127,2,Low
6583,285,1,High
6584,324,1,High
6585,108,1,Low
6586,296,1,High
6587,71,1,Low
6588,51,4,Low
6589,192,3,Low
6590,50,5,Low
6591,302,1,High
6592,96,2,Low
6593,249,1,High
6594,65,3,Low
6595,184,2,Low
6597,92,1,Low
6598,37,5,Low
6600,41,2,Low
6601,55,2,Low
6602,79,2,Low
6603,13,3,Low
6605,119,2,Low
6606,50,2,Low
6607,127,1,Low
6608,4,2,Low
6610,22,2,Low
6612,91,1,Low
6613,283,2,High
6614,49,1,Low
6616,103,4,Low
6617,45,4,Low
6618,152,2,Low
6619,256,1,High
6620,179,2,Low
6621,20,3,Low
6622,91,2,Low
6623,106,3,Low
6624,23,3,Low
6625,214,4,High
6626,76,2,Low
6627,123,3,Low
6628,331,1,High
6629,91,3,Low
6630,35,1,Low
6631,47,2,Low
6632,174,3,Low
6633,198,4,High
6634,288,2,High
6635,74,2,Low
6636,267,1,High
6637,50,2,Low
6638,105,3,Low
6639,58,4,Low
6640,17,7,Low
6641,104,2,Low
6642,358,1,High
6643,65,2,Low
6644,41,1,Low
6645,252,2,High
6646,300,2,High
6647,55,4,Low
6648,283,1,High
6649,253,1,High
6652,38,5,Low
6653,28,4,Low
6654,132,1,Low
6655,292,2,High
6657,95,3,Low
6658,318,1,High
6659,102,4,Low
6660,84,3,Low
6661,159,2,Low
6662,7,3,Low
6664,206,1,High
6665,56,1,Low
6667,80,4,Low
6668,34,7,Low
6669,37,2,Low
6670,163,2,Low
6672,89,1,Low
6673,108,1,Low
6676,121,2,Low
6677,276,1,High
6678,217,2,High
6679,27,2,Low
6680,60,7,Low
6681,64,4,Low
6682,109,4,Low
6683,164,1,Low
6684,53,2,Low
6685,9,4,Low
6686,8,2,Low
6687,15,4,Low
6689,86,3,Low
6690,328,1,High
6691,99,2,Low
6692,94,2,Low
6693,143,4,Low
6694,25,3,Low
6695,5,3,Low
6698,233,2,High
6700,50,4,Low
6701,137,2,Low
6702,121,1,Low
6705,105,2,Low
6706,27,2,Low
6707,212,2,High
6708,56,1,Low
6709,189,2,Low
6710,84,1,Low
6711,190,5,Low
6712,123,2,Low
6713,206,3,High
6714,77,3,Low
6715,22,4,Low
6716,208,1,High
6717,160,2,Low
6718,21,1,Low
6719,56,6,Low
6720,52,1,Low
6721,45,1,Low
6722,31,2,Low
6723,251,1,High
6724,8,2,Low
6725,35,6,Low
6727,334,1,High
6728,14,2,Low
6729,51,3,Low
6730,156,1,Low
6731,120,2,Low
6732,293,2,High
6733,30,3,Low
6734,79,4,Low
6736,206,3,High
6737,126,1,Low
6738,235,1,High
6739,7,2,Low
6740,28,2,Low
6741,125,2,Low
6742,128,3,Low
6743,94,4,Low
6744,348,2,High
6745,322,1,High
6746,178,1,Low
6748,47,2,Low
6749,87,5,Low
6750,184,2,Low
6751,4,2,Low
6752,80,3,Low
6753,106,1,Low
6755,360,1,High
6756,218,4,High
6758,251,1,High
6759,9,3,Low
6760,357,1,High
6761,93,1,Low
6762,139,3,Low
6763,264,2,High
6765,61,2,Low
6766,187,2,Low
6767,98,2,Low
6768,299,2,High
6769,237,2,High
6770,168,1,Low
6771,61,2,Low
6772,77,3,Low
6773,8,3,Low
6774,46,1,Low
6775,54,3,Low
6776,185,3,Low
6778,109,4,Low
6779,87,1,Low
6780,140,4,Low
6781,107,4,Low
6782,170,2,Low
6784,73,1,Low
6785,30,2,Low
6786,137,2,Low
6787,19,2,Low
6788,256,1,High
6789,4,4,Low
6790,359,1,High
6791,2,2,Low
6792,138,3,Low
6793,59,2,Low
6794,20,1,Low
6796,16,4,Low
6797,8,7,Low
6798,74,3,Low
6799,38,2,Low
6800,20,7,Low
6801,43,3,Low
6802,25,3,Low
6803,70,3,Low
6804,266,2,High
6805,314,1,High
6806,108,2,Low
6807,55,4,Low
6808,199,2,High
6809,348,1,High
6810,56,2,Low
6811,5,4,Low
6812,31,3,Low
6814,155,3,Low
6815,117,2,Low
6816,64,2,Low
6817,207,1,High
6819,16,1,Low
6820,46,2,Low
6821,18,3,Low
6822,246,1,High
6823,76,4,Low
6824,323,1,High
6827,85,4,Low
6828,235,2,High
6829,64,5,Low
6830,239,3,High
6831,42,2,Low
6832,77,3,Low
6833,87,3,Low
6834,89,1,Low
6835,86,1,Low
6836,4,7,Low
6837,175,2,Low
6838,8,1,Low
6839,159,2,Low
6841,165,2,Low
6842,48,3,Low
6843,10,4,Low
6844,129,3,Low
6845,38,4,Low
6846,276,1,High
6847,9,1,Low
6849,34,3,Low
6850,314,1,High
6851,37,4,Low
6853,65,1,Low
6854,142,2,Low
6855,16,3,Low
6856,151,3,Low
6857,77,5,Low
6858,183,2,Low
6859,186,2,Low
6860,56,1,Low
6861,229,1,High
6862,93,2,Low
6863,220,2,High
6864,253,3,High
6866,17,2,Low
6867,123,3,Low
6868,33,4,Low
6869,27,4,Low
6870,47,4,Low
6872,71,2,Low
6873,193,4,Low
6874,153,1,Low
6875,65,3,Low
6876,224,1,High
6877,33,2,Low
6878,50,1,Low
6879,90,2,Low
6880,65,1,Low
6881,125,1,Low
6883,75,3,Low
6884,180,2,Low
6885,1,4,Low
6886,243,2,High
6887,78,6,Low
6888,69,2,Low
6889,13,3,Low
6890,115,3,Low
6891,152,2,Low
6892,114,4,Low
6893,358,1,High
6894,164,1,Low
6895,61,3,Low
6896,252,2,High
6897,101,4,Low
6899,146,2,Low
6900,210,1,High
6901,198,2,High
6902,38,3,Low
6903,207,2,High
6904,172,5,Low
6905,319,2,High
6906,275,1,High
6907,310,1,High
6909,226,1,High
6910,83,2,Low
6911,14,2,Low
6912,18,3,Low
6913,44,3,Low
6914,140,3,Low
6915,309,1,High
6916,53,2,Low
6917,18,4,Low
6918,237,3,High
6919,10,3,Low
6920,20,3,Low
6921,48,2,Low
6923,323,1,High
6924,3,7,Low
6925,104,3,Low
6926,153,6,Low
6927,63,2,Low
6928,3,1,Low
6929,146,4,Low
6930,210,1,High
6931,27,4,Low
6932,129,2,Low
6933,87,1,Low
6934,52,3,Low
6935,90,3,Low
6936,202,2,High
6937,239,1,High
6938,96,1,Low
6939,24,2,Low
6940,69,3,Low
6941,220,1,High
6942,7,3,Low
6943,56,2,Low
6944,142,2,Low
6945,34,4,Low
6946,184,2,Low
6947,9,4,Low
6949,127,3,Low
6950,10,3,Low
6951,263,3,High
6952,3,2,Low
6953,344,1,High
6955,262,1,High
6956,44,2,Low
6957,219,3,High
6958,192,1,Low
6959,75,2,Low
6960,46,2,Low
6961,251,2,High
6962,223,2,High
6963,83,4,Low
6964,61,4,Low
6965,109,2,Low
6966,197,2,High
6967,353,2,High
6968,261,3,High
6969,209,2,High
6970,43,1,Low
6972,329,1,High
6973,173,1,Low
6974,354,1,High
6976,45,3,Low
6978,182,1,Low
6979,332,1,High
6980,53,2,Low
6981,133,3,Low
6983,35,2,Low
6984,197,3,High
6986,190,2,Low
6988,87,2,Low
6990,213,3,High
6991,42,1,Low
6992,212,1,High
6993,173,4,Low
6994,315,1,High
6995,252,1,High
6996,160,3,Low
6997,338,1,High
6998,267,2,High
6999,20,1,Low
7000,38,5,Low
7001,25,2,Low
7002,168,3,Low
7003,167,1,Low
7004,355,1,High
7005,212,1,High
7007,318,2,High
7009,84,3,Low
7010,14,2,Low
7011,335,2,High
7012,33,5,Low
7013,13,4,Low
7014,42,1,Low
7015,35,4,Low
7016,73,5,Low
7017,178,2,Low
7018,112,2,Low
7019,225,2,High
7021,198,3,High
7022,149,2,Low
7024,60,3,Low
7025,120,1,Low
7026,131,4,Low
7028,33,4,Low
7029,101,2,Low
7030,301,1,High
7031,184,3,Low
7032,132,2,Low
7033,114,2,Low
7036,9,2,Low
7037,254,2,High
7038,123,1,Low
7040,328,1,High
7041,70,2,Low
7042,193,1,Low
7043,187,3,Low
7044,7,1,Low
7045,130,3,Low
7046,99,2,Low
7047,91,2,Low
7049,10,2,Low
7050,41,3,Low
7051,18,5,Low
7052,192,4,Low
7053,89,3,Low
7054,39,4,Low
7055,101,1,Low
7056,31,2,Low
7057,164,4,Low
7058,205,2,High
7059,29,4,Low
7060,41,1,Low
7061,1,1,Low
7062,128,3,Low
7063,13,3,Low
7064,63,4,Low
7065,123,1,Low
7066,1,3,Low
7067,298,1,High
7068,151,1,Low
7069,92,3,Low
7070,5,2,Low
7071,154,2,Low
7072,114,2,Low
7073,259,1,High
7074,81,3,Low
7075,91,1,Low
7076,82,1,Low
7077,146,1,Low
7078,127,3,Low
7079,36,3,Low
7080,95,2,Low
7081,301,2,High
7082,52,1,Low
7083,359,1,High
7084,72,3,Low
7085,6,4,Low
7086,55,1,Low
7087,63,2,Low
7089,123,3,Low
7090,295,3,High
7091,134,3,Low
7092,143,1,Low
7093,22,3,Low
7094,29,2,Low
7095,31,4,Low
7096,20,2,Low
7097,23,2,Low
7098,43,4,Low
7100,156,1,Low
7101,215,2,High
7102,305,2,High
7103,137,2,Low
7104,16,2,Low
7107,63,1,Low
7108,25,2,Low
7110,126,3,Low
7111,36,3,Low
7112,163,1,Low
7113,360,1,High
7114,79,3,Low
7115,41,1,Low
7116,329,1,High
7117,83,2,Low
7119,155,1,Low
7120,241,1,High
7121,95,1,Low
7122,311,1,High
7124,71,2,Low
7125,222,4,High
7126,133,3,Low
7127,86,4,Low
7128,68,2,Low
7129,104,1,Low
7130,38,2,Low
7131,7,3,Low
7132,24,3,Low
7133,135,1,Low
7134,29,2,Low
7135,19,2,Low
7137,155,4,Low
7138,202,3,High
7139,310,1,High
7140,38,4,Low
7141,219,2,High
7143,100,3,Low
7144,142,1,Low
7145,240,1,High
7146,89,1,Low
7148,116,1,Low
7149,332,1,High
7150,154,1,Low
7151,124,2,Low
7152,327,1,High
7153,106,1,Low
7154,322,1,High
7155,43,4,Low
7156,1,2,Low
7158,2,3,Low
7159,205,2,High
7161,14,1,Low
7162,84,4,Low
7163,311,1,High
7164,352,1,High
7165,230,4,High
7168,286,1,High
7170,15,4,Low
7171,213,1,High
7172,74,3,Low
7173,30,4,Low
7174,196,2,High
7175,19,4,Low
7176,215,3,High
7178,288,1,High
7179,131,1,Low
7180,365,1,High
7181,47,3,Low
7182,249,1,High
7183,255,4,High
7184,112,3,Low
7186,207,1,High
7187,142,1,Low
7188,72,2,Low
7189,18,5,Low
7190,238,1,High
7191,82,2,Low
7192,151,2,Low
7194,84,1,Low
7195,90,2,Low
7196,96,4,Low
7198,199,2,High
7199,235,2,High
7200,126,2,Low
7201,172,1,Low
7203,92,2,Low
7204,4,2,Low
7205,58,2,Low
7206,172,2,Low
7207,41,2,Low
7208,37,8,Low
7209,167,2,Low
7210,42,3,Low
7211,22,2,Low
7212,22,3,Low
7214,11,3,Low
7215,84,3,Low
7217,315,2,High
7219,158,1,Low
7220,250,1,High
7221,42,4,Low
7222,83,3,Low
7223,18,2,Low
7224,97,3,Low
7225,186,1,Low
7227,92,3,Low
7228,121,1,Low
7230,58,3,Low
7231,104,3,Low
7232,9,3,Low
7233,3,3,Low
7234,171,1,Low
7235,130,4,Low
7236,158,4,Low
7238,205,2,High
7239,255,1,High
7240,44,2,Low
7241,231,2,High
7242,116,3,Low
7243,69,4,Low
7244,231,1,High
7245,311,1,High
7246,135,3,Low
7247,29,1,Low
7249,78,1,Low
7250,54,5,Low
7251,30,3,Low
7252,59,3,Low
7254,67,2,Low
7255,209,1,High
7257,103,3,Low
7259,357,1,High
7260,227,1,High
7261,59,5,Low
7262,150,3,Low
7263,89,2,Low
7264,45,4,Low
7265,5,3,Low
7266,23,3,Low
7267,351,1,High
7268,161,2,Low
7270,171,3,Low
7271,28,3,Low
7272,261,2,High
7273,77,1,Low
7274,280,1,High
7275,294,1,High
7276,200,1,High
7277,128,1,Low
7278,10,5,Low
7279,64,3,Low
7280,3,3,Low
7281,166,1,Low
7282,23,3,Low
7283,314,1,High
7285,76,3,Low
7286,154,3,Low
7287,49,4,Low
7288,325,1,High
7289,253,2,High
7290,303,1,High
7291,117,3,Low
7293,134,1,Low
7294,205,2,High
7295,276,3,High
7296,157,1,Low
7297,36,1,Low
7298,110,1,Low
7299,105,1,Low
7301,191,1,Low
7302,59,3,Low
7303,91,5,Low
7304,232,3,High
7305,178,1,Low
7306,199,1,High
7307,250,1,High
7308,178,1,Low
7311,249,1,High
7312,46,4,Low
7313,39,5,Low
7314,115,1,Low
7315,39,5,Low
7316,158,1,Low
7317,88,4,Low
7318,336,1,High
7319,343,2,High
7320,114,2,Low
7322,47,2,Low
7323,111,2,Low
7326,232,2,High
7330,22,1,Low
7331,19,3,Low
7332,240,1,High
7333,239,1,High
7336,76,1,Low
7337,14,6,Low
7338,78,3,Low
7340,4,2,Low
7341,323,1,High
7342,247,1,High
7343,119,2,Low
7344,110,1,Low
7345,98,2,Low
7346,36,3,Low
7347,324,1,High
7348,107,3,Low
7349,187,1,Low
7350,43,3,Low
7351,147,2,Low
7352,75,2,Low
7353,28,2,Low
7354,29,3,Low
7355,73,1,Low
7356,62,1,Low
7357,19,1,Low
7358,41,4,Low
7359,271,2,High
7360,39,2,Low
7361,45,5,Low
7362,173,1,Low
7363,184,2,Low
7365,10,3,Low
7366,16,6,Low
7367,87,3,Low
7370,114,5,Low
7371,9,1,Low
7372,70,1,Low
7374,50,5,Low
7375,160,2,Low
7376,22,4,Low
7377,14,1,Low
7378,63,6,Low
7379,136,5,Low
7380,54,1,Low
7381,157,3,Low
7384,145,4,Low
7385,18,2,Low
7386,19,1,Low
7387,103,2,Low
7388,150,1,Low
7389,186,2,Low
7390,235,1,High
7392,221,1,High
7393,18,2,Low
7395,106,2,Low
7396,132,1,Low
7397,65,3,Low
7398,199,2,High
7399,208,2,High
7400,17,3,Low
7401,56,3,Low
7402,291,1,High
7404,223,2,High
7406,316,1,High
7407,131,3,Low
7408,54,4,Low
7409,7,2,Low
7410,180,1,Low
7411,105,2,Low
7412,347,1,High
7413,246,1,High
7414,116,3,Low
7415,142,3,Low
7416,100,1,Low
7417,50,4,Low
7418,303,2,High
7419,220,1,High
7420,159,3,Low
7422,83,3,Low
7423,142,2,Low
7424,264,1,High
7425,14,3,Low
7426,227,1,High
7428,227,1,High
7429,176,3,Low
7430,9,1,Low
7431,105,2,Low
7432,126,1,Low
7434,37,5,Low
7435,142,1,Low
7436,325,1,High
7437,73,2,Low
7438,2,3,Low
7439,5,2,Low
7440,363,1,High
7441,235,2,High
7443,140,3,Low
7444,35,2,Low
7445,147,4,Low
7446,365,1,High
7447,68,3,Low
7448,9,2,Low
7449,341,2,High
7450,306,1,High
7451,231,5,High
7452,17,6,Low
7454,49,3,Low
7455,81,3,Low
7456,109,2,Low
7457,18,2,Low
7459,166,2,Low
7461,242,1,High
7463,53,1,Low
7464,186,1,Low
7465,132,1,Low
7466,120,1,Low
7467,317,1,High
7468,235,1,High
7469,27,3,Low
7471,175,1,Low
7472,188,3,Low
7473,15,4,Low
7474,183,1,Low
7475,97,6,Low
7477,94,3,Low
7478,148,4,Low
7479,27,3,Low
7480,1,2,Low
7481,63,2,Low
7482,7,3,Low
7484,209,2,High
7485,217,1,High
7486,5,3,Low
7487,130,2,Low
7489,87,2,Low
7490,149,2,Low
7492,22,5,Low
7493,71,1,Low
7494,194,3,High
7495,155,1,Low
7496,18,2,Low
7497,16,3,Low
7498,61,2,Low
7499,14,2,Low
7501,334,1,High
7502,178,2,Low
7503,29,3,Low
7504,46,2,Low
7505,234,1,High
7506,112,2,Low
7507,65,1,Low
7509,173,1,Low
7510,172,4,Low
7512,141,1,Low
7513,39,4,Low
7514,155,1,Low
7515,96,1,Low
7516,108,4,Low
7517,100,1,Low
7518,28,3,Low
7519,58,2,Low
7521,145,1,Low
7522,25,3,Low
7523,26,3,Low
7524,79,3,Low
7526,239,1,High
7527,137,1,Low
7528,106,1,Low
7529,2,1,Low
7530,196,3,High
7532,34,2,Low
7533,261,2,High
7534,169,3,Low
7535,49,3,Low
7536,252,1,High
7537,67,4,Low
7539,25,2,Low
7540,65,3,Low
7541,13,2,Low
7542,6,1,Low
7543,89,2,Low
7544,23,3,Low
7545,100,3,Low
7546,62,1,Low
7547,90,1,Low
7548,24,3,Low
7549,266,1,High
7550,33,4,Low
7551,190,1,Low
7552,8,2,Low
7553,123,4,Low
7554,141,7,Low
7555,81,2,Low
7556,120,2,Low
7557,112,3,Low
7559,39,3,Low
7560,114,4,Low
7561,86,4,Low
7562,110,2,Low
7563,69,2,Low
7564,152,2,Low
7565,319,1,High
7566,204,2,High
7567,209,2,High
7568,97,3,Low
7569,98,1,Low
7570,314,1,High
7571,143,1,Low
7572,150,4,Low
7573,34,6,Low
7574,255,1,High
7575,229,1,High
7576,307,1,High
7577,178,1,Low
7578,234,1,High
7580,24,5,Low
7581,303,1,High
7582,337,1,High
7584,27,5,Low
7585,95,1,Low
7586,336,1,High
7587,158,1,Low
7588,1,6,Low
7589,267,1,High
7591,127,1,Low
7592,61,3,Low
7593,81,2,Low
7594,54,3,Low
7595,71,1,Low
7596,116,3,Low
7597,9,2,Low
7598,322,1,High
7599,198,2,High
7602,268,1,High
7603,275,1,High
7604,22,2,Low
7605,108,2,Low
7606,29,3,Low
7607,106,1,Low
7608,353,1,High
7609,122,2,Low
7611,75,1,Low
7613,123,2,Low
7616,16,5,Low
7617,365,1,High
7618,223,1,High
7620,27,2,Low
7621,132,2,Low
7622,60,2,Low
7623,32,2,Low
7624,81,3,Low
7625,5,2,Low
7626,126,5,Low
7627,97,4,Low
7628,72,6,Low
7629,38,3,Low
7630,135,1,Low
7632,85,3,Low
7633,76,3,Low
7634,63,4,Low
7635,19,3,Low
7636,283,1,High
7637,196,1,High
7638,77,1,Low
7639,19,1,Low
7640,22,8,Low
7641,264,1,High
7642,38,4,Low
7643,29,3,Low
7645,320,1,High
7647,204,1,High
7648,349,1,High
7649,103,3,Low
7650,73,3,Low
7651,23,1,Low
7653,67,4,Low
7654,27,2,Low
7655,16,3,Low
7656,136,3,Low
7658,159,2,Low
7659,102,2,Low
7660,144,3,Low
7661,296,2,High
7662,71,3,Low
7663,310,2,High
7664,364,1,High
7665,262,2,High
7666,7,2,Low
7667,139,1,Low
7668,9,2,Low
7669,116,2,Low
7670,71,3,Low
7671,84,2,Low
7672,268,2,High
7673,317,1,High
7674,214,1,High
7675,260,2,High
7676,47,2,Low
7677,71,6,Low
7678,259,1,High
7679,250,2,High
7680,147,3,Low
7681,115,3,Low
7683,193,2,Low
7684,19,2,Low
7685,97,4,Low
7686,153,1,Low
7688,72,1,Low
7689,71,2,Low
7690,75,2,Low
7691,230,3,High
7692,13,2,Low
7693,15,2,Low
7694,298,1,High
7695,141,2,Low
7697,130,4,Low
7698,356,1,High
7699,53,1,Low
7700,277,1,High
7701,56,4,Low
7702,87,2,Low
7703,229,2,High
7704,111,3,Low
7705,122,1,Low
7706,106,3,Low
7707,88,1,Low
7709,9,1,Low
7711,67,1,Low
7713,48,3,Low
7714,96,1,Low
7715,82,4,Low
7716,43,2,Low
7717,123,2,Low
7718,118,2,Low
7720,9,4,Low
7721,20,3,Low
7722,44,4,Low
7723,35,4,Low
7724,174,2,Low
7726,360,1,High
7727,83,2,Low
7730,319,1,High
7731,108,2,Low
7732,263,1,High
7733,160,1,Low
7734,189,2,Low
7735,365,1,High
7736,39,8,Low
7737,67,3,Low
7738,100,4,Low
7739,163,1,Low
7740,97,3,Low
7744,67,3,Low
7745,319,1,High
7746,261,1,High
7748,15,2,Low
7749,158,2,Low
7751,133,1,Low
7752,243,3,High
7753,52,3,Low
7754,116,2,Low
7755,96,1,Low
7756,343,1,High
7757,85,3,Low
7759,93,1,Low
7760,85,3,Low
7761,29,3,Low
7762,120,3,Low
7763,116,3,Low
7764,55,4,Low
7765,90,5,Low
7766,348,1,High
7767,3,5,Low
7769,31,3,Low
7770,127,1,Low
7771,82,4,Low
7773,82,1,Low
7774,202,2,High
7775,286,2,High
7776,144,1,Low
7777,164,3,Low
7778,41,2,Low
7779,77,2,Low
7780,27,4,Low
7781,95,2,Low
7782,122,2,Low
7783,116,1,Low
7785,64,3,Low
7786,144,3,Low
7787,165,1,Low
7788,194,1,High
7789,48,3,Low
7790,56,2,Low
7791,13,1,Low
7793,248,1,High
7794,298,1,High
7795,156,2,Low
7799,72,3,Low
7800,38,1,Low
7802,63,3,Low
7803,220,1,High
7805,252,3,High
7806,268,1,High
7807,75,3,Low
7808,66,3,Low
7809,108,1,Low
7810,340,1,High
7811,67,1,Low
7812,114,4,Low
7813,66,1,Low
7814,32,5,Low
7815,276,1,High
7816,124,3,Low
7817,8,2,Low
7818,64,5,Low
7819,341,1,High
7820,137,1,Low
7821,106,2,Low
7822,153,1,Low
7824,74,5,Low
7825,61,3,Low
7826,157,2,Low
7827,175,2,Low
7828,23,4,Low
7829,246,1,High
7830,40,3,Low
7831,3,2,Low
7832,94,3,Low
7833,10,2,Low
7834,56,3,Low
7836,16,2,Low
7837,353,1,High
7838,262,3,High
7839,94,4,Low
7840,143,2,Low
7841,83,4,Low
7842,66,4,Low
7843,76,4,Low
7844,26,3,Low
7845,52,5,Low
7846,172,3,Low
7847,40,1,Low
7848,324,1,High
7850,7,2,Low
7851,106,2,Low
7852,23,3,Low
7853,344,2,High
7854,82,2,Low
7855,40,2,Low
7856,9,5,Low
7858,22,2,Low
7859,10,2,Low
7860,17,4,Low
7861,29,1,Low
7862,71,4,Low
7863,23,1,Low
7864,142,1,Low
7865,122,2,Low
7866,144,1,Low
7867,101,3,Low
7868,71,1,Low
7870,90,4,Low
7871,171,1,Low
7872,32,2,Low
7873,42,2,Low
7874,36,3,Low
7875,206,2,High
7876,309,2,High
7878,170,2,Low
7879,55,4,Low
7880,63,2,Low
7882,201,2,High
7883,93,2,Low
7884,68,2,Low
7885,1,1,Low
7886,276,2,High
7887,128,1,Low
7888,26,1,Low
7889,6,2,Low
7890,352,1,High
7891,338,1,High
7892,77,1,Low
7893,170,3,Low
7895,32,9,Low
7896,235,2,High
7897,18,3,Low
7898,178,1,Low
7900,45,4,Low
7901,19,1,Low
7902,1,2,Low
7903,295,1,High
7904,83,2,Low
7907,4,3,Low
7908,140,2,Low
7910,75,2,Low
7911,120,3,Low
7912,212,1,High
7913,206,1,High
7914,146,3,Low
7915,181,1,Low
7916,39,1,Low
7917,327,1,High
7918,88,4,Low
7919,184,2,Low
7920,91,3,Low
7921,278,1,High
7923,40,1,Low
7925,29,3,Low
7927,195,3,High
7928,45,1,Low
7929,117,1,Low
7930,87,1,Low
7931,75,3,Low
7933,183,2,Low
7935,327,1,High
7936,232,3,High
7937,90,1,Low
7938,118,2,Low
7939,320,1,High
7940,9,2,Low
7942,126,1,Low
7944,156,2,Low
7945,118,4,Low
7946,72,6,Low
7948,74,2,Low
7949,37,3,Low
7950,338,2,High
7951,11,4,Low
7952,123,2,Low
7953,201,2,High
7954,78,1,Low
7955,89,2,Low
7956,8,6,Low
7957,311,1,High
7958,282,1,High
7960,78,5,Low
7961,53,1,Low
7962,232,3,High
7963,330,1,High
7964,215,4,High
7965,240,1,High
7966,121,4,Low
7967,186,2,Low
7969,298,1,High
7970,15,1,Low
7972,3,5,Low
7973,143,1,Low
7974,166,3,Low
7976,193,1,Low
7978,243,2,High
7979,111,4,Low
7980,326,2,High
7981,76,5,Low
7982,50,1,Low
7983,17,2,Low
7985,203,1,High
7986,114,3,Low
7989,253,2,High
7990,41,3,Low
7992,21,5,Low
7993,112,2,Low
7994,343,1,High
7995,26,4,Low
7996,114,4,Low
7997,97,2,Low
7998,195,1,High
7999,95,3,Low
8000,151,3,Low
8001,153,4,Low
8002,15,2,Low
8003,49,3,Low
8004,85,5,Low
8006,99,3,Low
8007,151,2,Low
8008,220,2,High
8009,17,2,Low
8010,8,5,Low
8011,317,1,High
8013,186,1,Low
8014,331,1,High
8016,97,3,Low
8017,150,2,Low
8018,274,2,High
8019,150,3,Low
8020,70,3,Low
8021,149,2,Low
8022,82,2,Low
8023,128,4,Low
8026,109,2,Low
8027,9,5,Low
8028,253,1,High
8030,30,4,Low
8031,103,2,Low
8032,109,2,Low
8033,7,4,Low
8034,362,1,High
8035,112,3,Low
8037,94,3,Low
8038,11,2,Low
8039,31,3,Low
8040,153,1,Low
8042,227,2,High
8043,210,3,High
8044,87,4,Low
8046,158,1,Low
8049,100,3,Low
8050,120,3,Low
8051,203,2,High
8052,325,1,High
8053,204,1,High
8054,215,2,High
8055,194,1,High
8056,13,2,Low
8057,74,1,Low
8058,314,1,High
8060,289,1,High
8061,125,1,Low
8062,87,2,Low
8063,125,3,Low
8064,15,2,Low
8065,18,3,Low
8067,159,2,Low
8068,94,2,Low
8069,9,1,Low
8070,335,1,High
8073,338,1,High
8074,37,4,Low
8076,254,1,High
8077,229,3,High
8078,54,1,Low
8079,23,4,Low
8081,122,4,Low
8082,51,4,Low
8083,118,3,Low
8084,111,3,Low
8085,198,2,High
8087,295,1,High
8088,124,2,Low
8089,98,2,Low
8090,338,1,High
8091,261,2,High
8092,261,1,High
8093,1,3,Low
8094,38,2,Low
8095,175,3,Low
8096,12,3,Low
8098,15,3,Low
8099,43,3,Low
8100,41,1,Low
8101,205,3,High
8102,287,2,High
8103,17,1,Low
8104,225,3,High
8105,223,4,High
8106,222,1,High
8107,74,3,Low
8108,128,1,Low
8109,260,1,High
8110,13,2,Low
8111,20,3,Low
8113,78,2,Low
8114,47,5,Low
8115,168,3,Low
8116,33,3,Low
8117,81,2,Low
8118,64,4,Low
8119,19,3,Low
8120,23,5,Low
8121,39,4,Low
8122,5,4,Low
8123,228,2,High
8124,37,3,Low
8126,158,3,Low
8127,156,3,Low
8128,50,2,Low
8129,53,3,Low
8130,314,1,High
8131,8,2,Low
8132,295,1,High
8133,330,1,High
8134,174,1,Low
8135,32,3,Low
8136,131,1,Low
8138,76,2,Low
8139,114,1,Low
8140,87,1,Low
8141,51,1,Low
8142,66,4,Low
8143,222,1,High
8144,280,2,High
8145,301,2,High
8146,236,3,High
8147,34,3,Low
8148,69,1,Low
8149,51,3,Low
8150,231,1,High
8152,64,1,Low
8153,1,3,Low
8154,194,1,High
8155,12,2,Low
8156,142,4,Low
8157,138,1,Low
8158,44,2,Low
8159,112,2,Low
8160,61,3,Low
8162,113,2,Low
8163,95,2,Low
8164,27,4,Low
8165,351,2,High
8166,25,3,Low
8167,140,3,Low
8168,232,2,High
8169,70,3,Low
8170,257,2,High
8173,16,2,Low
8174,327,1,High
8175,111,2,Low
8176,123,3,Low
8177,204,2,High
8178,123,1,Low
8179,109,2,Low
8180,112,3,Low
8181,188,2,Low
8183,169,2,Low
8184,46,3,Low
8185,112,1,Low
8187,44,7,Low
8188,91,5,Low
8189,36,1,Low
8190,30,3,Low
8191,121,3,Low
8192,53,2,Low
8193,55,4,Low
8195,151,3,Low
8196,63,4,Low
8197,364,1,High
8198,145,1,Low
8199,5,2,Low
8200,80,1,Low
8201,153,2,Low
8202,186,3,Low
8203,338,1,High
8205,292,1,High
8206,209,1,High
8207,25,6,Low
8209,13,3,Low
8210,31,2,Low
8211,240,3,High
8212,39,1,Low
8213,58,3,Low
8214,17,2,Low
8215,262,1,High
8216,115,1,Low
8217,21,5,Low
8218,47,2,Low
8219,166,2,Low
8220,23,2,Low
8222,108,4,Low
8223,33,3,Low
8225,143,2,Low
8226,88,4,Low
8227,257,2,High
8228,7,4,Low
8229,166,1,Low
8230,93,1,Low
8231,272,1,High
8232,114,1,Low
8233,7,2,Low
8234,280,1,High
8235,185,1,Low
8236,173,2,Low
8237,239,3,High
8239,79,2,Low
8240,14,5,Low
8241,82,3,Low
8242,173,2,Low
8243,127,1,Low
8244,358,1,High
8245,97,3,Low
8246,261,1,High
8247,15,3,Low
8249,231,1,High
8250,6,2,Low
8251,4,3,Low
8252,256,3,High
8253,69,2,Low
8255,1,3,Low
8256,145,1,Low
8257,127,1,Low
8258,111,1,Low
8259,51,1,Low
8260,178,2,Low
8261,103,2,Low
8262,230,2,High
8263,224,1,High
8264,228,1,High
8265,52,1,Low
8266,224,1,High
8267,69,2,Low
8269,322,1,High
8270,43,2,Low
8271,168,3,Low
8272,294,1,High
8274,98,2,Low
8275,25,5,Low
8276,174,1,Low
8277,4,4,Low
8279,42,2,Low
8280,154,4,Low
8281,94,4,Low
8282,2,3,Low
8283,157,2,Low
8284,115,2,Low
8287,163,2,Low
8288,36,4,Low
8289,54,2,Low
8290,153,1,Low
8291,1,4,Low
8292,80,1,Low
8293,20,7,Low
8296,13,2,Low
8297,199,2,High
8298,69,2,Low
8300,35,2,Low
8301,182,3,Low
8302,115,3,Low
8304,148,1,Low
8305,38,4,Low
8306,111,4,Low
8310,39,5,Low
8311,73,2,Low
8312,63,4,Low
8313,77,1,Low
8314,245,1,High
8315,164,4,Low
8316,270,1,High
8318,4,5,Low
8319,36,4,Low
8320,113,2,Low
8321,12,2,Low
8323,131,4,Low
8324,287,1,High
8327,30,1,Low
8328,261,1,High
8329,346,1,High
8330,192,1,Low
8331,341,1,High
8332,19,4,Low
8333,164,2,Low
8334,7,4,Low
8335,61,5,Low
8336,204,3,High
8337,180,1,Low
8338,22,3,Low
8339,180,2,Low
8340,74,1,Low
8341,172,1,Low
8342,341,1,High
8343,217,1,High
8344,119,1,Low
8345,179,2,Low
8346,99,4,Low
8347,227,3,High
8348,89,3,Low
8349,336,1,High
8350,283,1,High
8351,53,1,Low
8352,181,1,Low
8353,335,1,High
8355,1,3,Low
8356,102,3,Low
8357,128,1,Low
8358,133,2,Low
8359,139,3,Low
8360,218,1,High
8361,97,3,Low
8362,234,1,High
8364,8,2,Low
8365,104,2,Low
8366,86,2,Low
8367,8,1,Low
8368,12,3,Low
8370,129,2,Low
8371,278,1,High
8372,28,2,Low
8373,130,2,Low
8374,58,2,Low
8375,17,3,Low
8376,137,3,Low
8377,125,3,Low
8379,136,2,Low
8380,56,1,Low
8381,58,2,Low
8382,198,2,High
8383,132,3,Low
8384,75,3,Low
8385,97,3,Low
8386,23,1,Low
8387,113,3,Low
8388,84,1,Low
8389,69,2,Low
8390,269,1,High
8391,162,3,Low
8392,140,4,Low
8393,56,3,Low
8395,225,2,High
8396,98,1,Low
8397,253,2,High
8398,128,3,Low
8399,18,3,Low
8401,36,3,Low
8402,175,2,Low
8403,232,2,High
8404,103,4,Low
8405,124,1,Low
8406,115,3,Low
8407,35,2,Low
8408,99,2,Low
8409,60,2,Low
8410,86,2,Low
8411,19,3,Low
8412,49,5,Low
8413,305,1,High
8414,207,1,High
8415,31,2,Low
8416,39,4,Low
8417,143,2,Low
8418,310,1,High
8420,18,3,Low
8421,110,1,Low
8424,1,4,Low
8425,248,1,High
8426,323,1,High
8427,125,3,Low
8428,171,2,Low
8429,47,2,Low
8430,172,2,Low
8431,174,3,Low
8432,31,3,Low
8433,299,1,High
8434,193,3,Low
8435,113,5,Low
8436,361,1,High
8438,88,3,Low
8439,60,3,Low
8441,50,4,Low
8442,111,4,Low
8443,214,3,High
8444,220,4,High
8445,137,2,Low
8446,1,3,Low
8447,113,2,Low
8448,268,2,High
8449,265,1,High
8450,149,3,Low
8451,295,1,High
8452,65,3,Low
8453,105,4,Low
8454,42,4,Low
8455,241,1,High
8456,97,6,Low
8457,274,1,High
8458,87,3,Low
8459,10,3,Low
8460,52,1,Low
8461,82,2,Low
8462,47,2,Low
8463,137,2,Low
8464,100,3,Low
8465,319,1,High
8466,133,4,Low
8467,30,2,Low
8468,199,3,High
8469,122,2,Low
8470,15,5,Low
8471,102,2,Low
8472,14,4,Low
8474,66,4,Low
8475,168,1,Low
8477,25,2,Low
8478,142,3,Low
8479,1,5,Low
8480,54,2,Low
8481,22,2,Low
8482,219,2,High
8483,109,1,Low
8484,31,2,Low
8485,24,4,Low
8486,75,2,Low
8487,261,3,High
8488,95,1,Low
8489,50,1,Low
8490,112,1,Low
8491,352,2,High
8492,77,3,Low
8493,115,6,Low
8494,87,1,Low
8495,31,4,Low
8496,67,3,Low
8497,110,2,Low
8498,91,4,Low
8499,9,2,Low
8500,192,1,Low
8501,92,2,Low
8503,128,3,Low
8504,121,2,Low
8505,86,1,Low
8506,265,2,High
8507,75,4,Low
8508,278,2,High
8509,71,2,Low
8510,220,1,High
8511,3,4,Low
8513,353,1,High
8514,54,3,Low
8515,100,2,Low
8516,181,3,Low
8517,150,2,Low
8519,282,2,High
8520,141,2,Low
8521,138,1,Low
8522,16,3,Low
8523,83,1,Low
8524,63,5,Low
8525,56,2,Low
8526,20,3,Low
8527,75,3,Low
8529,201,1,High
8530,35,2,Low
8531,283,4,High
8532,24,3,Low
8533,89,2,Low
8534,301,2,High
8535,102,4,Low
8536,32,4,Low
8537,187,2,Low
8538,132,2,Low
8539,27,4,Low
8541,78,3,Low
8542,119,1,Low
8543,289,1,High
8544,43,2,Low
8545,34,5,Low
8546,267,1,High
8547,74,4,Low
8548,42,6,Low
8550,12,3,Low
8551,9,2,Low
8553,12,2,Low
8554,26,5,Low
8555,58,2,Low
8556,89,2,Low
8557,10,2,Low
8558,55,4,Low
8560,204,1,High
8561,281,1,High
8562,6,4,Low
8563,217,2,High
8564,81,3,Low
8565,365,1,High
8566,102,3,Low
8567,127,2,Low
8568,119,2,Low
8569,96,3,Low
8570,68,3,Low
8571,46,1,Low
8572,121,2,Low
8573,155,1,Low
8574,142,1,Low
8575,12,5,Low
8577,28,1,Low
8578,114,4,Low
8579,131,2,Low
8580,125,3,Low
8582,247,3,High
8584,2,2,Low
8585,83,4,Low
8586,195,2,High
8587,135,1,Low
8588,81,2,Low
8589,211,2,High
8590,272,1,High
8591,60,3,Low
8592,106,3,Low
8593,139,2,Low
8594,76,1,Low
8595,41,3,Low
8596,260,2,High
8597,128,2,Low
8598,133,1,Low
8599,68,5,Low
8601,39,1,Low
8602,360,1,High
8603,193,3,Low
8604,42,4,Low
8606,32,2,Low
8607,1,6,Low
8608,331,1,High
8609,235,2,High
8610,212,4,High
8611,236,1,High
8613,330,1,High
8614,285,2,High
8615,136,2,Low
8617,45,2,Low
8618,8,2,Low
8619,5,2,Low
8620,287,1,High
8621,6,2,Low
8622,118,3,Low
8623,17,4,Low
8624,213,1,High
8625,56,3,Low
8626,320,1,High
8627,99,3,Low
8628,128,1,Low
8629,182,1,Low
8630,295,1,High
8631,47,2,Low
8633,243,1,High
8634,163,1,Low
8635,180,1,Low
8636,112,1,Low
8637,224,2,High
8638,245,1,High
8639,194,3,High
8640,70,2,Low
8641,108,1,Low
8642,257,1,High
8643,11,2,Low
8644,13,4,Low
8645,250,1,High
8646,167,3,Low
8647,202,2,High
8648,31,1,Low
8650,63,3,Low
8651,100,2,Low
8652,182,3,Low
8654,76,2,Low
8655,322,1,High
8656,276,1,High
8657,28,3,Low
8658,67,3,Low
8659,14,2,Low
8660,269,1,High
8661,78,3,Low
8662,78,2,Low
8663,121,3,Low
8664,286,2,High
8665,56,1,Low
8666,299,1,High
8667,29,3,Low
8668,109,2,Low
8670,16,3,Low
8671,8,5,Low
8673,26,2,Low
8674,101,3,Low
8675,85,3,Low
8676,70,1,Low
8677,43,1,Low
8678,61,2,Low
8679,216,1,High
8680,26,1,Low
8681,66,2,Low
8683,33,2,Low
8684,214,2,High
8685,255,1,High
8687,78,4,Low
8688,207,1,High
8689,43,2,Low
8691,105,3,Low
8692,326,1,High
8693,31,3,Low
8694,288,2,High
8696,7,4,Low
8697,7,5,Low
8698,156,2,Low
8699,46,1,Low
8700,19,2,Low
8702,10,4,Low
8703,273,2,High
8704,25,4,Low
8705,318,1,High
8706,49,4,Low
8708,308,1,High
8709,299,1,High
8710,160,1,Low
8712,10,2,Low
8713,57,2,Low
8714,6,1,Low
8715,233,2,High
8716,257,2,High
8717,21,2,Low
8719,325,1,High
8720,88,2,Low
8721,131,1,Low
8722,95,3,Low
8723,44,3,Low
8724,166,3,Low
8725,130,2,Low
8726,167,1,Low
8727,40,2,Low
8728,99,4,Low
8729,29,4,Low
8731,103,2,Low
8732,96,2,Low
8733,188,1,Low
8734,61,4,Low
8735,72,1,Low
8736,89,2,Low
8737,87,1,Low
8738,35,3,Low
8739,143,1,Low
8740,341,1,High
8742,52,2,Low
8743,62,4,Low
8745,91,4,Low
8746,114,2,Low
8747,124,4,Low
8748,68,2,Low
8749,17,1,Low
8750,297,1,High
8751,165,1,Low
8753,202,2,High
8754,196,2,High
8755,294,1,High
8756,196,1,High
8757,164,1,Low
8758,221,2,High
8759,56,4,Low
8760,102,2,Low
8761,59,2,Low
8763,120,3,Low
8765,21,2,Low
8767,158,1,Low
8768,283,1,High
8769,93,4,Low
8770,107,1,Low
8771,208,1,High
8772,43,2,Low
8773,95,3,Low
8774,223,2,High
8776,245,2,High
8777,246,1,High
8778,76,3,Low
8781,55,1,Low
8782,45,3,Low
8783,58,1,Low
8784,121,2,Low
8785,83,2,Low
8786,48,3,Low
8787,158,1,Low
8788,134,4,Low
8790,180,1,Low
8791,239,1,High
8792,132,2,Low
8793,258,3,High
8794,291,1,High
8795,318,1,High
8797,21,2,Low
8798,151,2,Low
8800,125,1,Low
8801,131,2,Low
8802,350,1,High
8803,256,1,High
8805,171,2,Low
8807,125,2,Low
8809,250,2,High
8810,276,2,High
8811,130,2,Low
8812,151,2,Low
8816,117,2,Low
8817,30,2,Low
8818,205,2,High
8819,11,3,Low
8820,198,2,High
8821,235,2,High
8822,15,3,Low
8823,142,2,Low
8824,27,2,Low
8825,253,1,High
8826,174,1,Low
8827,361,1,High
8829,68,4,Low
8830,60,1,Low
8831,114,3,Low
8832,300,1,High
8833,165,2,Low
8835,270,3,High
8836,171,4,Low
8839,321,1,High
8840,24,2,Low
8841,17,2,Low
8842,81,4,Low
8843,239,1,High
8844,173,1,Low
8846,352,2,High
8847,351,1,High
8848,42,2,Low
8849,63,2,Low
8850,5,2,Low
8851,1,2,Low
8852,83,3,Low
8853,196,2,High
8855,86,3,Low
8856,168,2,Low
8857,21,1,Low
8858,31,5,Low
8860,355,1,High
8861,146,1,Low
8862,10,3,Low
8863,243,2,High
8864,291,1,High
8865,347,1,High
8867,279,1,High
8868,233,1,High
8869,76,1,Low
8870,106,5,Low
8872,117,2,Low
8873,232,1,High
8874,70,1,Low
8875,138,4,Low
8876,149,2,Low
8877,38,2,Low
8878,121,2,Low
8880,267,1,High
8881,69,2,Low
8882,19,3,Low
8883,4,3,Low
8884,275,3,High
8885,22,2,Low
8886,219,1,High
8887,232,1,High
8888,90,2,Low
8889,135,2,Low
8890,81,3,Low
8891,81,5,Low
8892,136,1,Low
8893,69,2,Low
8895,77,2,Low
8896,23,4,Low
8897,230,1,High
8898,53,1,Low
8900,188,2,Low
8901,173,1,Low
8902,48,2,Low
8903,151,1,Low
8904,56,4,Low
8905,235,4,High
8906,357,1,High
8908,141,2,Low
8909,134,2,Low
8910,117,2,Low
8911,292,1,High
8912,1,2,Low
8913,95,1,Low
8914,71,1,Low
8916,4,6,Low
8917,13,4,Low
8918,108,3,Low
8919,186,4,Low
8920,197,3,High
8921,227,2,High
8922,74,2,Low
8923,50,2,Low
8924,12,4,Low
8925,337,1,High
8926,266,1,High
8927,119,1,Low
8929,123,2,Low
8930,258,1,High
8931,235,1,High
8934,107,2,Low
8935,37,4,Low
8936,358,2,High
8937,77,1,Low
8938,25,2,Low
8941,92,2,Low
8942,46,3,Low
8943,344,2,High
8944,41,1,Low
8945,31,1,Low
8946,7,2,Low
8947,194,1,High
8948,44,2,Low
8949,10,1,Low
8950,201,2,High
8951,38,1,Low
8952,247,1,High
8953,105,2,Low
8955,348,1,High
8956,137,6,Low
8958,73,1,Low
8959,189,3,Low
8960,27,3,Low
8961,151,2,Low
8962,144,5,Low
8963,100,4,Low
8967,28,4,Low
8971,101,4,Low
8972,90,3,Low
8973,93,1,Low
8974,107,1,Low
8975,312,2,High
8976,142,1,Low
8977,88,1,Low
8979,60,1,Low
8980,10,3,Low
8982,71,1,Low
8983,21,5,Low
8984,30,2,Low
8985,19,3,Low
8986,67,4,Low
8987,64,1,Low
8988,158,2,Low
8989,243,4,High
8992,249,1,High
8993,38,2,Low
8994,253,1,High
8995,68,3,Low
8996,66,2,Low
8997,271,2,High
9000,248,2,High
9001,10,2,Low
9002,3,2,Low
9003,221,4,High
9005,155,2,Low
9007,50,2,Low
9008,133,1,Low
9009,148,2,Low
9010,331,1,High
9011,136,1,Low
9012,68,3,Low
9013,39,3,Low
9014,121,2,Low
9016,79,7,Low
9017,215,1,High
9019,37,1,Low
9020,208,1,High
9021,36,3,Low
9022,228,3,High
9024,97,3,Low
9025,28,2,Low
9026,59,3,Low
9027,81,2,Low
9028,45,4,Low
9029,261,2,High
9031,62,1,Low
9032,39,1,Low
9033,141,2,Low
9035,346,1,High
9036,6,5,Low
9037,71,1,Low
9038,224,1,High
9039,293,2,High
9040,4,2,Low
9042,200,2,High
9044,326,1,High
9045,73,3,Low
9046,49,2,Low
9047,69,1,Low
9048,16,6,Low
9050,223,2,High
9051,140,1,Low
9052,184,2,Low
9053,209,1,High
9054,51,1,Low
9055,37,2,Low
9056,339,1,High
9057,43,4,Low
9058,44,1,Low
9059,313,2,High
9060,10,4,Low
9061,74,7,Low
9063,66,2,Low
9064,176,1,Low
9065,7,3,Low
9066,31,2,Low
9067,11,6,Low
9068,251,2,High
9069,41,1,Low
9070,24,1,Low
9071,19,3,Low
9073,69,3,Low
9074,299,1,High
9075,138,2,Low
9077,19,2,Low
9078,23,1,Low
9079,113,2,Low
9080,38,3,Low
9081,135,4,Low
9082,133,1,Low
9083,167,2,Low
9084,165,2,Low
9085,20,2,Low
9086,94,1,Low
9089,294,2,High
9090,30,2,Low
9091,219,1,High
9092,164,2,Low
9093,29,5,Low
9094,11,3,Low
9095,82,2,Low
9096,18,1,Low
9097,222,2,High
9098,228,1,High
9099,173,1,Low
9100,162,1,Low
9101,164,1,Low
9102,95,1,Low
9103,13,2,Low
9104,71,1,Low
9105,53,2,Low
9106,168,4,Low
9107,242,1,High
9108,92,1,Low
9109,298,1,High
9110,155,4,Low
9111,214,1,High
9114,282,2,High
9115,38,3,Low
9116,100,5,Low
9117,80,1,Low
9119,211,1,High
9120,2,4,Low
9122,16,2,Low
9123,55,2,Low
9124,125,2,Low
9125,58,2,Low
9126,270,1,High
9127,137,1,Low
9128,13,2,Low
9129,321,2,High
9130,89,2,Low
9131,66,3,Low
9133,64,2,Low
9134,83,2,Low
9135,118,1,Low
9136,68,1,Low
9137,285,2,High
9138,202,2,High
9139,314,1,High
9141,32,3,Low
9142,167,1,Low
9143,178,1,Low
9144,2,3,Low
9145,2,4,Low
9146,32,2,Low
9147,10,4,Low
9148,13,1,Low
9150,86,4,Low
9151,303,1,High
9152,63,1,Low
9153,91,2,Low
9154,247,3,High
9155,78,3,Low
9156,190,4,Low
9157,35,3,Low
9158,29,2,Low
9159,100,2,Low
9160,96,4,Low
9161,51,3,Low
9162,12,3,Low
9163,144,2,Low
9164,29,1,Low
9165,346,1,High
9166,67,2,Low
9167,96,1,Low
9168,77,3,Low
9170,176,1,Low
9172,80,3,Low
9173,294,1,High
9174,100,3,Low
9175,241,1,High
9176,190,2,Low
9179,93,5,Low
9180,216,3,High
9181,173,2,Low
9182,144,2,Low
9183,77,4,Low
9184,129,4,Low
9185,76,1,Low
9187,340,1,High
9188,306,1,High
9189,261,2,High
9190,166,1,Low
9191,340,2,High
9194,270,1,High
9195,172,2,Low
9196,75,2,Low
9197,236,1,High
9198,98,6,Low
9199,68,2,Low
9201,5,3,Low
9202,32,2,Low
9204,66,1,Low
9205,43,4,Low
9206,8,8,Low
9208,1,4,Low
9209,242,1,High
9210,8,4,Low
9211,54,4,Low
9212,13,4,Low
9213,6,4,Low
9214,172,3,Low
9215,121,1,Low
9216,34,2,Low
9217,120,1,Low
9218,340,1,High
9219,56,3,Low
9220,178,2,Low
9221,205,4,High
9222,293,1,High
9223,75,1,Low
9224,209,1,High
9225,64,2,Low
9226,77,1,Low
9227,14,4,Low
9228,30,5,Low
9229,300,1,High
9231,122,3,Low
9232,61,2,Low
9233,148,1,Low
9235,23,3,Low
9237,122,1,Low
9238,82,1,Low
9239,204,2,High
9240,260,3,High
9241,168,1,Low
9242,2,3,Low
9243,23,1,Low
9245,150,3,Low
9246,121,1,Low
9247,7,5,Low
9249,87,3,Low
9250,15,4,Low
9251,80,2,Low
9252,69,1,Low
9253,276,1,High
9254,71,2,Low
9255,115,3,Low
9256,44,2,Low
9257,34,3,Low
9258,113,1,Low
9259,234,1,High
9260,100,2,Low
9262,155,3,Low
9263,177,3,Low
9264,89,3,Low
9265,33,3,Low
9266,261,1,High
9267,95,3,Low
9268,214,1,High
9269,2,2,Low
9270,208,3,High
9271,72,2,Low
9272,30,2,Low
9274,106,1,Low
9275,201,1,High
9276,212,1,High
9277,16,4,Low
9278,37,4,Low
9279,142,1,Low
9281,162,2,Low
9283,223,3,High
9284,95,1,Low
9285,219,1,High
9286,169,1,Low
9287,52,3,Low
9288,18,3,Low
9289,356,1,High
9290,12,4,Low
9291,232,2,High
9292,141,2,Low
9293,104,3,Low
9294,260,2,High
9295,353,1,High
9296,117,1,Low
9297,183,1,Low
9298,162,1,Low
9300,55,2,Low
9301,67,1,Low
9302,32,5,Low
9303,69,1,Low
9304,130,2,Low
9305,211,1,High
9306,15,1,Low
9307,52,2,Low
9309,256,3,High
9310,5,2,Low
9311,23,3,Low
9312,32,3,Low
9313,123,6,Low
9314,89,2,Low
9315,108,2,Low
9316,242,1,High
9317,49,1,Low
9318,210,2,High
9319,85,1,Low
9320,69,6,Low
9321,63,6,Low
9322,262,1,High
9323,249,1,High
9324,178,1,Low
9326,8,1,Low
9327,21,4,Low
9328,187,2,Low
9329,66,4,Low
9331,172,2,Low
9332,115,2,Low
9333,37,2,Low
9334,303,2,High
9337,35,2,Low
9338,97,3,Low
9339,292,3,High
9340,62,1,Low
9341,295,1,High
9342,40,2,Low
9343,234,1,High
9344,68,1,Low
9345,48,1,Low
9346,54,2,Low
9347,171,1,Low
9348,110,2,Low
9350,68,1,Low
9351,184,1,Low
9352,247,1,High
9353,251,3,High
9354,27,2,Low
9355,8,2,Low
9356,4,5,Low
9357,186,1,Low
9358,151,1,Low
9359,55,2,Low
9360,19,3,Low
9361,2,1,Low
9362,215,2,High
9363,66,2,Low
9366,176,2,Low
9367,53,1,Low
9369,110,3,Low
9370,358,1,High
9371,220,2,High
9372,45,5,Low
9373,285,1,High
9375,264,1,High
9376,47,2,Low
9378,29,2,Low
9379,94,6,Low
9380,51,3,Low
9381,242,3,High
9382,14,1,Low
9383,83,2,Low
9384,290,1,High
9385,1,4,Low
9386,143,3,Low
9387,180,3,Low
9388,136,3,Low
9389,48,1,Low
9390,103,1,Low
9391,42,4,Low
9392,34,3,Low
9393,172,3,Low
9395,115,3,Low
9396,96,3,Low
9397,167,3,Low
9400,59,3,Low
9401,182,1,Low
9402,66,5,Low
9403,36,3,Low
9405,110,2,Low
9407,262,1,High
9408,49,3,Low
9409,151,2,Low
9411,79,1,Low
9413,82,2,Low
9414,33,2,Low
9415,262,1,High
9416,103,2,Low
9417,17,3,Low
9418,46,2,Low
9419,77,1,Low
9420,14,4,Low
9421,2,1,Low
9422,209,3,High
9423,143,1,Low
9424,284,1,High
9425,262,2,High
9426,63,5,Low
9427,135,1,Low
9428,146,4,Low
9429,182,5,Low
9432,1,4,Low
9433,114,4,Low
9434,81,2,Low
9436,46,2,Low
9437,338,1,High
9439,348,2,High
9440,290,1,High
9441,62,3,Low
9442,278,1,High
9443,71,2,Low
9444,237,2,High
9445,165,2,Low
9446,226,2,High
9448,90,2,Low
9449,288,1,High
9450,323,2,High
9451,86,4,Low
9452,267,2,High
9453,279,1,High
9454,22,3,Low
9456,77,2,Low
9457,320,1,High
9458,14,3,Low
9459,54,3,Low
9461,350,1,High
9462,9,3,Low
9463,165,2,Low
9464,193,2,Low
9465,189,1,Low
9466,42,1,Low
9467,155,2,Low
9468,313,1,High
9469,281,2,High
9470,147,3,Low
9471,118,1,Low
9472,20,6,Low
9473,188,1,Low
9474,2,1,Low
9475,16,4,Low
9476,26,2,Low
9477,124,3,Low
9478,60,3,Low
9479,244,1,High
9480,133,2,Low
9481,35,3,Low
9482,222,1,High
9483,54,2,Low
9484,300,1,High
9485,40,3,Low
9487,33,1,Low
9488,57,3,Low
9489,54,2,Low
9493,1,3,Low
9494,14,3,Low
9495,142,2,Low
9497,308,1,High
9498,149,2,Low
9499,68,3,Low
9500,88,2,Low
9501,99,1,Low
9502,53,5,Low
9503,79,3,Low
9504,12,2,Low
9505,205,2,High
9506,333,1,High
9507,79,3,Low
9508,230,2,High
9509,213,1,High
9510,139,2,Low
9511,138,2,Low
9512,62,4,Low
9513,238,2,High
9514,21,2,Low
9515,30,4,Low
9518,96,2,Low
9519,245,1,High
9521,333,1,High
9522,330,1,High
9523,51,1,Low
9525,183,1,Low
9526,126,5,Low
9527,112,1,Low
9528,78,4,Low
9529,148,3,Low
9530,198,1,High
9531,71,2,Low
9533,257,3,High
9534,43,6,Low
9535,346,1,High
9536,316,1,High
9537,72,1,Low
9538,145,1,Low
9539,29,4,Low
9540,42,2,Low
9541,184,2,Low
9543,33,3,Low
9546,105,1,Low
9547,224,2,High
9548,235,1,High
9549,319,1,High
9551,56,2,Low
9552,148,2,Low
9554,95,3,Low
9555,42,2,Low
9556,76,2,Low
9557,190,4,Low
9558,14,3,Low
9559,11,2,Low
9561,6,4,Low
9562,138,3,Low
9563,133,2,Low
9564,44,3,Low
9565,114,5,Low
9566,23,4,Low
9568,94,2,Low
9569,89,2,Low
9570,118,2,Low
9571,115,6,Low
9572,9,2,Low
9573,70,2,Low
9574,32,3,Low
9575,209,2,High
9576,143,1,Low
9577,269,1,High
9578,64,1,Low
9579,62,4,Low
9580,273,3,High
9581,44,3,Low
9582,162,2,Low
9584,9,3,Low
9585,107,4,Low
9586,68,2,Low
9588,136,4,Low
9589,4,4,Low
9591,62,2,Low
9592,65,3,Low
9593,54,4,Low
9594,2,2,Low
9595,232,2,High
9596,138,1,Low
9597,41,3,Low
9598,11,1,Low
9599,33,3,Low
9600,147,2,Low
9603,54,1,Low
9604,235,2,High
9608,83,1,Low
9609,73,3,Low
9610,15,5,Low
9611,141,2,Low
9612,300,1,High
9613,364,1,High
9615,100,3,Low
9616,208,1,High
9618,10,2,Low
9619,114,3,Low
9620,22,3,Low
9621,34,4,Low
9623,45,1,Low
9624,217,1,High
9625,66,2,Low
9626,147,1,Low
9627,88,2,Low
9628,142,3,Low
9629,223,1,High
9630,97,3,Low
9631,74,2,Low
9632,62,5,Low
9633,37,2,Low
9634,156,2,Low
9635,34,3,Low
9636,97,2,Low
9637,71,3,Low
9638,12,4,Low
9639,299,1,High
9640,176,1,Low
9641,186,2,Low
9643,56,3,Low
9644,159,1,Low
9645,143,3,Low
9646,127,2,Low
9647,68,2,Low
9648,332,1,High
9649,71,1,Low
9650,96,1,Low
9652,67,3,Low
9653,6,3,Low
9654,40,2,Low
9655,244,1,High
9656,288,2,High
9657,310,1,High
9658,85,2,Low
9659,235,1,High
9660,178,2,Low
9661,16,2,Low
9662,89,1,Low
9664,195,4,High
9665,205,2,High
9666,189,1,Low
9667,197,1,High
9669,207,2,High
9670,171,3,Low
9671,5,5,Low
9672,3,3,Low
9673,7,6,Low
9674,315,1,High
9676,12,2,Low
9677,133,3,Low
9678,303,1,High
9679,100,3,Low
9680,203,1,High
9681,105,2,Low
9682,206,3,High
9683,338,1,High
9684,98,7,Low
9685,232,2,High
9686,94,3,Low
9687,5,4,Low
9688,5,3,Low
9689,338,1,High
9690,154,3,Low
9691,112,3,Low
9692,96,4,Low
9693,60,5,Low
9694,113,3,Low
9695,47,4,Low
9697,21,3,Low
9698,108,2,Low
9699,180,2,Low
9700,101,1,Low
9701,2,3,Low
9702,41,5,Low
9703,11,4,Low
9704,40,3,Low
9705,289,2,High
9706,54,1,Low
9708,323,2,High
9710,271,2,High
9711,46,2,Low
9712,197,1,High
9715,113,2,Low
9716,290,2,High
9717,62,4,Low
9719,78,3,Low
9720,173,1,Low
9722,7,3,Low
9724,58,1,Low
9726,139,2,Low
9727,309,1,High
9728,37,7,Low
9729,23,4,Low
9730,74,1,Low
9731,9,2,Low
9732,71,5,Low
9733,174,2,Low
9735,135,4,Low
9736,29,6,Low
9737,142,1,Low
9738,95,5,Low
9739,247,2,High
9740,303,1,High
9741,363,1,High
9742,165,4,Low
9744,200,4,High
9745,88,3,Low
9746,6,2,Low
9747,61,3,Low
9748,14,3,Low
9749,215,3,High
9750,32,3,Low
9751,321,1,High
9752,49,1,Low
9753,151,1,Low
9754,7,3,Low
9756,50,3,Low
9757,322,1,High
9759,72,4,Low
9760,64,2,Low
9761,7,4,Low
9762,362,1,High
9764,134,1,Low
9765,163,1,Low
9766,114,2,Low
9768,15,4,Low
9769,201,1,High
9770,103,1,Low
9771,184,1,Low
9772,322,1,High
9773,69,2,Low
9774,67,1,Low
9775,58,3,Low
9776,31,1,Low
9777,123,2,Low
9778,37,3,Low
9779,37,3,Low
9780,295,2,High
9781,106,2,Low
9782,25,2,Low
9783,120,1,Low
9784,232,1,High
9787,201,1,High
9788,18,1,Low
9789,27,5,Low
9790,123,1,Low
9791,77,1,Low
9792,58,1,Low
9793,55,3,Low
9794,159,1,Low
9797,165,2,Low
9798,281,2,High
9799,142,3,Low
9800,38,1,Low
9801,164,1,Low
9802,41,4,Low
9804,161,2,Low
9805,141,3,Low
9806,97,2,Low
9807,217,4,High
9808,64,5,Low
9809,43,2,Low
9810,205,2,High
9811,162,1,Low
9812,36,4,Low
9814,115,1,Low
9815,147,4,Low
9816,199,3,High
9817,198,2,High
9819,246,2,High
9820,47,1,Low
9821,154,1,Low
9823,115,4,Low
9825,34,3,Low
9826,191,1,Low
9827,42,3,Low
9828,325,1,High
9829,175,3,Low
9830,184,1,Low
9831,158,2,Low
9832,149,2,Low
9833,7,2,Low
9834,315,2,High
9835,142,1,Low
9836,281,3,High
9838,74,4,Low
9839,227,1,High
9841,76,3,Low
9842,237,2,High
9843,248,2,High
9844,273,1,High
9845,41,2,Low
9846,352,1,High
9847,275,1,High
9848,95,4,Low
9849,198,2,High
9850,35,6,Low
9852,16,2,Low
9853,304,2,High
9854,36,4,Low
9856,55,5,Low
9858,200,2,High
9859,78,2,Low
9860,124,1,Low
9861,353,1,High
9862,296,1,High
9864,9,3,Low
9865,59,5,Low
9866,159,1,Low
9868,173,1,Low
9869,39,6,Low
9870,86,4,Low
9871,30,1,Low
9872,31,2,Low
9873,2,2,Low
9874,17,5,Low
9875,114,5,Low
9877,26,3,Low
9878,174,3,Low
9879,47,5,Low
9880,47,3,Low
9881,180,2,Low
9882,152,2,Low
9883,179,1,Low
9884,45,2,Low
9885,33,4,Low
9886,125,2,Low
9888,46,1,Low
9889,67,2,Low
9890,261,2,High
9894,337,1,High
9895,85,2,Low
9896,103,4,Low
9897,20,6,Low
9898,171,3,Low
9900,70,2,Low
9901,33,2,Low
9902,162,2,Low
9903,156,2,Low
9905,183,2,Low
9906,13,5,Low
9907,106,1,Low
9908,126,1,Low
9909,59,3,Low
9910,13,4,Low
9911,265,1,High
9912,114,1,Low
9913,337,2,High
9914,128,1,Low
9916,129,2,Low
9919,59,2,Low
9920,133,1,Low
9921,84,2,Low
9923,38,5,Low
9924,21,2,Low
9925,207,2,High
9927,217,2,High
9928,76,4,Low
9929,13,2,Low
9930,95,1,Low
9931,9,2,Low
9932,101,4,Low
9933,268,1,High
9935,88,3,Low
9936,18,2,Low
9937,124,1,Low
9938,39,6,Low
9939,238,3,High
9940,155,5,Low
9942,201,1,High
9943,159,2,Low
9944,83,3,Low
9945,21,4,Low
9947,112,1,Low
9948,100,2,Low
9949,102,2,Low
9950,200,1,High
9951,209,1,High
9952,258,1,High
9953,153,1,Low
9954,247,1,High
9955,198,2,High
9956,201,1,High
9957,312,1,High
9958,148,2,Low
9959,169,1,Low
9960,55,2,Low
9961,8,2,Low
9962,364,1,High
9963,199,1,High
9964,52,1,Low
9965,98,4,Low
9966,188,1,Low
9968,212,1,High
9969,19,3,Low
9970,170,2,Low
9971,314,1,High
9972,84,1,Low
9973,344,1,High
9974,33,1,Low
9975,109,3,Low
9976,10,2,Low
9977,208,3,High
9978,11,2,Low
9979,89,1,Low
9980,31,3,Low
9982,255,1,High
9983,51,1,Low
9984,162,2,Low
9985,357,1,High
9986,95,1,Low
9987,151,2,Low
9988,198,2,High
9990,172,2,Low
9991,96,2,Low
9992,136,3,Low
9993,47,1,Low
9994,207,2,High
9995,193,2,Low
9996,12,4,Low
9997,231,2,High
9998,271,2,High
9999,139,2,Low
10000,19,6,Low
10001,66,1,Low
10002,86,1,Low
10003,68,3,Low
10004,62,1,Low
10005,71,2,Low
10006,6,2,Low
10007,54,4,Low
10008,72,1,Low
10011,316,1,High
10013,31,4,Low
10015,315,1,High
10016,145,1,Low
10018,319,1,High
10019,210,4,High
10020,194,2,High
10021,105,1,Low
10022,140,2,Low
10023,160,2,Low
10024,357,1,High
10025,18,1,Low
10026,173,3,Low
10028,216,3,High
10029,190,2,Low
10030,18,1,Low
10031,142,1,Low
10032,117,3,Low
10033,43,1,Low
10034,215,1,High
10035,272,2,High
10036,11,2,Low
10037,30,3,Low
10038,4,2,Low
10039,21,2,Low
10040,174,2,Low
10043,45,2,Low
10044,79,1,Low
10045,135,2,Low
10046,14,3,Low
10047,260,1,High
10048,97,2,Low
10049,80,3,Low
10051,218,1,High
10052,138,5,Low
10054,279,1,High
10055,55,1,Low
10056,90,1,Low
10057,87,4,Low
10058,298,1,High
10059,20,4,Low
10060,264,1,High
10061,90,1,Low
10062,155,3,Low
10063,147,3,Low
10064,182,3,Low
10065,274,1,High
10066,39,1,Low
10067,148,1,Low
10068,327,1,High
10070,176,3,Low
10071,69,1,Low
10072,216,2,High
10073,251,2,High
10075,29,3,Low
10076,213,2,High
10077,201,2,High
10078,67,2,Low
10079,46,5,Low
10080,325,1,High
10081,130,5,Low
10082,24,4,Low
10083,6,2,Low
10084,31,1,Low
10086,13,5,Low
10087,301,1,High
10088,228,1,High
10089,79,1,Low
10090,23,3,Low
10092,174,1,Low
10093,89,6,Low
10094,336,1,High
10095,180,4,Low
10096,231,1,High
10098,202,2,High
10099,122,2,Low
10100,173,1,Low
10103,48,5,Low
10104,180,2,Low
10105,36,5,Low
10106,90,1,Low
10107,337,1,High
10109,33,4,Low
10110,109,3,Low
10111,43,2,Low
10112,304,1,High
10114,131,3,Low
10115,208,3,High
10116,234,2,High
10117,55,3,Low
10118,8,2,Low
10119,13,1,Low
10120,14,2,Low
10121,81,2,Low
10122,134,1,Low
10124,33,2,Low
10125,49,6,Low
10126,25,3,Low
10127,19,3,Low
10128,346,1,High
10129,32,2,Low
10130,49,1,Low
10131,293,1,High
10132,11,2,Low
10133,15,4,Low
10134,56,2,Low
10135,53,2,Low
10137,18,3,Low
10138,188,1,Low
10139,34,4,Low
10140,11,2,Low
10141,16,4,Low
10142,178,1,Low
10143,111,2,Low
10144,14,2,Low
10145,12,5,Low
10146,26,3,Low
10147,160,1,Low
10148,145,2,Low
10149,119,2,Low
10150,322,1,High
10152,159,3,Low
10153,82,3,Low
10154,22,2,Low
10155,10,3,Low
10156,348,1,High
10158,208,3,High
10159,230,1,High
10160,192,1,Low
10161,190,2,Low
10163,149,2,Low
10164,158,3,Low
10165,17,1,Low
10167,91,4,Low
10168,3,3,Low
10169,69,1,Low
10170,322,1,High
10171,221,1,High
10172,51,1,Low
10173,4,3,Low
10174,153,3,Low
10175,106,4,Low
10176,46,4,Low
10177,326,1,High
10178,101,3,Low
10179,352,1,High
10180,63,4,Low
10181,194,2,High
10182,107,2,Low
10183,57,1,Low
10184,50,2,Low
10185,148,2,Low
10186,2,2,Low
10187,219,2,High
10188,41,4,Low
10189,105,4,Low
10190,75,5,Low
10191,79,4,Low
10192,207,2,High
10193,87,1,Low
10194,294,1,High
10195,27,4,Low
10196,107,5,Low
10197,31,2,Low
10198,146,1,Low
10199,288,1,High
10200,191,1,Low
10201,82,3,Low
10203,34,2,Low
10204,293,2,High
10206,36,1,Low
10208,195,1,High
10209,12,1,Low
10210,104,2,Low
10211,175,3,Low
10212,354,1,High
10213,361,1,High
10214,197,1,High
10215,189,2,Low
10216,3,2,Low
10217,238,1,High
10218,5,3,Low
10219,30,2,Low
10220,94,3,Low
10223,21,3,Low
10224,17,1,Low
10225,56,3,Low
10226,197,2,High
10227,72,4,Low
10228,102,1,Low
10229,57,1,Low
10231,56,6,Low
10232,195,1,High
10234,177,2,Low
10235,82,2,Low
10236,114,2,Low
10238,34,1,Low
10239,141,1,Low
10241,133,2,Low
10243,86,3,Low
10244,328,1,High
10245,133,2,Low
10246,215,1,High
10247,75,2,Low
10248,256,1,High
10250,2,3,Low
10251,3,4,Low
10252,52,4,Low
10253,41,6,Low
10254,103,2,Low
10255,23,3,Low
10256,59,2,Low
10257,94,1,Low
10258,344,1,High
10260,42,3,Low
10261,42,2,Low
10262,58,5,Low
10263,68,2,Low
10264,54,1,Low
10266,234,3,High
10267,207,2,High
10269,286,3,High
10270,3,4,Low
10272,5,2,Low
10275,25,4,Low
10276,144,2,Low
10278,165,1,Low
10279,358,1,High
10280,9,1,Low
10281,4,3,Low
10283,345,1,High
10284,37,1,Low
10285,353,1,High
10286,229,2,High
10287,36,3,Low
10288,245,2,High
10290,190,1,Low
10292,295,2,High
10294,9,3,Low
10295,201,2,High
10296,263,2,High
10297,333,1,High
10299,22,3,Low
10300,7,3,Low
10301,13,2,Low
10302,123,3,Low
10304,107,3,Low
10305,351,1,High
10306,206,1,High
10307,16,2,Low
10308,80,1,Low
10309,165,2,Low
10310,120,1,Low
10311,11,2,Low
10313,4,9,Low
10314,262,1,High
10315,294,1,High
10316,279,2,High
10317,29,3,Low
10318,76,1,Low
10319,247,2,High
10320,95,2,Low
10321,139,1,Low
10322,64,1,Low
10323,306,2,High
10324,40,1,Low
10325,167,1,Low
10326,47,4,Low
10328,23,2,Low
10329,149,2,Low
10330,95,3,Low
10331,76,1,Low
10332,157,2,Low
10333,22,2,Low
10334,335,1,High
10335,29,3,Low
10336,299,1,High
10337,57,2,Low
10339,95,3,Low
10340,17,1,Low
10343,8,4,Low
10344,209,2,High
10345,77,3,Low
10346,328,1,High
10347,139,4,Low
10348,190,1,Low
10349,10,4,Low
10351,37,3,Low
10352,112,2,Low
10353,89,2,Low
10356,361,1,High
10357,120,3,Low
10358,56,2,Low
10359,57,1,Low
10360,93,3,Low
10361,277,2,High
10362,22,7,Low
10363,68,3,Low
10364,292,1,High
10365,20,3,Low
10366,23,3,Low
10367,79,3,Low
10368,29,2,Low
10369,218,1,High
10370,7,3,Low
10372,30,3,Low
10373,42,3,Low
10375,91,1,Low
10376,64,3,Low
10377,364,1,High
10378,20,4,Low
10379,39,1,Low
10380,187,2,Low
10381,42,3,Low
10382,4,2,Low
10383,180,1,Low
10384,270,1,High
10385,172,1,Low
10386,16,3,Low
10387,39,2,Low
10388,14,3,Low
10389,46,1,Low
10391,53,1,Low
10392,20,1,Low
10394,42,3,Low
10395,261,1,High
10397,224,3,High
10398,4,2,Low
10399,65,4,Low
10400,209,2,High
10401,20,3,Low
10402,275,1,High
10403,275,1,High
10404,26,2,Low
10405,54,4,Low
10406,11,2,Low
10407,157,2,Low
10408,173,2,Low
10409,86,3,Low
10410,145,2,Low
10412,12,1,Low
10413,39,3,Low
10414,73,5,Low
10416,70,2,Low
10417,268,1,High
10418,46,2,Low
10419,182,1,Low
10420,211,3,High
10421,13,1,Low
10422,197,3,High
10423,79,2,Low
10424,319,1,High
10425,22,4,Low
10426,73,2,Low
10427,203,1,High
10428,40,1,Low
10429,133,3,Low
10430,58,2,Low
10431,16,4,Low
10432,323,1,High
10433,207,2,High
10434,54,3,Low
10435,235,1,High
10436,135,2,Low
10437,54,4,Low
10438,105,4,Low
10440,132,2,Low
10442,58,5,Low
10443,97,3,Low
10444,14,2,Low
10445,302,1,High
10446,19,1,Low
10447,334,1,High
10448,155,2,Low
10449,70,3,Low
10450,277,2,High
10452,27,1,Low
10453,58,2,Low
10454,27,4,Low
10455,40,3,Low
10456,355,1,High
10457,66,2,Low
10458,243,1,High
10460,42,6,Low
10462,115,2,Low
10463,225,1,High
10464,252,1,High
10465,93,2,Low
10466,14,2,Low
10467,65,4,Low
10469,50,1,Low
10470,41,1,Low
10471,112,3,Low
10472,15,4,Low
10473,50,3,Low
10474,25,2,Low
10475,15,4,Low
10476,140,3,Low
10477,68,2,Low
10478,155,2,Low
10479,95,5,Low
10482,42,1,Low
10484,26,3,Low
10486,299,1,High
10487,320,1,High
10488,230,1,High
10489,200,2,High
10490,130,1,Low
10491,120,2,Low
10492,6,4,Low
10493,87,2,Low
10494,60,1,Low
10495,32,1,Low
10496,31,2,Low
10497,29,2,Low
10498,123,3,Low
10499,106,1,Low
10500,138,4,Low
10501,213,2,High
10502,60,3,Low
10503,178,1,Low
10504,60,5,Low
10505,90,3,Low
10506,80,3,Low
10507,68,3,Low
10508,356,1,High
10509,173,1,Low
10510,14,2,Low
10511,161,2,Low
10513,163,1,Low
10514,94,4,Low
10516,117,3,Low
10517,142,2,Low
10518,268,1,High
10519,158,3,Low
10520,83,6,Low
10521,5,2,Low
10522,51,1,Low
10523,217,2,High
10524,101,4,Low
10526,182,1,Low
10527,253,4,High
10528,30,5,Low
10529,54,3,Low
10530,162,2,Low
10531,33,2,Low
10532,255,1,High
10534,337,1,High
10535,88,3,Low
10536,10,5,Low
10537,13,3,Low
10538,55,1,Low
10540,90,3,Low
10541,287,1,High
10542,56,4,Low
10543,170,2,Low
10545,82,2,Low
10547,352,1,High
10548,13,2,Low
10549,151,3,Low
10550,44,2,Low
10552,1,2,Low
10553,28,2,Low
10554,12,1,Low
10555,11,5,Low
10556,219,1,High
10557,271,2,High
10558,237,2,High
10559,143,6,Low
10560,27,3,Low
10561,188,2,Low
10563,25,1,Low
10564,66,1,Low
10565,10,3,Low
10566,101,2,Low
10567,207,1,High
10568,152,1,Low
10569,225,3,High
10570,113,3,Low
10571,6,2,Low
10573,15,1,Low
10574,196,3,High
10575,43,5,Low
10576,239,1,High
10577,20,5,Low
10579,125,3,Low
10580,70,4,Low
10581,166,2,Low
10582,264,1,High
10583,146,4,Low
10584,68,1,Low
10585,324,1,High
10586,29,4,Low
10587,182,1,Low
10588,3,4,Low
10589,132,3,Low
10590,128,2,Low
10591,47,4,Low
10592,221,3,High
10593,21,5,Low
10594,29,2,Low
10595,17,3,Low
10596,15,2,Low
10597,38,4,Low
10599,149,1,Low
10600,58,2,Low
10601,289,1,High
10602,58,2,Low
10603,47,4,Low
10605,8,1,Low
10606,193,2,Low
10608,182,1,Low
10609,195,2,High
10610,88,1,Low
10611,33,5,Low
10612,70,5,Low
10614,167,1,Low
10615,27,4,Low
10616,32,1,Low
10617,60,2,Low
10618,55,3,Low
10620,42,3,Low
10621,151,1,Low
10622,44,1,Low
10623,246,2,High
10624,24,2,Low
10625,113,1,Low
10626,356,1,High
10627,96,2,Low
10628,27,3,Low
10629,11,1,Low
10630,129,2,Low
10631,101,4,Low
10632,102,4,Low
10634,1,4,Low
10635,150,3,Low
10636,141,1,Low
10637,54,4,Low
10638,262,1,High
10640,162,4,Low
10641,185,2,Low
10642,225,1,High
10643,31,4,Low
10644,31,3,Low
10645,121,1,Low
10646,5,6,Low
10647,107,1,Low
10648,81,4,Low
10649,48,3,Low
10650,72,3,Low
10652,200,1,High
10653,136,4,Low
10654,83,1,Low
10655,223,2,High
10656,72,4,Low
10657,240,1,High
10658,266,1,High
10659,159,2,Low
10660,146,4,Low
10661,304,1,High
10662,66,6,Low
10663,111,1,Low
10664,185,3,Low
10665,189,3,Low
10666,11,2,Low
10667,99,2,Low
10669,5,1,Low
10670,78,4,Low
10671,237,1,High
10672,276,2,High
10673,159,2,Low
10675,185,2,Low
10676,36,2,Low
10677,203,4,High
10679,176,3,Low
10680,300,1,High
10681,294,2,High
10682,74,3,Low
10683,283,2,High
10685,238,2,High
10686,206,2,High
10687,33,4,Low
10688,28,3,Low
10689,210,2,High
10691,89,3,Low
10694,195,2,High
10695,303,1,High
10696,300,2,High
10697,3,3,Low
10698,20,1,Low
10699,186,3,Low
10700,31,1,Low
10702,29,2,Low
10703,136,2,Low
10704,62,2,Low
10706,132,3,Low
10708,239,1,High
10709,101,5,Low
10710,92,2,Low
10711,41,1,Low
10712,70,3,Low
10713,69,2,Low
10714,263,3,High
10715,50,1,Low
10716,364,1,High
10717,191,1,Low
10719,34,2,Low
10720,329,1,High
10721,83,2,Low
10722,21,2,Low
10723,130,3,Low
10724,267,1,High
10725,23,2,Low
10726,91,1,Low
10727,88,4,Low
10729,260,2,High
10730,18,4,Low
10732,187,1,Low
10733,3,1,Low
10734,299,2,High
10735,62,3,Low
10736,160,3,Low
10737,189,1,Low
10738,33,2,Low
10739,283,2,High
10740,145,4,Low
10741,145,1,Low
10742,308,1,High
10743,58,1,Low
10744,132,3,Low
10745,82,4,Low
10746,126,1,Low
10747,343,1,High
10748,254,2,High
10749,251,3,High
10750,162,2,Low
10751,24,1,Low
10752,260,1,High
10753,40,3,Low
10754,117,2,Low
10756,132,1,Low
10757,25,2,Low
10758,118,5,Low
10759,7,3,Low
10761,49,2,Low
10762,152,3,Low
10763,57,5,Low
10764,105,4,Low
10765,15,4,Low
10766,12,4,Low
10769,60,5,Low
10770,84,2,Low
10771,38,2,Low
10772,290,1,High
10773,45,4,Low
10774,93,4,Low
10775,259,1,High
10777,216,1,High
10779,44,3,Low
10780,220,1,High
10781,105,3,Low
10784,181,3,Low
10785,47,2,Low
10786,333,1,High
10787,120,2,Low
10788,150,2,Low
10789,248,2,High
10790,82,1,Low
10791,11,3,Low
10792,39,3,Low
10793,280,2,High
10794,293,2,High
10795,32,2,Low
10796,178,1,Low
10797,148,1,Low
10798,170,2,Low
10799,133,2,Low
10800,290,2,High
10801,337,1,High
10802,34,3,Low
10803,131,2,Low
10804,73,2,Low
10805,77,2,Low
10806,204,3,High
10807,80,3,Low
10808,199,1,High
10810,22,2,Low
10811,10,2,Low
10812,46,3,Low
10813,123,1,Low
10814,170,1,Low
10815,287,2,High
10816,306,1,High
10817,54,3,Low
10818,130,3,Low
10819,70,2,Low
10820,59,3,Low
10821,174,1,Low
10822,85,2,Low
10823,132,2,Low
10824,142,3,Low
10826,106,1,Low
10827,29,3,Low
10828,209,1,High
10829,146,1,Low
10830,202,1,High
10832,98,2,Low
10834,33,3,Low
10835,95,2,Low
10836,121,3,Low
10837,21,2,Low
10838,54,3,Low
10840,159,2,Low
10841,243,1,High
10842,11,8,Low
10843,301,1,High
10844,5,3,Low
10846,331,1,High
10848,91,1,Low
10849,91,1,Low
10850,93,2,Low
10852,129,3,Low
10853,46,2,Low
10854,15,4,Low
10855,5,2,Low
10856,7,5,Low
10857,20,3,Low
10859,55,4,Low
10860,13,1,Low
10861,16,3,Low
10862,262,1,High
10864,107,2,Low
10865,241,1,High
10867,42,1,Low
10870,138,3,Low
10871,210,2,High
10872,31,2,Low
10873,41,3,Low
10875,355,1,High
10876,55,2,Low
10877,66,4,Low
10878,39,3,Low
10879,110,1,Low
10880,49,3,Low
10881,250,1,High
10883,291,1,High
10884,230,4,High
10886,72,3,Low
10887,315,1,High
10889,112,2,Low
10890,342,1,High
10891,107,1,Low
10893,39,3,Low
10894,78,2,Low
10895,17,3,Low
10896,138,1,Low
10897,326,2,High
10898,85,4,Low
10899,216,1,High
10900,149,1,Low
10901,88,1,Low
10902,33,3,Low
10903,41,1,Low
10904,26,2,Low
10905,115,3,Low
10906,64,2,Low
10907,42,3,Low
10908,107,2,Low
10909,246,3,High
10910,189,4,Low
10911,280,1,High
10912,56,1,Low
10913,28,2,Low
10914,43,2,Low
10915,131,2,Low
10917,103,2,Low
10918,73,2,Low
10919,104,2,Low
10920,38,4,Low
10921,31,2,Low
10922,244,2,High
10923,42,1,Low
10924,20,3,Low
10925,289,1,High
10927,176,1,Low
10928,5,2,Low
10929,155,1,Low
10930,69,3,Low
10931,330,1,High
10932,48,2,Low
10933,50,5,Low
10934,217,1,High
10936,118,2,Low
10938,5,5,Low
10940,351,1,High
10941,215,2,High
10942,96,2,Low
10943,44,5,Low
10944,209,1,High
10945,196,2,High
10946,18,3,Low
10947,130,3,Low
10948,247,1,High
10949,31,1,Low
10951,112,3,Low
10952,46,4,Low
10954,278,2,High
10955,44,3,Low
10956,55,3,Low
10957,3,4,Low
10958,6,1,Low
10960,216,1,High
10961,127,3,Low
10962,140,2,Low
10963,234,1,High
10964,36,2,Low
10965,61,1,Low
10966,211,1,High
10967,16,1,Low
10968,61,2,Low
10969,44,1,Low
10970,4,1,Low
10971,315,1,High
10972,323,1,High
10973,296,1,High
10974,55,5,Low
10975,18,3,Low
10977,13,3,Low
10978,218,2,High
10981,271,3,High
10982,199,2,High
10983,68,1,Low
10986,161,1,Low
10987,241,1,High
10988,188,1,Low
10990,305,1,High
10991,156,1,Low
10992,85,2,Low
10993,237,2,High
10994,49,1,Low
10995,169,3,Low
10997,39,2,Low
10998,261,2,High
10999,189,5,Low
11000,65,5,Low
11001,88,1,Low
11002,47,1,Low
11003,351,1,High
11004,37,1,Low
11005,9,5,Low
11006,26,5,Low
11007,94,1,Low
11008,104,5,Low
11010,228,2,High
11011,1,3,Low
11012,154,3,Low
11013,13,7,Low
11014,20,3,Low
11016,333,1,High
11017,262,2,High
11018,31,5,Low
11020,152,2,Low
11021,42,2,Low
11022,177,2,Low
11023,161,3,Low
11024,174,3,Low
11025,169,4,Low
11026,122,2,Low
11027,5,1,Low
11029,68,5,Low
11030,294,2,High
11032,46,2,Low
11033,10,3,Low
11034,84,2,Low
11036,28,3,Low
11037,16,5,Low
11038,325,1,High
11039,93,2,Low
11040,91,6,Low
11041,121,3,Low
11042,4,4,Low
11043,214,1,High
11045,233,2,High
11046,48,4,Low
11047,38,1,Low
11048,181,1,Low
11049,62,2,Low
11050,255,3,High
11051,362,1,High
11052,240,1,High
11053,202,1,High
11054,105,1,Low
11055,42,4,Low
11056,163,3,Low
11057,158,2,Low
11058,133,1,Low
11059,72,4,Low
11060,340,2,High
11062,261,1,High
11063,210,1,High
11064,208,1,High
11065,55,1,Low
11066,22,2,Low
11068,58,4,Low
11069,155,2,Low
11070,143,3,Low
11071,233,1,High
11072,63,1,Low
11074,5,3,Low
11075,12,5,Low
11077,242,1,High
11078,121,1,Low
11079,44,1,Low
11080,314,1,High
11081,2,2,Low
11082,176,1,Low
11083,212,2,High
11084,132,1,Low
11085,102,2,Low
11087,181,3,Low
11088,136,1,Low
11089,44,3,Low
11090,193,2,Low
11091,7,3,Low
11092,131,2,Low
11093,47,2,Low
11094,16,3,Low
11095,327,1,High
11096,175,3,Low
11097,207,1,High
11098,184,2,Low
11100,173,2,Low
11101,10,2,Low
11102,221,3,High
11103,131,1,Low
11104,209,1,High
11105,131,4,Low
11106,41,1,Low
11107,275,1,High
11108,72,3,Low
11109,19,4,Low
11111,8,5,Low
11112,22,2,Low
11113,211,3,High
11115,289,2,High
11116,22,4,Low
11117,122,4,Low
11118,233,3,High
11119,205,1,High
11120,251,1,High
11121,142,2,Low
11122,76,3,Low
11123,291,1,High
11125,147,3,Low
11126,40,2,Low
11127,120,1,Low
11129,240,1,High
11130,199,2,High
11131,178,2,Low
11132,21,2,Low
11133,101,3,Low
11134,355,1,High
11135,108,4,Low
11136,73,3,Low
11137,45,3,Low
11139,26,3,Low
11140,53,5,Low
11141,43,3,Low
11142,266,1,High
11143,145,2,Low
11144,223,4,High
11145,202,1,High
11146,100,2,Low
11147,61,2,Low
11148,85,3,Low
11149,196,3,High
11151,271,2,High
11152,340,1,High
11153,133,3,Low
11154,164,2,Low
11155,72,3,Low
11157,234,2,High
11158,183,1,Low
11159,83,1,Low
11161,16,3,Low
11162,171,2,Low
11163,6,1,Low
11164,29,1,Low
11165,175,3,Low
11166,167,2,Low
11167,127,2,Low
11168,87,3,Low
11169,128,2,Low
11171,206,2,High
11172,136,1,Low
11174,274,2,High
11175,67,1,Low
11176,2,4,Low
11177,173,1,Low
11178,87,2,Low
11179,197,3,High
11180,14,4,Low
11181,119,1,Low
11182,12,5,Low
11183,41,2,Low
11184,306,1,High
11185,61,2,Low
11186,28,1,Low
11187,70,3,Low
11188,13,3,Low
11190,117,1,Low
11191,32,2,Low
11192,165,3,Low
11193,4,3,Low
11194,5,1,Low
11195,85,1,Low
11196,111,1,Low
11197,71,4,Low
11198,55,3,Low
11199,40,2,Low
11200,6,3,Low
11201,353,1,High
11202,273,1,High
11205,35,2,Low
11207,217,3,High
11208,149,1,Low
11209,3,3,Low
11210,48,3,Low
11211,142,2,Low
11212,151,1,Low
11213,196,1,High
11214,48,3,Low
11215,194,1,High
11216,70,5,Low
11217,141,1,Low
11218,267,2,High
11220,151,3,Low
11221,196,1,High
11222,172,1,Low
11223,19,3,Low
11224,279,1,High
11225,70,2,Low
11226,209,5,High
11227,162,4,Low
11228,72,2,Low
11230,65,1,Low
11231,10,3,Low
11232,230,1,High
11233,22,2,Low
11234,38,1,Low
11235,346,2,High
11236,249,1,High
11237,27,5,Low
11238,28,2,Low
11239,83,2,Low
11240,149,2,Low
11241,78,2,Low
11242,106,1,Low
11243,38,3,Low
11244,265,2,High
11245,50,1,Low
11247,57,2,Low
11248,92,2,Low
11249,86,1,Low
11250,146,4,Low
11251,93,1,Low
11252,178,2,Low
11253,135,1,Low
11254,51,1,Low
11255,169,1,Low
11257,54,2,Low
11258,272,1,High
11259,65,3,Low
11260,295,1,High
11261,331,1,High
11262,345,1,High
11264,99,6,Low
11266,120,3,Low
11267,56,3,Low
11268,109,2,Low
11269,304,1,High
11271,15,4,Low
11272,54,1,Low
11273,103,2,Low
11274,25,2,Low
11276,47,2,Low
11277,142,2,Low
11278,194,1,High
11279,204,4,High
11280,221,2,High
11281,102,3,Low
11282,142,3,Low
11283,107,1,Low
11284,26,2,Low
11285,151,1,Low
11286,261,1,High
11287,42,5,Low
11288,220,1,High
11289,82,2,Low
11290,43,4,Low
11291,27,2,Low
11292,4,4,Low
11293,309,1,High
11295,92,2,Low
11296,252,2,High
11297,152,1,Low
11298,219,1,High
11301,58,2,Low
11302,203,1,High
11303,14,3,Low
11304,15,4,Low
11305,292,1,High
11306,182,2,Low
11307,21,2,Low
11308,41,2,Low
11309,52,2,Low
11310,120,3,Low
11311,25,3,Low
11312,132,1,Low
11313,30,2,Low
11314,321,2,High
11315,170,5,Low
11316,173,2,Low
11317,230,1,High
11319,50,1,Low
11320,108,2,Low
11321,147,1,Low
11322,112,2,Low
11323,20,4,Low
11324,5,1,Low
11325,94,3,Low
11326,26,4,Low
11327,27,1,Low
11328,163,2,Low
11329,72,1,Low
11330,76,1,Low
11331,48,3,Low
11332,92,3,Low
11333,25,6,Low
11335,33,2,Low
11336,290,1,High
11337,63,2,Low
11339,87,1,Low
11340,301,1,High
11341,38,2,Low
11342,239,1,High
11343,61,1,Low
11344,87,2,Low
11345,268,1,High
11346,1,4,Low
11347,49,1,Low
11348,225,1,High
11349,13,6,Low
11350,177,1,Low
11352,80,1,Low
11354,316,2,High
11355,11,6,Low
11356,48,3,Low
11357,19,5,Low
11358,127,3,Low
11359,234,1,High
11360,112,2,Low
11361,151,1,Low
11362,39,5,Low
11363,290,1,High
11364,184,5,Low
11366,325,1,High
11367,110,2,Low
11368,38,4,Low
11369,104,2,Low
11370,222,2,High
11371,27,3,Low
11373,4,3,Low
11374,118,3,Low
11375,356,1,High
11376,27,3,Low
11377,138,3,Low
11379,201,2,High
11380,281,1,High
11381,130,3,Low
11383,39,3,Low
11384,194,1,High
11386,156,2,Low
11387,108,2,Low
11389,226,2,High
11390,14,1,Low
11392,25,3,Low
11394,154,1,Low
11396,278,2,High
11397,62,2,Low
11398,1,2,Low
11400,165,3,Low
11402,324,2,High
11403,162,2,Low
11404,108,2,Low
11405,98,3,Low
11406,85,1,Low
11408,294,2,High
11409,125,1,Low
11410,43,1,Low
11411,82,5,Low
11415,250,1,High
11416,251,1,High
11417,339,1,High
11418,232,2,High
11419,218,1,High
11421,58,2,Low
11422,164,2,Low
11423,166,1,Low
11424,17,2,Low
11425,253,1,High
11426,249,1,High
11428,53,3,Low
11429,26,6,Low
11430,5,4,Low
11431,106,2,Low
11432,8,6,Low
11433,27,2,Low
11434,136,3,Low
11435,42,2,Low
11436,220,1,High
11437,165,1,Low
11438,4,4,Low
11439,84,4,Low
11440,206,1,High
11441,85,2,Low
11442,77,2,Low
11444,225,3,High
11445,140,2,Low
11446,169,3,Low
11449,7,1,Low
11451,45,2,Low
11452,165,1,Low
11454,34,3,Low
11455,90,1,Low
11456,75,1,Low
11457,3,3,Low
11458,64,2,Low
11459,52,1,Low
11460,298,1,High
11461,84,2,Low
11462,239,1,High
11463,215,1,High
11464,32,3,Low
11465,100,3,Low
11466,85,2,Low
11467,204,3,High
11468,59,1,Low
11469,117,2,Low
11470,128,2,Low
11471,358,1,High
11472,257,2,High
11473,174,2,Low
11474,11,5,Low
11476,1,2,Low
11477,24,6,Low
11480,41,2,Low
11481,43,3,Low
11482,362,1,High
11483,73,1,Low
11484,271,1,High
11485,86,3,Low
11487,245,1,High
11488,82,2,Low
11489,154,2,Low
11491,168,4,Low
11492,44,5,Low
11493,68,1,Low
11494,78,4,Low
11495,10,4,Low
11496,118,2,Low
11497,39,2,Low
11498,73,3,Low
11499,57,1,Low
11500,264,1,High
11501,36,3,Low
11502,73,1,Low
11503,133,1,Low
11504,53,2,Low
11505,2,4,Low
11506,60,4,Low
11508,21,6,Low
11510,16,1,Low
11511,152,4,Low
11512,211,1,High
11513,73,2,Low
11514,82,4,Low
11515,259,2,High
11516,289,1,High
11518,31,3,Low
11519,275,2,High
11520,269,3,High
11523,183,2,Low
11524,153,1,Low
11526,172,1,Low
11527,147,3,Low
11528,285,1,High
11529,4,2,Low
11530,258,1,High
11531,178,1,Low
11532,55,1,Low
11533,60,1,Low
11535,167,5,Low
11536,49,3,Low
11537,203,3,High
11538,107,2,Low
11539,279,3,High
11540,355,1,High
11541,141,2,Low
11542,107,1,Low
11543,86,3,Low
11544,5,6,Low
11545,64,5,Low
11546,7,3,Low
11547,73,3,Low
11548,166,2,Low
11549,11,3,Low
11550,170,2,Low
11551,3,5,Low
11552,322,1,High
11553,113,1,Low
11555,145,2,Low
11556,142,2,Low
11557,358,1,High
11558,74,2,Low
11559,261,1,High
11560,81,1,Low
11561,115,2,Low
11562,49,5,Low
11563,99,4,Low
11565,225,1,High
11566,164,3,Low
11567,102,1,Low
11568,28,3,Low
11569,22,2,Low
11570,107,3,Low
11571,195,1,High
11573,39,3,Low
11574,264,1,High
11575,240,1,High
11576,35,4,Low
11577,249,2,High
11578,276,2,High
11580,125,2,Low
11581,175,2,Low
11585,23,4,Low
11586,29,4,Low
11587,64,3,Low
11589,77,3,Low
11591,186,2,Low
11593,30,1,Low
11594,79,2,Low
11595,38,2,Low
11596,72,2,Low
11597,231,2,High
11598,352,1,High
11600,193,3,Low
11601,13,3,Low
11602,142,1,Low
11603,324,2,High
11604,79,2,Low
11606,178,2,Low
11607,55,1,Low
11608,7,1,Low
11611,98,1,Low
11612,80,3,Low
11613,169,1,Low
11614,18,2,Low
11615,22,2,Low
11616,46,5,Low
11617,220,3,High
11618,11,4,Low
11619,128,2,Low
11620,29,2,Low
11621,125,3,Low
11622,296,1,High
11624,165,2,Low
11625,1,3,Low
11626,101,1,Low
11627,177,1,Low
11628,310,1,High
11629,188,1,Low
11630,22,2,Low
11631,362,1,High
11632,84,2,Low
11633,22,3,Low
11634,31,1,Low
11635,198,2,High
11637,238,2,High
11638,105,2,Low
11640,295,1,High
11641,231,2,High
11642,47,2,Low
11643,198,4,High
11645,206,2,High
11646,73,3,Low
11647,111,2,Low
11648,44,4,Low
11649,88,1,Low
11650,296,1,High
11652,10,3,Low
11653,91,2,Low
11654,92,6,Low
11655,13,2,Low
11656,130,2,Low
11657,24,3,Low
11658,205,3,High
11660,118,1,Low
11661,359,1,High
11662,30,3,Low
11664,65,3,Low
11665,76,2,Low
11666,332,1,High
11667,10,4,Low
11668,4,4,Low
11670,261,3,High
11671,152,3,Low
11673,65,1,Low
11674,6,2,Low
11675,110,2,Low
11676,67,4,Low
11677,253,1,High
11678,205,1,High
11679,302,1,High
11680,54,2,Low
11681,44,2,Low
11682,59,2,Low
11683,304,1,High
11684,310,2,High
11685,43,6,Low
11686,4,2,Low
11687,3,3,Low
11688,216,1,High
11689,171,2,Low
11690,39,4,Low
11691,37,2,Low
11692,57,1,Low
11693,138,1,Low
11694,243,1,High
11695,102,2,Low
11696,8,3,Low
11697,268,2,High
11698,161,2,Low
11700,255,3,High
11701,30,3,Low
11702,90,2,Low
11703,61,2,Low
11704,124,2,Low
11705,224,2,High
11706,65,1,Low
11708,16,4,Low
11713,191,1,Low
11714,7,4,Low
11715,185,1,Low
11716,345,1,High
11717,173,1,Low
11718,40,4,Low
11719,35,1,Low
11721,244,4,High
11722,35,3,Low
11723,178,2,Low
11724,358,1,High
11725,17,2,Low
11726,88,2,Low
11727,72,3,Low
11728,356,1,High
11729,36,3,Low
11730,72,2,Low
11731,274,1,High
11732,362,1,High
11733,331,1,High
11734,157,3,Low
11735,156,4,Low
11736,99,2,Low
11737,237,1,High
11738,102,2,Low
11739,59,3,Low
11740,3,2,Low
11741,224,2,High
11742,188,2,Low
11744,237,1,High
11745,278,1,High
11746,160,2,Low
11747,88,3,Low
11748,130,4,Low
11750,304,1,High
11751,21,4,Low
11752,34,4,Low
11753,4,1,Low
11754,107,1,Low
11755,81,3,Low
11756,13,7,Low
11757,86,1,Low
11758,86,3,Low
11760,105,1,Low
11761,113,2,Low
11762,227,3,High
11763,30,2,Low
11764,360,1,High
11765,65,2,Low
11767,2,4,Low
11768,12,1,Low
11769,65,2,Low
11770,65,1,Low
11771,79,5,Low
11772,3,2,Low
11773,167,3,Low
11774,287,2,High
11775,175,1,Low
11776,73,4,Low
11777,294,1,High
11778,276,1,High
11779,241,2,High
11780,164,4,Low
11781,63,3,Low
11782,31,2,Low
11783,112,4,Low
11784,49,5,Low
11785,158,2,Low
11786,41,4,Low
11787,332,1,High
11789,157,2,Low
11790,90,3,Low
11791,304,1,High
11792,153,2,Low
11793,160,2,Low
11794,244,1,High
11797,15,4,Low
11798,7,5,Low
11799,304,2,High
11800,38,4,Low
11801,23,5,Low
11802,36,1,Low
11803,34,2,Low
11804,7,1,Low
11805,15,3,Low
11806,10,3,Low
11807,4,4,Low
11808,50,4,Low
11809,75,2,Low
11811,207,2,High
11812,185,1,Low
11813,364,1,High
11815,4,7,Low
11816,80,4,Low
11817,218,2,High
11818,36,7,Low
11819,41,5,Low
11821,136,2,Low
11822,129,1,Low
11823,287,1,High
11824,50,3,Low
11825,58,2,Low
11828,74,1,Low
11829,112,3,Low
11830,255,2,High
11831,34,3,Low
11833,285,2,High
11834,162,3,Low
11835,130,2,Low
11836,18,1,Low
11837,294,1,High
11838,124,2,Low
11839,22,4,Low
11840,13,4,Low
11842,56,5,Low
11844,38,3,Low
11845,173,2,Low
11846,357,1,High
11847,133,2,Low
11848,199,1,High
11849,70,2,Low
11850,240,1,High
11852,210,3,High
11854,332,1,High
11855,86,4,Low
11856,109,2,Low
11857,31,2,Low
11858,173,3,Low
11859,72,4,Low
11860,82,2,Low
11861,247,3,High
11862,97,2,Low
11863,1,1,Low
11864,80,3,Low
11865,313,1,High
11866,100,2,Low
11867,186,1,Low
11868,41,3,Low
11869,161,1,Low
11870,89,2,Low
11871,14,4,Low
11872,188,1,Low
11873,84,2,Low
11874,39,3,Low
11875,268,2,High
11877,92,2,Low
11878,9,4,Low
11879,21,4,Low
11880,312,1,High
11881,96,1,Low
11882,34,3,Low
11883,42,3,Low
11884,12,3,Low
11886,165,2,Low
11887,111,1,Low
11889,46,1,Low
11890,299,1,High
11891,330,1,High
11892,77,2,Low
11893,312,1,High
11894,20,3,Low
11895,327,1,High
11896,22,3,Low
11898,104,1,Low
11899,22,4,Low
11900,58,5,Low
11901,82,1,Low
11902,23,2,Low
11903,11,3,Low
11904,85,2,Low
11905,154,1,Low
11906,202,1,High
11907,104,3,Low
11908,42,1,Low
11910,16,3,Low
11913,97,3,Low
11914,3,3,Low
11915,251,1,High
11916,140,2,Low
11917,115,4,Low
11918,63,3,Low
11919,80,3,Low
11920,164,1,Low
11921,197,2,High
11923,69,2,Low
11924,51,2,Low
11926,29,3,Low
11927,218,1,High
11928,319,1,High
11929,14,3,Low
11931,316,1,High
11932,270,1,High
11933,178,2,Low
11934,116,1,Low
11935,289,1,High
11937,127,2,Low
11938,205,1,High
11939,217,3,High
11940,38,3,Low
11944,252,1,High
11945,114,2,Low
11946,81,1,Low
11947,172,3,Low
11948,68,3,Low
11950,62,5,Low
11951,226,1,High
11952,4,3,Low
11955,23,3,Low
11956,69,1,Low
11957,1,1,Low
11958,347,1,High
11959,7,1,Low
11962,272,1,High
11963,250,4,High
11964,169,2,Low
11965,139,2,Low
11968,264,1,High
11969,68,4,Low
11970,9,5,Low
11971,137,3,Low
11972,248,2,High
11973,20,2,Low
11974,305,1,High
11975,95,3,Low
11978,341,1,High
11979,16,3,Low
11980,93,5,Low
11981,51,3,Low
11982,65,3,Low
11983,90,2,Low
11984,178,3,Low
11985,31,3,Low
11986,9,4,Low
11988,94,1,Low
11989,188,1,Low
11990,45,4,Low
11991,254,1,High
11992,110,3,Low
11993,152,2,Low
11994,191,3,Low
11995,225,1,High
11996,6,1,Low
11997,12,4,Low
11998,247,2,High
12000,57,2,Low
12001,205,2,High
12003,14,4,Low
12005,307,1,High
12007,98,1,Low
12009,70,2,Low
12010,15,2,Low
12011,288,1,High
12014,79,2,Low
12015,151,2,Low
12016,115,2,Low
12017,111,4,Low
12018,21,4,Low
12019,19,3,Low
12021,43,1,Low
12022,326,1,High
12023,67,2,Low
12024,59,2,Low
12025,56,3,Low
12026,199,3,High
12028,241,1,High
12029,136,2,Low
12030,307,1,High
12031,234,1,High
12032,115,2,Low
12033,287,2,High
12035,41,2,Low
12036,155,2,Low
12037,336,1,High
12041,231,1,High
12042,72,2,Low
12043,99,3,Low
12045,308,2,High
12048,100,3,Low
12049,339,2,High
12050,365,1,High
12051,211,1,High
12052,57,3,Low
12053,2,4,Low
12054,79,2,Low
12055,260,1,High
12056,53,4,Low
12057,160,2,Low
12058,76,3,Low
12059,65,6,Low
12060,59,4,Low
12061,98,3,Low
12062,147,1,Low
12063,45,3,Low
12065,5,2,Low
12066,133,2,Low
12067,94,1,Low
12068,228,2,High
12069,24,5,Low
12070,288,2,High
12071,100,2,Low
12072,111,3,Low
12073,56,2,Low
12075,69,1,Low
12076,84,4,Low
12077,67,1,Low
12078,44,4,Low
12079,53,3,Low
12081,125,5,Low
12084,41,2,Low
12085,39,2,Low
12086,88,1,Low
12088,93,3,Low
12089,218,3,High
12090,22,6,Low
12091,78,1,Low
12092,274,1,High
12093,23,3,Low
12094,40,4,Low
12095,45,2,Low
12096,36,3,Low
12097,87,3,Low
12099,164,2,Low
12100,51,4,Low
12101,61,1,Low
12102,325,1,High
12103,13,6,Low
12104,45,2,Low
12105,361,1,High
12106,266,1,High
12107,156,2,Low
12108,94,1,Low
12109,161,2,Low
12111,30,3,Low
12112,173,1,Low
12113,46,4,Low
12114,25,5,Low
12115,279,1,High
12116,274,2,High
12117,99,1,Low
12118,6,4,Low
12119,32,2,Low
12120,86,1,Low
12121,307,1,High
12122,29,4,Low
12123,18,2,Low
12124,55,1,Low
12126,308,1,High
12127,230,1,High
12128,28,1,Low
12129,96,4,Low
12130,18,2,Low
12131,56,3,Low
12132,4,4,Low
12133,18,1,Low
12134,331,1,High
12135,237,1,High
12136,285,2,High
12137,61,3,Low
12138,63,3,Low
12139,12,4,Low
12140,56,2,Low
12141,16,5,Low
12142,183,3,Low
12143,82,2,Low
12144,160,4,Low
12145,86,1,Low
12146,82,3,Low
12148,72,2,Low
12149,289,1,High
12150,230,1,High
12151,92,1,Low
12152,139,2,Low
12153,190,1,Low
12154,111,4,Low
12155,178,3,Low
12156,350,1,High
12157,38,5,Low
12159,181,3,Low
12160,80,2,Low
12161,246,1,High
12162,133,1,Low
12164,136,2,Low
12165,127,1,Low
12166,14,3,Low
12167,278,1,High
12168,146,3,Low
12169,346,1,High
12170,187,2,Low
12171,227,2,High
12172,71,1,Low
12175,109,1,Low
12176,46,1,Low
12177,255,1,High
12178,28,2,Low
12179,260,1,High
12180,131,2,Low
12181,175,4,Low
12182,90,3,Low
12183,35,2,Low
12184,278,3,High
12185,321,1,High
12186,54,3,Low
12188,91,5,Low
12189,1,4,Low
12190,96,3,Low
12191,263,1,High
12192,25,2,Low
12193,57,3,Low
12194,57,2,Low
12195,236,1,High
12197,57,2,Low
12198,154,1,Low
12199,92,2,Low
12200,57,4,Low
12201,55,3,Low
12202,229,1,High
12203,248,2,High
12205,197,2,High
12206,3,3,Low
12208,326,1,High
12209,144,4,Low
12210,105,4,Low
12211,24,3,Low
12212,94,5,Low
12213,184,2,Low
12214,305,2,High
12216,64,1,Low
12217,287,1,High
12218,154,2,Low
12219,6,2,Low
12220,75,5,Low
12221,146,2,Low
12222,48,2,Low
12223,290,2,High
12224,45,3,Low
12225,200,3,High
12226,229,1,High
12227,257,2,High
12228,12,3,Low
12229,271,2,High
12230,1,2,Low
12232,122,1,Low
12233,18,2,Low
12234,26,1,Low
12235,87,3,Low
12236,82,3,Low
12237,270,2,High
12238,235,2,High
12239,264,1,High
12240,32,1,Low
12242,197,2,High
12243,116,1,Low
12244,20,5,Low
12245,14,4,Low
12246,17,3,Low
12247,131,2,Low
12249,73,4,Low
12250,141,1,Low
12251,148,2,Low
12253,356,1,High
12255,188,2,Low
12256,228,1,High
12257,70,4,Low
12258,117,4,Low
12259,253,1,High
12260,214,1,High
12261,29,2,Low
12262,99,3,Low
12263,317,1,High
12264,154,1,Low
12265,141,3,Low
12266,203,2,High
12267,79,1,Low
12268,32,1,Low
12269,26,4,Low
12271,304,1,High
12272,52,2,Low
12274,116,3,Low
12275,42,3,Low
12276,220,3,High
12277,72,3,Low
12279,29,5,Low
12280,50,4,Low
12281,134,2,Low
12282,23,3,Low
12283,65,2,Low
12284,69,5,Low
12285,149,2,Low
12286,87,3,Low
12287,119,4,Low
12289,171,1,Low
12290,168,3,Low
12291,68,2,Low
12292,62,2,Low
12293,287,2,High
12294,227,4,High
12296,30,3,Low
12297,76,1,Low
12298,99,1,Low
12299,11,2,Low
12300,2,5,Low
12301,86,2,Low
12303,49,2,Low
12304,6,4,Low
12305,39,3,Low
12306,50,5,Low
12307,20,3,Low
12309,129,2,Low
12310,111,3,Low
12311,37,2,Low
12312,69,3,Low
12313,32,2,Low
12314,200,2,High
12315,86,1,Low
12316,42,3,Low
12317,95,3,Low
12318,56,3,Low
12320,20,3,Low
12321,228,2,High
12322,19,3,Low
12323,263,2,High
12326,359,1,High
12327,343,1,High
12328,205,2,High
12330,153,3,Low
12331,255,2,High
12332,102,4,Low
12333,69,3,Low
12334,57,1,Low
12335,211,1,High
12336,37,3,Low
12337,226,2,High
12338,134,3,Low
12339,39,2,Low
12340,244,1,High
12341,122,1,Low
12342,19,3,Low
12343,171,2,Low
12345,214,4,High
12346,42,4,Low
12347,165,2,Low
12348,128,4,Low
12349,101,2,Low
12350,304,1,High
12351,65,2,Low
12353,136,3,Low
12354,185,2,Low
12355,133,1,Low
12356,311,1,High
12357,344,1,High
12358,11,3,Low
12359,193,3,Low
12361,219,1,High
12362,87,3,Low
12364,280,2,High
12365,162,2,Low
12366,111,2,Low
12367,47,2,Low
12368,113,4,Low
12369,210,2,High
12370,82,3,Low
12371,92,2,Low
12372,101,1,Low
12374,12,1,Low
12375,240,2,High
12376,70,2,Low
12377,60,3,Low
12378,34,4,Low
12381,153,1,Low
12382,302,1,High
12383,158,1,Low
12384,352,1,High
12386,338,1,High
12387,100,2,Low
12388,46,1,Low
12389,284,1,High
12391,85,1,Low
12392,114,1,Low
12393,326,1,High
12394,26,1,Low
12395,213,3,High
12396,229,3,High
12397,201,2,High
12398,3,4,Low
12399,112,2,Low
12400,47,3,Low
12401,238,2,High
12402,60,3,Low
12403,267,2,High
12404,15,3,Low
12405,128,2,Low
12406,138,1,Low
12408,42,4,Low
12410,178,2,Low
12411,165,3,Low
12412,42,2,Low
12413,65,1,Low
12414,21,3,Low
12415,94,4,Low
12416,93,4,Low
12417,132,2,Low
12418,281,1,High
12419,5,2,Low
12421,200,3,High
12422,153,3,Low
12423,15,2,Low
12424,38,5,Low
12425,78,2,Low
12427,95,4,Low
12428,242,1,High
12430,51,5,Low
12432,26,4,Low
12433,52,2,Low
12435,25,2,Low
12436,198,2,High
12437,108,3,Low
12438,176,2,Low
12439,128,2,Low
12441,28,2,Low
12442,141,1,Low
12443,361,1,High
12444,35,3,Low
12445,34,3,Low
12447,51,2,Low
12448,308,2,High
12449,147,2,Low
12450,264,1,High
12451,281,1,High
12452,137,1,Low
12453,109,1,Low
12454,110,2,Low
12455,41,1,Low
12456,113,1,Low
12457,240,2,High
12459,93,3,Low
12460,26,3,Low
12461,43,2,Low
12462,131,1,Low
12464,260,2,High
12465,101,2,Low
12466,313,1,High
12467,107,3,Low
12468,235,1,High
12469,28,2,Low
12470,33,2,Low
12471,190,2,Low
12472,5,1,Low
12473,149,2,Low
12474,318,1,High
12475,15,2,Low
12476,192,2,Low
12479,53,6,Low
12480,86,1,Low
12481,27,1,Low
12482,110,1,Low
12484,144,1,Low
12485,11,5,Low
12486,4,4,Low
12487,109,2,Low
12488,96,3,Low
12489,215,2,High
12490,284,2,High
12491,81,4,Low
12492,23,5,Low
12493,1,3,Low
12495,136,1,Low
12496,200,2,High
12497,60,2,Low
12498,19,4,Low
12499,74,1,Low
12501,167,1,Low
12503,123,3,Low
12504,15,2,Low
12506,12,4,Low
12507,24,3,Low
12508,39,3,Low
12509,219,1,High
12510,88,3,Low
12511,247,2,High
12512,100,2,Low
12513,120,1,Low
12514,141,4,Low
12515,68,3,Low
12517,20,3,Low
12521,25,3,Low
12523,20,5,Low
12524,47,1,Low
12525,262,3,High
12527,47,4,Low
12528,35,3,Low
12530,27,2,Low
12531,22,4,Low
12532,104,2,Low
12534,105,2,Low
12535,103,3,Low
12536,151,2,Low
12537,355,1,High
12538,353,1,High
12539,108,2,Low
12540,3,3,Low
12541,285,1,High
12542,105,2,Low
12543,91,2,Low
12544,170,3,Low
12545,222,2,High
12546,218,2,High
12547,37,2,Low
12548,357,1,High
12549,43,1,Low
12550,83,1,Low
12551,81,2,Low
12552,130,3,Low
12553,33,2,Low
12554,121,2,Low
12555,324,2,High
12556,50,2,Low
12557,123,3,Low
12559,220,2,High
12561,184,2,Low
12562,236,1,High
12564,335,1,High
12566,188,1,Low
12568,177,1,Low
12569,296,2,High
12570,163,3,Low
12571,8,1,Low
12572,67,4,Low
12573,41,3,Low
12574,181,1,Low
12575,102,3,Low
12576,199,2,High
12578,272,1,High
12579,183,3,Low
12580,175,1,Low
12581,67,3,Low
12582,52,3,Low
12583,104,2,Low
12586,243,2,High
12587,66,3,Low
12588,76,2,Low
12590,75,2,Low
12591,267,3,High
12592,4,3,Low
12593,50,1,Low
12594,15,2,Low
12595,38,1,Low
12596,65,2,Low
12597,359,1,High
12598,102,1,Low
12599,129,2,Low
12600,110,1,Low
12601,163,2,Low
12602,281,2,High
12603,134,2,Low
12604,62,6,Low
12605,333,1,High
12606,13,2,Low
12607,29,3,Low
12608,4,1,Low
12609,331,1,High
12610,195,2,High
12612,127,1,Low
12614,64,2,Low
12615,54,1,Low
12616,158,2,Low
12617,5,3,Low
12618,127,2,Low
12619,11,4,Low
12620,119,2,Low
12622,80,2,Low
12623,76,5,Low
12624,111,1,Low
12625,304,2,High
12626,68,5,Low
12627,64,5,Low
12628,22,4,Low
12629,351,1,High
12630,245,2,High
12631,245,2,High
12632,83,3,Low
12633,125,2,Low
12635,232,4,High
12636,213,1,High
12637,259,2,High
12638,162,1,Low
12639,132,2,Low
12640,151,3,Low
12641,195,3,High
12642,4,1,Low
12643,47,7,Low
12644,240,3,High
12645,38,2,Low
12647,32,2,Low
12648,110,2,Low
12649,328,1,High
12652,44,3,Low
12653,217,1,High
12654,158,1,Low
12655,165,3,Low
12656,35,6,Low
12657,50,4,Low
12658,30,1,Low
12660,62,4,Low
12661,91,1,Low
12663,90,3,Low
12664,65,2,Low
12665,42,1,Low
12666,165,1,Low
12667,108,3,Low
12668,19,2,Low
12670,26,3,Low
12671,295,1,High
12672,105,2,Low
12673,118,1,Low
12674,7,3,Low
12675,124,2,Low
12676,82,2,Low
12677,133,2,Low
12678,31,2,Low
12679,245,1,High
12680,38,3,Low
12681,215,5,High
12682,149,1,Low
12683,76,1,Low
12684,221,3,High
12685,240,1,High
12686,282,1,High
12687,49,1,Low
12688,150,2,Low
12689,189,1,Low
12690,42,3,Low
12692,100,3,Low
12693,30,1,Low
12694,103,2,Low
12695,179,2,Low
12697,164,1,Low
12699,119,1,Low
12700,101,2,Low
12701,22,3,Low
12702,202,3,High
12703,109,3,Low
12704,121,2,Low
12705,242,1,High
12706,53,4,Low
12708,107,2,Low
12710,129,4,Low
12711,149,3,Low
12714,48,4,Low
12715,208,3,High
12716,305,1,High
12717,182,4,Low
12718,247,3,High
12719,195,2,High
12720,55,2,Low
12721,116,1,Low
12723,224,2,High
12724,138,2,Low
12725,223,2,High
12726,106,2,Low
12727,15,3,Low
12729,59,4,Low
12730,100,3,Low
12732,168,2,Low
12734,159,2,Low
12735,28,2,Low
12736,92,3,Low
12737,38,2,Low
12738,23,3,Low
12739,30,1,Low
12741,78,2,Low
12742,109,1,Low
12743,87,3,Low
12744,86,2,Low
12745,211,1,High
12746,7,2,Low
12747,308,1,High
12749,9,9,Low
12750,10,3,Low
12751,139,1,Low
12752,73,3,Low
12754,53,1,Low
12755,59,3,Low
12756,277,2,High
12757,246,4,High
12758,290,2,High
12759,256,2,High
12760,359,1,High
12761,83,5,Low
12762,264,2,High
12763,223,1,High
12764,133,1,Low
12765,196,1,High
12766,44,2,Low
12767,118,3,Low
12768,19,2,Low
12769,87,3,Low
12771,36,3,Low
12772,16,3,Low
12773,73,2,Low
12774,137,2,Low
12775,121,1,Low
12776,48,1,Low
12777,97,1,Low
12778,38,5,Low
12779,93,2,Low
12780,113,2,Low
12782,12,3,Low
12783,156,1,Low
12784,56,5,Low
12786,204,1,High
12787,96,1,Low
12788,150,2,Low
12789,167,4,Low
12790,306,1,High
12791,9,4,Low
12792,53,3,Low
12793,155,2,Low
12794,102,2,Low
12795,55,1,Low
12796,4,3,Low
12797,156,1,Low
12798,71,4,Low
12799,29,1,Low
12800,360,1,High
12801,176,4,Low
12802,175,5,Low
12803,241,2,High
12804,184,1,Low
12805,80,4,Low
12806,10,3,Low
12807,204,2,High
12809,134,2,Low
12810,244,2,High
12811,20,4,Low
12812,12,5,Low
12813,106,3,Low
12814,32,3,Low
12815,81,2,Low
12816,13,2,Low
12817,23,3,Low
12818,253,1,High
12819,214,1,High
12820,13,5,Low
12821,6,2,Low
12822,102,3,Low
12823,362,1,High
12824,259,2,High
12825,11,1,Low
12826,236,1,High
12827,9,1,Low
12828,67,2,Low
12829,320,2,High
12830,65,1,Low
12831,41,1,Low
12832,138,2,Low
12833,293,1,High
12834,196,3,High
12835,29,2,Low
12836,51,2,Low
12837,30,2,Low
12839,13,2,Low
12841,68,1,Low
12842,191,2,Low
12843,210,4,High
12844,59,4,Low
12845,12,4,Low
12846,55,3,Low
12848,320,1,High
12849,113,2,Low
12850,35,5,Low
12851,76,3,Low
12852,21,2,Low
12854,264,3,High
12855,177,3,Low
12856,17,3,Low
12857,124,1,Low
12858,198,1,High
12859,48,3,Low
12860,238,2,High
12861,69,2,Low
12862,181,1,Low
12864,290,1,High
12866,267,1,High
12867,236,1,High
12868,35,3,Low
12869,185,3,Low
12870,14,2,Low
12871,154,4,Low
12872,189,2,Low
12873,297,1,High
12874,236,1,High
12875,13,1,Low
12876,99,1,Low
12877,175,2,Low
12878,171,1,Low
12879,178,1,Low
12880,104,3,Low
12881,269,1,High
12884,207,3,High
12885,95,1,Low
12886,10,1,Low
12887,85,3,Low
12888,127,3,Low
12891,45,2,Low
12892,182,2,Low
12893,293,1,High
12894,125,1,Low
12895,146,2,Low
12896,96,5,Low
12897,198,3,High
12898,71,2,Low
12899,72,3,Low
12900,108,2,Low
12901,11,2,Low
12902,31,1,Low
12903,62,1,Low
12904,168,1,Low
12905,236,1,High
12906,213,2,High
12908,18,6,Low
12909,130,3,Low
12910,116,1,Low
12912,292,1,High
12914,198,1,High
12915,238,1,High
12916,319,2,High
12917,41,2,Low
12918,328,1,High
12919,109,3,Low
12920,61,2,Low
12921,29,5,Low
12923,4,4,Low
12924,362,1,High
12926,34,2,Low
12927,20,1,Low
12928,10,3,Low
12929,133,2,Low
12930,319,2,High
12931,132,1,Low
12932,243,1,High
12933,193,2,Low
12934,235,2,High
12935,32,2,Low
12936,187,2,Low
12937,282,1,High
12940,26,2,Low
12941,39,3,Low
12942,330,2,High
12943,190,1,Low
12944,22,1,Low
12945,89,1,Low
12946,161,2,Low
12947,97,4,Low
12948,12,3,Low
12949,8,2,Low
12951,76,2,Low
12952,166,1,Low
12954,260,1,High
12955,17,1,Low
12956,65,4,Low
12957,129,2,Low
12958,236,2,High
12959,129,1,Low
12960,84,3,Low
12961,76,1,Low
12962,316,1,High
12964,60,3,Low
12965,71,1,Low
12968,188,5,Low
12969,49,1,Low
12970,74,3,Low
12972,46,2,Low
12973,28,3,Low
12974,47,4,Low
12975,268,1,High
12976,47,2,Low
12977,14,2,Low
12978,44,5,Low
12979,130,1,Low
12980,143,1,Low
12982,33,4,Low
12983,47,5,Low
12985,231,3,High
12986,30,2,Low
12987,101,2,Low
12988,214,1,High
12989,143,2,Low
12990,217,1,High
12993,18,3,Low
12994,7,3,Low
12995,113,2,Low
12996,18,4,Low
12997,44,3,Low
12999,5,2,Low
13000,113,1,Low
13001,181,2,Low
13003,28,1,Low
13004,2,3,Low
13005,3,2,Low
13006,265,2,High
13009,133,2,Low
13010,149,1,Low
13012,255,1,High
13014,263,2,High
13015,35,1,Low
13017,126,2,Low
13018,113,2,Low
13019,61,2,Low
13020,310,2,High
13021,52,1,Low
13022,35,4,Low
13023,349,1,High
13025,230,2,High
13027,112,2,Low
13028,204,2,High
13029,75,2,Low
13030,28,3,Low
13031,159,2,Low
13032,123,3,Low
13033,319,1,High
13034,171,1,Low
13035,206,1,High
13036,100,2,Low
13038,168,1,Low
13039,43,1,Low
13040,148,6,Low
13041,305,1,High
13042,112,2,Low
13043,12,4,Low
13044,30,1,Low
13045,46,3,Low
13046,65,2,Low
13047,14,3,Low
13049,123,1,Low
13050,150,4,Low
13051,319,2,High
13052,134,2,Low
13053,209,2,High
13054,37,5,Low
13055,152,2,Low
13056,364,1,High
13058,234,2,High
13059,35,7,Low
13060,127,2,Low
13061,77,1,Low
13062,346,1,High
13063,275,1,High
13064,254,1,High
13065,156,3,Low
13066,62,2,Low
13067,16,3,Low
13068,102,3,Low
13070,35,2,Low
13071,326,1,High
13072,57,4,Low
13073,169,3,Low
13075,33,3,Low
13076,78,3,Low
13078,25,3,Low
13079,57,2,Low
13081,48,2,Low
13082,99,3,Low
13083,221,3,High
13084,205,2,High
13085,55,2,Low
13086,146,1,Low
13087,127,4,Low
13088,64,2,Low
13089,75,2,Low
13090,107,2,Low
13091,57,3,Low
13092,50,1,Low
13093,78,2,Low
13094,37,2,Low
13095,54,1,Low
13096,38,2,Low
13097,155,2,Low
13098,182,3,Low
13099,91,1,Low
13100,33,3,Low
13101,110,1,Low
13102,294,2,High
13103,149,2,Low
13104,151,1,Low
13105,127,3,Low
13106,46,2,Low
13108,239,1,High
13109,81,1,Low
13110,177,3,Low
13111,40,3,Low
13112,44,3,Low
13113,15,2,Low
13114,55,2,Low
13115,220,2,High
13116,242,1,High
13117,32,1,Low
13120,276,1,High
13121,116,3,Low
13122,141,2,Low
13123,74,4,Low
13124,269,1,High
13125,42,5,Low
13127,341,1,High
13128,35,1,Low
13129,26,4,Low
13131,51,3,Low
13132,32,2,Low
13133,240,1,High
13134,173,1,Low
13135,1,2,Low
13136,42,1,Low
13138,227,3,High
13139,201,1,High
13140,167,2,Low
13141,341,1,High
13142,229,1,High
13143,304,1,High
13144,200,1,High
13147,9,2,Low
13148,121,4,Low
13149,48,2,Low
13150,37,1,Low
13151,2,6,Low
13152,214,1,High
13153,199,1,High
13154,203,2,High
13157,91,3,Low
13158,37,4,Low
13159,3,4,Low
13160,212,1,High
13161,12,2,Low
13162,282,1,High
13163,240,3,High
13164,36,2,Low
13166,86,3,Low
13167,8,3,Low
13168,55,2,Low
13169,55,3,Low
13170,246,2,High
13171,13,5,Low
13172,19,2,Low
13173,209,2,High
13174,74,3,Low
13175,24,4,Low
13176,70,1,Low
13177,181,1,Low
13178,107,1,Low
13179,347,1,High
13180,4,5,Low
13181,68,1,Low
13182,10,3,Low
13183,36,4,Low
13185,140,2,Low
13186,163,3,Low
13187,21,3,Low
13188,30,5,Low
13189,68,4,Low
13190,17,1,Low
13191,342,1,High
13192,306,1,High
13193,171,3,Low
13194,98,3,Low
13195,309,2,High
13197,76,2,Low
13198,3,2,Low
13199,126,2,Low
13201,85,5,Low
13204,36,2,Low
13205,125,2,Low
13207,26,2,Low
13208,124,2,Low
13209,74,2,Low
13211,30,2,Low
13212,84,2,Low
13213,123,3,Low
13214,307,1,High
13215,18,3,Low
13216,11,2,Low
13217,63,2,Low
13218,32,2,Low
13219,55,3,Low
13220,49,2,Low
13221,107,3,Low
13222,51,6,Low
13223,160,2,Low
13224,15,4,Low
13225,157,2,Low
13226,38,2,Low
13227,329,1,High
13228,55,3,Low
13229,309,1,High
13230,148,5,Low
13231,207,3,High
13232,133,3,Low
13233,75,3,Low
13234,15,3,Low
13235,342,1,High
13236,242,3,High
13237,260,2,High
13238,24,3,Low
13241,11,4,Low
13242,13,3,Low
13244,69,2,Low
13245,118,1,Low
13247,178,2,Low
13248,28,4,Low
13249,10,2,Low
13250,167,3,Low
13251,134,1,Low
13252,107,5,Low
13253,221,1,High
13255,231,2,High
13256,170,2,Low
13257,46,2,Low
13258,172,3,Low
13259,36,3,Low
13260,76,3,Low
13261,32,2,Low
13262,85,1,Low
13263,59,3,Low
13264,249,1,High
13266,219,3,High
13267,135,1,Low
13268,119,4,Low
13270,220,3,High
13271,54,3,Low
13273,273,1,High
13274,9,2,Low
13275,223,3,High
13277,79,4,Low
13278,177,2,Low
13279,65,7,Low
13280,23,1,Low
13281,54,2,Low
13282,86,1,Low
13283,122,1,Low
13284,156,3,Low
13285,126,1,Low
13287,23,1,Low
13288,119,5,Low
13289,35,5,Low
13290,116,4,Low
13291,103,1,Low
13293,13,2,Low
13294,354,1,High
13295,33,6,Low
13296,102,3,Low
13297,37,2,Low
13298,2,5,Low
13299,56,4,Low
13300,290,1,High
13301,180,3,Low
13302,40,3,Low
13303,100,4,Low
13304,176,1,Low
13306,117,3,Low
13308,190,1,Low
13309,55,3,Low
13310,135,2,Low
13311,4,2,Low
13313,8,5,Low
13314,20,5,Low
13315,178,1,Low
13316,117,1,Low
13317,16,4,Low
13318,42,2,Low
13319,308,1,High
13320,9,5,Low
13321,98,1,Low
13322,102,3,Low
13323,59,1,Low
13324,111,1,Low
13325,62,2,Low
13326,63,1,Low
13327,179,1,Low
13328,43,1,Low
13329,309,2,High
13330,13,3,Low
13334,36,3,Low
13335,29,2,Low
13336,62,3,Low
13337,245,2,High
13338,47,2,Low
13339,114,2,Low
13340,67,4,Low
13341,5,2,Low
13343,223,1,High
13346,83,2,Low
13347,165,2,Low
13349,186,1,Low
13350,215,1,High
13351,25,2,Low
13352,350,1,High
13354,1,1,Low
13355,170,1,Low
13356,164,1,Low
13357,19,1,Low
13358,49,3,Low
13359,18,3,Low
13360,121,2,Low
13361,99,3,Low
13362,41,2,Low
13363,54,4,Low
13364,38,4,Low
13365,268,1,High
13366,18,4,Low
13367,228,3,High
13368,129,2,Low
13369,213,2,High
13370,234,3,High
13371,10,3,Low
13372,17,1,Low
13373,138,3,Low
13376,281,1,High
13377,337,1,High
13378,136,3,Low
13379,4,3,Low
13381,107,3,Low
13382,76,2,Low
13383,9,2,Low
13384,246,1,High
13386,42,2,Low
13387,201,1,High
13388,18,2,Low
13390,113,1,Low
13391,108,1,Low
13393,212,3,High
13394,26,5,Low
13395,58,3,Low
13396,174,1,Low
13397,7,3,Low
13398,228,2,High
13399,159,2,Low
13400,332,1,High
13401,242,1,High
13402,44,2,Low
13403,118,2,Low
13404,52,3,Low
13405,130,2,Low
13407,17,3,Low
13409,64,2,Low
13410,43,3,Low
13411,1,3,Low
13412,170,1,Low
13413,124,1,Low
13414,67,2,Low
13415,144,6,Low
13416,332,1,High
13417,319,1,High
13418,20,3,Low
13419,317,1,High
13421,23,3,Low
13422,154,1,Low
13425,49,3,Low
13426,108,2,Low
13427,144,2,Low
13428,236,1,High
13429,148,3,Low
13430,44,3,Low
13431,92,1,Low
13432,298,2,High
13433,19,4,Low
13434,136,1,Low
13435,192,1,Low
13436,2,2,Low
13437,20,2,Low
13438,93,1,Low
13439,124,1,Low
13440,73,3,Low
13441,330,2,High
13443,135,3,Low
13444,296,2,High
13445,86,5,Low
13446,31,4,Low
13447,92,2,Low
13448,167,3,Low
13449,268,1,High
13450,62,2,Low
13451,10,1,Low
13453,258,1,High
13454,143,3,Low
13455,235,1,High
13456,78,1,Low
13457,276,1,High
13458,64,2,Low
13459,20,1,Low
13461,138,2,Low
13462,276,2,High
13463,53,4,Low
13464,181,2,Low
13465,129,1,Low
13466,33,2,Low
13467,123,4,Low
13468,145,2,Low
13469,6,4,Low
13470,46,1,Low
13471,30,2,Low
13472,18,1,Low
13473,160,1,Low
13474,152,4,Low
13475,14,4,Low
13476,70,5,Low
13477,177,3,Low
13478,49,3,Low
13481,202,2,High
13482,31,2,Low
13484,156,5,Low
13485,282,5,High
13486,80,2,Low
13487,134,4,Low
13488,351,1,High
13489,180,2,Low
13490,1,4,Low
13491,328,1,High
13492,187,4,Low
13493,88,4,Low
13494,336,1,High
13495,258,1,High
13497,71,2,Low
13498,251,1,High
13499,236,1,High
13500,23,2,Low
13501,35,2,Low
13502,6,3,Low
13503,241,2,High
13504,159,1,Low
13505,15,4,Low
13506,136,1,Low
13507,83,2,Low
13508,27,5,Low
13509,121,2,Low
13511,60,3,Low
13512,205,3,High
13513,290,1,High
13514,271,3,High
13515,83,4,Low
13516,5,5,Low
13517,221,1,High
13518,84,1,Low
13520,215,2,High
13521,82,3,Low
13522,357,1,High
13523,191,1,Low
13524,24,2,Low
13526,63,2,Low
13529,148,2,Low
13530,296,1,High
13531,248,1,High
13533,95,4,Low
13534,13,6,Low
13535,31,2,Low
13536,32,6,Low
13537,333,1,High
13538,4,1,Low
13539,42,3,Low
13540,82,1,Low
13541,32,6,Low
13543,67,5,Low
13544,212,2,High
13545,144,2,Low
13546,76,1,Low
13547,82,2,Low
13549,27,1,Low
13552,9,3,Low
13553,365,1,High
13554,263,1,High
13555,276,2,High
13556,140,3,Low
13557,227,1,High
13558,186,1,Low
13559,267,1,High
13560,70,2,Low
13561,361,1,High
13562,74,2,Low
13563,196,1,High
13565,123,2,Low
13566,152,2,Low
13567,347,1,High
13568,337,1,High
13569,135,1,Low
13570,38,4,Low
13571,85,2,Low
13573,35,4,Low
13575,53,2,Low
13576,17,3,Low
13577,226,1,High
13578,68,3,Low
13579,113,3,Low
13580,12,2,Low
13581,59,3,Low
13582,72,2,Low
13583,34,1,Low
13584,55,2,Low
13586,81,1,Low
13588,39,2,Low
13589,139,1,Low
13590,17,3,Low
13593,129,4,Low
13594,77,4,Low
13595,9,5,Low
13596,35,4,Low
13598,304,2,High
13599,45,3,Low
13600,259,3,High
13601,11,5,Low
13602,308,2,High
13603,6,2,Low
13604,250,1,High
13605,13,6,Low
13607,193,1,Low
13608,211,2,High
13609,83,1,Low
13610,73,2,Low
13611,211,2,High
13612,102,3,Low
13613,242,1,High
13614,5,3,Low
13615,2,2,Low
13616,362,1,High
13619,141,2,Low
13620,29,4,Low
13621,142,3,Low
13623,204,2,High
13624,339,1,High
13625,56,1,Low
13627,49,2,Low
13628,166,2,Low
13629,121,2,Low
13630,146,2,Low
13632,218,3,High
13633,44,2,Low
13635,24,2,Low
13636,212,1,High
13637,86,6,Low
13638,169,1,Low
13639,57,2,Low
13640,225,1,High
13641,361,1,High
13642,76,1,Low
13643,55,3,Low
13644,24,3,Low
13646,168,2,Low
13647,44,4,Low
13648,98,2,Low
13649,223,1,High
13650,97,1,Low
13651,55,2,Low
13652,59,5,Low
13654,111,2,Low
13655,123,2,Low
13656,268,1,High
13657,170,2,Low
13658,165,2,Low
13659,81,4,Low
13660,20,1,Low
13661,13,3,Low
13662,61,3,Low
13664,8,3,Low
13665,103,5,Low
13667,116,3,Low
13669,45,2,Low
13670,246,2,High
13671,101,2,Low
13672,130,2,Low
13673,9,1,Low
13674,80,4,Low
13675,11,2,Low
13676,1,4,Low
13677,45,1,Low
13678,82,3,Low
13679,8,5,Low
13682,106,2,Low
13683,54,1,Low
13684,21,3,Low
13685,319,2,High
13686,29,3,Low
13687,68,1,Low
13688,25,4,Low
13690,77,3,Low
13691,21,3,Low
13692,55,4,Low
13693,28,5,Low
13694,83,1,Low
13695,324,1,High
13696,112,4,Low
13697,42,5,Low
13698,38,1,Low
13699,33,4,Low
13701,28,3,Low
13705,83,3,Low
13706,225,1,High
13707,47,1,Low
13708,112,1,Low
13711,15,1,Low
13712,249,1,High
13713,185,2,Low
13714,279,1,High
13715,275,2,High
13716,47,2,Low
13717,4,5,Low
13718,101,3,Low
13719,56,2,Low
13720,332,2,High
13721,56,1,Low
13722,125,2,Low
13723,81,2,Low
13724,13,1,Low
13725,70,2,Low
13726,198,1,High
13727,134,3,Low
13728,19,1,Low
13729,57,1,Low
13730,32,5,Low
13731,29,3,Low
13732,12,3,Low
13733,16,4,Low
13735,92,3,Low
13737,155,1,Low
13738,89,3,Low
13740,113,2,Low
13741,73,2,Low
13742,21,2,Low
13743,141,2,Low
13744,262,2,High
13745,257,2,High
13747,119,3,Low
13748,172,3,Low
13750,192,3,Low
13751,68,4,Low
13752,43,2,Low
13753,44,3,Low
13754,91,1,Low
13755,207,1,High
13757,194,2,High
13758,119,3,Low
13759,43,5,Low
13760,201,2,High
13761,80,1,Low
13763,60,1,Low
13765,214,1,High
13767,154,2,Low
13768,5,2,Low
13769,77,2,Low
13770,185,1,Low
13772,22,4,Low
13774,158,3,Low
13776,171,3,Low
13777,1,6,Low
13778,40,1,Low
13779,41,3,Low
13780,209,2,High
13781,47,3,Low
13782,354,1,High
13783,348,1,High
13784,24,1,Low
13785,164,3,Low
13786,101,2,Low
13788,68,3,Low
13789,186,4,Low
13790,103,2,Low
13791,105,3,Low
13793,179,1,Low
13795,152,1,Low
13796,303,1,High
13797,107,1,Low
13798,66,1,Low
13799,121,5,Low
13802,163,3,Low
13803,193,1,Low
13804,158,2,Low
13805,103,2,Low
13806,255,1,High
13808,214,1,High
13809,21,2,Low
13810,18,6,Low
13811,106,2,Low
13813,220,1,High
13814,48,3,Low
13815,58,1,Low
13816,99,2,Low
13817,317,1,High
13818,54,3,Low
13819,279,1,High
13820,129,4,Low
13821,220,2,High
13822,122,2,Low
13824,223,4,High
13825,39,2,Low
13826,236,2,High
13827,33,3,Low
13828,352,1,High
13829,6,3,Low
13830,67,1,Low
13831,179,2,Low
13832,87,3,Low
13833,54,2,Low
13834,34,5,Low
13835,24,3,Low
13836,208,2,High
13838,187,3,Low
13839,19,4,Low
13840,106,1,Low
13841,19,2,Low
13842,94,2,Low
13843,330,1,High
13844,80,2,Low
13845,198,1,High
13846,56,3,Low
13847,53,2,Low
13848,148,2,Low
13849,51,4,Low
13850,69,3,Low
13851,296,2,High
13852,223,1,High
13853,144,4,Low
13854,54,5,Low
13855,323,1,High
13856,56,1,Low
13857,200,2,High
13858,62,4,Low
13859,116,2,Low
13860,28,1,Low
13861,21,3,Low
13862,49,3,Low
13863,112,1,Low
13864,153,1,Low
13865,55,4,Low
13866,133,2,Low
13867,278,1,High
13868,239,2,High
13869,41,2,Low
13870,92,3,Low
13871,225,1,High
13872,12,4,Low
13873,147,3,Low
13874,85,4,Low
13875,157,2,Low
13876,8,3,Low
13877,290,1,High
13878,52,4,Low
13882,226,1,High
13883,23,3,Low
13884,5,5,Low
13885,270,1,High
13886,69,3,Low
13887,341,2,High
13888,58,4,Low
13889,21,3,Low
13890,10,5,Low
13891,3,2,Low
13892,92,5,Low
13893,39,1,Low
13895,32,4,Low
13896,22,1,Low
13897,93,2,Low
13898,2,2,Low
13899,284,1,High
13900,224,2,High
13901,162,1,Low
13902,297,1,High
13903,226,2,High
13904,30,4,Low
13905,255,2,High
13906,6,6,Low
13907,64,2,Low
13908,283,1,High
13909,287,2,High
13910,263,2,High
13911,36,4,Low
13912,5,2,Low
13913,38,2,Low
13914,327,1,High
13917,51,2,Low
13918,260,1,High
13919,66,5,Low
13920,191,3,Low
13921,65,3,Low
13922,178,1,Low
13924,7,6,Low
13925,16,4,Low
13926,10,3,Low
13927,283,1,High
13928,313,1,High
13930,53,3,Low
13931,77,1,Low
13932,170,1,Low
13933,118,2,Low
13934,69,2,Low
13935,100,1,Low
13937,167,4,Low
13938,9,6,Low
13939,299,1,High
13940,101,1,Low
13941,362,1,High
13942,203,2,High
13944,27,1,Low
13945,129,3,Low
13946,2,2,Low
13947,310,1,High
13949,68,6,Low
13950,309,2,High
13952,40,5,Low
13953,61,2,Low
13954,173,1,Low
13955,197,2,High
13956,283,2,High
13957,128,2,Low
13959,104,2,Low
13961,163,3,Low
13962,15,2,Low
13964,138,4,Low
13965,107,2,Low
13966,11,1,Low
13967,38,1,Low
13968,3,3,Low
13969,230,1,High
13970,61,1,Low
13971,33,1,Low
13972,87,3,Low
13974,324,2,High
13975,149,2,Low
13977,1,1,Low
13978,157,2,Low
13980,142,1,Low
13981,86,2,Low
13982,265,1,High
13984,27,3,Low
13985,57,2,Low
13986,18,3,Low
13987,174,2,Low
13988,3,4,Low
13989,74,3,Low
13990,357,1,High
13991,59,4,Low
13992,4,4,Low
13993,33,3,Low
13995,53,2,Low
13996,82,5,Low
13997,178,2,Low
13998,48,4,Low
14000,156,3,Low
14001,14,4,Low
14002,245,2,High
14003,153,1,Low
14004,58,6,Low
14005,249,4,High
14006,210,1,High
14007,63,1,Low
14008,14,2,Low
14009,103,2,Low
14010,33,1,Low
14011,199,1,High
14012,56,2,Low
14013,84,2,Low
14015,219,3,High
14016,8,2,Low
14017,2,1,Low
14018,17,2,Low
14019,21,3,Low
14020,65,3,Low
14021,61,1,Low
14022,107,3,Low
14024,244,1,High
14025,107,2,Low
14026,364,1,High
14027,122,1,Low
14028,4,3,Low
14029,361,1,High
14030,87,3,Low
14031,208,3,High
14032,190,1,Low
14034,106,2,Low
14035,17,1,Low
14036,108,2,Low
14038,41,3,Low
14039,57,1,Low
14040,104,1,Low
14041,87,4,Low
14042,16,5,Low
14043,252,1,High
14045,163,1,Low
14046,94,2,Low
14047,120,1,Low
14048,67,2,Low
14049,32,2,Low
14050,64,3,Low
14051,99,2,Low
14052,333,2,High
14054,124,2,Low
14055,62,1,Low
14056,36,4,Low
14057,268,1,High
14058,211,2,High
14059,59,3,Low
14060,218,3,High
14062,261,2,High
14063,117,5,Low
14064,7,1,Low
14065,20,1,Low
14066,135,1,Low
14067,163,2,Low
14068,70,2,Low
14069,24,1,Low
14071,188,1,Low
14072,328,1,High
14073,171,1,Low
14074,20,3,Low
14075,21,3,Low
14077,289,1,High
14078,3,2,Low
14079,184,1,Low
14080,205,2,High
14081,18,3,Low
14082,305,1,High
14083,109,1,Low
14084,208,3,High
14085,333,1,High
14086,85,2,Low
14087,39,2,Low
14088,159,2,Low
14089,22,3,Low
14090,20,3,Low
14091,221,2,High
14092,61,2,Low
14093,98,2,Low
14094,106,2,Low
14097,25,2,Low
14098,284,2,High
14099,55,2,Low
14100,164,1,Low
14101,44,2,Low
14103,80,2,Low
14104,42,3,Low
14105,38,3,Low
14106,75,4,Low
14107,345,1,High
14108,104,5,Low
14109,344,1,High
14111,110,2,Low
14112,30,2,Low
14113,54,1,Low
14115,19,3,Low
14116,16,3,Low
14118,29,2,Low
14119,161,1,Low
14120,49,1,Low
14121,38,2,Low
14122,255,1,High
14123,50,3,Low
14124,6,2,Low
14125,169,6,Low
14126,73,4,Low
14127,23,2,Low
14128,138,2,Low
14129,63,4,Low
14130,206,1,High
14131,52,1,Low
14132,165,1,Low
14134,14,3,Low
14135,39,1,Low
14136,87,3,Low
14137,290,3,High
14140,69,2,Low
14141,139,1,Low
14142,78,2,Low
14143,108,2,Low
14144,313,1,High
14145,143,2,Low
14146,37,2,Low
14147,69,1,Low
14148,79,2,Low
14149,112,1,Low
14150,340,1,High
14151,280,3,High
14152,1,4,Low
14153,105,1,Low
14154,250,1,High
14156,183,4,Low
14157,197,2,High
14158,22,2,Low
14159,162,1,Low
14160,49,5,Low
14161,76,4,Low
14162,5,3,Low
14164,111,2,Low
14166,131,1,Low
14167,209,1,High
14168,69,3,Low
14169,9,3,Low
14170,89,2,Low
14171,39,3,Low
14172,135,1,Low
14173,322,1,High
14175,199,1,High
14176,76,2,Low
14177,68,2,Low
14178,250,1,High
14179,34,5,Low
14181,34,6,Low
14182,84,1,Low
14183,268,1,High
14184,43,2,Low
14185,116,2,Low
14187,117,1,Low
14189,149,2,Low
14190,129,2,Low
14191,89,2,Low
14192,43,6,Low
14194,81,2,Low
14195,78,1,Low
14196,172,3,Low
14197,86,2,Low
14198,58,1,Low
14199,62,2,Low
14200,64,3,Low
14201,182,2,Low
14202,105,1,Low
14203,8,2,Low
14204,147,5,Low
14205,45,4,Low
14206,11,2,Low
14207,142,3,Low
14208,147,2,Low
14209,103,1,Low
14210,16,3,Low
14211,291,1,High
14212,14,3,Low
14213,27,2,Low
14214,200,2,High
14215,224,3,High
14216,79,1,Low
14217,101,1,Low
14218,111,2,Low
14219,159,1,Low
14220,21,2,Low
14221,10,3,Low
14223,245,1,High
14224,67,4,Low
14226,117,1,Low
14227,50,2,Low
14228,64,2,Low
14229,43,1,Low
14230,48,1,Low
14231,86,2,Low
14232,15,3,Low
14233,183,1,Low
14234,251,2,High
14235,322,2,High
14236,88,2,Low
14238,333,1,High
14239,346,2,High
14240,5,1,Low
14241,38,3,Low
14242,312,1,High
14243,78,2,Low
14244,11,2,Low
14245,140,2,Low
14246,137,2,Low
14247,45,3,Low
14248,38,2,Low
14249,50,7,Low
14250,123,4,Low
14251,334,1,High
14252,357,1,High
14253,116,2,Low
14254,32,2,Low
14257,27,6,Low
14259,236,3,High
14260,66,3,Low
14261,59,4,Low
14262,239,1,High
14264,17,3,Low
14265,222,1,High
14266,10,4,Low
14267,193,4,Low
14268,362,1,High
14269,218,3,High
14270,172,2,Low
14271,231,1,High
14272,150,1,Low
14273,170,3,Low
14274,16,3,Low
14275,64,6,Low
14277,120,2,Low
14278,117,3,Low
14279,141,2,Low
14281,203,3,High
14283,40,3,Low
14285,90,1,Low
14286,96,3,Low
14287,189,2,Low
14288,10,4,Low
14289,121,3,Low
14290,333,1,High
14291,241,2,High
14292,297,1,High
14293,231,1,High
14294,14,2,Low
14295,5,2,Low
14297,63,2,Low
14298,184,3,Low
14299,322,1,High
14300,305,1,High
14302,262,2,High
14303,339,1,High
14304,71,3,Low
14305,143,2,Low
14306,220,2,High
14308,127,2,Low
14310,19,3,Low
14311,160,1,Low
14312,74,3,Low
14313,90,1,Low
14314,84,1,Low
14315,90,3,Low
14316,6,3,Low
14318,232,2,High
14319,107,4,Low
14320,119,1,Low
14321,131,2,Low
14322,28,6,Low
14323,37,2,Low
14324,63,3,Low
14325,218,3,High
14326,79,2,Low
14327,134,1,Low
14328,203,5,High
14329,245,1,High
14330,126,2,Low
14331,56,1,Low
14332,11,3,Low
14333,41,3,Low
14334,78,2,Low
14335,303,1,High
14336,98,2,Low
14337,30,3,Low
14340,90,1,Low
14341,89,3,Low
14342,252,1,High
14343,42,3,Low
14344,51,1,Low
14345,68,1,Low
14346,213,1,High
14347,121,2,Low
14348,97,2,Low
14349,33,4,Low
14350,86,1,Low
14352,30,2,Low
14353,270,1,High
14354,332,1,High
14356,121,4,Low
14357,317,1,High
14358,43,6,Low
14359,39,1,Low
14360,31,1,Low
14361,7,2,Low
14363,93,3,Low
14364,215,2,High
14365,47,4,Low
14366,90,2,Low
14367,124,5,Low
14368,108,1,Low
14369,169,1,Low
14370,166,4,Low
14371,320,1,High
14372,297,1,High
14374,106,3,Low
14375,171,1,Low
14376,203,1,High
14377,111,3,Low
14378,142,2,Low
14379,69,1,Low
14380,10,3,Low
14381,219,2,High
14382,135,1,Low
14383,36,4,Low
14385,189,2,Low
14386,154,1,Low
14387,244,1,High
14389,324,1,High
14391,179,2,Low
14392,10,6,Low
14393,255,1,High
14394,23,5,Low
14396,2,2,Low
14397,187,2,Low
14399,167,3,Low
14401,298,1,High
14403,236,1,High
14406,285,2,High
14407,31,3,Low
14408,137,3,Low
14409,4,1,Low
14410,80,3,Low
14411,137,2,Low
14412,159,1,Low
14414,36,6,Low
14415,207,1,High
14416,193,3,Low
14417,324,1,High
14419,66,1,Low
14420,315,1,High
14421,59,3,Low
14422,355,1,High
14423,41,1,Low
14424,227,2,High
14425,13,3,Low
14426,81,6,Low
14427,85,1,Low
14428,111,5,Low
14430,231,1,High
14431,53,1,Low
14432,21,2,Low
14433,96,3,Low
14434,129,1,Low
14435,67,4,Low
14436,83,1,Low
14439,198,2,High
14440,189,1,Low
14441,192,1,Low
14442,22,2,Low
14444,13,2,Low
14445,359,1,High
14446,173,2,Low
14447,67,1,Low
14448,356,1,High
14450,288,2,High
14451,5,2,Low
14452,129,2,Low
14454,19,5,Low
14455,248,1,High
14456,190,3,Low
14457,151,2,Low
14459,120,2,Low
14460,39,1,Low
14461,190,4,Low
14462,28,3,Low
14464,327,1,High
14465,36,2,Low
14466,325,1,High
14467,41,3,Low
14468,63,1,Low
14469,10,3,Low
14470,138,3,Low
14471,43,4,Low
14472,330,2,High
14474,72,1,Low
14475,71,1,Low
14476,200,2,High
14477,88,2,Low
14478,117,5,Low
14479,163,3,Low
14482,54,5,Low
14483,103,3,Low
14484,12,1,Low
14485,33,2,Low
14486,265,3,High
14487,60,4,Low
14488,164,3,Low
14489,89,2,Low
14491,209,4,High
14492,144,5,Low
14493,141,2,Low
14494,280,1,High
14496,148,1,Low
14497,130,2,Low
14499,271,2,High
14500,58,1,Low
14501,9,4,Low
14503,171,3,Low
14504,287,1,High
14505,25,1,Low
14506,32,6,Low
14507,224,2,High
14508,70,2,Low
14509,330,1,High
14510,90,2,Low
14511,62,7,Low
14512,256,2,High
14513,31,1,Low
14514,108,3,Low
14515,365,1,High
14517,346,1,High
14518,18,3,Low
14519,19,4,Low
14520,99,3,Low
14521,340,1,High
14522,27,1,Low
14523,23,7,Low
14524,85,2,Low
14525,97,1,Low
14526,144,1,Low
14527,198,1,High
14528,164,1,Low
14530,270,1,High
14531,7,1,Low
14533,135,3,Low
14534,336,1,High
14535,274,1,High
14536,248,1,High
14537,32,1,Low
14538,19,2,Low
14540,78,2,Low
14541,144,2,Low
14542,230,1,High
14543,181,2,Low
14544,27,1,Low
14545,130,2,Low
14547,74,4,Low
14548,331,1,High
14549,97,1,Low
14550,257,2,High
14551,13,3,Low
14553,339,1,High
14554,269,1,High
14555,127,3,Low
14556,87,2,Low
14557,87,1,Low
14559,152,4,Low
14560,120,1,Low
14561,86,3,Low
14562,183,3,Low
14563,26,4,Low
14565,189,3,Low
14566,126,1,Low
14567,18,1,Low
14568,296,2,High
14569,60,3,Low
14570,54,3,Low
14571,344,2,High
14572,44,2,Low
14573,220,3,High
14574,40,1,Low
14575,72,1,Low
14576,55,3,Low
14577,26,4,Low
14579,22,3,Low
14580,330,2,High
14581,124,2,Low
14582,162,3,Low
14583,79,2,Low
14584,49,3,Low
14585,69,2,Low
14587,144,1,Low
14588,33,3,Low
14589,54,1,Low
14591,160,3,Low
14592,185,1,Low
14593,134,4,Low
14594,115,2,Low
14595,107,2,Low
14596,172,1,Low
14597,304,1,High
14598,97,1,Low
14599,121,3,Low
14601,130,3,Low
14602,359,1,High
14603,33,2,Low
14606,33,4,Low
14607,95,1,Low
14609,177,1,Low
14610,132,4,Low
14611,6,4,Low
14612,90,2,Low
14613,316,1,High
14614,59,2,Low
14615,85,2,Low
14616,231,3,High
14617,75,3,Low
14618,22,2,Low
14619,17,2,Low
14620,215,2,High
14622,148,2,Low
14623,171,1,Low
14624,73,2,Low
14625,355,1,High
14626,121,1,Low
14627,334,1,High
14628,87,2,Low
14629,84,3,Low
14630,1,4,Low
14631,241,1,High
14632,132,1,Low
14633,58,2,Low
14635,79,1,Low
14636,8,2,Low
14638,148,3,Low
14639,229,1,High
14640,263,1,High
14642,23,2,Low
14643,1,6,Low
14644,150,2,Low
14645,110,4,Low
14646,154,2,Low
14647,354,1,High
14648,51,2,Low
14649,285,1,High
14650,19,2,Low
14651,118,1,Low
14652,27,1,Low
14653,40,2,Low
14654,146,2,Low
14655,161,1,Low
14656,140,1,Low
14657,43,3,Low
14658,58,3,Low
14659,210,2,High
14660,1,4,Low
14661,68,5,Low
14663,188,1,Low
14664,236,1,High
14665,297,4,High
14667,222,2,High
14668,157,1,Low
14669,291,3,High
14672,94,2,Low
14673,249,2,High
14674,7,2,Low
14675,262,1,High
14676,88,2,Low
14677,11,3,Low
14679,287,1,High
14680,25,2,Low
14681,71,1,Low
14682,41,1,Low
14683,70,3,Low
14688,199,3,High
14690,143,6,Low
14691,70,1,Low
14692,40,2,Low
14693,9,2,Low
14694,330,1,High
14695,306,1,High
14696,191,2,Low
14697,25,4,Low
14698,144,1,Low
14699,320,2,High
14700,31,2,Low
14701,48,4,Low
14704,257,1,High
14705,219,3,High
14706,79,2,Low
14707,250,2,High
14708,1,3,Low
14709,89,1,Low
14710,299,1,High
14713,146,3,Low
14715,133,2,Low
14716,128,7,Low
14717,120,5,Low
14718,344,1,High
14719,38,1,Low
14720,167,3,Low
14721,27,2,Low
14722,11,1,Low
14723,54,3,Low
14725,288,1,High
14726,180,2,Low
14727,45,2,Low
14728,288,2,High
14729,286,1,High
14730,56,1,Low
14731,144,1,Low
14732,38,4,Low
14734,107,5,Low
14735,46,4,Low
14738,38,3,Low
14739,45,1,Low
14740,77,3,Low
14741,95,1,Low
14742,187,1,Low
14743,30,2,Low
14744,5,2,Low
14746,93,5,Low
14747,265,2,High
14748,110,1,Low
14749,88,1,Low
14750,116,2,Low
14751,7,3,Low
14752,76,3,Low
14753,144,1,Low
14755,101,4,Low
14756,51,3,Low
14757,155,2,Low
14758,232,2,High
14759,23,2,Low
14760,86,3,Low
14763,290,1,High
14764,63,2,Low
14765,283,1,High
14766,10,1,Low
14767,326,1,High
14768,163,1,Low
14769,20,1,Low
14770,132,2,Low
14771,284,2,High
14772,115,3,Low
14773,3,4,Low
14774,125,3,Low
14775,360,1,High
14776,62,4,Low
14777,115,2,Low
14779,65,3,Low
14780,35,1,Low
14781,19,2,Low
14782,47,3,Low
14783,23,4,Low
14784,97,2,Low
14786,87,7,Low
14787,158,1,Low
14788,21,3,Low
14789,46,2,Low
14790,64,3,Low
14791,117,3,Low
14792,81,4,Low
14793,272,1,High
14794,22,4,Low
14796,6,3,Low
14797,79,3,Low
14798,204,1,High
14799,105,2,Low
14800,58,1,Low
14802,300,1,High
14803,55,3,Low
14807,302,2,High
14808,104,3,Low
14809,277,1,High
14810,57,1,Low
14811,105,3,Low
14812,18,2,Low
14813,276,3,High
14814,13,2,Low
14815,80,5,Low
14816,134,1,Low
14817,1,1,Low
14819,24,1,Low
14820,63,2,Low
14821,358,1,High
14822,52,3,Low
14823,153,1,Low
14824,89,1,Low
14825,94,2,Low
14826,31,1,Low
14827,318,1,High
14828,342,1,High
14829,43,2,Low
14830,194,2,High
14832,266,2,High
14833,156,2,Low
14834,268,1,High
14835,146,2,Low
14836,30,2,Low
14837,5,3,Low
14838,357,1,High
14840,100,6,Low
14841,314,1,High
14842,90,2,Low
14843,186,1,Low
14844,172,3,Low
14846,105,2,Low
14847,356,1,High
14848,232,2,High
14849,173,4,Low
14850,95,3,Low
14851,114,5,Low
14852,101,2,Low
14853,61,3,Low
14854,38,2,Low
14855,16,2,Low
14856,264,1,High
14859,315,2,High
14861,27,5,Low
14862,80,2,Low
14864,317,1,High
14865,263,2,High
14866,79,1,Low
14868,89,2,Low
14869,320,1,High
14870,161,1,Low
14871,270,1,High
14872,39,2,Low
14873,9,1,Low
14874,292,2,High
14875,3,4,Low
14876,60,3,Low
14878,12,2,Low
14879,29,2,Low
14880,96,4,Low
14881,181,2,Low
14882,13,3,Low
14883,274,1,High
14884,53,2,Low
14885,89,2,Low
14886,168,1,Low
14887,82,1,Low
14888,304,1,High
14889,35,3,Low
14890,169,2,Low
14891,95,4,Low
14892,210,1,High
14894,59,2,Low
14895,33,4,Low
14896,45,2,Low
14897,14,2,Low
14898,159,1,Low
14899,2,1,Low
14900,39,1,Low
14901,221,2,High
14902,308,1,High
14906,107,2,Low
14907,258,2,High
14908,126,2,Low
14909,38,1,Low
14911,223,1,High
14912,208,2,High
14913,147,3,Low
14914,185,1,Low
14915,218,4,High
14916,168,3,Low
14917,119,2,Low
14918,113,2,Low
14919,32,2,Low
14920,207,1,High
14921,61,2,Low
14922,84,1,Low
14924,106,3,Low
14925,156,3,Low
14926,121,3,Low
14927,173,2,Low
14928,36,2,Low
14929,54,4,Low
14930,100,2,Low
14931,86,3,Low
14932,144,2,Low
14933,217,1,High
14934,3,5,Low
14935,299,2,High
14937,180,2,Low
14938,90,2,Low
14941,309,1,High
14942,45,2,Low
14943,31,2,Low
14944,174,2,Low
14945,74,6,Low
14946,235,1,High
14947,65,2,Low
14948,257,1,High
14950,194,1,High
14951,61,2,Low
14952,175,2,Low
14953,361,1,High
14954,242,2,High
14955,294,1,High
14956,20,6,Low
14959,97,3,Low
14960,103,5,Low
14961,237,1,High
14962,196,1,High
14963,23,2,Low
14964,18,3,Low
14965,7,3,Low
14966,265,1,High
14967,9,3,Low
14968,212,3,High
14969,147,2,Low
14970,232,1,High
14971,314,1,High
14972,22,7,Low
14973,126,5,Low
14974,40,3,Low
14975,344,1,High
14977,19,2,Low
14978,117,4,Low
14979,235,1,High
14980,3,3,Low
14981,77,3,Low
14983,124,1,Low
14985,201,1,High
14986,97,1,Low
14987,177,3,Low
14988,365,1,High
14989,177,1,Low
14990,300,1,High
14991,124,2,Low
14992,139,2,Low
14993,47,2,Low
14994,65,2,Low
14995,174,1,Low
14996,8,4,Low
14998,248,2,High
14999,167,1,Low
15000,107,2,Low
15001,41,4,Low
15002,122,1,Low
15003,229,1,High
15004,29,1,Low
15005,78,3,Low
15006,204,1,High
15007,207,1,High
15008,176,4,Low
15009,113,2,Low
15010,189,2,Low
15011,328,2,High
15012,217,2,High
15013,4,4,Low
15014,120,2,Low
15016,191,2,Low
15017,159,2,Low
15020,182,4,Low
15021,129,1,Low
15022,78,2,Low
15023,153,2,Low
15024,335,1,High
15025,289,1,High
15026,15,3,Low
15029,61,4,Low
15030,272,3,High
15031,66,2,Low
15032,180,2,Low
15034,28,1,Low
15035,215,1,High
15036,352,1,High
15038,50,3,Low
15039,100,1,Low
15040,358,1,High
15041,319,1,High
15042,65,1,Low
15043,25,2,Low
15044,77,1,Low
15045,107,1,Low
15046,6,4,Low
15047,42,4,Low
15048,192,2,Low
15049,41,3,Low
15051,327,1,High
15052,23,3,Low
15053,44,2,Low
15054,69,3,Low
15055,15,3,Low
15056,131,3,Low
15058,149,3,Low
15059,250,2,High
15060,159,1,Low
15061,222,4,High
15062,188,3,Low
15063,6,3,Low
15064,40,1,Low
15067,172,2,Low
15068,168,3,Low
15069,187,1,Low
15070,48,3,Low
15071,43,1,Low
15072,38,3,Low
15073,137,2,Low
15074,6,2,Low
15075,56,2,Low
15076,125,1,Low
15077,248,2,High
15078,295,1,High
15079,26,1,Low
15080,62,2,Low
15081,168,2,Low
15083,128,3,Low
15084,131,2,Low
15085,172,1,Low
15086,51,4,Low
15087,1,4,Low
15088,74,4,Low
15089,8,2,Low
15090,26,4,Low
15091,98,1,Low
15092,136,2,Low
15093,75,3,Low
15094,56,2,Low
15095,96,1,Low
15096,6,4,Low
15097,124,3,Low
15098,132,1,Low
15099,66,3,Low
15100,11,4,Low
15102,37,2,Low
15103,151,3,Low
15104,207,1,High
15105,89,1,Low
15107,184,1,Low
15108,108,1,Low
15109,167,3,Low
15110,358,1,High
15111,223,1,High
15112,267,1,High
15114,101,2,Low
15115,207,4,High
15116,148,1,Low
15117,232,3,High
15118,52,2,Low
15119,214,1,High
15120,10,3,Low
15121,135,2,Low
15122,38,3,Low
15123,186,1,Low
15124,268,2,High
15125,1,3,Low
15127,33,4,Low
15128,54,3,Low
15129,252,1,High
15130,39,2,Low
15131,253,1,High
15133,26,3,Low
15134,3,2,Low
15135,81,3,Low
15136,77,2,Low
15137,60,3,Low
15138,336,2,High
15139,89,1,Low
15140,157,3,Low
15141,96,1,Low
15142,277,3,High
15143,174,1,Low
15144,2,2,Low
15145,362,1,High
15146,101,3,Low
15148,40,3,Low
15149,257,2,High
15150,77,4,Low
15152,170,1,Low
15153,27,2,Low
15155,241,2,High
15156,314,1,High
15157,260,1,High
15159,126,8,Low
15160,232,3,High
15161,195,2,High
15162,26,2,Low
15164,16,2,Low
15165,135,1,Low
15166,32,2,Low
15168,30,2,Low
15170,220,2,High
15173,47,1,Low
15174,20,2,Low
15175,185,1,Low
15177,19,2,Low
15178,34,1,Low
15179,94,4,Low
15180,115,3,Low
15182,270,1,High
15183,291,1,High
15184,40,3,Low
15185,316,1,High
15186,230,1,High
15187,68,2,Low
15190,23,2,Low
15192,148,1,Low
15193,63,1,Low
15194,96,2,Low
15195,36,1,Low
15196,273,2,High
15197,172,1,Low
15198,331,1,High
15199,12,3,Low
15200,20,2,Low
15201,176,2,Low
15202,52,3,Low
15203,32,3,Low
15205,163,2,Low
15206,312,1,High
15208,347,1,High
15210,257,2,High
15211,53,1,Low
15212,53,2,Low
15213,3,2,Low
15214,26,1,Low
15215,54,3,Low
15216,228,2,High
15219,17,2,Low
15220,4,4,Low
15221,22,4,Low
15222,224,1,High
15223,63,2,Low
15224,118,2,Low
15225,121,3,Low
15226,51,3,Low
15227,199,1,High
15228,10,4,Low
15229,13,7,Low
15230,62,1,Low
15232,298,2,High
15233,92,1,Low
15234,22,3,Low
15235,257,1,High
15236,102,3,Low
15237,49,5,Low
15238,141,2,Low
15239,224,2,High
15240,117,3,Low
15241,234,1,High
15242,50,2,Low
15243,219,2,High
15244,194,1,High
15245,200,2,High
15246,217,2,High
15247,36,3,Low
15248,69,1,Low
15249,69,1,Low
15250,52,2,Low
15251,122,1,Low
15252,37,1,Low
15253,80,4,Low
15254,11,1,Low
15255,218,2,High
15256,50,2,Low
15257,143,1,Low
15259,59,2,Low
15261,169,2,Low
15262,38,3,Low
15263,53,5,Low
15264,57,2,Low
15265,105,3,Low
15266,159,3,Low
15267,195,2,High
15268,30,3,Low
15269,5,2,Low
15270,24,1,Low
15271,168,3,Low
15273,6,4,Low
15274,123,3,Low
15275,29,2,Low
15276,106,2,Low
15277,292,2,High
15278,211,1,High
15279,216,1,High
15280,34,4,Low
15281,268,1,High
15282,206,2,High
15283,96,3,Low
15284,37,2,Low
15285,157,3,Low
15286,1,3,Low
15287,169,1,Low
15288,87,1,Low
15289,42,6,Low
15290,150,1,Low
15291,131,3,Low
15293,95,4,Low
15294,72,3,Low
15295,158,2,Low
15296,97,1,Low
15298,39,2,Low
15299,174,2,Low
15300,66,2,Low
15301,28,1,Low
15303,141,1,Low
15304,27,3,Low
15305,30,2,Low
15306,27,2,Low
15307,363,1,High
15308,37,1,Low
15309,277,2,High
15310,35,3,Low
15311,229,2,High
15312,342,1,High
15313,287,1,High
15314,46,1,Low
15315,296,2,High
15316,32,4,Low
15317,257,1,High
15318,84,2,Low
15319,91,1,Low
15321,279,1,High
15322,48,3,Low
15323,99,4,Low
15324,66,2,Low
15325,34,2,Low
15326,45,3,Low
15327,8,3,Low
15328,223,3,High
15329,293,1,High
15330,136,2,Low
15331,301,2,High
15332,67,3,Low
15333,42,7,Low
15334,4,1,Low
15335,318,2,High
15336,43,3,Low
15337,26,2,Low
15338,42,1,Low
15339,21,3,Low
15340,118,1,Low
15341,219,1,High
15342,219,2,High
15343,340,1,High
15344,3,4,Low
15345,129,4,Low
15346,23,4,Low
15347,64,3,Low
15348,78,2,Low
15349,275,1,High
15350,32,2,Low
15351,60,4,Low
15352,64,2,Low
15353,34,4,Low
15354,17,2,Low
15355,190,2,Low
15357,256,1,High
15358,26,2,Low
15359,119,1,Low
15360,290,1,High
15361,357,1,High
15362,55,4,Low
15363,51,2,Low
15364,27,2,Low
15365,177,3,Low
15366,27,2,Low
15367,96,3,Low
15368,293,1,High
15370,173,3,Low
15372,43,1,Low
15373,181,3,Low
15374,67,3,Low
15375,2,2,Low
15376,140,2,Low
15377,31,4,Low
15378,195,2,High
15379,42,2,Low
15380,181,2,Low
15381,38,2,Low
15382,154,1,Low
15383,312,2,High
15384,13,6,Low
15385,193,1,Low
15387,83,2,Low
15388,5,2,Low
15389,101,1,Low
15390,287,2,High
15391,174,3,Low
15392,73,1,Low
15393,81,4,Low
15394,214,2,High
15395,24,3,Low
15396,71,2,Low
15399,152,1,Low
15400,36,4,Low
15401,335,1,High
15402,32,3,Low
15403,75,2,Low
15406,317,2,High
15407,116,4,Low
15408,354,1,High
15410,210,1,High
15411,199,1,High
15412,254,1,High
15413,107,1,Low
15415,253,1,High
15416,10,2,Low
15417,71,2,Low
15418,85,3,Low
15420,1,2,Low
15421,110,4,Low
15422,77,1,Low
15423,26,1,Low
15424,71,1,Low
15425,119,2,Low
15426,262,2,High
15427,113,1,Low
15428,20,3,Low
15429,30,1,Low
15430,146,2,Low
15431,41,2,Low
15432,154,2,Low
15433,36,3,Low
15434,217,3,High
15435,196,4,High
15436,178,1,Low
15438,199,1,High
15439,105,1,Low
15440,41,3,Low
15441,357,1,High
15442,100,2,Low
15443,24,4,Low
15445,67,4,Low
15446,291,2,High
15447,290,1,High
15448,105,2,Low
15449,8,3,Low
15450,37,2,Low
15451,78,3,Low
15452,62,3,Low
15454,37,5,Low
15455,354,1,High
15456,98,2,Low
15458,263,4,High
15459,7,3,Low
15460,14,2,Low
15463,70,2,Low
15465,80,4,Low
15466,177,4,Low
15467,80,4,Low
15468,277,1,High
15469,52,3,Low
15470,318,1,High
15471,96,3,Low
15473,285,4,High
15474,263,3,High
15475,107,4,Low
15476,9,2,Low
15477,195,1,High
15478,280,2,High
15479,17,3,Low
15483,284,1,High
15485,86,3,Low
15488,50,2,Low
15489,92,2,Low
15490,269,1,High
15492,363,1,High
15494,196,2,High
15495,138,2,Low
15496,200,3,High
15497,160,1,Low
15498,83,2,Low
15500,342,1,High
15501,129,1,Low
15502,77,1,Low
15503,334,1,High
15504,81,3,Low
15505,43,3,Low
15506,54,2,Low
15507,38,3,Low
15509,241,1,High
15510,227,1,High
15511,192,2,Low
15512,83,3,Low
15513,125,1,Low
15514,110,2,Low
15515,45,3,Low
15517,10,5,Low
15518,123,1,Low
15519,311,1,High
15520,180,3,Low
15521,27,4,Low
15522,59,1,Low
15523,241,2,High
15524,31,5,Low
15526,165,1,Low
15527,42,3,Low
15530,274,2,High
15531,9,6,Low
15532,18,3,Low
15533,37,3,Low
15534,74,4,Low
15535,52,1,Low
15537,121,2,Low
15538,95,4,Low
15540,96,1,Low
15541,15,2,Low
15542,241,3,High
15543,61,1,Low
15544,122,1,Low
15545,46,2,Low
15546,130,2,Low
15547,111,2,Low
15548,131,4,Low
15549,107,1,Low
15550,140,2,Low
15551,57,3,Low
15552,298,1,High
15553,247,2,High
15555,222,2,High
15556,83,2,Low
15557,111,3,Low
15559,30,2,Low
15560,1,2,Low
15561,103,3,Low
15562,19,4,Low
15563,228,1,High
15564,244,2,High
15565,63,3,Low
15566,97,5,Low
15567,31,3,Low
15568,16,1,Low
15569,195,4,High
15571,31,2,Low
15574,123,4,Low
15575,29,4,Low
15576,120,1,Low
15578,12,1,Low
15579,88,3,Low
15580,303,1,High
15581,185,1,Low
15582,82,2,Low
15583,2,3,Low
15585,13,5,Low
15586,133,3,Low
15588,3,3,Low
15589,346,1,High
15591,60,6,Low
15592,90,1,Low
15593,354,1,High
15595,48,1,Low
15596,90,2,Low
15597,97,3,Low
15598,18,2,Low
15599,244,2,High
15600,211,1,High
15601,78,4,Low
15602,160,1,Low
15603,22,4,Low
15605,19,3,Low
15606,215,1,High
15607,321,1,High
15608,322,1,High
15609,12,1,Low
15610,104,4,Low
15611,132,2,Low
15612,157,4,Low
15613,77,3,Low
15614,215,3,High
15615,352,1,High
15616,293,3,High
15617,344,1,High
15618,178,2,Low
15619,300,1,High
15620,23,2,Low
15621,291,3,High
15622,178,3,Low
15624,336,1,High
15625,43,1,Low
15626,259,1,High
15627,31,1,Low
15628,21,1,Low
15629,110,4,Low
15630,20,2,Low
15632,179,1,Low
15634,227,1,High
15636,5,2,Low
15637,197,1,High
15638,49,3,Low
15640,183,2,Low
15641,2,2,Low
15642,92,5,Low
15643,193,3,Low
15645,201,2,High
15646,54,1,Low
15647,104,4,Low
15649,64,2,Low
15651,82,3,Low
15652,21,4,Low
15653,214,2,High
15654,54,4,Low
15656,206,2,High
15657,43,3,Low
15658,281,1,High
15659,8,1,Low
15660,24,4,Low
15661,132,2,Low
15662,110,2,Low
15663,14,2,Low
15665,255,2,High
15666,45,2,Low
15667,263,2,High
15668,55,2,Low
15669,29,5,Low
15672,253,1,High
15673,166,2,Low
15674,176,4,Low
15675,33,2,Low
15676,246,1,High
15677,115,3,Low
15678,1,3,Low
15680,39,1,Low
15681,83,2,Low
15682,20,5,Low
15683,258,1,High
15684,129,5,Low
15686,83,2,Low
15687,208,2,High
15688,144,2,Low
15689,53,2,Low
15690,251,1,High
15691,197,3,High
15693,273,1,High
15694,172,2,Low
15695,89,3,Low
15696,183,1,Low
15697,149,2,Low
15698,80,2,Low
15699,91,2,Low
15700,61,2,Low
15701,54,2,Low
15702,19,2,Low
15703,13,1,Low
15704,314,2,High
15705,342,1,High
15707,4,2,Low
15708,106,2,Low
15709,128,2,Low
15710,24,2,Low
15711,13,4,Low
15712,10,1,Low
15713,135,1,Low
15714,13,3,Low
15715,326,1,High
15717,161,2,Low
15718,67,3,Low
15719,19,2,Low
15720,245,2,High
15721,160,3,Low
15722,45,1,Low
15723,149,2,Low
15724,282,2,High
15725,312,1,High
15726,8,4,Low
15727,1,3,Low
15728,104,2,Low
15729,263,1,High
15730,155,2,Low
15731,39,4,Low
15732,46,3,Low
15733,21,3,Low
15734,93,1,Low
15735,137,2,Low
15736,4,3,Low
15737,28,3,Low
15738,20,2,Low
15739,21,4,Low
15740,83,3,Low
15741,41,3,Low
15742,186,1,Low
15743,213,2,High
15744,79,6,Low
15745,71,3,Low
15747,152,1,Low
15749,130,1,Low
15751,80,2,Low
15752,23,1,Low
15753,249,4,High
15754,193,1,Low
15755,322,1,High
15756,131,2,Low
15757,358,1,High
15758,38,2,Low
15759,52,6,Low
15762,160,2,Low
15763,352,1,High
15764,352,1,High
15766,221,1,High
15768,275,3,High
15769,40,5,Low
15770,137,1,Low
15771,63,4,Low
15772,246,2,High
15775,70,3,Low
15776,98,1,Low
15777,176,2,Low
15778,250,1,High
15780,33,3,Low
15781,123,3,Low
15782,8,3,Low
15783,77,2,Low
15784,86,2,Low
15785,275,1,High
15786,166,2,Low
15787,34,7,Low
15788,70,4,Low
15789,301,1,High
15790,209,2,High
15791,64,3,Low
15792,221,1,High
15793,12,3,Low
15794,314,1,High
15795,22,3,Low
15796,101,3,Low
15797,88,2,Low
15798,9,2,Low
15800,55,2,Low
15802,59,2,Low
15803,336,1,High
15804,321,2,High
15805,7,3,Low
15807,184,1,Low
15809,191,1,Low
15811,135,3,Low
15812,4,3,Low
15813,141,3,Low
15814,125,3,Low
15815,339,2,High
15816,136,1,Low
15817,275,3,High
15818,56,3,Low
15819,33,3,Low
15820,113,3,Low
15821,5,3,Low
15822,193,1,Low
15824,21,2,Low
15825,199,2,High
15826,119,4,Low
15827,72,2,Low
15828,318,1,High
15829,117,2,Low
15830,303,2,High
15831,9,4,Low
15832,277,1,High
15834,73,2,Low
15835,127,1,Low
15836,26,5,Low
15837,80,2,Low
15838,308,1,High
15839,235,1,High
15840,123,1,Low
15841,14,1,Low
15843,90,2,Low
15844,97,3,Low
15845,184,1,Low
15846,90,2,Low
15847,23,2,Low
15848,13,4,Low
15849,16,2,Low
15851,146,2,Low
15852,5,3,Low
15853,57,5,Low
15854,21,3,Low
15855,336,1,High
15856,140,1,Low
15857,3,2,Low
15859,114,2,Low
15860,206,1,High
15861,204,1,High
15862,58,1,Low
15863,60,1,Low
15864,13,5,Low
15865,142,3,Low
15866,183,1,Low
15867,108,3,Low
15868,83,3,Low
15870,263,1,High
15871,162,3,Low
15872,73,1,Low
15873,79,5,Low
15875,75,2,Low
15876,337,1,High
15877,35,2,Low
15878,26,4,Low
15879,175,3,Low
15880,162,6,Low
15881,125,1,Low
15882,51,1,Low
15883,354,1,High
15884,286,1,High
15885,73,2,Low
15886,30,1,Low
15887,84,2,Low
15888,211,2,High
15889,139,1,Low
15891,58,3,Low
15892,157,2,Low
15893,135,2,Low
15895,15,3,Low
15896,115,2,Low
15898,73,2,Low
15899,12,1,Low
15900,43,3,Low
15902,69,1,Low
15903,123,4,Low
15904,139,1,Low
15905,262,1,High
15906,267,2,High
15907,3,1,Low
15908,93,2,Low
15909,101,2,Low
15910,42,2,Low
15911,47,3,Low
15912,31,3,Low
15913,92,4,Low
15914,182,3,Low
15915,252,3,High
15919,103,1,Low
15920,226,1,High
15921,195,3,High
15922,120,3,Low
15923,129,3,Low
15924,92,4,Low
15925,47,3,Low
15926,84,3,Low
15927,2,3,Low
15928,90,3,Low
15930,164,3,Low
15931,331,2,High
15932,92,2,Low
15933,11,2,Low
15934,25,3,Low
15935,34,4,Low
15936,190,2,Low
15937,211,3,High
15938,284,1,High
15939,51,1,Low
15940,124,2,Low
15941,67,4,Low
15942,126,3,Low
15943,39,2,Low
15945,111,2,Low
15946,201,1,High
15947,81,1,Low
15948,185,1,Low
15949,7,2,Low
15950,12,2,Low
15951,264,1,High
15952,55,2,Low
15953,19,3,Low
15954,19,2,Low
15955,8,4,Low
15956,128,2,Low
15957,110,3,Low
15958,174,3,Low
15959,228,3,High
15960,190,2,Low
15961,70,1,Low
15962,348,1,High
15963,83,1,Low
15965,79,2,Low
15966,313,1,High
15967,48,4,Low
15968,99,6,Low
15969,298,1,High
15971,135,4,Low
15972,59,2,Low
15973,74,3,Low
15974,231,1,High
15975,24,1,Low
15979,131,3,Low
15980,346,1,High
15981,175,3,Low
15983,189,1,Low
15984,290,1,High
15985,48,4,Low
15986,98,3,Low
15987,360,1,High
15988,125,1,Low
15989,80,4,Low
15990,144,1,Low
15991,151,2,Low
15992,266,2,High
15993,220,2,High
15994,211,2,High
15995,90,2,Low
15996,266,1,High
15997,143,1,Low
15998,287,2,High
15999,55,1,Low
16000,163,1,Low
16001,14,5,Low
16002,1,3,Low
16003,115,1,Low
16004,125,2,Low
16006,330,1,High
16007,40,3,Low
16008,106,2,Low
16009,70,1,Low
16010,21,2,Low
16011,39,2,Low
16013,124,2,Low
16014,3,2,Low
16015,88,1,Low
16016,16,3,Low
16017,133,1,Low
16018,38,4,Low
16019,27,2,Low
16020,363,1,High
16021,197,1,High
16022,103,1,Low
16023,259,3,High
16024,63,1,Low
16025,160,3,Low
16027,127,3,Low
16028,96,1,Low
16029,50,3,Low
16030,11,5,Low
16031,87,4,Low
16033,27,1,Low
16034,35,4,Low
16035,22,2,Low
16036,331,1,High
16037,73,3,Low
16038,140,2,Low
16039,8,1,Low
16040,5,3,Low
16041,363,1,High
16042,241,1,High
16044,26,2,Low
16045,27,3,Low
16046,103,1,Low
16047,291,1,High
16048,164,3,Low
16049,47,2,Low
16050,39,2,Low
16051,30,1,Low
16053,215,2,High
16055,13,3,Low
16057,138,2,Low
16058,15,4,Low
16059,3,3,Low
16060,25,3,Low
16061,40,5,Low
16062,191,1,Low
16063,122,1,Low
16066,147,1,Low
16067,5,2,Low
16068,365,1,High
16069,162,1,Low
16070,143,1,Low
16071,122,2,Low
16072,297,1,High
16073,192,1,Low
16075,252,2,High
16077,224,1,High
16078,67,1,Low
16079,93,3,Low
16080,149,4,Low
16082,144,1,Low
16083,9,3,Low
16084,93,1,Low
16085,25,1,Low
16086,42,2,Low
16087,157,1,Low
16089,106,3,Low
16090,45,2,Low
16091,24,1,Low
16092,115,1,Low
16093,51,3,Low
16094,32,2,Low
16095,129,2,Low
16096,101,3,Low
16097,95,1,Low
16098,301,1,High
16099,11,1,Low
16100,239,1,High
16101,59,4,Low
16102,153,2,Low
16103,141,1,Low
16104,53,3,Low
16105,113,2,Low
16107,233,4,High
16108,84,3,Low
16109,119,1,Low
16110,103,1,Low
16111,144,2,Low
16113,100,1,Low
16114,132,2,Low
16115,215,2,High
16116,142,1,Low
16117,26,2,Low
16119,118,1,Low
16120,51,3,Low
16121,85,2,Low
16122,37,2,Low
16123,67,5,Low
16125,17,4,Low
16126,275,1,High
16127,6,2,Low
16128,300,2,High
16129,82,2,Low
16130,210,2,High
16131,249,1,High
16132,64,2,Low
16133,314,1,High
16137,226,2,High
16138,98,2,Low
16139,104,3,Low
16140,285,1,High
16141,166,3,Low
16142,86,1,Low
16143,139,2,Low
16144,228,2,High
16145,19,4,Low
16147,147,1,Low
16148,65,1,Low
16149,218,1,High
16150,29,2,Low
16151,54,2,Low
16152,270,2,High
16153,11,3,Low
16154,29,3,Low
16155,39,2,Low
16156,18,1,Low
16157,71,4,Low
16158,11,2,Low
16160,35,3,Low
16161,77,2,Low
16162,157,2,Low
16163,263,1,High
16165,159,2,Low
16166,48,2,Low
16167,111,4,Low
16168,47,3,Low
16169,33,1,Low
16170,299,2,High
16171,73,1,Low
16172,200,2,High
16173,84,2,Low
16175,38,2,Low
16176,154,1,Low
16177,104,3,Low
16180,87,2,Low
16181,129,2,Low
16182,292,2,High
16183,21,3,Low
16184,356,1,High
16185,132,3,Low
16186,130,2,Low
16187,129,1,Low
16188,84,1,Low
16190,76,3,Low
16192,277,1,High
16193,45,2,Low
16194,64,2,Low
16195,86,1,Low
16196,121,3,Low
16198,318,2,High
16199,189,1,Low
16201,16,4,Low
16202,82,4,Low
16204,364,1,High
16205,57,2,Low
16206,38,3,Low
16207,262,1,High
16208,56,5,Low
16209,38,2,Low
16210,234,2,High
16211,162,3,Low
16213,260,2,High
16214,217,1,High
16215,27,3,Low
16218,5,4,Low
16219,169,2,Low
16220,17,5,Low
16221,1,3,Low
16222,129,6,Low
16223,133,2,Low
16224,100,1,Low
16225,231,1,High
16226,1,3,Low
16227,2,1,Low
16228,65,5,Low
16229,309,2,High
16230,237,2,High
16231,71,2,Low
16232,129,4,Low
16233,120,2,Low
16234,193,3,Low
16235,84,1,Low
16237,6,2,Low
16239,140,2,Low
16240,303,1,High
16242,64,1,Low
16243,125,1,Low
16244,83,1,Low
16245,296,1,High
16246,66,2,Low
16247,15,3,Low
16248,307,1,High
16250,179,1,Low
16251,80,2,Low
16252,39,2,Low
16253,8,4,Low
16254,234,3,High
16256,151,1,Low
16257,29,2,Low
16258,343,1,High
16259,24,2,Low
16262,40,1,Low
16263,36,3,Low
16264,105,2,Low
16265,86,2,Low
16266,213,2,High
16267,183,2,Low
16268,111,2,Low
16269,237,2,High
16270,71,5,Low
16272,50,5,Low
16273,36,2,Low
16274,107,2,Low
16275,15,3,Low
16276,8,2,Low
16277,78,2,Low
16278,215,1,High
16279,10,3,Low
16280,202,1,High
16281,177,3,Low
16282,8,2,Low
16284,159,3,Low
16288,3,5,Low
16289,228,3,High
16290,305,2,High
16291,258,3,High
16292,107,1,Low
16294,20,2,Low
16295,118,1,Low
16296,160,1,Low
16297,260,1,High
16298,217,2,High
16299,87,2,Low
16301,40,3,Low
16302,33,1,Low
16303,50,3,Low
16304,114,4,Low
16305,171,4,Low
16306,214,3,High
16307,69,4,Low
16308,140,1,Low
16309,63,1,Low
16310,17,6,Low
16311,75,6,Low
16313,25,5,Low
16314,39,1,Low
16315,78,4,Low
16316,91,2,Low
16317,149,3,Low
16319,52,5,Low
16320,200,3,High
16321,77,1,Low
16323,65,3,Low
16324,68,3,Low
16325,98,3,Low
16326,15,1,Low
16327,105,2,Low
16328,24,3,Low
16329,6,4,Low
16330,149,3,Low
16331,336,1,High
16332,58,1,Low
16334,189,1,Low
16335,29,3,Low
16337,201,2,High
16338,54,2,Low
16339,154,2,Low
16340,136,3,Low
16341,76,2,Low
16343,304,1,High
16344,98,3,Low
16345,1,5,Low
16346,123,3,Low
16347,11,3,Low
16348,186,2,Low
16349,25,1,Low
16350,11,3,Low
16351,207,3,High
16352,220,1,High
16353,70,1,Low
16354,53,1,Low
16355,91,2,Low
16356,167,2,Low
16357,299,2,High
16358,124,1,Low
16360,63,2,Low
16361,137,1,Low
16362,122,4,Low
16364,249,2,High
16365,6,3,Low
16366,17,4,Low
16367,3,2,Low
16368,324,1,High
16369,300,1,High
16370,49,4,Low
16371,73,1,Low
16372,123,6,Low
16373,13,5,Low
16374,138,1,Low
16375,161,3,Low
16376,62,2,Low
16377,57,1,Low
16378,140,2,Low
16379,52,1,Low
16380,306,1,High
16381,55,1,Low
16382,28,3,Low
16383,90,1,Low
16384,151,4,Low
16385,286,1,High
16386,154,3,Low
16387,56,4,Low
16388,55,3,Low
16389,28,3,Low
16390,119,2,Low
16391,10,4,Low
16392,134,3,Low
16394,111,5,Low
16395,185,1,Low
16397,179,2,Low
16398,57,1,Low
16400,40,5,Low
16401,345,1,High
16402,18,3,Low
16404,116,3,Low
16405,143,1,Low
16406,10,3,Low
16407,189,1,Low
16408,110,2,Low
16409,128,2,Low
16410,165,3,Low
16411,220,1,High
16413,85,2,Low
16416,105,3,Low
16417,206,1,High
16418,22,1,Low
16420,205,2,High
16421,38,1,Low
16422,92,2,Low
16424,128,3,Low
16425,84,1,Low
16427,285,1,High
16428,108,1,Low
16429,120,3,Low
16430,15,5,Low
16431,50,4,Low
16432,73,4,Low
16433,97,2,Low
16434,107,1,Low
16435,9,3,Low
16437,117,1,Low
16438,285,1,High
16439,58,2,Low
16441,226,1,High
16442,87,2,Low
16443,283,1,High
16445,4,2,Low
16446,37,3,Low
16447,111,1,Low
16448,137,1,Low
16449,24,5,Low
16450,66,1,Low
16452,56,2,Low
16453,166,1,Low
16456,82,3,Low
16457,233,1,High
16459,6,7,Low
16460,3,2,Low
16461,1,3,Low
16463,46,2,Low
16464,178,3,Low
16466,100,3,Low
16467,251,1,High
16468,133,2,Low
16469,95,2,Low
16470,173,1,Low
16471,189,2,Low
16473,61,4,Low
16474,113,2,Low
16475,181,1,Low
16476,99,2,Low
16477,6,1,Low
16478,93,2,Low
16479,1,6,Low
16481,322,1,High
16482,201,1,High
16483,202,2,High
16484,97,2,Low
16486,15,3,Low
16487,112,3,Low
16488,84,1,Low
16489,107,4,Low
16490,102,1,Low
16491,92,2,Low
16492,194,1,High
16493,35,1,Low
16494,9,2,Low
16495,197,2,High
16497,170,1,Low
16498,82,1,Low
16499,72,3,Low
16500,269,1,High
16501,163,4,Low
16502,50,2,Low
16503,10,2,Low
16504,77,3,Low
16505,26,1,Low
16506,234,1,High
16508,76,2,Low
16509,33,3,Low
16510,96,2,Low
16511,43,1,Low
16512,100,1,Low
16513,140,1,Low
16514,78,2,Low
16515,58,1,Low
16516,34,3,Low
16517,160,1,Low
16518,26,7,Low
16520,30,2,Low
16522,170,3,Low
16523,202,5,High
16524,253,1,High
16525,255,1,High
16526,42,3,Low
16527,313,1,High
16528,41,2,Low
16529,280,1,High
16530,358,1,High
16531,5,2,Low
16532,167,3,Low
16533,85,2,Low
16535,326,1,High
16536,181,3,Low
16537,196,1,High
16538,8,5,Low
16539,135,2,Low
16540,14,3,Low
16541,295,1,High
16545,112,1,Low
16546,27,2,Low
16547,147,2,Low
16548,7,2,Low
16550,111,7,Low
16551,52,3,Low
16552,269,1,High
16553,57,2,Low
16554,114,4,Low
16555,205,1,High
16556,92,1,Low
16557,281,1,High
16558,184,3,Low
16559,25,3,Low
16560,95,2,Low
16561,17,2,Low
16562,11,3,Low
16563,120,1,Low
16565,18,4,Low
16566,205,1,High
16567,234,1,High
16568,222,2,High
16569,225,1,High
16570,127,3,Low
16571,217,1,High
16572,217,3,High
16573,153,2,Low
16574,151,3,Low
16575,94,1,Low
16576,97,2,Low
16577,137,4,Low
16578,112,1,Low
16579,244,2,High
16580,292,2,High
16581,6,3,Low
16582,19,1,Low
16584,273,2,High
16585,166,2,Low
16586,106,4,Low
16587,325,1,High
16588,352,1,High
16589,155,1,Low
16590,162,1,Low
16592,10,1,Low
16593,168,2,Low
16594,186,1,Low
16595,17,3,Low
16596,90,2,Low
16597,258,2,High
16598,90,1,Low
16599,40,3,Low
16600,303,1,High
16601,195,2,High
16602,136,5,Low
16603,47,2,Low
16604,28,4,Low
16605,58,5,Low
16606,45,5,Low
16607,121,2,Low
16608,256,1,High
16609,143,1,Low
16610,364,1,High
16611,307,1,High
16612,43,2,Low
16613,288,1,High
16614,279,1,High
16615,58,2,Low
16617,209,2,High
16618,215,3,High
16619,93,1,Low
16620,227,3,High
16621,196,2,High
16623,353,1,High
16625,40,2,Low
16626,82,3,Low
16627,30,2,Low
16628,175,3,Low
16629,129,2,Low
16630,228,2,High
16631,320,2,High
16632,333,1,High
16634,257,1,High
16635,152,3,Low
16636,177,2,Low
16637,38,2,Low
16639,17,1,Low
16640,132,1,Low
16641,251,3,High
16642,25,3,Low
16643,160,3,Low
16644,242,2,High
16645,257,1,High
16646,190,2,Low
16648,187,3,Low
16649,44,4,Low
16650,141,2,Low
16651,269,1,High
16652,160,1,Low
16653,14,2,Low
16654,19,3,Low
16655,46,2,Low
16656,102,4,Low
16657,27,4,Low
16658,124,3,Low
16659,26,2,Low
16660,27,4,Low
16661,70,3,Low
16662,278,2,High
16663,116,3,Low
16664,29,3,Low
16665,245,2,High
16666,4,3,Low
16667,28,4,Low
16668,37,2,Low
16669,94,3,Low
16670,292,1,High
16671,237,2,High
16672,273,1,High
16673,133,2,Low
16674,249,1,High
16675,18,2,Low
16676,91,1,Low
16677,318,1,High
16678,36,1,Low
16679,40,3,Low
16680,2,4,Low
16681,178,2,Low
16683,230,3,High
16684,33,2,Low
16686,35,2,Low
16687,83,4,Low
16688,65,2,Low
16689,120,4,Low
16692,97,1,Low
16693,122,2,Low
16695,12,5,Low
16696,100,5,Low
16697,38,1,Low
16698,76,1,Low
16702,43,5,Low
16704,34,1,Low
16707,128,4,Low
16709,104,2,Low
16710,128,1,Low
16711,97,3,Low
16712,141,2,Low
16713,234,2,High
16714,39,2,Low
16715,129,3,Low
16716,250,1,High
16717,113,3,Low
16718,6,1,Low
16719,29,3,Low
16720,177,3,Low
16721,175,1,Low
16722,150,2,Low
16723,9,1,Low
16725,128,4,Low
16726,115,1,Low
16728,25,2,Low
16729,218,1,High
16730,185,1,Low
16731,133,3,Low
16732,26,3,Low
16733,60,4,Low
16734,8,4,Low
16735,263,1,High
16736,25,4,Low
16738,209,1,High
16739,18,4,Low
16740,34,3,Low
16741,230,1,High
16742,170,4,Low
16744,25,3,Low
16746,78,3,Low
16747,91,3,Low
16749,109,2,Low
16750,14,3,Low
16752,149,3,Low
16753,24,2,Low
16754,193,2,Low
16755,26,2,Low
16756,202,1,High
16757,269,2,High
16759,42,2,Low
16760,15,2,Low
16762,106,1,Low
16763,36,2,Low
16765,80,2,Low
16766,7,2,Low
16767,93,2,Low
16768,135,1,Low
16769,284,1,High
16770,49,1,Low
16771,152,2,Low
16773,90,2,Low
16774,60,2,Low
16775,42,3,Low
16777,46,4,Low
16778,41,1,Low
16779,11,3,Low
16780,34,3,Low
16781,30,3,Low
16782,321,1,High
16783,80,4,Low
16784,99,2,Low
16785,121,2,Low
16786,33,1,Low
16788,20,1,Low
16789,107,5,Low
16791,193,1,Low
16792,25,2,Low
16793,33,1,Low
16794,28,2,Low
16795,124,2,Low
16796,235,2,High
16798,199,2,High
16799,95,2,Low
16801,274,2,High
16804,58,1,Low
16805,171,2,Low
16806,351,1,High
16807,113,5,Low
16808,77,1,Low
16809,233,2,High
16810,16,3,Low
16811,161,2,Low
16812,52,2,Low
16814,50,1,Low
16815,355,1,High
16816,178,1,Low
16817,121,1,Low
16819,183,2,Low
16820,133,3,Low
16822,68,2,Low
16823,47,3,Low
16824,31,4,Low
16825,52,3,Low
16826,180,3,Low
16827,185,3,Low
16831,79,1,Low
16832,26,5,Low
16833,159,3,Low
16835,163,2,Low
16836,40,1,Low
16837,124,2,Low
16838,31,1,Low
16839,268,1,High
16840,13,3,Low
16841,26,2,Low
16842,104,2,Low
16843,8,2,Low
16844,113,3,Low
16845,76,3,Low
16846,137,3,Low
16847,64,3,Low
16848,13,2,Low
16849,162,2,Low
16850,62,3,Low
16851,124,2,Low
16852,11,4,Low
16853,339,1,High
16854,105,2,Low
16855,70,2,Low
16856,181,2,Low
16858,99,4,Low
16859,163,1,Low
16860,124,1,Low
16861,8,2,Low
16862,58,5,Low
16863,311,1,High
16864,78,4,Low
16865,30,3,Low
16867,25,4,Low
16868,20,4,Low
16869,363,1,High
16870,84,2,Low
16871,313,2,High
16872,235,4,High
16873,266,3,High
16874,6,2,Low
16875,6,4,Low
16876,343,1,High
16877,18,2,Low
16878,49,1,Low
16880,66,5,Low
16882,248,2,High
16883,263,4,High
16884,265,1,High
16885,357,1,High
16886,172,2,Low
16887,21,2,Low
16889,58,3,Low
16890,47,4,Low
16891,142,2,Low
16892,11,3,Low
16893,67,3,Low
16894,46,1,Low
16895,266,1,High
16896,74,3,Low
16897,297,1,High
16898,336,1,High
16899,78,3,Low
16900,22,5,Low
16901,189,2,Low
16902,12,3,Low
16903,19,3,Low
16904,312,2,High
16905,156,1,Low
16906,46,4,Low
16908,109,3,Low
16909,1,3,Low
16910,162,7,Low
16911,160,4,Low
16912,236,2,High
16913,186,3,Low
16914,37,5,Low
16915,115,1,Low
16916,164,1,Low
16917,51,4,Low
16918,178,1,Low
16919,26,1,Low
16920,41,3,Low
16921,47,2,Low
16922,81,4,Low
16923,342,1,High
16924,1,4,Low
16925,13,2,Low
16926,28,2,Low
16927,172,2,Low
16928,14,1,Low
16929,222,1,High
16930,41,1,Low
16931,200,1,High
16932,3,2,Low
16933,54,3,Low
16935,16,2,Low
16936,59,3,Low
16937,80,3,Low
16939,163,3,Low
16940,186,1,Low
16941,78,3,Low
16942,225,1,High
16943,173,2,Low
16944,2,2,Low
16945,12,5,Low
16946,342,1,High
16947,90,4,Low
16948,231,3,High
16949,256,1,High
16950,323,1,High
16951,321,1,High
16952,14,1,Low
16953,120,1,Low
16954,89,5,Low
16955,120,1,Low
16956,63,6,Low
16957,261,1,High
16958,33,2,Low
16960,122,2,Low
16962,146,2,Low
16963,3,3,Low
16964,269,1,High
16965,9,2,Low
16967,242,2,High
16968,126,1,Low
16970,13,6,Low
16971,45,3,Low
16972,249,1,High
16973,270,1,High
16974,57,3,Low
16975,42,1,Low
16976,26,4,Low
16977,324,1,High
16978,121,1,Low
16979,13,1,Low
16980,6,4,Low
16981,103,3,Low
16982,90,2,Low
16983,106,3,Low
16984,202,1,High
16985,249,2,High
16986,123,2,Low
16987,35,6,Low
16988,198,1,High
16989,229,2,High
16990,120,4,Low
16991,60,6,Low
16993,321,1,High
16994,50,4,Low
16995,164,1,Low
16996,191,2,Low
16998,46,4,Low
17000,28,2,Low
17001,45,1,Low
17002,137,1,Low
17003,181,3,Low
17004,59,4,Low
17005,18,5,Low
17006,102,1,Low
17008,270,1,High
17009,49,4,Low
17010,341,1,High
17011,4,3,Low
17012,255,2,High
17013,41,3,Low
17014,6,3,Low
17015,15,2,Low
17016,163,4,Low
17017,246,1,High
17020,219,4,High
17022,251,2,High
17023,104,1,Low
17024,111,2,Low
17025,133,1,Low
17026,99,3,Low
17028,137,1,Low
17029,11,6,Low
17031,53,2,Low
17032,252,2,High
17033,10,3,Low
17034,197,4,High
17035,78,3,Low
17037,131,4,Low
17038,96,2,Low
17039,331,1,High
17040,92,2,Low
17041,272,1,High
17042,36,1,Low
17043,68,1,Low
17044,59,3,Low
17045,209,1,High
17046,27,2,Low
17048,291,1,High
17050,90,1,Low
17051,103,2,Low
17052,327,1,High
17053,45,3,Low
17054,8,6,Low
17055,243,4,High
17056,260,1,High
17057,91,3,Low
17058,68,2,Low
17059,127,2,Low
17060,43,2,Low
17062,83,2,Low
17063,319,1,High
17064,14,2,Low
17065,323,1,High
17066,215,1,High
17067,296,1,High
17068,33,2,Low
17069,80,1,Low
17070,245,1,High
17071,214,1,High
17072,42,7,Low
17073,191,2,Low
17074,127,1,Low
17075,192,3,Low
17076,111,4,Low
17077,119,2,Low
17078,28,1,Low
17079,186,1,Low
17081,142,2,Low
17082,229,2,High
17083,246,1,High
17084,70,1,Low
17085,99,3,Low
17086,2,3,Low
17087,47,4,Low
17088,86,4,Low
17089,119,2,Low
17090,52,4,Low
17092,55,2,Low
17094,321,2,High
17095,226,1,High
17096,166,1,Low
17097,350,1,High
17098,16,4,Low
17099,344,1,High
17100,42,5,Low
17101,159,2,Low
17102,50,3,Low
17104,75,3,Low
17105,106,5,Low
17106,140,2,Low
17107,53,2,Low
17108,2,5,Low
17109,243,1,High
17110,24,3,Low
17111,29,4,Low
17112,208,2,High
17115,99,1,Low
17116,51,1,Low
17117,210,1,High
17118,80,4,Low
17120,42,3,Low
17121,121,5,Low
17122,53,5,Low
17123,90,1,Low
17124,5,3,Low
17125,4,2,Low
17128,103,4,Low
17129,236,1,High
17130,86,4,Low
17131,36,4,Low
17132,81,3,Low
17133,53,3,Low
17134,103,1,Low
17135,92,2,Low
17136,21,3,Low
17137,118,5,Low
17138,127,1,Low
17140,9,1,Low
17141,22,1,Low
17142,15,3,Low
17144,42,4,Low
17145,296,2,High
17146,249,3,High
17147,83,2,Low
17148,27,4,Low
17149,77,2,Low
17150,15,2,Low
17152,46,2,Low
17153,83,1,Low
17154,105,1,Low
17155,94,3,Low
17156,228,1,High
17159,57,3,Low
17160,296,1,High
17161,159,2,Low
17162,14,4,Low
17163,31,2,Low
17164,84,2,Low
17167,175,1,Low
17168,31,2,Low
17169,64,1,Low
17170,157,4,Low
17173,172,2,Low
17174,326,1,High
17175,9,4,Low
17176,52,1,Low
17177,147,2,Low
17178,99,2,Low
17179,7,4,Low
17180,78,3,Low
17181,8,3,Low
17182,52,2,Low
17183,68,2,Low
17184,129,2,Low
17185,47,2,Low
17187,152,4,Low
17188,59,1,Low
17189,61,2,Low
17190,201,2,High
17191,228,2,High
17192,326,1,High
17193,30,4,Low
17194,12,5,Low
17195,13,2,Low
17196,118,5,Low
17197,25,2,Low
17198,73,1,Low
17200,185,3,Low
17201,184,3,Low
17202,46,2,Low
17203,111,3,Low
17204,43,2,Low
17205,165,3,Low
17206,61,2,Low
17207,77,2,Low
17208,61,2,Low
17209,3,5,Low
17210,184,1,Low
17212,47,3,Low
17213,127,3,Low
17214,287,1,High
17215,211,1,High
17216,5,6,Low
17217,101,3,Low
17218,83,1,Low
17219,3,4,Low
17220,4,4,Low
17221,51,2,Low
17222,47,1,Low
17224,229,1,High
17225,21,4,Low
17226,162,1,Low
17227,65,3,Low
17228,76,2,Low
17229,248,4,High
17230,71,3,Low
17231,102,1,Low
17232,365,1,High
17233,70,5,Low
17234,293,2,High
17235,128,3,Low
17238,244,1,High
17240,51,4,Low
17242,157,4,Low
17243,140,3,Low
17244,268,2,High
17245,17,1,Low
17246,48,1,Low
17249,12,3,Low
17250,261,1,High
17251,24,2,Low
17252,94,2,Low
17253,42,4,Low
17254,30,1,Low
17255,170,1,Low
17256,153,2,Low
17258,17,5,Low
17259,273,2,High
17260,23,3,Low
17261,339,1,High
17263,321,1,High
17264,42,3,Low
17266,270,1,High
17267,88,2,Low
17268,301,1,High
17269,11,2,Low
17270,118,2,Low
17271,64,1,Low
17272,26,4,Low
17273,131,2,Low
17274,58,4,Low
17275,38,4,Low
17276,14,1,Low
17277,123,1,Low
17278,243,1,High
17279,235,3,High
17280,28,3,Low
17281,6,2,Low
17282,97,1,Low
17283,53,2,Low
17285,126,1,Low
17286,349,2,High
17287,15,1,Low
17288,20,3,Low
17289,358,1,High
17290,123,4,Low
17291,112,4,Low
17292,237,1,High
17294,198,2,High
17297,32,4,Low
17300,112,1,Low
17301,315,2,High
17302,255,2,High
17303,248,1,High
17304,265,1,High
17305,70,3,Low
17308,7,2,Low
17309,212,1,High
17310,86,1,Low
17311,58,2,Low
17312,78,3,Low
17313,1,3,Low
17314,2,3,Low
17316,19,2,Low
17317,187,1,Low
17318,316,1,High
17319,121,3,Low
17320,222,1,High
17321,77,2,Low
17323,153,1,Low
17324,13,1,Low
17327,76,2,Low
17328,89,2,Low
17329,304,1,High
17330,69,2,Low
17331,112,2,Low
17332,44,1,Low
17333,75,3,Low
17337,5,3,Low
17338,47,5,Low
17339,322,1,High
17340,31,3,Low
17341,122,1,Low
17342,133,2,Low
17344,61,2,Low
17345,229,1,High
17346,21,3,Low
17347,6,3,Low
17348,119,1,Low
17349,39,5,Low
17350,115,3,Low
17352,237,2,High
17353,109,3,Low
17354,203,1,High
17356,12,1,Low
17357,176,2,Low
17358,78,1,Low
17359,355,1,High
17362,54,5,Low
17363,55,1,Low
17364,228,1,High
17366,185,2,Low
17367,100,4,Low
17368,177,3,Low
17369,62,2,Low
17370,146,3,Low
17371,50,3,Low
17372,68,1,Low
17373,35,2,Low
17374,20,2,Low
17375,82,3,Low
17376,165,3,Low
17377,247,2,High
17378,16,3,Low
17379,288,3,High
17380,249,2,High
17381,30,4,Low
17382,238,1,High
17383,143,1,Low
17384,265,1,High
17385,25,2,Low
17386,31,1,Low
17387,203,1,High
17388,126,1,Low
17389,159,1,Low
17390,218,1,High
17391,224,1,High
17392,187,2,Low
17393,142,1,Low
17394,130,2,Low
17395,2,4,Low
17396,94,2,Low
17397,90,3,Low
17398,11,3,Low
17399,45,3,Low
17400,322,1,High
17401,13,3,Low
17402,203,2,High
17403,50,4,Low
17404,45,4,Low
17405,192,1,Low
17406,44,4,Low
17407,365,1,High
17408,32,4,Low
17409,12,4,Low
17410,313,1,High
17411,112,4,Low
17412,7,3,Low
17413,270,2,High
17415,88,1,Low
17416,311,1,High
17417,91,3,Low
17418,157,1,Low
17419,38,4,Low
17420,193,2,Low
17421,193,2,Low
17422,63,1,Low
17424,74,1,Low
17426,78,3,Low
17427,99,3,Low
17429,77,1,Low
17430,92,3,Low
17431,152,3,Low
17433,11,4,Low
17434,353,1,High
17435,87,2,Low
17436,116,1,Low
17437,35,2,Low
17438,1,3,Low
17439,81,1,Low
17440,157,1,Low
17441,244,1,High
17442,11,3,Low
17443,160,3,Low
17444,196,1,High
17445,270,1,High
17446,119,2,Low
17447,12,3,Low
17449,355,1,High
17451,51,2,Low
17452,118,2,Low
17453,278,2,High
17454,320,1,High
17455,4,1,Low
17456,38,2,Low
17458,86,1,Low
17460,247,2,High
17462,183,2,Low
17463,12,2,Low
17464,15,3,Low
17469,83,2,Low
17470,27,3,Low
17471,218,2,High
17472,269,1,High
17473,81,2,Low
17474,250,2,High
17475,181,3,Low
17476,51,3,Low
17477,23,3,Low
17478,151,2,Low
17479,45,4,Low
17480,328,1,High
17481,59,1,Low
17482,185,3,Low
17484,48,5,Low
17485,134,2,Low
17486,133,2,Low
17487,2,2,Low
17489,3,3,Low
17490,129,3,Low
17491,271,1,High
17492,66,2,Low
17493,190,2,Low
17494,19,4,Low
17495,115,2,Low
17496,357,1,High
17499,20,3,Low
17500,16,4,Low
17501,115,2,Low
17503,175,1,Low
17504,81,3,Low
17505,88,3,Low
17506,15,3,Low
17507,21,2,Low
17509,184,2,Low
17510,56,4,Low
17513,83,2,Low
17514,75,3,Low
17516,254,2,High
17517,81,2,Low
17518,51,3,Low
17519,213,1,High
17520,257,1,High
17521,268,1,High
17522,96,3,Low
17524,86,1,Low
17525,332,1,High
17526,340,2,High
17527,116,3,Low
17528,338,1,High
17530,290,1,High
17531,179,1,Low
17532,144,3,Low
17533,293,1,High
17535,71,4,Low
17536,124,3,Low
17537,169,4,Low
17538,56,2,Low
17539,13,2,Low
17540,297,1,High
17541,81,2,Low
17542,82,4,Low
17544,343,1,High
17545,190,1,Low
17546,86,3,Low
17547,304,1,High
17548,73,3,Low
17549,40,2,Low
17550,105,1,Low
17551,68,2,Low
17553,202,2,High
17554,89,4,Low
17557,42,3,Low
17558,218,2,High
17559,34,2,Low
17560,317,1,High
17561,245,1,High
17562,363,1,High
17563,256,2,High
17564,144,3,Low
17565,25,7,Low
17566,51,3,Low
17567,91,1,Low
17568,179,2,Low
17569,82,2,Low
17570,44,2,Low
17572,19,3,Low
17573,58,2,Low
17574,5,4,Low
17575,85,1,Low
17576,281,1,High
17577,23,2,Low
17578,13,3,Low
17580,52,2,Low
17581,335,1,High
17583,46,3,Low
17584,90,3,Low
17586,39,2,Low
17588,271,1,High
17589,26,3,Low
17590,209,4,High
17591,175,1,Low
17592,169,1,Low
17594,204,3,High
17595,94,2,Low
17596,95,3,Low
17597,97,3,Low
17598,111,4,Low
17599,32,1,Low
17600,277,1,High
17601,300,2,High
17602,220,2,High
17603,11,3,Low
17605,64,2,Low
17606,225,1,High
17607,253,1,High
17608,122,2,Low
17609,199,1,High
17610,151,2,Low
17611,38,2,Low
17612,145,1,Low
17613,68,2,Low
17614,50,1,Low
17615,4,2,Low
17617,148,2,Low
17618,194,1,High
17619,177,3,Low
17621,61,3,Low
17622,65,4,Low
17623,237,1,High
17626,197,3,High
17627,82,2,Low
17628,187,2,Low
17629,19,4,Low
17630,179,3,Low
17631,297,2,High
17632,66,2,Low
17633,19,2,Low
17634,96,4,Low
17635,293,2,High
17636,43,7,Low
17637,187,3,Low
17638,364,1,High
17639,296,2,High
17640,49,5,Low
17641,61,2,Low
17642,29,2,Low
17643,227,1,High
17644,204,1,High
17645,118,3,Low
17646,101,1,Low
17647,138,2,Low
17648,125,3,Low
17649,257,1,High
17650,98,3,Low
17651,74,2,Low
17652,63,2,Low
17653,8,1,Low
17654,72,5,Low
17655,12,2,Low
17656,135,2,Low
17657,35,3,Low
17658,12,3,Low
17659,150,3,Low
17661,175,2,Low
17662,142,3,Low
17663,293,1,High
17666,234,1,High
17667,183,1,Low
17669,233,1,High
17670,132,4,Low
17671,7,5,Low
17673,8,5,Low
17674,7,1,Low
17675,227,2,High
17676,91,1,Low
17677,21,2,Low
17679,177,1,Low
17680,76,6,Low
17681,71,1,Low
17682,5,3,Low
17683,198,1,High
17684,188,2,Low
17685,20,5,Low
17687,217,2,High
17688,330,2,High
17689,191,2,Low
17690,229,1,High
17691,92,1,Low
17692,179,3,Low
17693,144,3,Low
17694,122,3,Low
17695,54,2,Low
17696,11,3,Low
17697,302,2,High
17698,82,3,Low
17700,311,1,High
17701,251,1,High
17702,187,1,Low
17703,271,1,High
17704,206,1,High
17706,140,3,Low
17707,7,2,Low
17710,12,3,Low
17711,116,3,Low
17713,273,2,High
17714,36,2,Low
17715,167,2,Low
17716,203,3,High
17717,125,3,Low
17718,49,2,Low
17719,2,4,Low
17720,219,3,High
17723,159,1,Low
17725,162,2,Low
17726,281,2,High
17727,105,2,Low
17728,247,1,High
17729,21,3,Low
17730,231,1,High
17731,22,4,Low
17732,15,3,Low
17733,53,2,Low
17734,213,1,High
17735,246,1,High
17737,134,2,Low
17738,5,5,Low
17739,4,2,Low
17740,56,4,Low
17741,1,2,Low
17742,84,2,Low
17743,67,5,Low
17744,186,1,Low
17745,213,1,High
17746,143,3,Low
17747,84,3,Low
17748,23,4,Low
17749,29,3,Low
17750,241,2,High
17751,130,1,Low
17752,314,1,High
17753,37,5,Low
17754,54,3,Low
17755,31,3,Low
17756,24,3,Low
17757,41,2,Low
17758,41,4,Low
17759,70,1,Low
17760,29,1,Low
17761,69,2,Low
17762,166,2,Low
17763,4,2,Low
17764,136,2,Low
17765,48,3,Low
17766,210,2,High
17767,11,4,Low
17769,91,2,Low
17770,239,1,High
17771,18,4,Low
17772,275,1,High
17774,132,3,Low
17775,46,3,Low
17776,13,1,Low
17777,157,4,Low
17778,201,1,High
17779,300,1,High
17780,175,1,Low
17781,150,3,Low
17783,33,5,Low
17784,278,1,High
17785,85,2,Low
17786,295,1,High
17787,157,3,Low
17789,148,4,Low
17791,75,2,Low
17792,237,4,High
17793,215,1,High
17794,116,2,Low
17795,141,1,Low
17796,361,1,High
17797,83,4,Low
17798,260,1,High
17799,4,8,Low
17800,113,2,Low
17801,95,2,Low
17802,124,4,Low
17803,106,1,Low
17804,51,4,Low
17805,214,2,High
17806,164,2,Low
17807,260,2,High
17808,257,1,High
17809,56,2,Low
17810,91,3,Low
17811,130,2,Low
17812,57,3,Low
17813,217,2,High
17814,84,3,Low
17815,132,3,Low
17816,291,2,High
17817,156,1,Low
17818,2,1,Low
17819,96,3,Low
17820,50,3,Low
17821,31,3,Low
17823,84,3,Low
17824,124,2,Low
17825,61,6,Low
17826,118,1,Low
17827,112,1,Low
17828,95,3,Low
17830,73,2,Low
17831,171,2,Low
17832,191,2,Low
17833,163,2,Low
17834,45,2,Low
17835,25,5,Low
17836,38,1,Low
17837,146,3,Low
17838,59,6,Low
17839,52,1,Low
17840,39,4,Low
17841,46,2,Low
17842,189,2,Low
17843,171,3,Low
17846,360,1,High
17847,71,3,Low
17848,149,1,Low
17849,326,1,High
17850,308,1,High
17851,108,2,Low
17852,144,3,Low
17853,262,1,High
17854,145,1,Low
17855,229,2,High
17856,146,2,Low
17857,89,2,Low
17858,116,1,Low
17859,32,3,Low
17861,229,1,High
17864,15,2,Low
17865,316,1,High
17866,314,1,High
17867,92,6,Low
17868,5,5,Low
17869,88,2,Low
17870,146,1,Low
17871,205,2,High
17873,40,4,Low
17874,273,2,High
17875,35,1,Low
17876,120,2,Low
17877,122,1,Low
17878,111,1,Low
17879,36,2,Low
17880,3,2,Low
17881,18,4,Low
17882,249,1,High
17883,73,1,Low
17884,27,3,Low
17885,215,2,High
17886,322,1,High
17887,31,3,Low
17888,173,2,Low
17889,224,5,High
17890,14,1,Low
17891,72,2,Low
17892,180,2,Low
17893,192,2,Low
17894,124,1,Low
17895,121,3,Low
17896,89,1,Low
17897,83,4,Low
17898,82,1,Low
17899,65,2,Low
17900,36,5,Low
17901,301,1,High
17903,261,1,High
17904,30,1,Low
17905,41,1,Low
17906,64,2,Low
17907,108,3,Low
17909,43,2,Low
17910,16,1,Low
17911,300,1,High
17913,67,1,Low
17914,24,2,Low
17915,20,3,Low
17916,313,1,High
17917,161,3,Low
17918,34,4,Low
17920,58,5,Low
17921,54,1,Low
17922,57,2,Low
17923,79,2,Low
17924,130,1,Low
17925,104,1,Low
17926,31,5,Low
17928,88,4,Low
17929,18,1,Low
17930,50,2,Low
17931,222,1,High
17932,243,3,High
17934,85,1,Low
17935,30,2,Low
17936,14,2,Low
17938,328,2,High
17939,236,1,High
17940,105,2,Low
17941,55,2,Low
17942,85,5,Low
17943,20,4,Low
17944,117,2,Low
17946,23,1,Low
17948,267,1,High
17950,9,3,Low
17951,61,4,Low
17952,142,3,Low
17953,55,2,Low
17954,273,2,High
17955,248,1,High
17956,64,1,Low
17957,41,2,Low
17958,277,1,High
17959,111,2,Low
17961,252,1,High
17962,31,7,Low
17963,289,1,High
17964,140,3,Low
17965,96,1,Low
17966,161,2,Low
17967,139,3,Low
17968,100,3,Low
17969,66,3,Low
17971,280,2,High
17972,35,3,Low
17973,172,1,Low
17974,49,3,Low
17975,109,3,Low
17976,298,2,High
17977,312,1,High
17979,85,1,Low
17980,141,2,Low
17981,326,1,High
17982,21,1,Low
17983,252,2,High
17984,61,2,Low
17985,147,1,Low
17986,209,1,High
17987,42,1,Low
17988,127,2,Low
17990,150,1,Low
17991,99,4,Low
17992,87,2,Low
17993,213,2,High
17994,88,1,Low
17995,230,1,High
17996,61,3,Low
17997,58,1,Low
17999,101,2,Low
18000,58,2,Low
18001,19,2,Low
18002,77,4,Low
18003,231,1,High
18004,113,3,Low
18005,285,2,High
18007,279,2,High
18008,150,1,Low
18009,38,2,Low
18011,48,3,Low
18012,66,4,Low
18013,28,3,Low
18014,172,2,Low
18015,114,1,Low
18016,17,2,Low
18018,2,2,Low
18019,113,1,Low
18020,71,2,Low
18022,7,1,Low
18023,45,3,Low
18025,110,2,Low
18026,48,4,Low
18028,13,2,Low
18029,1,1,Low
18030,114,2,Low
18031,73,4,Low
18032,225,2,High
18033,48,4,Low
18035,291,1,High
18036,224,2,High
18037,108,4,Low
18038,26,1,Low
18039,3,3,Low
18040,51,1,Low
18041,27,3,Low
18042,107,3,Low
18043,141,1,Low
18044,7,2,Low
18045,64,2,Low
18046,62,1,Low
18047,354,1,High
18048,81,4,Low
18049,162,1,Low
18050,190,1,Low
18051,14,4,Low
18052,347,1,High
18053,142,2,Low
18054,314,1,High
18055,206,1,High
18056,278,1,High
18058,89,1,Low
18059,115,2,Low
18060,7,4,Low
18061,174,3,Low
18062,74,2,Low
18063,130,1,Low
18064,191,2,Low
18065,324,1,High
18066,103,3,Low
18067,97,2,Low
18068,1,2,Low
18070,275,2,High
18071,63,4,Low
18072,26,2,Low
18075,19,3,Low
18076,75,3,Low
18077,177,3,Low
18078,214,2,High
18079,290,2,High
18080,112,2,Low
18081,111,5,Low
18082,142,2,Low
18083,259,2,High
18084,138,1,Low
18085,354,1,High
18086,101,5,Low
18087,18,1,Low
18090,240,1,High
18091,110,1,Low
18092,64,3,Low
18093,276,1,High
18094,153,2,Low
18096,20,1,Low
18097,174,2,Low
18098,183,2,Low
18100,149,4,Low
18101,117,2,Low
18102,297,1,High
18103,34,3,Low
18105,114,3,Low
18106,332,1,High
18107,89,3,Low
18108,42,4,Low
18109,118,1,Low
18110,1,2,Low
18111,296,1,High
18112,2,7,Low
18113,197,1,High
18114,257,2,High
18116,44,2,Low
18117,149,1,Low
18120,51,2,Low
18121,105,5,Low
18122,127,3,Low
18123,146,1,Low
18124,276,1,High
18125,247,2,High
18127,99,4,Low
18128,148,1,Low
18129,91,2,Low
18130,67,1,Low
18131,6,4,Low
18132,153,4,Low
18133,226,2,High
18134,111,1,Low
18135,12,3,Low
18136,195,1,High
18138,57,2,Low
18139,149,2,Low
18140,355,1,High
18142,34,6,Low
18143,96,2,Low
18145,83,2,Low
18146,116,3,Low
18147,19,3,Low
18148,61,4,Low
18149,157,2,Low
18150,22,3,Low
18151,160,1,Low
18153,125,2,Low
18154,276,1,High
18155,60,2,Low
18156,285,4,High
18157,156,2,Low
18158,1,1,Low
18160,45,3,Low
18161,81,2,Low
18162,85,2,Low
18163,13,2,Low
18164,41,5,Low
18165,262,2,High
18166,102,3,Low
18167,129,3,Low
18168,96,2,Low
18169,106,4,Low
18170,132,1,Low
18171,91,2,Low
18172,59,4,Low
18173,236,2,High
18174,22,1,Low
18176,122,3,Low
18177,71,3,Low
18178,150,2,Low
18180,157,2,Low
18181,213,2,High
18182,92,3,Low
18184,270,1,High
18185,338,1,High
18186,75,1,Low
18188,347,1,High
18189,104,2,Low
18190,60,2,Low
18191,12,3,Low
18192,332,1,High
18193,26,4,Low
18194,349,1,High
18195,99,3,Low
18196,157,2,Low
18197,264,2,High
18198,230,3,High
18199,287,2,High
18200,9,2,Low
18201,162,1,Low
18204,179,1,Low
18206,232,3,High
18207,21,2,Low
18208,86,4,Low
18210,8,1,Low
18211,43,2,Low
18212,307,1,High
18213,347,1,High
18214,129,1,Low
18215,76,3,Low
18217,110,1,Low
18218,215,1,High
18220,58,1,Low
18221,142,2,Low
18222,147,1,Low
18224,117,1,Low
18225,65,5,Low
18226,40,4,Low
18227,129,1,Low
18228,56,3,Low
18229,53,3,Low
18230,59,3,Low
18231,125,2,Low
18232,15,1,Low
18235,361,1,High
18236,229,2,High
18237,84,1,Low
18238,349,1,High
18239,16,3,Low
18240,86,3,Low
18241,185,2,Low
18242,45,3,Low
18244,244,2,High
18245,311,2,High
18246,236,1,High
18247,52,5,Low
18248,136,1,Low
18249,100,4,Low
18250,139,1,Low
18251,71,3,Low
18252,4,2,Low
18253,347,1,High
18254,72,5,Low
18255,19,4,Low
18256,18,3,Low
18257,25,2,Low
18258,12,3,Low
18259,105,1,Low
18260,108,2,Low
18261,138,3,Low
18262,51,1,Low
18263,335,1,High
18265,158,1,Low
18268,111,3,Low
18269,29,2,Low
18270,137,2,Low
18271,320,1,High
18272,86,2,Low
18273,211,2,High
18274,170,1,Low
18275,84,4,Low
18277,67,4,Low
18278,19,2,Low
18279,7,3,Low
18282,264,1,High
18283,201,2,High
18284,6,2,Low
18285,59,2,Low
18286,2,2,Low
18287,27,1,Low
18288,53,3,Low
18290,27,2,Low
18291,202,1,High
18292,37,2,Low
18293,12,1,Low
18294,17,2,Low
18295,263,2,High
18297,78,3,Low
18298,214,3,High
18301,26,4,Low
18303,110,2,Low
18304,133,1,Low
18305,260,2,High
18306,346,1,High
18307,111,2,Low
18309,47,2,Low
18310,135,1,Low
18311,157,2,Low
18312,61,1,Low
18313,182,3,Low
18314,18,1,Low
18315,358,1,High
18316,271,1,High
18317,20,4,Low
18318,183,2,Low
18319,233,1,High
18320,68,4,Low
18321,85,2,Low
18323,14,4,Low
18324,32,3,Low
18325,149,1,Low
18327,205,2,High
18328,135,3,Low
18329,228,1,High
18331,72,2,Low
18332,267,3,High
18333,17,7,Low
18334,4,2,Low
18335,211,3,High
18336,247,1,High
18337,45,3,Low
18339,86,1,Low
18340,106,3,Low
18341,220,2,High
18342,82,1,Low
18343,65,2,Low
18344,125,1,Low
18345,170,2,Low
18346,15,1,Low
18347,51,2,Low
18348,160,1,Low
18349,61,3,Low
18350,51,2,Low
18351,46,1,Low
18352,63,3,Low
18353,286,1,High
18354,25,5,Low
18355,13,2,Low
18356,111,1,Low
18357,76,2,Low
18359,125,1,Low
18360,274,1,High
18361,82,3,Low
18362,335,1,High
18363,152,4,Low
18364,64,3,Low
18365,110,3,Low
18366,341,1,High
18367,77,4,Low
18369,108,3,Low
18370,194,1,High
18371,186,3,Low
18372,119,2,Low
18373,47,3,Low
18374,81,3,Low
18375,27,3,Low
18376,341,1,High
18377,296,1,High
18378,156,1,Low
18379,141,3,Low
18380,154,2,Low
18381,9,2,Low
18382,8,1,Low
18383,68,2,Low
18384,83,4,Low
18386,17,3,Low
18387,275,1,High
18388,52,1,Low
18389,35,2,Low
18390,3,2,Low
18391,151,2,Low
18392,106,1,Low
18394,174,1,Low
18395,321,1,High
18396,3,5,Low
18397,118,3,Low
18400,15,3,Low
18401,350,1,High
18402,13,2,Low
18403,50,1,Low
18404,62,1,Low
18405,240,2,High
18406,28,3,Low
18407,288,2,High
18408,166,3,Low
18410,251,1,High
18411,35,3,Low
18412,32,3,Low
18414,39,2,Low
18416,99,2,Low
18417,198,1,High
18418,53,5,Low
18419,38,3,Low
18420,22,4,Low
18421,49,3,Low
18422,68,3,Low
18423,259,3,High
18424,252,1,High
18426,348,1,High
18427,157,2,Low
18428,128,3,Low
18429,242,3,High
18430,204,2,High
18431,193,2,Low
18432,7,3,Low
18433,7,4,Low
18435,4,4,Low
18436,142,1,Low
18439,200,2,High
18440,70,1,Low
18441,148,1,Low
18442,25,4,Low
18443,123,4,Low
18444,30,7,Low
18446,343,1,High
18447,22,3,Low
18448,211,4,High
18449,38,3,Low
18450,86,4,Low
18451,350,1,High
18453,137,1,Low
18454,193,3,Low
18456,6,2,Low
18458,73,1,Low
18459,21,3,Low
18460,307,1,High
18461,252,2,High
18462,9,2,Low
18464,85,1,Low
18465,75,1,Low
18466,225,1,High
18467,33,3,Low
18468,275,1,High
18469,67,3,Low
18470,320,1,High
18472,122,3,Low
18473,329,1,High
18474,137,2,Low
18475,264,1,High
18476,47,4,Low
18477,286,1,High
18478,124,2,Low
18479,74,2,Low
18480,188,1,Low
18481,361,1,High
18483,60,1,Low
18485,75,2,Low
18487,97,1,Low
18488,255,3,High
18492,181,2,Low
18493,279,2,High
18494,283,2,High
18495,190,1,Low
18496,183,2,Low
18497,83,2,Low
18498,4,5,Low
18500,7,2,Low
18501,119,1,Low
18502,18,6,Low
18503,204,1,High
18504,231,2,High
18505,98,1,Low
18506,172,2,Low
18507,58,2,Low
18508,80,3,Low
18509,87,4,Low
18510,227,2,High
18511,54,5,Low
18513,156,1,Low
18514,25,3,Low
18516,114,2,Low
18517,42,1,Low
18518,349,2,High
18523,164,1,Low
18524,28,3,Low
18525,145,1,Low
18527,172,2,Low
18528,143,2,Low
18529,330,1,High
18530,23,2,Low
18531,134,4,Low
18532,350,1,High
18533,56,3,Low
18534,112,2,Low
18535,7,5,Low
18536,288,1,High
18539,42,2,Low
18540,181,1,Low
18541,231,1,High
18542,38,1,Low
18543,157,3,Low
18544,53,2,Low
18545,121,4,Low
18546,217,2,High
18547,138,1,Low
18548,230,2,High
18549,1,3,Low
18550,29,2,Low
18551,27,2,Low
18552,96,2,Low
18553,71,2,Low
18554,13,3,Low
18555,169,2,Low
18557,79,5,Low
18558,246,2,High
18561,70,4,Low
18562,343,1,High
18563,260,5,High
18564,25,2,Low
18567,63,3,Low
18568,86,3,Low
18570,28,1,Low
18572,2,2,Low
18573,91,2,Low
18574,288,2,High
18576,116,4,Low
18578,57,2,Low
18579,51,2,Low
18580,361,1,High
18582,302,1,High
18583,76,1,Low
18584,346,1,High
18585,78,1,Low
18587,340,2,High
18588,2,2,Low
18589,164,2,Low
18590,12,4,Low
18591,362,1,High
18592,328,1,High
18593,6,4,Low
18594,12,3,Low
18596,180,3,Low
18597,37,2,Low
18598,76,3,Low
18600,162,2,Low
18601,77,2,Low
18602,155,2,Low
18603,121,4,Low
18604,90,3,Low
18605,216,1,High
18606,26,4,Low
18607,5,1,Low
18608,257,1,High
18609,156,3,Low
18610,103,2,Low
18611,32,2,Low
18613,16,5,Low
18614,197,2,High
18615,218,2,High
18617,79,6,Low
18618,68,4,Low
18619,114,4,Low
18620,62,2,Low
18621,226,2,High
18622,284,1,High
18623,102,2,Low
18624,88,2,Low
18625,16,2,Low
18626,265,2,High
18627,132,1,Low
18628,359,1,High
18630,16,4,Low
18631,102,3,Low
18632,21,2,Low
18633,61,3,Low
18634,265,1,High
18635,249,1,High
18636,200,1,High
18637,27,1,Low
18638,153,3,Low
18640,26,1,Low
18641,41,2,Low
18642,76,3,Low
18643,5,4,Low
18644,11,6,Low
18645,11,1,Low
18647,94,3,Low
18648,131,2,Low
18649,198,1,High
18650,104,3,Low
18651,149,1,Low
18653,277,1,High
18654,166,3,Low
18655,36,2,Low
18656,356,1,High
18657,20,2,Low
18658,35,5,Low
18659,78,2,Low
18660,77,2,Low
18662,193,1,Low
18663,78,3,Low
18664,311,1,High
18665,262,2,High
18667,271,3,High
18668,12,4,Low
18669,40,4,Low
18670,21,3,Low
18671,200,4,High
18672,50,1,Low
18673,65,2,Low
18675,8,1,Low
18676,75,1,Low
18678,59,3,Low
18679,75,2,Low
18681,136,3,Low
18682,249,1,High
18683,132,1,Low
18684,160,1,Low
18685,68,2,Low
18686,303,1,High
18687,57,2,Low
18688,66,6,Low
18689,61,1,Low
18690,15,2,Low
18692,37,2,Low
18693,193,1,Low
18694,149,2,Low
18696,9,2,Low
18697,197,1,High
18698,236,3,High
18699,4,4,Low
18700,170,1,Low
18701,152,1,Low
18702,29,4,Low
18703,30,4,Low
18705,39,5,Low
18706,235,2,High
18707,325,1,High
18710,342,2,High
18712,266,2,High
18714,46,2,Low
18715,188,1,Low
18716,131,2,Low
18717,54,5,Low
18718,80,3,Low
18719,136,2,Low
18720,1,3,Low
18721,18,2,Low
18722,254,2,High
18723,137,1,Low
18724,97,3,Low
18725,33,6,Low
18726,149,3,Low
18727,3,1,Low
18728,313,1,High
18729,257,2,High
18730,130,3,Low
18731,234,2,High
18732,78,2,Low
18733,117,2,Low
18734,290,1,High
18735,183,3,Low
18736,180,4,Low
18737,58,4,Low
18738,251,1,High
18739,152,1,Low
18740,139,1,Low
18741,14,3,Low
18742,101,3,Low
18744,148,1,Low
18746,289,1,High
18748,30,2,Low
18749,83,6,Low
18750,82,1,Low
18751,2,1,Low
18752,189,4,Low
18753,105,3,Low
18754,23,4,Low
18755,149,2,Low
18756,210,3,High
18757,102,3,Low
18759,240,1,High
18762,204,2,High
18763,148,1,Low
18764,182,1,Low
18765,14,1,Low
18766,271,1,High
18767,256,2,High
18768,37,3,Low
18770,42,4,Low
18771,106,3,Low
18772,153,1,Low
18773,224,2,High
18774,321,1,High
18776,238,5,High
18777,258,2,High
18778,193,1,Low
18779,21,2,Low
18782,331,1,High
18783,79,1,Low
18784,139,3,Low
18785,173,1,Low
18786,16,1,Low
18787,211,2,High
18788,33,1,Low
18791,98,3,Low
18792,7,4,Low
18793,290,2,High
18794,26,1,Low
18795,87,2,Low
18797,127,1,Low
18798,109,6,Low
18799,247,1,High
18800,332,1,High
18801,44,2,Low
18802,3,3,Low
18803,145,1,Low
18805,193,1,Low
18806,215,1,High
18807,124,3,Low
18808,36,2,Low
18810,112,2,Low
18811,95,2,Low
18812,290,2,High
18813,9,4,Low
18814,222,1,High
18815,77,2,Low
18816,47,2,Low
18818,29,2,Low
18821,296,2,High
18822,14,1,Low
18823,42,4,Low
18825,336,1,High
18826,149,2,Low
18827,37,3,Low
18828,70,3,Low
18829,189,1,Low
18830,254,2,High
18831,192,4,Low
18832,131,3,Low
18833,279,1,High
18835,129,4,Low
18836,57,4,Low
18838,89,1,Low
18839,8,4,Low
18841,181,2,Low
18842,30,2,Low
18843,195,2,High
18845,119,1,Low
18846,100,2,Low
18847,9,4,Low
18848,12,3,Low
18849,83,2,Low
18850,123,3,Low
18851,159,2,Low
18852,199,1,High
18853,334,1,High
18855,200,2,High
18856,229,1,High
18858,298,1,High
18859,147,1,Low
18860,217,1,High
18861,51,2,Low
18862,263,2,High
18863,104,1,Low
18864,61,4,Low
18865,57,2,Low
18866,244,1,High
18867,75,2,Low
18868,13,5,Low
18869,299,2,High
18870,273,3,High
18872,225,3,High
18873,128,3,Low
18874,36,2,Low
18875,113,2,Low
18876,123,5,Low
18877,2,4,Low
18878,135,3,Low
18879,23,1,Low
18880,147,1,Low
18881,145,1,Low
18882,239,1,High
18883,16,3,Low
18884,121,3,Low
18885,237,2,High
18886,70,5,Low
18887,32,4,Low
18888,149,1,Low
18889,68,1,Low
18890,140,4,Low
18891,4,3,Low
18892,269,1,High
18893,201,3,High
18894,123,1,Low
18895,58,3,Low
18896,245,1,High
18897,158,3,Low
18898,113,2,Low
18899,177,1,Low
18900,331,1,High
18901,254,2,High
18902,104,4,Low
18903,46,2,Low
18905,188,3,Low
18906,41,4,Low
18907,111,4,Low
18908,173,2,Low
18910,200,1,High
18911,48,2,Low
18912,264,1,High
18914,65,4,Low
18915,145,3,Low
18916,233,1,High
18917,198,2,High
18919,105,3,Low
18920,266,1,High
18921,133,1,Low
18922,175,5,Low
18923,159,3,Low
18924,27,3,Low
18925,81,2,Low
18926,49,1,Low
18927,56,1,Low
18928,254,1,High
18930,202,1,High
18931,271,2,High
18932,29,2,Low
18933,210,3,High
18934,53,2,Low
18935,192,2,Low
18939,200,5,High
18940,174,6,Low
18942,85,3,Low
18943,47,1,Low
18944,207,1,High
18945,17,1,Low
18946,2,5,Low
18947,244,1,High
18949,135,3,Low
18951,204,2,High
18952,191,1,Low
18953,350,1,High
18954,293,2,High
18955,193,4,Low
18956,36,4,Low
18958,19,2,Low
18959,250,1,High
18960,125,2,Low
18961,243,2,High
18963,163,2,Low
18965,38,1,Low
18966,61,2,Low
18967,257,1,High
18968,184,1,Low
18969,62,1,Low
18971,104,3,Low
18972,2,4,Low
18973,83,2,Low
18974,70,1,Low
18975,220,2,High
18976,110,2,Low
18977,177,3,Low
18978,132,1,Low
18979,71,1,Low
18981,307,1,High
18982,83,3,Low
18984,191,4,Low
18985,294,2,High
18987,147,2,Low
18988,92,2,Low
18989,238,3,High
18990,83,3,Low
18991,32,3,Low
18992,245,4,High
18993,97,2,Low
18994,10,2,Low
18995,10,1,Low
18996,311,1,High
18997,359,1,High
18998,50,2,Low
18999,212,1,High
19000,61,4,Low
19001,93,1,Low
19002,20,4,Low
19003,15,2,Low
19005,57,3,Low
19006,26,2,Low
19007,48,3,Low
19008,194,2,High
19009,260,1,High
19010,26,2,Low
19011,174,2,Low
19012,136,3,Low
19013,117,1,Low
19015,19,2,Low
19016,200,2,High
19017,13,2,Low
19018,117,3,Low
19019,122,2,Low
19020,86,2,Low
19021,124,2,Low
19022,55,3,Low
19024,111,2,Low
19025,57,2,Low
19026,212,3,High
19028,291,2,High
19029,62,1,Low
19030,31,1,Low
19031,259,1,High
19033,194,2,High
19034,215,2,High
19035,325,1,High
19036,161,4,Low
19037,287,1,High
19038,136,3,Low
19039,163,4,Low
19040,300,1,High
19041,95,2,Low
19044,81,2,Low
19045,97,5,Low
19046,203,1,High
19047,155,2,Low
19048,4,3,Low
19050,44,6,Low
19051,238,1,High
19052,98,4,Low
19055,70,1,Low
19056,87,2,Low
19059,128,1,Low
19060,248,1,High
19061,150,2,Low
19062,184,1,Low
19063,253,2,High
19064,19,3,Low
19065,214,1,High
19066,43,4,Low
19067,96,2,Low
19069,34,4,Low
19070,159,1,Low
19071,12,3,Low
19073,1,5,Low
19074,210,2,High
19075,132,1,Low
19076,195,2,High
19077,56,6,Low
19080,247,1,High
19081,105,3,Low
19083,85,2,Low
19084,49,1,Low
19085,43,1,Low
19086,120,2,Low
19087,52,1,Low
19088,18,3,Low
19089,71,3,Low
19090,309,1,High
19091,59,2,Low
19092,68,2,Low
19095,197,3,High
19096,79,4,Low
19097,17,3,Low
19099,96,4,Low
19101,326,1,High
19102,241,1,High
19103,177,2,Low
19104,166,1,Low
19105,150,2,Low
19106,14,4,Low
19107,184,2,Low
19108,206,1,High
19109,158,1,Low
19110,221,1,High
19111,70,3,Low
19113,265,1,High
19114,183,1,Low
19116,255,1,High
19117,79,1,Low
19118,92,1,Low
19119,82,4,Low
19120,87,3,Low
19121,171,4,Low
19122,71,4,Low
19123,230,2,High
19124,18,3,Low
19125,88,5,Low
19126,133,1,Low
19127,165,2,Low
19128,58,1,Low
19129,231,1,High
19130,156,2,Low
19131,36,2,Low
19132,34,3,Low
19133,140,1,Low
19135,259,4,High
19136,184,2,Low
19137,13,4,Low
19138,110,2,Low
19139,67,1,Low
19140,9,7,Low
19141,233,3,High
19142,114,1,Low
19143,236,3,High
19144,112,1,Low
19145,175,1,Low
19146,201,2,High
19149,324,1,High
19151,224,1,High
19152,3,5,Low
19153,98,3,Low
19154,82,3,Low
19155,191,4,Low
19156,5,5,Low
19160,83,3,Low
19161,45,3,Low
19162,194,2,High
19164,304,2,High
19166,283,1,High
19167,9,5,Low
19168,156,1,Low
19169,155,4,Low
19171,68,2,Low
19172,27,1,Low
19173,96,1,Low
19174,42,4,Low
19175,74,2,Low
19176,87,2,Low
19177,121,2,Low
19178,21,5,Low
19179,199,1,High
19181,261,2,High
19182,182,2,Low
19183,46,2,Low
19184,196,1,High
19185,149,2,Low
19186,76,3,Low
19187,126,1,Low
19189,77,1,Low
19190,226,1,High
19191,226,1,High
19192,289,2,High
19193,77,1,Low
19195,244,1,High
19197,110,1,Low
19199,45,2,Low
19200,111,4,Low
19201,294,1,High
19202,305,1,High
19203,264,2,High
19204,21,3,Low
19205,3,3,Low
19206,295,2,High
19207,185,1,Low
19208,193,1,Low
19209,334,1,High
19210,302,1,High
19211,76,4,Low
19212,148,1,Low
19213,22,2,Low
19214,55,2,Low
19215,182,1,Low
19216,21,2,Low
19217,155,1,Low
19218,16,4,Low
19219,136,5,Low
19220,98,2,Low
19221,87,1,Low
19222,194,2,High
19224,41,1,Low
19225,8,1,Low
19226,164,1,Low
19227,226,1,High
19229,73,2,Low
19230,50,2,Low
19231,158,1,Low
19233,302,1,High
19234,315,2,High
19235,360,1,High
19236,113,2,Low
19237,18,3,Low
19238,288,1,High
19239,142,4,Low
19240,58,1,Low
19241,207,2,High
19242,110,3,Low
19244,145,3,Low
19245,317,2,High
19246,310,1,High
19247,148,3,Low
19248,213,4,High
19249,305,1,High
19250,95,2,Low
19251,82,3,Low
19253,145,3,Low
19254,151,3,Low
19255,279,1,High
19256,187,2,Low
19257,113,3,Low
19258,35,3,Low
19259,1,3,Low
19260,78,1,Low
19261,179,1,Low
19262,52,3,Low
19263,11,7,Low
19264,7,4,Low
19265,13,3,Low
19266,225,2,High
19267,257,1,High
19268,25,3,Low
19269,177,1,Low
19270,31,2,Low
19271,78,2,Low
19272,117,3,Low
19273,141,4,Low
19276,43,4,Low
19277,105,2,Low
19278,12,5,Low
19280,124,3,Low
19281,357,1,High
19282,96,2,Low
19283,71,2,Low
19284,148,3,Low
19285,237,2,High
19287,22,2,Low
19288,208,1,High
19289,154,2,Low
19290,157,2,Low
19291,65,3,Low
19292,57,1,Low
19293,101,1,Low
19294,14,4,Low
19295,19,2,Low
19296,299,1,High
19297,193,3,Low
19298,123,3,Low
19299,225,1,High
19300,38,2,Low
19301,329,1,High
19302,197,2,High
19303,92,3,Low
19304,107,1,Low
19305,64,2,Low
19306,27,3,Low
19307,127,1,Low
19308,326,2,High
19309,83,2,Low
19310,244,1,High
19311,60,3,Low
19313,158,2,Low
19314,113,1,Low
19315,1,3,Low
19316,362,1,High
19320,36,4,Low
19321,120,2,Low
19322,51,1,Low
19323,177,2,Low
19324,3,3,Low
19326,354,1,High
19327,309,1,High
19329,20,2,Low
19330,61,3,Low
19331,38,2,Low
19334,165,3,Low
19335,16,2,Low
19336,51,2,Low
19337,11,2,Low
19338,64,3,Low
19339,62,3,Low
19341,139,4,Low
19342,74,1,Low
19343,247,1,High
19344,22,3,Low
19345,202,1,High
19346,8,4,Low
19347,136,1,Low
19348,212,1,High
19349,209,1,High
19350,304,1,High
19351,54,1,Low
19352,108,3,Low
19353,60,3,Low
19354,98,2,Low
19355,40,4,Low
19356,111,3,Low
19357,177,3,Low
19358,89,1,Low
19361,118,1,Low
19362,138,1,Low
19363,113,5,Low
19364,68,2,Low
19365,248,1,High
19366,228,1,High
19368,28,3,Low
19369,94,2,Low
19370,281,1,High
19371,220,3,High
19372,169,1,Low
19373,242,4,High
19374,40,2,Low
19375,80,2,Low
19376,23,3,Low
19377,40,2,Low
19378,8,1,Low
19379,309,1,High
19380,3,1,Low
19381,275,2,High
19382,295,1,High
19383,42,2,Low
19384,185,1,Low
19385,138,1,Low
19386,57,2,Low
19387,55,2,Low
19389,76,2,Low
19391,299,1,High
19392,2,2,Low
19393,11,2,Low
19394,4,1,Low
19396,312,1,High
19397,26,2,Low
19398,165,3,Low
19399,77,2,Low
19401,80,2,Low
19403,29,3,Low
19405,243,3,High
19406,338,1,High
19407,168,2,Low
19408,126,1,Low
19409,28,6,Low
19410,31,4,Low
19412,40,2,Low
19413,264,1,High
19414,5,3,Low
19415,360,1,High
19417,6,4,Low
19418,85,2,Low
19419,304,1,High
19420,14,3,Low
19421,106,2,Low
19422,82,3,Low
19423,269,2,High
19424,237,1,High
19425,233,2,High
19426,24,4,Low
19427,37,5,Low
19428,204,4,High
19430,170,1,Low
19431,45,5,Low
19432,275,3,High
19433,22,2,Low
19434,338,1,High
19435,62,3,Low
19437,250,1,High
19439,27,2,Low
19440,49,5,Low
19441,168,2,Low
19442,54,1,Low
19443,16,2,Low
19445,174,1,Low
19446,100,2,Low
19447,222,3,High
19448,174,2,Low
19450,115,1,Low
19452,114,4,Low
19453,138,2,Low
19455,120,2,Low
19456,187,1,Low
19457,21,2,Low
19458,134,2,Low
19460,81,7,Low
19461,130,3,Low
19462,77,4,Low
19463,214,1,High
19464,104,1,Low
19466,79,2,Low
19467,81,1,Low
19468,78,2,Low
19469,50,5,Low
19470,10,4,Low
19472,162,2,Low
19473,30,1,Low
19474,204,2,High
19475,25,3,Low
19476,151,1,Low
19478,214,2,High
19480,27,4,Low
19482,182,3,Low
19483,253,2,High
19485,31,5,Low
19486,133,3,Low
19487,21,1,Low
19488,135,2,Low
19489,359,1,High
19490,155,3,Low
19491,269,1,High
19492,32,3,Low
19493,49,4,Low
19494,6,1,Low
19495,102,3,Low
19498,73,4,Low
19499,271,1,High
19500,141,2,Low
19501,47,3,Low
19502,109,3,Low
19503,54,3,Low
19504,59,4,Low
19505,289,2,High
19506,117,2,Low
19507,116,4,Low
19508,76,1,Low
19509,81,4,Low
19510,19,4,Low
19511,228,1,High
19512,111,1,Low
19515,285,1,High
19516,49,2,Low
19519,104,1,Low
19520,184,2,Low
19521,14,5,Low
19523,56,4,Low
19524,131,1,Low
19525,12,1,Low
19528,286,1,High
19529,111,1,Low
19531,87,6,Low
19532,105,3,Low
19533,113,1,Low
19534,229,1,High
19535,256,1,High
19536,127,1,Low
19537,319,1,High
19538,31,3,Low
19541,109,3,Low
19542,35,2,Low
19543,125,1,Low
19544,96,5,Low
19545,111,5,Low
19547,44,1,Low
19548,96,2,Low
19549,15,3,Low
19550,156,2,Low
19551,250,3,High
19552,15,2,Low
19553,40,1,Low
19554,161,3,Low
19555,112,3,Low
19556,204,3,High
19557,245,2,High
19558,121,3,Low
19559,20,2,Low
19560,211,2,High
19561,256,1,High
19562,240,2,High
19566,126,1,Low
19567,104,2,Low
19568,55,7,Low
19569,207,1,High
19570,38,2,Low
19571,359,1,High
19572,25,3,Low
19573,163,5,Low
19574,110,3,Low
19575,219,2,High
19576,45,3,Low
19579,226,2,High
19580,72,3,Low
19581,248,1,High
19582,231,2,High
19583,266,2,High
19584,108,3,Low
19586,204,2,High
19587,39,1,Low
19588,252,1,High
19589,89,2,Low
19591,180,2,Low
19592,88,1,Low
19593,60,3,Low
19594,12,2,Low
19596,70,2,Low
19597,26,3,Low
19598,64,3,Low
19599,120,3,Low
19600,314,1,High
19601,96,4,Low
19602,181,2,Low
19603,158,3,Low
19604,285,1,High
19605,24,2,Low
19606,210,1,High
19607,121,1,Low
19608,355,1,High
19609,4,4,Low
19610,115,2,Low
19611,296,2,High
19612,147,1,Low
19613,219,1,High
19614,21,3,Low
19615,16,1,Low
19616,248,1,High
19617,9,3,Low
19618,194,2,High
19619,100,2,Low
19620,62,4,Low
19621,159,3,Low
19622,45,5,Low
19623,135,3,Low
19624,47,2,Low
19626,95,1,Low
19627,196,3,High
19628,57,3,Low
19629,73,1,Low
19630,57,1,Low
19631,6,1,Low
19632,2,3,Low
19633,268,1,High
19635,1,1,Low
19636,10,4,Low
19637,108,1,Low
19638,11,3,Low
19641,165,1,Low
19643,322,2,High
19645,291,1,High
19646,5,3,Low
19648,148,1,Low
19649,189,2,Low
19650,47,3,Low
19651,312,3,High
19652,332,2,High
19653,130,1,Low
19654,77,2,Low
19656,351,1,High
19657,234,3,High
19658,19,3,Low
19659,148,1,Low
19660,1,5,Low
19661,91,1,Low
19662,198,1,High
19663,150,1,Low
19664,170,1,Low
19666,261,1,High
19668,117,1,Low
19670,23,1,Low
19671,278,2,High
19672,156,2,Low
19673,55,4,Low
19674,103,2,Low
19675,115,5,Low
19676,255,2,High
19677,154,4,Low
19678,177,2,Low
19681,46,5,Low
19682,37,4,Low
19683,182,1,Low
19684,20,3,Low
19685,23,2,Low
19686,65,1,Low
19687,265,1,High
19688,132,1,Low
19689,293,1,High
19690,139,3,Low
19691,172,2,Low
19692,142,4,Low
19693,77,4,Low
19694,229,2,High
19695,22,5,Low
19696,55,1,Low
19697,234,1,High
19699,77,2,Low
19700,7,3,Low
19701,329,1,High
19702,241,1,High
19704,302,1,High
19705,70,1,Low
19706,54,2,Low
19707,222,2,High
19708,306,2,High
19709,178,2,Low
19710,26,1,Low
19711,126,2,Low
19712,111,1,Low
19715,56,2,Low
19716,87,5,Low
19717,46,3,Low
19718,228,2,High
19719,310,1,High
19720,180,2,Low
19721,53,3,Low
19722,285,2,High
19723,3,2,Low
19724,38,2,Low
19725,79,2,Low
19726,151,3,Low
19727,317,1,High
19728,121,2,Low
19729,239,2,High
19730,73,2,Low
19732,49,2,Low
19733,183,1,Low
19735,133,1,Low
19736,83,2,Low
19737,72,2,Low
19739,16,1,Low
19740,244,2,High
19742,223,1,High
19743,338,1,High
19744,78,2,Low
19745,224,2,High
19746,74,3,Low
19747,17,2,Low
19748,62,2,Low
19749,232,2,High
19751,248,2,High
19752,49,1,Low
19754,23,2,Low
19755,222,3,High
19757,100,4,Low
19759,75,5,Low
19760,31,5,Low
19761,9,3,Low
19762,53,6,Low
19763,188,3,Low
19765,77,3,Low
19766,124,2,Low
19767,325,1,High
19769,315,1,High
19770,19,4,Low
19771,253,1,High
19772,190,3,Low
19773,234,3,High
19774,109,1,Low
19775,160,1,Low
19776,17,2,Low
19777,169,2,Low
19778,34,1,Low
19779,70,3,Low
19780,72,3,Low
19781,360,1,High
19782,161,3,Low
19783,50,2,Low
19784,47,4,Low
19785,278,1,High
19786,78,2,Low
19787,169,2,Low
19788,43,1,Low
19789,316,2,High
19790,234,2,High
19791,16,4,Low
19793,17,6,Low
19794,56,4,Low
19795,104,4,Low
19796,1,2,Low
19797,349,1,High
19798,38,2,Low
19800,135,2,Low
19801,81,3,Low
19802,190,4,Low
19803,5,4,Low
19807,213,2,High
19808,8,3,Low
19809,21,4,Low
19810,37,4,Low
19811,79,4,Low
19812,168,3,Low
19813,204,1,High
19814,46,2,Low
19815,102,4,Low
19816,143,3,Low
19817,104,2,Low
19818,90,2,Low
19819,354,2,High
19820,19,4,Low
19821,122,2,Low
19823,231,1,High
19825,144,1,Low
19826,178,1,Low
19827,4,2,Low
19828,95,3,Low
19830,196,2,High
19831,108,2,Low
19832,9,2,Low
19833,20,3,Low
19834,64,3,Low
19835,136,1,Low
19839,185,3,Low
19840,296,1,High
19841,255,2,High
19842,51,2,Low
19843,244,2,High
19844,75,5,Low
19845,31,3,Low
19846,26,3,Low
19847,198,2,High
19849,68,2,Low
19850,55,2,Low
19851,31,3,Low
19852,249,1,High
19854,40,5,Low
19855,119,1,Low
19856,44,4,Low
19857,328,1,High
19859,21,2,Low
19860,37,1,Low
19861,7,3,Low
19862,78,3,Low
19863,276,2,High
19864,141,2,Low
19865,184,2,Low
19866,150,3,Low
19867,54,2,Low
19868,184,1,Low
19869,53,3,Low
19870,69,1,Low
19872,95,4,Low
19873,196,1,High
19874,348,1,High
19877,306,1,High
19879,109,2,Low
19880,145,2,Low
19881,204,3,High
19882,78,3,Low
19883,107,1,Low
19884,26,4,Low
19885,25,3,Low
19886,130,2,Low
19887,16,4,Low
19888,102,2,Low
19889,160,1,Low
19891,223,3,High
19893,84,4,Low
19895,31,2,Low
19897,208,1,High
19898,244,1,High
19899,39,2,Low
19900,87,1,Low
19902,38,4,Low
19903,5,5,Low
19904,329,2,High
19905,214,2,High
19906,114,2,Low
19908,39,1,Low
19909,270,1,High
19910,111,2,Low
19911,226,2,High
19913,138,2,Low
19914,139,3,Low
19915,131,2,Low
19916,13,1,Low
19917,325,1,High
19918,87,3,Low
19919,139,2,Low
19921,111,1,Low
19922,49,2,Low
19925,70,1,Low
19926,57,2,Low
19927,274,2,High
19928,282,3,High
19929,206,1,High
19930,3,5,Low
19931,19,1,Low
19932,77,3,Low
19933,344,2,High
19934,91,1,Low
19936,213,1,High
19937,154,1,Low
19938,202,1,High
19939,24,1,Low
19940,48,1,Low
19941,116,5,Low
19942,67,3,Low
19944,8,3,Low
19945,64,1,Low
19948,170,3,Low
19949,239,2,High
19950,345,1,High
19951,10,6,Low
19952,41,3,Low
19953,212,1,High
19954,274,1,High
19955,60,3,Low
19956,29,1,Low
19958,54,2,Low
19960,31,4,Low
19961,41,3,Low
19962,19,3,Low
19963,118,3,Low
19964,346,1,High
19965,282,1,High
19966,106,4,Low
19967,219,2,High
19968,28,3,Low
19969,58,2,Low
19970,11,4,Low
19971,212,2,High
19972,51,4,Low
19973,80,1,Low
19975,41,5,Low
19976,58,2,Low
19977,158,2,Low
19979,120,3,Low
19980,158,1,Low
19981,326,1,High
19982,98,4,Low
19983,138,2,Low
19984,69,1,Low
19985,322,1,High
19986,228,1,High
19987,344,1,High
19988,151,4,Low
19989,45,5,Low
19990,168,3,Low
19991,8,2,Low
19993,2,3,Low
19994,19,3,Low
19995,72,2,Low
19996,48,1,Low
19997,78,1,Low
19998,37,3,Low
20000,27,2,Low
20001,54,4,Low
20002,136,3,Low
20003,31,3,Low
20004,19,3,Low
20005,164,4,Low
20006,107,3,Low
20007,43,1,Low
20008,211,1,High
20009,150,3,Low
20010,111,2,Low
20011,243,2,High
20013,123,1,Low
20014,49,1,Low
20015,36,5,Low
20017,9,1,Low
20018,338,1,High
20019,266,2,High
20020,42,2,Low
20021,90,2,Low
20022,12,2,Low
20023,93,3,Low
20025,68,1,Low
20027,102,1,Low
20028,197,2,High
20029,56,3,Low
20030,101,5,Low
20032,155,1,Low
20034,164,2,Low
20035,23,2,Low
20036,120,2,Low
20037,333,1,High
20038,223,1,High
20039,86,2,Low
20040,57,6,Low
20041,243,3,High
20042,145,1,Low
20043,77,3,Low
20044,73,1,Low
20046,309,1,High
20047,274,3,High
20048,136,2,Low
20049,106,3,Low
20050,91,4,Low
20051,9,3,Low
20052,93,3,Low
20053,41,1,Low
20054,10,4,Low
20055,85,1,Low
20057,57,7,Low
20059,142,1,Low
20060,335,1,High
20061,237,1,High
20062,37,2,Low
20063,46,3,Low
20064,67,5,Low
20065,285,2,High
20066,55,4,Low
20067,337,2,High
20068,89,1,Low
20069,163,2,Low
20070,222,3,High
20071,331,2,High
20072,191,1,Low
20073,233,2,High
20074,65,4,Low
20075,316,2,High
20076,3,4,Low
20078,14,2,Low
20079,196,1,High
20081,25,1,Low
20082,19,2,Low
20083,40,3,Low
20084,252,2,High
20085,42,3,Low
20087,279,1,High
20088,215,2,High
20089,49,2,Low
20090,338,1,High
20091,312,1,High
20093,131,2,Low
20095,182,2,Low
20097,127,3,Low
20100,224,1,High
20101,155,1,Low
20102,281,3,High
20103,81,4,Low
20104,130,1,Low
20106,152,2,Low
20107,9,2,Low
20108,125,2,Low
20109,184,1,Low
20110,118,2,Low
20111,356,1,High
20112,47,5,Low
20113,29,4,Low
20114,229,2,High
20115,199,3,High
20116,149,4,Low
20117,268,1,High
20118,16,2,Low
20119,76,3,Low
20120,31,1,Low
20121,346,1,High
20122,31,3,Low
20123,59,3,Low
20124,223,2,High
20125,40,4,Low
20126,123,3,Low
20127,84,2,Low
20128,268,3,High
20129,220,1,High
20130,41,3,Low
20131,160,4,Low
20132,36,4,Low
20133,15,3,Low
20134,27,7,Low
20135,118,1,Low
20136,201,1,High
20137,14,5,Low
20138,26,2,Low
20140,75,3,Low
20141,131,1,Low
20142,275,1,High
20143,50,2,Low
20144,95,3,Low
20145,19,8,Low
20146,154,1,Low
20147,83,2,Low
20148,21,2,Low
20149,108,4,Low
20150,121,2,Low
20151,82,1,Low
20153,152,2,Low
20154,172,3,Low
20155,271,1,High
20156,4,2,Low
20159,9,5,Low
20160,46,6,Low
20161,153,4,Low
20162,10,6,Low
20163,152,4,Low
20164,195,2,High
20166,65,2,Low
20167,9,4,Low
20168,55,1,Low
20169,18,2,Low
20170,293,1,High
20171,84,5,Low
20172,147,3,Low
20173,22,2,Low
20176,237,1,High
20177,342,2,High
20178,218,1,High
20179,238,1,High
20181,92,2,Low
20182,1,4,Low
20183,227,2,High
20184,134,1,Low
20185,57,2,Low
20186,179,1,Low
20187,203,2,High
20188,225,1,High
20189,14,3,Low
20190,236,3,High
20191,203,2,High
20192,33,1,Low
20193,197,1,High
20195,1,4,Low
20196,259,3,High
20198,275,2,High
20199,31,1,Low
20201,195,1,High
20202,212,3,High
20203,207,2,High
20204,144,1,Low
20205,7,6,Low
20206,111,3,Low
20207,62,1,Low
20208,232,1,High
20209,58,3,Low
20211,38,1,Low
20213,27,3,Low
20214,118,1,Low
20215,117,2,Low
20216,85,2,Low
20217,201,4,High
20218,225,2,High
20219,60,4,Low
20220,60,6,Low
20221,260,2,High
20222,83,2,Low
20223,20,4,Low
20224,222,3,High
20225,144,3,Low
20226,78,1,Low
20228,84,3,Low
20229,149,1,Low
20230,83,3,Low
20231,23,5,Low
20232,271,3,High
20233,7,4,Low
20234,71,1,Low
20235,104,5,Low
20236,358,1,High
20237,161,1,Low
20239,334,1,High
20240,339,2,High
20241,150,2,Low
20242,171,1,Low
20243,73,3,Low
20244,265,2,High
20245,66,2,Low
20246,150,1,Low
20248,223,1,High
20249,266,2,High
20250,357,1,High
20251,243,2,High
20252,253,2,High
20253,153,1,Low
20254,52,5,Low
20255,199,2,High
20256,27,1,Low
20257,225,2,High
20258,240,1,High
20259,11,6,Low
20260,152,2,Low
20261,190,4,Low
20262,6,3,Low
20263,137,1,Low
20264,326,2,High
20265,31,5,Low
20266,264,2,High
20267,28,2,Low
20268,2,3,Low
20269,156,3,Low
20270,20,1,Low
20271,107,1,Low
20272,215,2,High
20273,2,3,Low
20274,29,3,Low
20277,85,1,Low
20278,133,2,Low
20279,28,3,Low
20281,138,2,Low
20282,159,3,Low
20284,347,1,High
20285,183,3,Low
20286,141,1,Low
20287,47,4,Low
20288,149,2,Low
20289,196,2,High
20290,33,2,Low
20291,126,2,Low
20292,47,1,Low
20293,165,3,Low
20294,9,1,Low
20295,149,3,Low
20297,322,1,High
20298,161,4,Low
20300,66,1,Low
20301,86,3,Low
20302,128,1,Low
20303,245,1,High
20304,96,3,Low
20305,151,1,Low
20308,151,2,Low
20309,67,2,Low
20310,162,1,Low
20312,171,2,Low
20313,298,1,High
20314,168,1,Low
20315,124,1,Low
20317,14,1,Low
20318,278,2,High
20319,199,1,High
20320,65,5,Low
20321,7,4,Low
20322,95,2,Low
20323,28,3,Low
20324,199,1,High
20325,184,1,Low
20326,139,1,Low
20327,67,1,Low
20328,220,1,High
20329,100,3,Low
20330,71,2,Low
20331,244,3,High
20332,11,2,Low
20333,251,2,High
20334,223,2,High
20335,147,2,Low
20336,37,4,Low
20337,11,2,Low
20338,41,2,Low
20339,15,3,Low
20340,200,2,High
20341,56,2,Low
20342,5,2,Low
20343,123,1,Low
20344,75,5,Low
20345,104,1,Low
20346,195,4,High
20347,17,2,Low
20348,106,2,Low
20349,85,3,Low
20350,144,3,Low
20352,55,1,Low
20354,141,2,Low
20356,47,2,Low
20357,48,4,Low
20358,185,1,Low
20359,73,3,Low
20360,102,4,Low
20361,176,1,Low
20363,255,1,High
20364,137,2,Low
20365,114,5,Low
20367,109,1,Low
20368,80,4,Low
20369,97,1,Low
20370,271,1,High
20371,2,3,Low
20373,44,3,Low
20374,233,2,High
20376,168,2,Low
20377,40,1,Low
20378,101,2,Low
20379,59,1,Low
20380,353,1,High
20382,19,3,Low
20383,294,1,High
20384,300,1,High
20385,24,4,Low
20386,20,2,Low
20387,101,2,Low
20390,187,1,Low
20391,150,1,Low
20392,221,2,High
20393,90,2,Low
20394,18,3,Low
20395,194,1,High
20396,140,2,Low
20397,59,3,Low
20398,46,4,Low
20399,16,4,Low
20401,233,1,High
20402,234,1,High
20403,14,2,Low
20404,350,1,High
20406,342,3,High
20408,85,4,Low
20409,18,3,Low
20410,169,2,Low
20411,70,2,Low
20414,224,1,High
20415,65,1,Low
20416,57,1,Low
20417,82,2,Low
20418,137,3,Low
20419,65,3,Low
20420,312,1,High
20421,281,1,High
20422,100,4,Low
20423,89,4,Low
20424,84,4,Low
20426,338,1,High
20428,1,2,Low
20429,269,1,High
20432,31,2,Low
20433,195,1,High
20434,21,5,Low
20435,92,2,Low
20436,194,2,High
20437,64,2,Low
20438,118,4,Low
20439,113,3,Low
20440,33,4,Low
20443,12,2,Low
20445,137,3,Low
20446,64,5,Low
20447,83,3,Low
20448,6,1,Low
20449,148,1,Low
20450,35,2,Low
20451,153,1,Low
20452,244,1,High
20454,174,1,Low
20455,30,1,Low
20456,16,4,Low
20458,157,3,Low
20459,215,2,High
20460,5,5,Low
20461,91,2,Low
20463,31,1,Low
20464,253,2,High
20465,190,1,Low
20466,183,2,Low
20467,89,3,Low
20468,47,5,Low
20469,205,1,High
20471,25,4,Low
20472,132,3,Low
20473,47,4,Low
20474,40,3,Low
20475,272,1,High
20476,1,5,Low
20477,4,4,Low
20479,29,4,Low
20480,53,2,Low
20481,27,1,Low
20482,5,3,Low
20484,113,2,Low
20486,126,3,Low
20487,77,2,Low
20488,54,3,Low
20489,66,2,Low
20491,101,1,Low
20492,86,1,Low
20493,139,2,Low
20494,179,4,Low
20495,70,3,Low
20496,250,1,High
20497,279,1,High
20498,98,4,Low
20499,331,2,High
20500,8,3,Low
20501,28,4,Low
20503,32,2,Low
20504,102,2,Low
20505,99,3,Low
20506,67,3,Low
20508,9,4,Low
20509,30,1,Low
20510,117,1,Low
20511,26,3,Low
20512,289,2,High
20513,332,1,High
20514,10,2,Low
20515,72,2,Low
20517,119,3,Low
20518,194,2,High
20519,212,2,High
20520,77,3,Low
20521,23,1,Low
20522,162,2,Low
20523,8,5,Low
20524,45,3,Low
20525,136,1,Low
20526,131,1,Low
20527,294,1,High
20528,34,2,Low
20529,66,6,Low
20530,344,1,High
20531,110,2,Low
20532,3,7,Low
20533,288,2,High
20534,50,2,Low
20535,48,1,Low
20536,247,2,High
20537,151,2,Low
20539,24,2,Low
20540,300,1,High
20541,6,5,Low
20542,128,1,Low
20543,106,1,Low
20544,170,1,Low
20545,58,2,Low
20547,162,2,Low
20548,337,1,High
20549,123,2,Low
20550,154,3,Low
20551,50,2,Low
20552,11,1,Low
20553,4,2,Low
20554,98,2,Low
20556,82,3,Low
20557,93,1,Low
20558,13,3,Low
20559,292,1,High
20560,310,1,High
20561,64,1,Low
20563,126,4,Low
20564,32,5,Low
20565,138,3,Low
20566,40,3,Low
20567,204,1,High
20569,19,2,Low
20570,106,2,Low
20571,47,4,Low
20572,339,1,High
20573,304,1,High
20574,42,2,Low
20575,115,1,Low
20576,175,1,Low
20577,182,2,Low
20578,73,1,Low
20579,62,1,Low
20580,170,1,Low
20581,89,3,Low
20582,58,4,Low
20583,223,2,High
20584,186,2,Low
20585,278,1,High
20586,17,3,Low
20587,58,1,Low
20588,84,5,Low
20589,179,1,Low
20590,69,3,Low
20591,2,1,Low
20592,310,2,High
20593,15,3,Low
20594,33,2,Low
20595,232,4,High
20596,13,2,Low
20598,33,3,Low
20600,113,1,Low
20601,87,1,Low
20602,72,3,Low
20603,322,2,High
20605,234,2,High
20606,13,4,Low
20607,196,2,High
20609,227,1,High
20610,41,2,Low
20611,257,1,High
20612,154,2,Low
20614,28,2,Low
20615,128,7,Low
20617,99,1,Low
20619,358,1,High
20620,263,1,High
20621,19,2,Low
20624,85,5,Low
20625,16,8,Low
20626,346,1,High
20627,52,2,Low
20628,84,3,Low
20629,35,1,Low
20630,177,2,Low
20632,306,1,High
20633,13,1,Low
20636,23,3,Low
20638,202,2,High
20639,94,2,Low
20640,148,1,Low
20642,115,2,Low
20643,240,3,High
20644,64,3,Low
20645,13,4,Low
20646,258,1,High
20647,347,1,High
20648,147,3,Low
20649,157,1,Low
20651,77,5,Low
20652,100,3,Low
20653,159,4,Low
20654,21,3,Low
20655,74,3,Low
20656,33,3,Low
20657,68,4,Low
20658,296,1,High
20659,46,1,Low
20660,171,1,Low
20661,141,1,Low
20662,84,3,Low
20663,203,1,High
20664,62,2,Low
20665,55,2,Low
20666,122,3,Low
20667,94,3,Low
20668,214,2,High
20670,23,2,Low
20671,45,3,Low
20672,86,3,Low
20673,90,3,Low
20675,215,2,High
20677,79,3,Low
20678,177,1,Low
20679,31,1,Low
20681,268,1,High
20682,152,3,Low
20683,17,3,Low
20685,176,2,Low
20686,264,3,High
20687,4,1,Low
20688,34,5,Low
20689,73,3,Low
20690,230,1,High
20691,34,1,Low
20692,227,2,High
20693,6,1,Low
20694,114,3,Low
20695,337,1,High
20696,4,2,Low
20697,64,3,Low
20698,171,3,Low
20699,165,2,Low
20700,39,4,Low
20701,323,1,High
20702,112,1,Low
20703,101,3,Low
20704,14,6,Low
20705,110,2,Low
20706,129,2,Low
20707,80,2,Low
20708,117,1,Low
20709,294,1,High
20710,75,2,Low
20712,29,2,Low
20714,33,1,Low
20715,55,2,Low
20716,321,1,High
20717,236,1,High
20718,276,1,High
20719,256,1,High
20720,13,3,Low
20721,159,1,Low
20722,312,1,High
20723,63,1,Low
20724,200,2,High
20725,64,2,Low
20727,253,1,High
20729,94,4,Low
20730,159,2,Low
20731,2,3,Low
20732,141,2,Low
20735,168,2,Low
20736,70,2,Low
20737,184,2,Low
20738,86,2,Low
20739,148,1,Low
20740,98,2,Low
20741,92,3,Low
20742,270,1,High
20743,294,1,High
20744,194,1,High
20746,161,3,Low
20747,84,2,Low
20748,62,2,Low
20749,3,6,Low
20750,39,3,Low
20751,199,1,High
20752,354,1,High
20753,27,2,Low
20754,12,2,Low
20755,38,3,Low
20756,244,2,High
20757,36,4,Low
20758,110,2,Low
20759,251,1,High
20760,33,2,Low
20761,94,3,Low
20762,71,2,Low
20763,273,1,High
20765,116,1,Low
20766,35,3,Low
20767,217,2,High
20768,339,1,High
20769,161,4,Low
20770,54,4,Low
20771,88,5,Low
20772,335,1,High
20773,163,1,Low
20774,37,3,Low
20775,66,2,Low
20776,172,1,Low
20777,115,1,Low
20778,4,2,Low
20779,354,2,High
20781,52,2,Low
20782,255,5,High
20783,92,2,Low
20785,210,2,High
20786,6,4,Low
20787,42,2,Low
20788,120,1,Low
20789,56,3,Low
20790,202,2,High
20791,293,1,High
20793,21,2,Low
20795,196,1,High
20796,46,1,Low
20798,212,2,High
20799,2,2,Low
20800,183,1,Low
20802,50,5,Low
20804,202,1,High
20806,66,3,Low
20807,174,1,Low
20808,41,3,Low
20809,153,3,Low
20810,56,2,Low
20811,11,1,Low
20812,104,6,Low
20813,216,2,High
20814,355,1,High
20815,61,1,Low
20816,243,1,High
20817,91,1,Low
20818,90,3,Low
20819,70,3,Low
20821,106,1,Low
20822,206,4,High
20823,56,1,Low
20824,250,1,High
20826,76,2,Low
20827,194,1,High
20828,259,2,High
20829,52,3,Low
20830,101,1,Low
20831,126,1,Low
20833,140,1,Low
20834,28,2,Low
20835,44,1,Low
20836,308,1,High
20837,66,1,Low
20838,91,3,Low
20839,21,2,Low
20840,20,2,Low
20841,117,2,Low
20842,225,1,High
20843,184,1,Low
20844,55,5,Low
20846,262,1,High
20847,51,1,Low
20848,143,4,Low
20849,169,1,Low
20850,88,2,Low
20851,227,4,High
20853,245,2,High
20854,39,1,Low
20855,44,4,Low
20856,317,2,High
20857,155,4,Low
20858,13,4,Low
20859,35,5,Low
20860,3,5,Low
20861,329,2,High
20863,75,1,Low
20864,169,1,Low
20865,299,1,High
20869,227,2,High
20870,216,2,High
20871,257,2,High
20872,4,2,Low
20873,325,2,High
20874,328,1,High
20875,311,1,High
20876,155,2,Low
20877,158,1,Low
20878,100,1,Low
20879,47,3,Low
20880,56,3,Low
20881,246,2,High
20884,335,2,High
20885,168,2,Low
20886,47,3,Low
20887,254,2,High
20888,207,2,High
20889,41,1,Low
20890,201,2,High
20891,33,2,Low
20892,58,4,Low
20893,143,1,Low
20894,69,7,Low
20895,137,2,Low
20896,317,1,High
20898,339,3,High
20899,230,4,High
20900,188,1,Low
20901,14,2,Low
20902,253,2,High
20903,44,3,Low
20904,91,4,Low
20905,20,2,Low
20907,258,2,High
20908,315,1,High
20909,8,3,Low
20910,295,2,High
20911,151,2,Low
20912,289,1,High
20913,280,1,High
20914,128,1,Low
20915,105,2,Low
20916,303,1,High
20917,150,2,Low
20918,3,1,Low
20919,45,3,Low
20920,68,3,Low
20921,234,2,High
20922,175,4,Low
20923,213,1,High
20925,62,3,Low
20926,197,1,High
20929,299,2,High
20930,24,3,Low
20931,294,1,High
20932,294,1,High
20933,104,1,Low
20934,284,1,High
20935,14,2,Low
20936,28,3,Low
20939,49,3,Low
20940,21,1,Low
20941,149,2,Low
20942,104,3,Low
20943,40,3,Low
20944,142,2,Low
20945,149,1,Low
20946,154,3,Low
20947,140,3,Low
20948,98,2,Low
20950,67,5,Low
20951,36,4,Low
20954,126,1,Low
20955,12,7,Low
20956,130,4,Low
20957,85,4,Low
20958,91,2,Low
20959,54,2,Low
20960,115,2,Low
20961,217,1,High
20962,285,1,High
20963,19,3,Low
20964,139,2,Low
20965,57,3,Low
20966,71,3,Low
20967,116,2,Low
20968,32,1,Low
20970,213,4,High
20971,194,1,High
20972,35,2,Low
20974,44,1,Low
20975,67,2,Low
20976,229,2,High
20977,176,1,Low
20978,106,4,Low
20979,17,6,Low
20980,190,2,Low
20981,45,2,Low
20982,116,3,Low
20984,134,3,Low
20985,194,3,High
20987,56,3,Low
20988,9,5,Low
20990,91,5,Low
20991,54,1,Low
20992,252,1,High
20993,289,2,High
20995,39,3,Low
20996,284,2,High
20997,163,2,Low
20998,130,5,Low
20999,79,1,Low
21000,277,2,High
21001,249,1,High
21004,115,3,Low
21006,179,1,Low
21007,22,3,Low
21009,148,3,Low
21010,102,2,Low
21011,163,2,Low
21012,200,2,High
21015,199,1,High
21017,124,2,Low
21018,137,3,Low
21019,24,4,Low
21021,143,1,Low
21022,291,1,High
21023,82,1,Low
21024,157,3,Low
21026,3,4,Low
21027,210,2,High
21028,8,1,Low
21029,17,2,Low
21030,75,5,Low
21031,51,5,Low
21032,157,1,Low
21033,120,2,Low
21034,350,1,High
21036,63,3,Low
21037,123,1,Low
21038,218,4,High
21040,323,1,High
21041,48,2,Low
21042,44,3,Low
21043,42,3,Low
21044,59,3,Low
21045,179,4,Low
21046,314,1,High
21047,87,3,Low
21048,189,2,Low
21050,55,4,Low
21053,148,2,Low
21055,73,3,Low
21056,203,1,High
21057,65,3,Low
21058,10,2,Low
21059,267,1,High
21060,29,3,Low
21061,15,2,Low
21062,41,4,Low
21063,231,1,High
21064,29,5,Low
21065,278,1,High
21066,108,4,Low
21067,290,1,High
21068,59,2,Low
21069,209,3,High
21070,61,2,Low
21071,81,2,Low
21073,64,1,Low
21074,86,1,Low
21075,11,2,Low
21076,117,1,Low
21077,20,3,Low
21078,341,1,High
21080,162,2,Low
21082,79,3,Low
21083,308,1,High
21084,29,2,Low
21085,56,3,Low
21087,29,1,Low
21089,161,1,Low
21090,94,3,Low
21092,119,2,Low
21093,181,2,Low
21095,143,1,Low
21097,50,1,Low
21099,6,4,Low
21101,34,3,Low
21102,246,2,High
21105,270,3,High
21106,11,2,Low
21107,40,3,Low
21109,107,3,Low
21110,49,5,Low
21111,65,1,Low
21112,96,1,Low
21113,334,1,High
21114,98,3,Low
21115,333,1,High
21116,39,3,Low
21117,38,4,Low
21118,200,2,High
21119,50,1,Low
21120,46,3,Low
21121,139,3,Low
21122,324,2,High
21123,89,3,Low
21124,220,2,High
21125,86,4,Low
21128,137,4,Low
21129,158,3,Low
21130,26,3,Low
21131,59,5,Low
21132,15,2,Low
21133,82,2,Low
21134,18,2,Low
21135,188,2,Low
21136,9,3,Low
21139,13,8,Low
21140,199,4,High
21141,59,1,Low
21142,184,1,Low
21145,17,3,Low
21146,357,1,High
21147,76,1,Low
21148,264,1,High
21149,93,2,Low
21150,68,2,Low
21151,134,1,Low
21152,66,2,Low
21153,13,4,Low
21155,112,3,Low
21156,17,3,Low
21157,46,1,Low
21158,38,4,Low
21159,102,2,Low
21160,292,1,High
21161,8,3,Low
21162,45,3,Low
21163,84,3,Low
21164,138,3,Low
21165,278,3,High
21166,54,2,Low
21167,26,2,Low
21168,182,1,Low
21169,74,2,Low
21170,316,1,High
21171,74,4,Low
21173,181,1,Low
21174,162,2,Low
21176,59,2,Low
21177,194,1,High
21178,261,1,High
21179,139,1,Low
21180,137,2,Low
21181,203,2,High
21182,161,2,Low
21183,37,3,Low
21184,113,7,Low
21186,28,2,Low
21187,47,1,Low
21188,82,4,Low
21189,23,3,Low
21190,22,2,Low
21191,91,3,Low
21192,179,3,Low
21193,9,3,Low
21194,210,2,High
21196,4,2,Low
21197,69,1,Low
21198,142,2,Low
21199,303,2,High
21200,37,1,Low
21202,226,2,High
21203,251,3,High
21204,9,2,Low
21205,244,1,High
21206,338,1,High
21207,179,2,Low
21208,80,3,Low
21209,24,3,Low
21210,129,2,Low
21211,73,2,Low
21212,258,2,High
21213,20,2,Low
21214,165,3,Low
21215,82,2,Low
21216,199,3,High
21218,125,2,Low
21219,134,3,Low
21220,195,2,High
21221,109,4,Low
21222,50,3,Low
21224,80,1,Low
21225,165,2,Low
21226,69,1,Low
21227,343,1,High
21229,168,3,Low
21230,170,1,Low
21231,106,3,Low
21232,58,2,Low
21234,88,4,Low
21235,48,5,Low
21236,247,2,High
21237,70,3,Low
21239,83,2,Low
21240,322,1,High
21241,252,1,High
21242,352,1,High
21243,360,1,High
21244,141,1,Low
21245,59,4,Low
21246,250,1,High
21247,54,6,Low
21249,85,4,Low
21250,167,3,Low
21251,157,1,Low
21252,6,3,Low
21253,32,1,Low
21254,114,1,Low
21255,119,3,Low
21256,238,2,High
21258,38,3,Low
21259,300,1,High
21260,63,2,Low
21261,93,1,Low
21262,9,2,Low
21264,318,1,High
21265,185,1,Low
21266,204,1,High
21267,238,2,High
21268,93,2,Low
21269,20,2,Low
21270,225,2,High
21271,215,3,High
21273,297,1,High
21274,192,2,Low
21275,263,2,High
21276,209,2,High
21278,110,3,Low
21279,59,1,Low
21280,251,1,High
21281,2,1,Low
21282,261,1,High
21283,46,3,Low
21284,100,4,Low
21285,13,3,Low
21286,7,3,Low
21287,124,3,Low
21288,40,4,Low
21289,75,4,Low
21290,230,3,High
21291,107,5,Low
21292,226,1,High
21293,95,1,Low
21294,321,3,High
21295,69,4,Low
21296,151,2,Low
21297,86,2,Low
21299,40,2,Low
21300,286,1,High
21301,243,1,High
21302,51,1,Low
21303,77,3,Low
21304,198,2,High
21305,258,1,High
21306,7,3,Low
21307,233,1,High
21309,60,1,Low
21310,37,5,Low
21311,48,2,Low
21312,8,4,Low
21313,165,3,Low
21314,111,4,Low
21315,166,1,Low
21317,241,1,High
21318,337,1,High
21319,37,2,Low
21320,341,1,High
21321,224,1,High
21322,37,2,Low
21323,103,1,Low
21324,183,2,Low
21326,75,1,Low
21328,11,5,Low
21330,123,3,Low
21331,121,5,Low
21332,200,1,High
21333,201,2,High
21334,37,2,Low
21335,12,2,Low
21337,31,4,Low
21338,177,2,Low
21340,218,1,High
21341,50,3,Low
21342,45,4,Low
21343,155,3,Low
21344,77,3,Low
21345,217,1,High
21346,63,2,Low
21347,127,2,Low
21348,97,2,Low
21349,11,3,Low
21351,78,2,Low
21352,22,2,Low
21354,105,2,Low
21355,18,1,Low
21357,55,3,Low
21358,27,4,Low
21359,178,1,Low
21360,289,1,High
21361,170,2,Low
21362,129,1,Low
21363,210,2,High
21364,130,2,Low
21365,185,2,Low
21366,52,4,Low
21367,303,1,High
21368,333,1,High
21369,156,3,Low
21370,64,3,Low
21371,170,2,Low
21372,53,5,Low
21373,78,3,Low
21374,3,2,Low
21375,94,3,Low
21376,85,2,Low
21377,204,3,High
21378,132,3,Low
21379,19,2,Low
21380,24,1,Low
21381,357,1,High
21382,164,3,Low
21383,331,1,High
21385,146,1,Low
21386,191,1,Low
21387,67,1,Low
21388,68,4,Low
21389,15,4,Low
21390,252,2,High
21391,125,1,Low
21392,183,1,Low
21393,20,3,Low
21394,145,2,Low
21395,77,5,Low
21396,77,1,Low
21397,150,2,Low
21398,121,2,Low
21399,85,4,Low
21400,351,1,High
21401,130,2,Low
21402,84,4,Low
21403,119,2,Low
21404,154,3,Low
21405,56,3,Low
21406,118,1,Low
21407,172,1,Low
21408,109,3,Low
21409,321,1,High
21410,2,1,Low
21411,49,2,Low
21412,135,2,Low
21413,150,1,Low
21414,304,1,High
21415,235,1,High
21416,72,3,Low
21417,298,1,High
21418,165,2,Low
21419,7,2,Low
21420,209,1,High
21421,158,2,Low
21423,87,1,Low
21424,3,3,Low
21425,17,2,Low
21427,91,2,Low
21428,189,3,Low
21429,2,1,Low
21430,100,1,Low
21431,38,4,Low
21432,204,3,High
21433,64,2,Low
21434,176,2,Low
21435,94,1,Low
21436,4,4,Low
21437,84,2,Low
21438,293,1,High
21439,96,1,Low
21440,42,3,Low
21441,164,2,Low
21442,1,2,Low
21443,63,4,Low
21444,44,2,Low
21445,18,1,Low
21446,44,5,Low
21447,129,2,Low
21448,287,3,High
21450,12,2,Low
21451,18,3,Low
21452,136,2,Low
21453,356,1,High
21454,348,1,High
21456,158,4,Low
21457,105,1,Low
21458,82,2,Low
21460,5,3,Low
21461,35,3,Low
21462,3,3,Low
21463,331,1,High
21464,78,1,Low
21465,147,4,Low
21466,65,1,Low
21467,4,1,Low
21468,248,2,High
21469,77,1,Low
21470,38,2,Low
21471,108,3,Low
21472,47,2,Low
21473,19,1,Low
21474,125,2,Low
21475,65,1,Low
21476,126,1,Low
21478,73,3,Low
21480,188,1,Low
21481,84,2,Low
21482,212,1,High
21483,96,2,Low
21484,296,2,High
21486,85,2,Low
21487,311,1,High
21488,53,3,Low
21489,365,1,High
21490,69,4,Low
21491,191,1,Low
21492,303,1,High
21493,76,1,Low
21494,291,1,High
21495,42,2,Low
21497,205,2,High
21498,7,1,Low
21499,10,3,Low
21500,28,5,Low
21501,161,1,Low
21502,56,4,Low
21504,142,1,Low
21505,78,1,Low
21506,40,1,Low
21507,1,2,Low
21508,35,1,Low
21509,236,1,High
21510,225,1,High
21511,181,3,Low
21512,4,5,Low
21513,157,2,Low
21514,117,2,Low
21515,250,3,High
21516,158,2,Low
21517,338,1,High
21518,52,1,Low
21519,40,4,Low
21520,69,2,Low
21521,50,3,Low
21522,123,2,Low
21523,113,1,Low
21524,194,4,High
21525,252,1,High
21526,42,4,Low
21527,31,4,Low
21530,63,2,Low
21531,57,1,Low
21532,47,1,Low
21533,121,2,Low
21534,33,2,Low
21535,87,3,Low
21536,165,2,Low
21537,53,1,Low
21538,65,3,Low
21540,238,2,High
21541,154,2,Low
21542,137,1,Low
21543,251,1,High
21544,49,2,Low
21545,139,2,Low
21547,261,1,High
21549,93,2,Low
21550,122,3,Low
21551,173,2,Low
21552,133,2,Low
21553,312,1,High
21554,15,3,Low
21555,29,4,Low
21556,129,1,Low
21557,285,1,High
21558,207,2,High
21559,151,1,Low
21560,35,2,Low
21562,75,3,Low
21563,58,4,Low
21565,7,2,Low
21566,255,1,High
21567,78,2,Low
21568,100,1,Low
21569,236,1,High
21570,203,1,High
21571,73,2,Low
21572,261,1,High
21573,33,2,Low
21574,197,1,High
21575,190,2,Low
21576,275,1,High
21577,60,1,Low
21578,225,2,High
21579,41,5,Low
21580,142,3,Low
21583,148,3,Low
21584,18,3,Low
21585,126,2,Low
21587,152,2,Low
21588,250,1,High
21589,79,2,Low
21591,360,1,High
21592,120,3,Low
21594,162,2,Low
21595,36,2,Low
21597,105,2,Low
21598,68,3,Low
21600,229,1,High
21601,70,4,Low
21602,284,1,High
21603,25,2,Low
21604,89,5,Low
21605,63,5,Low
21606,191,4,Low
21607,214,2,High
21608,183,3,Low
21609,66,4,Low
21610,89,2,Low
21611,25,4,Low
21614,179,2,Low
21615,243,1,High
21616,170,1,Low
21617,13,3,Low
21619,222,3,High
21620,59,1,Low
21621,21,4,Low
21622,55,2,Low
21623,1,3,Low
21624,89,3,Low
21625,102,4,Low
21626,33,1,Low
21627,141,2,Low
21628,41,4,Low
21629,27,5,Low
21630,85,3,Low
21631,34,2,Low
21632,180,1,Low
21633,220,2,High
21634,40,3,Low
21635,316,1,High
21637,114,2,Low
21638,63,9,Low
21639,55,3,Low
21640,357,1,High
21641,162,2,Low
21643,169,1,Low
21644,48,3,Low
21645,26,5,Low
21647,11,3,Low
21648,207,2,High
21649,43,2,Low
21650,44,3,Low
21651,285,1,High
21652,21,2,Low
21653,153,2,Low
21654,70,2,Low
21655,16,3,Low
21657,9,3,Low
21658,212,1,High
21659,9,1,Low
21660,276,1,High
21661,80,2,Low
21662,178,2,Low
21663,86,1,Low
21664,51,3,Low
21666,251,2,High
21667,228,1,High
21668,4,4,Low
21670,5,3,Low
21672,215,1,High
21673,40,5,Low
21674,240,1,High
21675,232,1,High
21676,122,2,Low
21677,101,2,Low
21678,95,2,Low
21679,292,3,High
21680,315,2,High
21681,4,2,Low
21682,329,1,High
21684,78,2,Low
21685,11,2,Low
21686,13,3,Low
21687,148,1,Low
21688,3,2,Low
21689,136,1,Low
21690,198,1,High
21691,12,2,Low
21692,96,1,Low
21693,100,1,Low
21694,53,2,Low
21695,254,2,High
21696,317,1,High
21698,180,2,Low
21699,351,1,High
21701,5,5,Low
21702,320,1,High
21703,170,1,Low
21704,61,2,Low
21705,167,1,Low
21706,119,3,Low
21707,1,3,Low
21708,3,1,Low
21709,24,4,Low
21710,270,1,High
21711,160,3,Low
21712,6,1,Low
21713,225,3,High
21714,25,1,Low
21715,79,3,Low
21716,259,1,High
21717,26,2,Low
21718,96,2,Low
21719,1,3,Low
21720,91,1,Low
21721,180,2,Low
21722,55,1,Low
21723,89,5,Low
21724,24,2,Low
21726,124,1,Low
21727,16,1,Low
21728,241,2,High
21731,170,3,Low
21732,238,1,High
21734,86,1,Low
21735,112,2,Low
21736,17,3,Low
21737,132,3,Low
21738,254,1,High
21739,243,1,High
21740,112,1,Low
21741,171,1,Low
21742,185,3,Low
21743,320,1,High
21744,6,4,Low
21745,216,3,High
21746,327,1,High
21747,36,3,Low
21748,230,3,High
21749,62,2,Low
21751,57,1,Low
21752,93,3,Low
21754,338,1,High
21755,91,1,Low
21756,5,1,Low
21757,38,2,Low
21758,137,2,Low
21759,31,3,Low
21760,94,2,Low
21761,96,1,Low
21762,56,2,Low
21763,284,2,High
21764,27,1,Low
21765,7,2,Low
21766,172,2,Low
21769,99,2,Low
21770,287,1,High
21771,52,1,Low
21772,321,2,High
21773,5,4,Low
21774,31,2,Low
21775,187,1,Low
21776,37,2,Low
21778,63,1,Low
21779,84,4,Low
21780,42,4,Low
21781,183,1,Low
21782,42,2,Low
21783,35,3,Low
21784,189,1,Low
21786,228,1,High
21787,132,4,Low
21788,111,2,Low
21789,159,3,Low
21791,284,1,High
21792,182,1,Low
21794,29,2,Low
21795,90,2,Low
21797,136,1,Low
21798,353,1,High
21799,6,4,Low
21800,165,2,Low
21801,150,1,Low
21802,70,3,Low
21803,1,2,Low
21804,54,3,Low
21805,149,2,Low
21806,230,1,High
21807,90,2,Low
21808,4,1,Low
21809,99,3,Low
21810,257,2,High
21811,203,2,High
21813,210,2,High
21814,164,2,Low
21815,59,2,Low
21816,246,1,High
21817,23,1,Low
21818,202,1,High
21819,13,6,Low
21820,240,1,High
21821,4,3,Low
21822,17,2,Low
21823,324,1,High
21824,302,1,High
21825,30,2,Low
21826,257,1,High
21827,5,3,Low
21828,211,1,High
21829,245,1,High
21830,93,3,Low
21831,26,2,Low
21832,11,3,Low
21833,1,1,Low
21834,204,3,High
21836,243,1,High
21837,14,3,Low
21839,190,1,Low
21840,220,2,High
21841,326,1,High
21843,178,3,Low
21844,45,2,Low
21845,275,2,High
21847,178,2,Low
21848,140,4,Low
21850,58,4,Low
21851,115,2,Low
21852,321,1,High
21853,60,2,Low
21854,328,1,High
21856,26,3,Low
21858,102,3,Low
21859,216,2,High
21860,141,5,Low
21861,98,1,Low
21862,41,3,Low
21863,148,3,Low
21864,74,4,Low
21865,364,1,High
21866,110,3,Low
21867,55,3,Low
21868,25,3,Low
21869,147,2,Low
21870,252,2,High
21872,30,3,Low
21873,131,3,Low
21874,45,9,Low
21875,346,1,High
21877,100,1,Low
21879,74,1,Low
21880,257,1,High
21882,158,3,Low
21883,122,4,Low
21884,285,1,High
21885,181,2,Low
21886,192,2,Low
21888,224,1,High
21889,178,2,Low
21891,35,2,Low
21892,347,2,High
21893,47,2,Low
21894,194,1,High
21895,57,2,Low
21896,156,1,Low
21897,255,3,High
21898,330,1,High
21899,133,4,Low
21900,248,1,High
21901,215,3,High
21902,34,3,Low
21903,149,1,Low
21904,88,1,Low
21905,178,2,Low
21906,54,4,Low
21907,101,1,Low
21908,108,2,Low
21909,338,2,High
21910,6,3,Low
21911,303,1,High
21912,200,1,High
21913,70,2,Low
21914,221,2,High
21916,290,1,High
21917,67,2,Low
21918,173,1,Low
21919,75,3,Low
21920,29,4,Low
21922,127,3,Low
21923,44,2,Low
21924,62,2,Low
21925,258,1,High
21926,339,1,High
21927,202,4,High
21928,225,1,High
21929,104,2,Low
21930,86,1,Low
21931,97,4,Low
21932,43,4,Low
21933,268,1,High
21934,96,2,Low
21935,268,2,High
21937,55,3,Low
21941,50,3,Low
21942,87,3,Low
21943,31,5,Low
21946,90,5,Low
21947,24,4,Low
21948,104,4,Low
21949,165,2,Low
21950,329,1,High
21951,322,1,High
21952,62,2,Low
21953,249,2,High
21954,49,4,Low
21956,22,3,Low
21957,25,3,Low
21958,83,4,Low
21959,109,1,Low
21960,204,1,High
21961,49,5,Low
21962,74,2,Low
21963,40,3,Low
21964,219,1,High
21966,238,2,High
21967,124,3,Low
21968,66,3,Low
21969,116,3,Low
21970,165,2,Low
21971,200,3,High
21972,109,3,Low
21973,261,1,High
21974,53,3,Low
21975,61,3,Low
21976,24,2,Low
21977,115,3,Low
21978,169,2,Low
21979,90,2,Low
21980,168,3,Low
21981,309,1,High
21982,124,1,Low
21983,28,1,Low
21984,116,3,Low
21985,234,2,High
21986,206,1,High
21987,207,1,High
21988,16,1,Low
21990,28,1,Low
21991,220,3,High
21992,71,3,Low
21993,156,2,Low
21994,233,1,High
21995,50,5,Low
21996,29,1,Low
21997,299,3,High
21998,42,2,Low
21999,235,2,High
22000,45,2,Low
22001,206,2,High
22002,70,1,Low
22003,283,1,High
22004,56,3,Low
22005,99,3,Low
22006,179,2,Low
22007,131,2,Low
22008,99,1,Low
22009,92,1,Low
22012,135,3,Low
22013,161,4,Low
22014,144,5,Low
22016,286,2,High
22017,34,2,Low
22018,151,1,Low
22019,170,1,Low
22020,174,3,Low
22021,126,2,Low
22022,154,2,Low
22023,354,1,High
22024,34,2,Low
22025,119,2,Low
22026,361,1,High
22027,113,1,Low
22028,210,3,High
22029,147,2,Low
22030,3,1,Low
22031,186,2,Low
22032,250,2,High
22033,306,3,High
22034,187,2,Low
22036,18,5,Low
22037,87,3,Low
22038,23,4,Low
22040,64,3,Low
22042,200,3,High
22043,127,2,Low
22044,296,1,High
22045,77,1,Low
22046,9,2,Low
22048,307,1,High
22049,84,1,Low
22050,12,3,Low
22051,11,2,Low
22052,99,1,Low
22053,98,2,Low
22054,3,5,Low
22055,4,2,Low
22057,222,1,High
22058,10,4,Low
22059,50,3,Low
22060,5,4,Low
22061,30,1,Low
22062,130,2,Low
22063,196,1,High
22064,116,2,Low
22065,12,3,Low
22066,170,1,Low
22067,235,3,High
22069,15,2,Low
22070,26,3,Low
22071,92,3,Low
22072,267,2,High
22073,41,5,Low
22076,90,1,Low
22077,7,3,Low
22078,174,1,Low
22079,294,1,High
22081,20,3,Low
22082,55,2,Low
22083,18,2,Low
22084,36,3,Low
22086,268,2,High
22087,182,4,Low
22088,145,3,Low
22089,334,1,High
22090,83,1,Low
22091,104,5,Low
22092,139,3,Low
22093,206,1,High
22095,22,3,Low
22097,254,3,High
22099,14,3,Low
22100,256,1,High
22101,110,3,Low
22102,27,1,Low
22103,8,2,Low
22104,101,1,Low
22105,7,2,Low
22106,148,1,Low
22107,30,2,Low
22108,62,3,Low
22109,14,6,Low
22110,114,1,Low
22111,32,3,Low
22112,19,3,Low
22113,46,1,Low
22114,239,1,High
22115,5,2,Low
22117,41,3,Low
22118,30,2,Low
22119,129,4,Low
22120,335,1,High
22121,32,2,Low
22122,59,2,Low
22123,139,2,Low
22124,42,3,Low
22125,50,1,Low
22126,81,3,Low
22127,220,2,High
22128,224,1,High
22130,122,1,Low
22132,93,3,Low
22133,99,3,Low
22136,208,1,High
22137,90,1,Low
22138,98,2,Low
22140,292,3,High
22141,143,1,Low
22142,297,1,High
22143,29,4,Low
22144,10,2,Low
22145,103,1,Low
22146,314,1,High
22147,160,3,Low
22148,53,3,Low
22149,15,1,Low
22150,74,3,Low
22152,150,1,Low
22153,104,2,Low
22154,119,1,Low
22155,116,1,Low
22157,155,1,Low
22158,2,4,Low
22159,131,2,Low
22160,147,1,Low
22161,252,2,High
22162,7,5,Low
22163,222,1,High
22164,140,2,Low
22165,50,1,Low
22166,35,4,Low
22167,23,2,Low
22168,20,3,Low
22169,84,2,Low
22170,81,2,Low
22171,50,3,Low
22172,29,2,Low
22173,278,2,High
22174,62,1,Low
22176,106,4,Low
22179,66,3,Low
22180,16,1,Low
22181,85,4,Low
22182,132,2,Low
22183,1,3,Low
22184,173,2,Low
22185,159,3,Low
22186,11,2,Low
22187,63,3,Low
22188,343,1,High
22189,16,4,Low
22190,134,1,Low
22191,38,2,Low
22192,116,1,Low
22193,115,2,Low
22194,89,1,Low
22195,232,2,High
22196,164,2,Low
22198,29,3,Low
22199,297,1,High
22200,55,1,Low
22201,48,2,Low
22202,22,2,Low
22203,120,1,Low
22204,124,2,Low
22205,79,2,Low
22206,68,3,Low
22208,3,2,Low
22210,42,1,Low
22211,66,4,Low
22212,296,1,High
22213,6,5,Low
22214,74,4,Low
22215,40,3,Low
22216,272,1,High
22217,87,2,Low
22218,159,2,Low
22220,157,2,Low
22221,13,3,Low
22222,5,6,Low
22223,67,4,Low
22224,99,1,Low
22225,96,2,Low
22226,18,4,Low
22227,39,7,Low
22228,25,4,Low
22229,17,3,Low
22230,21,3,Low
22231,121,3,Low
22232,110,2,Low
22233,211,2,High
22234,98,5,Low
22235,107,2,Low
22236,193,2,Low
22237,364,1,High
22240,102,3,Low
22242,82,3,Low
22243,8,3,Low
22244,143,3,Low
22245,109,5,Low
22247,158,1,Low
22248,57,3,Low
22249,229,3,High
22250,14,2,Low
22251,13,3,Low
22253,144,3,Low
22255,211,1,High
22258,39,2,Low
22259,245,1,High
22260,242,2,High
22261,236,2,High
22263,96,2,Low
22264,222,1,High
22265,64,2,Low
22266,19,2,Low
22267,208,2,High
22268,365,1,High
22269,150,1,Low
22270,132,1,Low
22271,218,2,High
22272,84,3,Low
22273,219,1,High
22274,56,3,Low
22275,31,5,Low
22277,38,1,Low
22278,61,2,Low
22279,232,2,High
22284,15,1,Low
22285,43,1,Low
22287,54,4,Low
22288,151,4,Low
22289,218,1,High
22291,129,4,Low
22292,4,1,Low
22293,98,2,Low
22294,113,1,Low
22295,26,2,Low
22296,8,1,Low
22297,5,5,Low
22298,336,1,High
22299,243,1,High
22300,124,1,Low
22301,29,4,Low
22302,175,4,Low
22303,110,2,Low
22304,58,1,Low
22305,277,1,High
22306,102,3,Low
22308,173,1,Low
22309,117,1,Low
22310,117,2,Low
22311,18,2,Low
22312,175,2,Low
22313,36,2,Low
22314,13,2,Low
22315,103,4,Low
22316,193,3,Low
22318,17,3,Low
22319,79,1,Low
22320,259,1,High
22321,45,2,Low
22322,109,2,Low
22323,179,3,Low
22325,51,3,Low
22326,258,1,High
22327,258,3,High
22328,13,4,Low
22329,292,1,High
22331,182,2,Low
22332,179,1,Low
22333,20,1,Low
22335,245,2,High
22336,242,1,High
22337,43,3,Low
22338,302,1,High
22339,206,2,High
22340,56,3,Low
22341,11,4,Low
22342,51,3,Low
22343,11,3,Low
22345,77,2,Low
22346,20,5,Low
22347,30,2,Low
22349,18,1,Low
22350,58,1,Low
22351,179,1,Low
22352,43,1,Low
22353,255,2,High
22355,76,2,Low
22357,127,1,Low
22358,156,2,Low
22359,83,1,Low
22360,26,1,Low
22361,124,2,Low
22363,218,1,High
22364,110,1,Low
22365,137,3,Low
22366,40,3,Low
22367,94,2,Low
22368,38,5,Low
22369,157,4,Low
22370,35,3,Low
22371,203,1,High
22372,17,1,Low
22374,59,1,Low
22376,166,2,Low
22377,327,1,High
22378,16,1,Low
22379,167,2,Low
22380,41,3,Low
22381,258,2,High
22382,88,1,Low
22383,122,4,Low
22384,97,2,Low
22385,6,2,Low
22386,112,3,Low
22387,8,1,Low
22388,183,3,Low
22389,322,3,High
22390,25,3,Low
22391,224,1,High
22393,168,1,Low
22394,44,2,Low
22396,6,1,Low
22398,37,5,Low
22400,77,3,Low
22401,8,3,Low
22403,260,1,High
22405,5,6,Low
22407,38,5,Low
22408,198,2,High
22409,217,1,High
22410,79,4,Low
22411,86,3,Low
22412,291,2,High
22413,198,2,High
22414,35,2,Low
22415,10,4,Low
22416,16,3,Low
22418,75,3,Low
22419,4,1,Low
22420,36,2,Low
22421,353,1,High
22422,56,1,Low
22424,160,1,Low
22425,162,2,Low
22427,328,1,High
22429,2,4,Low
22430,138,1,Low
22431,278,1,High
22432,9,3,Low
22434,45,2,Low
22435,236,2,High
22437,49,1,Low
22439,11,2,Low
22440,106,1,Low
22441,131,2,Low
22442,214,3,High
22444,160,3,Low
22445,11,1,Low
22446,76,1,Low
22447,51,4,Low
22448,135,2,Low
22449,129,3,Low
22450,117,3,Low
22452,90,1,Low
22453,273,1,High
22456,53,5,Low
22457,1,5,Low
22458,28,4,Low
22459,153,2,Low
22462,2,3,Low
22463,136,3,Low
22464,249,2,High
22465,58,2,Low
22466,280,1,High
22467,209,1,High
22469,112,2,Low
22470,216,2,High
22471,108,3,Low
22472,316,1,High
22473,88,3,Low
22474,156,5,Low
22475,62,4,Low
22476,84,1,Low
22477,329,1,High
22479,87,1,Low
22480,129,1,Low
22481,76,5,Low
22482,77,3,Low
22484,26,3,Low
22485,322,1,High
22486,214,1,High
22488,91,2,Low
22489,15,2,Low
22490,19,3,Low
22492,70,2,Low
22494,1,2,Low
22495,332,1,High
22496,18,4,Low
22497,20,3,Low
22498,253,1,High
22499,154,2,Low
22500,3,3,Low
22501,235,1,High
22503,229,2,High
22504,4,2,Low
22505,351,1,High
22506,81,2,Low
22508,81,5,Low
22509,121,1,Low
22510,105,4,Low
22511,139,2,Low
22512,125,1,Low
22513,6,1,Low
22515,5,2,Low
22516,255,2,High
22517,71,3,Low
22518,9,4,Low
22519,212,1,High
22521,362,1,High
22522,4,2,Low
22523,228,1,High
22524,23,4,Low
22526,29,3,Low
22528,19,3,Low
22529,92,3,Low
22530,125,4,Low
22531,123,3,Low
22532,183,1,Low
22533,192,3,Low
22535,98,2,Low
22536,176,2,Low
22537,149,2,Low
22540,136,1,Low
22541,28,3,Low
22542,126,1,Low
22543,91,3,Low
22544,96,4,Low
22546,65,2,Low
22547,199,2,High
22548,28,3,Low
22550,212,2,High
22551,2,5,Low
22553,162,2,Low
22555,115,2,Low
22556,261,1,High
22557,1,5,Low
22558,20,1,Low
22559,188,1,Low
22560,30,1,Low
22562,6,1,Low
22563,52,3,Low
22564,78,4,Low
22566,39,3,Low
22567,294,1,High
22568,269,2,High
22569,7,2,Low
22570,195,2,High
22571,149,4,Low
22572,28,2,Low
22573,201,1,High
22574,277,1,High
22575,214,1,High
22576,23,8,Low
22577,224,2,High
22578,135,3,Low
22579,144,2,Low
22580,207,1,High
22581,246,1,High
22582,353,1,High
22584,42,1,Low
22587,23,4,Low
22588,125,1,Low
22589,34,1,Low
22590,154,1,Low
22591,232,4,High
22592,72,2,Low
22593,33,2,Low
22594,1,3,Low
22595,80,1,Low
22596,92,1,Low
22597,243,1,High
22598,45,5,Low
22599,128,3,Low
22600,111,1,Low
22601,233,1,High
22602,213,2,High
22603,71,2,Low
22604,292,2,High
22605,150,3,Low
22607,68,2,Low
22608,117,1,Low
22609,110,2,Low
22610,78,1,Low
22611,221,2,High
22612,73,3,Low
22613,101,4,Low
22615,66,1,Low
22616,284,1,High
22617,129,3,Low
22619,6,4,Low
22620,100,2,Low
22621,179,2,Low
22622,255,2,High
22623,119,2,Low
22624,166,2,Low
22625,68,3,Low
22626,179,2,Low
22627,354,1,High
22628,147,4,Low
22629,74,2,Low
22630,59,3,Low
22631,144,1,Low
22632,31,2,Low
22633,52,3,Low
22634,246,1,High
22635,59,1,Low
22636,40,3,Low
22638,278,2,High
22639,258,1,High
22640,103,1,Low
22641,103,1,Low
22642,128,5,Low
22643,52,1,Low
22644,151,4,Low
22646,71,3,Low
22650,43,5,Low
22651,94,3,Low
22653,286,1,High
22654,28,1,Low
22655,255,1,High
22656,92,1,Low
22658,78,3,Low
22659,127,2,Low
22660,220,2,High
22661,195,1,High
22662,44,3,Low
22663,100,1,Low
22668,269,4,High
22669,186,3,Low
22670,78,1,Low
22671,63,2,Low
22672,50,3,Low
22673,61,3,Low
22674,335,2,High
22675,115,3,Low
22676,233,1,High
22677,129,3,Low
22678,8,2,Low
22679,115,1,Low
22680,34,1,Low
22681,177,2,Low
22682,132,4,Low
22683,40,4,Low
22684,129,3,Low
22685,40,4,Low
22686,117,2,Low
22687,5,3,Low
22688,138,2,Low
22689,9,2,Low
22690,80,2,Low
22691,216,4,High
22692,145,5,Low
22693,157,1,Low
22694,332,1,High
22695,119,3,Low
22697,11,2,Low
22698,305,2,High
22699,65,6,Low
22701,112,4,Low
22702,83,2,Low
22704,359,1,High
22705,74,1,Low
22706,217,2,High
22708,180,1,Low
22709,21,3,Low
22711,61,3,Low
22712,2,3,Low
22713,6,3,Low
22714,153,1,Low
22719,135,1,Low
22720,26,1,Low
22721,66,1,Low
22722,26,5,Low
22723,13,2,Low
22724,68,2,Low
22725,312,1,High
22726,195,3,High
22727,7,2,Low
22728,205,2,High
22729,184,2,Low
22730,9,4,Low
22731,66,1,Low
22732,62,2,Low
22733,9,2,Low
22734,69,2,Low
22736,27,2,Low
22737,10,4,Low
22738,12,4,Low
22739,192,2,Low
22740,316,1,High
22741,55,6,Low
22742,55,3,Low
22743,108,1,Low
22744,2,5,Low
22747,73,5,Low
22748,92,4,Low
22749,338,1,High
22750,86,3,Low
22751,334,1,High
22753,44,5,Low
22755,168,2,Low
22756,41,3,Low
22757,6,5,Low
22758,41,3,Low
22759,193,1,Low
22760,347,1,High
22761,199,1,High
22762,266,1,High
22763,60,2,Low
22765,35,3,Low
22766,125,3,Low
22768,196,2,High
22769,10,3,Low
22770,17,2,Low
22771,182,1,Low
22773,288,2,High
22774,46,2,Low
22775,53,3,Low
22776,191,3,Low
22777,256,1,High
22778,249,1,High
22779,41,3,Low
22780,1,2,Low
22781,76,1,Low
22782,39,4,Low
22784,215,1,High
22785,35,3,Low
22786,242,2,High
22787,1,1,Low
22788,193,2,Low
22789,131,1,Low
22790,13,2,Low
22791,129,3,Low
22792,166,2,Low
22793,4,3,Low
22794,18,1,Low
22795,243,1,High
22796,91,3,Low
22797,211,3,High
22798,46,5,Low
22799,23,1,Low
22800,157,2,Low
22801,248,1,High
22802,40,6,Low
22803,114,2,Low
22804,9,3,Low
22805,148,3,Low
22806,34,4,Low
22808,167,2,Low
22809,112,5,Low
22810,128,2,Low
22811,264,3,High
22812,199,3,High
22814,257,1,High
22815,108,5,Low
22816,174,2,Low
22817,131,1,Low
22818,179,1,Low
22819,259,2,High
22820,33,3,Low
22821,332,1,High
22822,44,4,Low
22823,19,2,Low
22824,5,3,Low
22826,12,3,Low
22827,5,2,Low
22828,295,1,High
22829,122,2,Low
22830,219,1,High
22831,73,1,Low
22832,97,2,Low
22833,212,1,High
22834,22,2,Low
22835,140,1,Low
22836,70,6,Low
22837,40,2,Low
22838,109,2,Low
22839,154,2,Low
22840,105,1,Low
22841,129,3,Low
22842,97,3,Low
22843,172,1,Low
22844,33,5,Low
22845,12,4,Low
22847,216,2,High
22848,45,5,Low
22849,77,3,Low
22850,21,4,Low
22851,129,1,Low
22853,216,2,High
22854,29,3,Low
22855,88,2,Low
22856,171,2,Low
22857,125,3,Low
22858,30,6,Low
22861,229,1,High
22862,186,1,Low
22863,93,3,Low
22864,61,3,Low
22865,87,1,Low
22866,16,2,Low
22867,78,2,Low
22868,200,3,High
22870,41,3,Low
22871,14,3,Low
22872,52,1,Low
22873,53,3,Low
22874,220,1,High
22875,141,4,Low
22876,56,1,Low
22877,119,1,Low
22878,67,3,Low
22879,40,3,Low
22880,19,1,Low
22881,100,2,Low
22882,47,2,Low
22883,3,4,Low
22885,29,3,Low
22887,239,1,High
22888,41,2,Low
22889,124,1,Low
22890,31,1,Low
22891,134,4,Low
22892,159,4,Low
22893,70,4,Low
22894,143,1,Low
22895,319,2,High
22896,259,3,High
22897,151,3,Low
22898,162,2,Low
22899,116,3,Low
22900,13,1,Low
22902,98,4,Low
22904,304,1,High
22905,282,2,High
22906,171,1,Low
22907,17,8,Low
22908,79,4,Low
22910,282,2,High
22911,133,1,Low
22912,13,4,Low
22913,45,3,Low
22914,205,2,High
22915,34,3,Low
22916,159,3,Low
22918,323,1,High
22919,230,4,High
22920,323,1,High
22921,282,2,High
22922,222,1,High
22923,286,1,High
22924,9,1,Low
22925,226,2,High
22926,128,5,Low
22927,37,4,Low
22928,76,1,Low
22929,1,3,Low
22930,193,2,Low
22931,68,4,Low
22933,27,2,Low
22935,240,2,High
22936,27,2,Low
22937,103,3,Low
22938,32,2,Low
22939,20,1,Low
22940,15,3,Low
22941,151,3,Low
22942,188,4,Low
22943,112,5,Low
22944,144,1,Low
22945,173,1,Low
22946,68,2,Low
22947,192,1,Low
22948,291,1,High
22949,52,2,Low
22950,59,5,Low
22951,34,2,Low
22952,230,1,High
22953,75,3,Low
22954,329,1,High
22955,37,3,Low
22958,85,2,Low
22959,182,2,Low
22960,171,2,Low
22961,165,1,Low
22962,58,3,Low
22963,39,2,Low
22964,84,5,Low
22965,235,2,High
22966,110,1,Low
22967,324,1,High
22968,40,2,Low
22969,125,2,Low
22970,279,2,High
22971,292,2,High
22972,172,1,Low
22973,31,1,Low
22974,89,2,Low
22975,251,2,High
22976,143,2,Low
22977,185,1,Low
22979,169,1,Low
22980,17,3,Low
22981,328,1,High
22983,246,1,High
22984,78,1,Low
22985,260,2,High
22986,181,1,Low
22987,83,1,Low
22988,38,4,Low
22991,26,2,Low
22992,66,2,Low
22993,165,1,Low
22994,78,1,Low
22996,99,1,Low
22997,264,1,High
22998,103,2,Low
23000,222,1,High
23001,208,3,High
23002,263,1,High
23003,148,3,Low
23004,206,1,High
23006,301,1,High
23007,40,7,Low
23009,347,1,High
23010,187,3,Low
23011,71,4,Low
23012,125,3,Low
23014,183,1,Low
23015,25,4,Low
23016,54,4,Low
23017,37,2,Low
23018,79,1,Low
23021,115,1,Low
23023,123,1,Low
23025,63,3,Low
23026,89,2,Low
23027,173,4,Low
23028,233,1,High
23030,172,2,Low
23031,68,3,Low
23032,63,1,Low
23033,190,1,Low
23034,76,1,Low
23035,356,1,High
23036,113,3,Low
23037,144,1,Low
23038,92,3,Low
23039,351,1,High
23040,37,4,Low
23041,324,1,High
23042,178,2,Low
23043,106,2,Low
23044,173,1,Low
23045,143,2,Low
23047,334,1,High
23050,303,1,High
23053,357,1,High
23054,77,2,Low
23055,318,1,High
23056,138,1,Low
23057,178,2,Low
23058,118,2,Low
23059,209,1,High
23060,33,4,Low
23061,161,2,Low
23062,153,4,Low
23063,6,3,Low
23065,42,5,Low
23066,10,4,Low
23067,141,1,Low
23069,239,1,High
23070,131,2,Low
23071,240,2,High
23072,34,2,Low
23073,105,4,Low
23074,68,2,Low
23075,178,2,Low
23076,90,3,Low
23077,29,2,Low
23078,125,2,Low
23079,164,4,Low
23080,111,1,Low
23081,198,2,High
23083,62,2,Low
23084,113,2,Low
23085,11,3,Low
23086,80,1,Low
23087,95,2,Low
23088,43,2,Low
23089,174,1,Low
23090,93,3,Low
23091,153,2,Low
23092,18,2,Low
23093,30,2,Low
23095,312,1,High
23096,39,4,Low
23097,287,1,High
23098,6,4,Low
23099,179,3,Low
23101,90,3,Low
23102,114,3,Low
23103,152,4,Low
23105,49,1,Low
23106,11,4,Low
23107,20,4,Low
23108,246,1,High
23109,16,3,Low
23110,58,2,Low
23111,43,1,Low
23112,125,4,Low
23114,51,2,Low
23115,128,2,Low
23117,15,5,Low
23118,190,2,Low
23119,5,2,Low
23120,157,2,Low
23121,192,2,Low
23122,271,2,High
23123,352,1,High
23124,35,2,Low
23125,55,2,Low
23126,157,1,Low
23127,350,2,High
23128,29,1,Low
23129,135,2,Low
23130,158,2,Low
23131,96,1,Low
23132,316,1,High
23133,207,1,High
23134,224,2,High
23135,137,3,Low
23136,28,4,Low
23137,70,4,Low
23138,341,1,High
23139,63,5,Low
23140,33,4,Low
23141,138,2,Low
23142,19,2,Low
23143,46,2,Low
23144,170,1,Low
23145,81,4,Low
23146,155,2,Low
23147,22,3,Low
23148,18,2,Low
23149,57,2,Low
23150,29,4,Low
23151,164,3,Low
23152,212,3,High
23153,246,2,High
23154,125,4,Low
23155,91,2,Low
23156,125,2,Low
23158,355,1,High
23159,102,2,Low
23160,42,1,Low
23161,79,3,Low
23162,211,1,High
23163,82,2,Low
23164,23,4,Low
23167,272,2,High
23169,37,3,Low
23170,66,1,Low
23171,347,1,High
23172,103,1,Low
23173,35,1,Low
23174,32,5,Low
23175,113,3,Low
23176,272,2,High
23178,70,2,Low
23179,213,2,High
23180,14,4,Low
23181,170,2,Low
23183,239,2,High
23184,37,1,Low
23185,271,2,High
23186,138,1,Low
23188,3,5,Low
23189,32,5,Low
23190,77,1,Low
23191,204,2,High
23192,118,2,Low
23193,154,2,Low
23194,47,5,Low
23195,206,2,High
23196,136,2,Low
23198,27,2,Low
23200,274,2,High
23201,1,3,Low
23202,181,4,Low
23205,51,4,Low
23206,32,2,Low
23207,328,1,High
23208,240,1,High
23209,97,2,Low
23211,181,1,Low
23212,80,1,Low
23213,85,1,Low
23214,296,1,High
23215,190,3,Low
23216,40,3,Low
23217,74,2,Low
23218,60,1,Low
23219,258,1,High
23220,154,1,Low
23221,24,1,Low
23222,72,3,Low
23223,104,2,Low
23224,32,1,Low
23226,143,3,Low
23227,291,1,High
23228,63,3,Low
23229,19,3,Low
23230,326,1,High
23232,117,5,Low
23233,76,1,Low
23235,245,1,High
23237,20,4,Low
23238,23,1,Low
23239,286,1,High
23241,64,2,Low
23242,4,1,Low
23244,136,1,Low
23245,131,6,Low
23246,149,3,Low
23247,146,4,Low
23248,177,2,Low
23249,311,1,High
23250,145,3,Low
23251,42,4,Low
23252,135,2,Low
23253,22,4,Low
23254,206,2,High
23255,60,3,Low
23256,38,2,Low
23257,98,1,Low
23258,106,3,Low
23259,83,2,Low
23260,87,1,Low
23261,105,2,Low
23264,24,4,Low
23265,40,5,Low
23266,155,1,Low
23267,63,4,Low
23268,1,3,Low
23269,14,2,Low
23270,40,2,Low
23271,308,1,High
23272,73,4,Low
23273,111,3,Low
23275,293,2,High
23276,310,2,High
23277,18,3,Low
23278,235,2,High
23279,256,2,High
23281,49,2,Low
23284,214,2,High
23285,106,3,Low
23286,283,2,High
23287,35,4,Low
23288,41,3,Low
23289,39,4,Low
23290,261,2,High
23291,29,3,Low
23292,279,1,High
23296,283,1,High
23297,196,2,High
23298,4,5,Low
23299,188,1,Low
23300,97,2,Low
23302,8,2,Low
23303,20,2,Low
23304,209,2,High
23306,111,2,Low
23307,206,1,High
23308,265,1,High
23309,51,3,Low
23310,111,2,Low
23311,123,2,Low
23312,67,4,Low
23313,203,1,High
23314,51,3,Low
23315,179,2,Low
23316,32,4,Low
23317,68,4,Low
23318,79,1,Low
23319,47,3,Low
23320,108,1,Low
23321,8,5,Low
23322,77,2,Low
23323,133,1,Low
23324,334,1,High
23325,122,8,Low
23326,274,1,High
23327,338,1,High
23328,26,2,Low
23329,33,4,Low
23330,158,1,Low
23331,22,1,Low
23332,60,1,Low
23333,14,3,Low
23334,143,1,Low
23335,51,3,Low
23337,254,1,High
23338,65,1,Low
23339,344,1,High
23340,151,1,Low
23341,181,1,Low
23342,167,2,Low
23343,197,1,High
23345,45,1,Low
23346,74,2,Low
23347,192,2,Low
23348,80,4,Low
23349,18,5,Low
23350,18,7,Low
23351,149,3,Low
23352,77,1,Low
23353,320,1,High
23355,147,2,Low
23356,207,1,High
23357,48,2,Low
23358,225,1,High
23359,61,3,Low
23360,363,1,High
23361,170,3,Low
23362,52,4,Low
23363,36,2,Low
23364,99,5,Low
23366,70,2,Low
23368,38,4,Low
23369,352,1,High
23370,325,2,High
23371,203,2,High
23372,258,1,High
23373,41,2,Low
23374,126,5,Low
23376,106,2,Low
23378,158,1,Low
23379,92,4,Low
23380,87,3,Low
23381,114,2,Low
23382,192,1,Low
23383,190,3,Low
23384,354,1,High
23385,17,1,Low
23386,87,1,Low
23387,346,1,High
23388,6,1,Low
23389,11,4,Low
23391,94,5,Low
23392,14,5,Low
23393,70,4,Low
23394,197,4,High
23395,94,2,Low
23396,87,2,Low
23397,334,2,High
23398,220,3,High
23399,38,3,Low
23401,325,1,High
23402,26,1,Low
23403,3,4,Low
23404,84,4,Low
23405,114,2,Low
23406,193,4,Low
23407,31,2,Low
23411,64,4,Low
23412,101,1,Low
23414,122,1,Low
23415,184,5,Low
23416,306,1,High
23417,256,1,High
23418,165,1,Low
23419,100,2,Low
23421,95,2,Low
23422,25,4,Low
23423,97,3,Low
23424,76,1,Low
23425,348,1,High
23426,174,2,Low
23427,76,2,Low
23429,51,2,Low
23430,352,1,High
23432,89,2,Low
23433,121,1,Low
23434,314,1,High
23435,29,1,Low
23436,308,1,High
23438,150,2,Low
23439,132,3,Low
23440,135,1,Low
23441,242,1,High
23442,57,3,Low
23443,44,3,Low
23444,45,2,Low
23445,103,5,Low
23446,169,3,Low
23447,12,3,Low
23448,327,1,High
23449,149,1,Low
23450,227,2,High
23451,5,1,Low
23452,19,3,Low
23453,183,1,Low
23454,226,4,High
23456,46,2,Low
23457,72,1,Low
23458,4,4,Low
23459,76,4,Low
23460,158,3,Low
23461,62,2,Low
23462,23,3,Low
23463,159,3,Low
23464,222,2,High
23466,39,3,Low
23467,37,3,Low
23468,40,2,Low
23469,142,3,Low
23470,19,5,Low
23471,342,1,High
23472,86,4,Low
23473,26,4,Low
23474,57,4,Low
23475,355,1,High
23476,322,2,High
23477,166,2,Low
23478,294,3,High
23479,23,2,Low
23481,105,3,Low
23483,155,1,Low
23484,123,3,Low
23485,119,3,Low
23487,23,2,Low
23488,33,2,Low
23489,141,6,Low
23490,113,2,Low
23491,49,4,Low
23492,166,2,Low
23493,181,1,Low
23494,2,1,Low
23495,216,1,High
23496,40,3,Low
23497,31,1,Low
23498,116,2,Low
23499,271,1,High
23500,85,4,Low
23501,5,4,Low
23502,104,3,Low
23503,183,1,Low
23504,74,1,Low
23505,25,2,Low
23507,57,3,Low
23508,78,2,Low
23509,54,3,Low
23510,190,2,Low
23511,95,3,Low
23512,137,1,Low
23513,34,2,Low
23514,202,1,High
23515,89,1,Low
23516,122,1,Low
23517,129,5,Low
23518,147,1,Low
23519,246,2,High
23521,136,2,Low
23522,17,2,Low
23523,92,2,Low
23524,88,2,Low
23525,335,1,High
23526,67,5,Low
23527,313,1,High
23528,71,2,Low
23529,42,4,Low
23530,4,2,Low
23532,231,3,High
23533,4,2,Low
23534,59,1,Low
23535,40,2,Low
23536,287,1,High
23537,78,2,Low
23540,46,7,Low
23541,57,3,Low
23544,128,3,Low
23545,1,5,Low
23546,39,4,Low
23547,129,2,Low
23548,61,2,Low
23549,166,3,Low
23550,6,2,Low
23551,274,1,High
23552,45,3,Low
23553,188,1,Low
23554,74,1,Low
23555,22,3,Low
23556,19,3,Low
23557,57,2,Low
23558,146,1,Low
23560,128,1,Low
23561,72,1,Low
23562,57,2,Low
23563,70,2,Low
23564,114,2,Low
23565,69,3,Low
23566,269,1,High
23567,57,5,Low
23568,120,2,Low
23569,365,1,High
23571,83,4,Low
23572,351,1,High
23573,9,1,Low
23574,36,2,Low
23575,282,2,High
23577,72,2,Low
23578,28,6,Low
23580,5,4,Low
23581,87,1,Low
23582,13,1,Low
23583,318,1,High
23584,96,1,Low
23585,344,2,High
23586,124,6,Low
23587,12,3,Low
23588,211,2,High
23589,58,2,Low
23590,114,1,Low
23591,213,1,High
23592,32,2,Low
23593,104,5,Low
23595,238,2,High
23596,23,4,Low
23597,314,2,High
23598,50,2,Low
23599,176,1,Low
23600,8,2,Low
23601,2,3,Low
23602,32,3,Low
23603,10,4,Low
23604,139,2,Low
23605,256,1,High
23606,307,4,High
23607,207,2,High
23608,143,4,Low
23609,105,1,Low
23610,85,2,Low
23611,18,3,Low
23612,219,1,High
23613,61,2,Low
23615,123,5,Low
23617,38,4,Low
23618,91,2,Low
23619,21,1,Low
23620,61,1,Low
23621,30,2,Low
23622,27,4,Low
23623,79,2,Low
23625,36,3,Low
23627,251,1,High
23628,172,2,Low
23629,357,1,High
23630,164,1,Low
23633,295,2,High
23634,215,1,High
23635,237,3,High
23636,60,3,Low
23637,153,3,Low
23638,206,2,High
23639,127,2,Low
23640,103,2,Low
23642,47,3,Low
23643,173,4,Low
23644,24,3,Low
23645,313,1,High
23646,10,2,Low
23647,98,5,Low
23648,211,2,High
23649,62,1,Low
23650,274,1,High
23651,20,3,Low
23652,14,5,Low
23654,102,1,Low
23655,235,3,High
23656,208,1,High
23657,218,3,High
23659,11,4,Low
23660,28,3,Low
23661,350,1,High
23663,27,4,Low
23664,331,2,High
23665,165,1,Low
23666,139,3,Low
23667,178,1,Low
23668,9,3,Low
23669,38,5,Low
23670,119,2,Low
23671,189,2,Low
23672,150,2,Low
23673,168,2,Low
23674,254,3,High
23676,310,1,High
23677,13,7,Low
23679,228,5,High
23680,156,1,Low
23681,26,2,Low
23682,190,2,Low
23684,5,2,Low
23685,195,1,High
23687,195,2,High
23688,37,2,Low
23689,6,4,Low
23690,143,1,Low
23691,190,3,Low
23692,17,3,Low
23693,58,3,Low
23694,157,3,Low
23695,102,2,Low
23696,2,1,Low
23698,22,2,Low
23699,17,2,Low
23700,108,4,Low
23702,76,3,Low
23703,282,1,High
23704,59,2,Low
23705,176,2,Low
23706,6,3,Low
23707,77,3,Low
23708,208,4,High
23709,215,2,High
23710,158,1,Low
23711,138,3,Low
23712,269,1,High
23713,120,3,Low
23715,192,1,Low
23716,139,2,Low
23717,1,3,Low
23718,69,2,Low
23719,218,2,High
23720,40,3,Low
23721,102,2,Low
23722,21,1,Low
23723,147,2,Low
23724,73,3,Low
23725,268,2,High
23726,22,3,Low
23727,223,1,High
23728,36,1,Low
23729,24,6,Low
23730,22,3,Low
23731,14,3,Low
23732,43,7,Low
23733,336,2,High
23734,136,2,Low
23736,340,1,High
23737,129,3,Low
23738,218,2,High
23739,159,3,Low
23740,61,1,Low
23741,39,3,Low
23742,279,2,High
23743,85,2,Low
23744,321,1,High
23745,63,4,Low
23746,125,2,Low
23747,262,1,High
23748,240,2,High
23749,31,2,Low
23750,120,1,Low
23751,232,2,High
23752,8,2,Low
23753,149,2,Low
23754,252,1,High
23756,239,1,High
23757,65,3,Low
23758,174,1,Low
23759,5,4,Low
23760,274,2,High
23761,72,2,Low
23762,31,1,Low
23764,193,1,Low
23765,50,2,Low
23766,116,1,Low
23767,157,2,Low
23768,175,1,Low
23769,99,3,Low
23770,180,1,Low
23771,135,3,Low
23772,53,1,Low
23773,93,4,Low
23774,303,1,High
23775,105,1,Low
23776,321,1,High
23777,82,4,Low
23778,82,4,Low
23779,40,4,Low
23780,222,2,High
23781,7,4,Low
23782,183,2,Low
23783,21,2,Low
23784,18,4,Low
23785,84,2,Low
23786,336,1,High
23787,65,4,Low
23788,49,2,Low
23789,94,2,Low
23790,335,1,High
23792,33,2,Low
23793,103,2,Low
23794,165,2,Low
23795,171,1,Low
23796,114,2,Low
23798,192,3,Low
23800,159,3,Low
23802,1,2,Low
23803,169,3,Low
23805,190,1,Low
23806,86,3,Low
23807,327,1,High
23808,48,3,Low
23809,49,3,Low
23810,69,4,Low
23811,15,2,Low
23812,268,2,High
23813,188,2,Low
23814,10,4,Low
23815,184,2,Low
23817,60,4,Low
23820,5,4,Low
23821,78,1,Low
23822,78,2,Low
23823,87,4,Low
23825,247,1,High
23826,126,3,Low
23828,60,2,Low
23829,3,1,Low
23830,24,2,Low
23831,11,2,Low
23833,27,2,Low
23834,229,1,High
23835,258,3,High
23837,313,1,High
23838,185,1,Low
23840,96,3,Low
23841,24,2,Low
23842,107,2,Low
23843,21,3,Low
23844,42,4,Low
23845,51,3,Low
23846,128,1,Low
23847,142,3,Low
23848,159,3,Low
23849,62,1,Low
23850,14,5,Low
23851,193,5,Low
23852,182,1,Low
23854,145,2,Low
23855,163,4,Low
23856,321,1,High
23857,39,1,Low
23858,171,1,Low
23860,305,1,High
23861,240,2,High
23862,43,1,Low
23863,56,3,Low
23864,41,3,Low
23865,141,1,Low
23866,39,3,Low
23867,185,2,Low
23868,57,2,Low
23869,157,2,Low
23870,255,2,High
23871,11,1,Low
23872,255,1,High
23873,256,2,High
23874,287,1,High
23875,64,2,Low
23876,282,1,High
23877,95,1,Low
23878,101,2,Low
23879,122,3,Low
23880,22,1,Low
23881,1,3,Low
23883,263,1,High
23884,182,5,Low
23885,50,1,Low
23886,2,4,Low
23887,8,5,Low
23888,310,1,High
23889,337,1,High
23890,32,5,Low
23891,145,1,Low
23892,1,4,Low
23893,185,5,Low
23894,150,3,Low
23895,112,3,Low
23896,345,1,High
23897,247,1,High
23898,66,2,Low
23900,208,2,High
23901,218,2,High
23903,119,1,Low
23904,137,1,Low
23905,101,1,Low
23906,125,3,Low
23908,114,1,Low
23909,90,4,Low
23911,19,5,Low
23912,13,2,Low
23913,158,2,Low
23915,228,1,High
23916,9,2,Low
23917,75,3,Low
23918,9,2,Low
23919,44,4,Low
23920,42,4,Low
23921,20,2,Low
23922,84,1,Low
23923,194,2,High
23924,61,4,Low
23925,61,3,Low
23926,92,4,Low
23927,169,2,Low
23928,46,1,Low
23929,122,2,Low
23930,291,2,High
23931,244,1,High
23932,174,1,Low
23933,296,2,High
23934,38,4,Low
23935,116,4,Low
23936,230,2,High
23938,20,5,Low
23939,156,3,Low
23940,266,1,High
23942,190,2,Low
23943,363,1,High
23944,215,1,High
23945,266,2,High
23946,200,1,High
23947,52,3,Low
23948,92,1,Low
23949,126,2,Low
23950,212,2,High
23951,47,1,Low
23952,300,1,High
23953,140,2,Low
23954,359,1,High
23955,261,2,High
23956,183,1,Low
23960,337,1,High
23961,47,2,Low
23963,47,1,Low
23964,335,1,High
23967,230,4,High
23968,208,1,High
23969,279,1,High
23970,66,4,Low
23972,68,3,Low
23973,10,3,Low
23974,109,2,Low
23975,11,3,Low
23976,258,3,High
23977,298,2,High
23978,104,2,Low
23979,26,1,Low
23981,56,2,Low
23982,232,1,High
23983,59,3,Low
23984,233,2,High
23985,62,1,Low
23986,8,3,Low
23987,86,1,Low
23988,12,3,Low
23989,74,4,Low
23990,75,1,Low
23991,191,2,Low
23992,19,1,Low
23993,97,2,Low
23994,40,1,Low
23995,58,4,Low
23996,210,2,High
23997,38,4,Low
23998,165,3,Low
23999,325,2,High
24000,48,2,Low
24001,75,1,Low
24002,194,1,High
24003,268,1,High
24004,19,3,Low
24005,43,2,Low
24006,29,2,Low
24007,283,1,High
24008,84,3,Low
24009,44,4,Low
24010,364,1,High
24011,10,3,Low
24012,143,3,Low
24013,143,2,Low
24014,121,1,Low
24015,140,2,Low
24016,105,2,Low
24017,77,3,Low
24018,87,1,Low
24019,108,1,Low
24020,89,1,Low
24021,265,1,High
24022,277,2,High
24023,111,4,Low
24025,22,2,Low
24026,138,1,Low
24027,220,1,High
24028,76,3,Low
24029,26,1,Low
24031,80,6,Low
24032,352,1,High
24033,185,3,Low
24034,48,1,Low
24035,72,1,Low
24036,8,1,Low
24037,150,2,Low
24038,81,3,Low
24039,327,1,High
24040,57,3,Low
24041,134,2,Low
24043,163,2,Low
24046,144,1,Low
24047,106,4,Low
24048,45,3,Low
24049,77,3,Low
24050,221,1,High
24052,121,1,Low
24053,123,2,Low
24054,21,1,Low
24056,101,1,Low
24057,63,3,Low
24058,93,4,Low
24059,154,2,Low
24060,259,1,High
24061,140,1,Low
24062,70,2,Low
24065,60,3,Low
24066,7,2,Low
24067,177,2,Low
24068,104,2,Low
24069,136,2,Low
24070,232,1,High
24071,33,3,Low
24072,29,3,Low
24074,87,2,Low
24075,183,4,Low
24076,211,1,High
24077,40,2,Low
24078,289,2,High
24079,191,2,Low
24082,10,7,Low
24083,356,1,High
24084,147,2,Low
24085,14,1,Low
24086,108,2,Low
24087,53,1,Low
24088,21,4,Low
24089,354,1,High
24091,94,3,Low
24092,257,1,High
24093,360,1,High
24095,47,5,Low
24096,333,1,High
24097,126,3,Low
24098,39,2,Low
24100,10,2,Low
24101,142,3,Low
24102,305,2,High
24103,47,2,Low
24104,90,1,Low
24105,150,5,Low
24106,160,3,Low
24107,194,1,High
24108,43,2,Low
24109,218,2,High
24110,116,2,Low
24111,155,2,Low
24112,10,4,Low
24113,132,1,Low
24114,135,1,Low
24115,227,3,High
24118,298,2,High
24119,36,4,Low
24120,235,2,High
24122,112,4,Low
24123,93,6,Low
24126,125,3,Low
24127,144,3,Low
24128,36,2,Low
24129,19,2,Low
24130,57,4,Low
24131,118,3,Low
24133,28,5,Low
24134,215,2,High
24135,325,1,High
24136,32,2,Low
24137,222,1,High
24138,150,3,Low
24139,253,1,High
24140,221,2,High
24143,154,1,Low
24144,105,2,Low
24145,232,2,High
24146,16,5,Low
24147,191,2,Low
24148,76,2,Low
24150,143,3,Low
24151,158,2,Low
24153,192,1,Low
24154,114,2,Low
24157,206,1,High
24158,221,1,High
24159,211,1,High
24160,53,3,Low
24161,9,1,Low
24162,112,4,Low
24163,91,2,Low
24164,34,3,Low
24165,321,1,High
24166,323,1,High
24167,108,2,Low
24168,91,3,Low
24169,16,2,Low
24170,66,1,Low
24171,273,2,High
24172,88,3,Low
24173,26,4,Low
24174,23,2,Low
24175,44,2,Low
24176,36,3,Low
24177,112,4,Low
24178,5,5,Low
24180,131,4,Low
24181,82,1,Low
24182,111,3,Low
24183,21,3,Low
24184,215,2,High
24185,118,3,Low
24186,91,3,Low
24187,109,1,Low
24188,65,4,Low
24189,227,1,High
24190,40,2,Low
24191,39,1,Low
24192,43,2,Low
24193,196,2,High
24194,82,2,Low
24195,237,1,High
24196,6,3,Low
24197,133,1,Low
24200,220,2,High
24202,268,2,High
24203,126,3,Low
24204,40,3,Low
24205,29,1,Low
24206,26,2,Low
24208,34,1,Low
24209,126,1,Low
24211,87,2,Low
24212,89,2,Low
24213,17,1,Low
24214,10,1,Low
24215,18,2,Low
24218,1,2,Low
24219,145,2,Low
24220,16,4,Low
24221,282,2,High
24222,5,2,Low
24223,187,3,Low
24224,311,1,High
24225,48,3,Low
24226,18,5,Low
24227,66,1,Low
24228,173,2,Low
24229,211,3,High
24230,38,2,Low
24231,136,1,Low
24232,311,1,High
24233,316,1,High
24234,138,1,Low
24235,3,3,Low
24236,62,2,Low
24237,7,1,Low
24238,69,2,Low
24239,98,4,Low
24240,144,1,Low
24241,98,1,Low
24242,185,1,Low
24243,50,1,Low
24244,116,2,Low
24245,31,1,Low
24246,269,2,High
24247,315,2,High
24248,235,1,High
24249,7,4,Low
24251,127,2,Low
24252,305,1,High
24253,81,3,Low
24254,17,2,Low
24255,90,1,Low
24256,352,1,High
24258,54,4,Low
24259,117,2,Low
24260,146,1,Low
24261,148,2,Low
24263,33,2,Low
24264,49,1,Low
24265,11,3,Low
24267,172,2,Low
24268,32,3,Low
24269,2,1,Low
24272,3,1,Low
24273,236,2,High
24274,138,2,Low
24275,83,1,Low
24276,25,3,Low
24277,148,2,Low
24278,67,3,Low
24279,146,2,Low
24280,299,1,High
24281,234,2,High
24282,13,1,Low
24283,141,1,Low
24285,176,2,Low
24286,141,2,Low
24288,33,2,Low
24289,292,1,High
24290,165,2,Low
24291,21,1,Low
24292,133,2,Low
24293,184,2,Low
24294,79,1,Low
24295,195,1,High
24296,30,2,Low
24297,292,1,High
24298,59,1,Low
24299,206,1,High
24300,172,2,Low
24301,42,1,Low
24302,226,2,High
24303,190,1,Low
24305,113,1,Low
24306,28,6,Low
24307,317,1,High
24308,328,1,High
24309,38,3,Low
24310,345,1,High
24311,38,5,Low
24313,219,1,High
24314,35,3,Low
24315,145,1,Low
24316,138,2,Low
24317,140,4,Low
24318,16,2,Low
24319,186,1,Low
24322,129,3,Low
24324,51,2,Low
24325,40,3,Low
24326,7,3,Low
24327,132,2,Low
24328,46,1,Low
24329,279,1,High
24331,32,3,Low
24332,148,1,Low
24333,216,2,High
24334,162,2,Low
24335,302,2,High
24337,82,3,Low
24338,84,1,Low
24339,21,2,Low
24340,251,1,High
24341,199,1,High
24342,28,2,Low
24343,137,1,Low
24344,176,2,Low
24346,74,3,Low
24347,336,1,High
24348,2,2,Low
24349,26,2,Low
24350,182,3,Low
24351,160,2,Low
24352,35,4,Low
24353,57,3,Low
24356,131,2,Low
24357,80,4,Low
24358,118,4,Low
24359,327,3,High
24361,72,1,Low
24362,244,3,High
24363,175,3,Low
24364,36,5,Low
24365,1,3,Low
24366,306,2,High
24367,253,1,High
24369,113,2,Low
24370,47,4,Low
24371,82,3,Low
24373,348,1,High
24375,338,2,High
24376,112,2,Low
24377,78,2,Low
24378,2,3,Low
24380,303,1,High
24381,172,2,Low
24382,71,1,Low
24383,196,2,High
24384,225,2,High
24385,133,1,Low
24386,250,1,High
24387,156,1,Low
24388,50,2,Low
24390,206,1,High
24391,258,2,High
24392,161,1,Low
24393,22,2,Low
24395,261,1,High
24396,76,3,Low
24397,119,2,Low
24398,77,4,Low
24399,200,3,High
24400,41,3,Low
24401,64,2,Low
24402,192,3,Low
24403,181,1,Low
24404,229,2,High
24406,227,2,High
24408,16,2,Low
24409,22,3,Low
24410,159,1,Low
24412,220,1,High
24413,71,2,Low
24414,54,2,Low
24415,237,2,High
24416,52,2,Low
24417,284,1,High
24418,63,3,Low
24419,224,1,High
24420,144,4,Low
24421,69,4,Low
24422,333,1,High
24423,298,2,High
24424,167,2,Low
24425,39,2,Low
24426,241,2,High
24427,48,2,Low
24428,343,1,High
24429,247,1,High
24430,270,3,High
24431,25,2,Low
24432,22,4,Low
24434,193,2,Low
24435,52,3,Low
24436,61,1,Low
24440,211,2,High
24441,70,4,Low
24442,112,2,Low
24444,156,3,Low
24445,126,3,Low
24446,6,4,Low
24447,51,5,Low
24448,309,2,High
24449,303,1,High
24450,32,2,Low
24451,245,1,High
24452,77,4,Low
24453,358,1,High
24454,235,1,High
24455,80,1,Low
24456,307,1,High
24457,71,2,Low
24458,351,1,High
24459,119,1,Low
24460,98,2,Low
24462,146,3,Low
24463,44,2,Low
24464,133,1,Low
24465,286,1,High
24466,290,1,High
24467,146,2,Low
24468,76,4,Low
24469,108,2,Low
24470,204,1,High
24471,104,3,Low
24472,153,3,Low
24473,1,2,Low
24474,18,4,Low
24475,285,3,High
24476,288,1,High
24477,147,2,Low
24478,16,3,Low
24481,151,2,Low
24482,189,1,Low
24483,50,3,Low
24485,121,1,Low
24486,243,1,High
24487,292,1,High
24488,193,2,Low
24489,143,2,Low
24490,195,1,High
24491,115,2,Low
24492,122,2,Low
24493,25,1,Low
24494,93,2,Low
24495,28,1,Low
24496,311,1,High
24497,29,3,Low
24499,154,3,Low
24500,90,5,Low
24501,102,3,Low
24503,177,1,Low
24504,97,2,Low
24505,213,2,High
24506,237,3,High
24508,146,2,Low
24509,117,3,Low
24510,324,1,High
24511,246,4,High
24513,317,1,High
24514,28,5,Low
24515,187,3,Low
24516,79,4,Low
24517,80,2,Low
24518,212,2,High
24519,293,1,High
24520,63,3,Low
24521,194,1,High
24523,24,1,Low
24526,17,2,Low
24527,94,2,Low
24528,125,2,Low
24529,52,2,Low
24530,351,1,High
24531,5,3,Low
24533,11,2,Low
24535,241,3,High
24536,14,4,Low
24537,5,2,Low
24538,197,1,High
24539,287,2,High
24540,164,1,Low
24541,46,2,Low
24542,48,2,Low
24543,305,1,High
24544,37,5,Low
24545,27,3,Low
24546,154,1,Low
24547,8,2,Low
24548,101,2,Low
24549,109,5,Low
24550,323,2,High
24551,77,1,Low
24552,25,2,Low
24553,237,2,High
24554,200,1,High
24556,47,3,Low
24557,16,5,Low
24558,8,5,Low
24559,94,2,Low
24560,89,2,Low
24562,16,2,Low
24563,324,1,High
24564,36,5,Low
24565,144,3,Low
24566,16,1,Low
24568,54,2,Low
24569,115,2,Low
24570,30,3,Low
24571,4,5,Low
24572,194,1,High
24573,129,2,Low
24575,131,1,Low
24576,122,1,Low
24577,66,1,Low
24578,26,3,Low
24580,6,3,Low
24582,168,1,Low
24583,69,3,Low
24584,32,3,Low
24585,293,2,High
24586,67,2,Low
24587,7,2,Low
24588,8,3,Low
24589,50,1,Low
24590,119,3,Low
24591,199,1,High
24592,119,2,Low
24593,59,4,Low
24594,36,1,Low
24595,8,1,Low
24596,16,4,Low
24597,67,3,Low
24598,60,2,Low
24599,39,4,Low
24600,155,1,Low
24601,194,2,High
24602,15,2,Low
24603,107,1,Low
24604,288,1,High
24605,213,1,High
24606,107,2,Low
24607,68,5,Low
24608,227,4,High
24609,143,1,Low
24610,170,3,Low
24611,275,2,High
24612,21,1,Low
24613,127,1,Low
24614,25,1,Low
24615,114,2,Low
24616,40,2,Low
24617,95,3,Low
24619,42,3,Low
24620,130,1,Low
24621,117,1,Low
24622,74,2,Low
24623,19,3,Low
24624,231,2,High
24625,75,3,Low
24626,348,1,High
24627,25,1,Low
24628,158,2,Low
24629,70,4,Low
24630,81,2,Low
24632,235,1,High
24633,99,3,Low
24634,270,1,High
24635,350,1,High
24636,57,2,Low
24637,106,4,Low
24638,193,2,Low
24639,8,4,Low
24640,97,2,Low
24641,169,1,Low
24643,51,2,Low
24645,255,2,High
24646,56,5,Low
24647,249,1,High
24648,187,3,Low
24649,355,1,High
24650,131,5,Low
24652,177,3,Low
24653,93,2,Low
24654,38,1,Low
24655,65,3,Low
24656,313,1,High
24657,243,3,High
24658,328,1,High
24659,321,2,High
24660,92,1,Low
24661,161,1,Low
24662,42,1,Low
24663,286,1,High
24664,115,2,Low
24665,99,3,Low
24667,59,1,Low
24668,144,3,Low
24669,2,2,Low
24670,98,3,Low
24671,268,1,High
24672,2,3,Low
24673,77,1,Low
24674,53,4,Low
24675,239,1,High
24678,119,2,Low
24679,55,4,Low
24680,244,3,High
24681,36,2,Low
24683,24,4,Low
24684,99,4,Low
24685,284,2,High
24686,47,1,Low
24687,85,2,Low
24688,253,2,High
24689,179,5,Low
24690,112,1,Low
24691,155,2,Low
24692,258,1,High
24693,67,5,Low
24695,86,1,Low
24696,226,3,High
24697,31,2,Low
24698,26,3,Low
24699,105,1,Low
24700,107,2,Low
24701,105,2,Low
24702,182,1,Low
24703,163,3,Low
24704,119,2,Low
24706,95,1,Low
24707,208,1,High
24708,139,2,Low
24709,197,4,High
24710,161,4,Low
24711,25,2,Low
24712,210,2,High
24713,44,6,Low
24714,142,2,Low
24715,35,1,Low
24716,44,2,Low
24717,136,2,Low
24718,12,6,Low
24719,105,1,Low
24720,52,2,Low
24721,77,1,Low
24722,63,2,Low
24724,104,1,Low
24726,254,2,High
24727,21,2,Low
24728,197,3,High
24730,249,2,High
24731,265,1,High
24733,237,1,High
24734,104,1,Low
24735,29,4,Low
24737,304,2,High
24738,113,5,Low
24740,17,7,Low
24741,266,2,High
24742,48,2,Low
24743,138,2,Low
24744,335,1,High
24745,281,2,High
24747,60,2,Low
24748,330,3,High
24749,4,4,Low
24750,11,6,Low
24751,248,2,High
24753,202,1,High
24754,156,2,Low
24755,211,1,High
24756,150,2,Low
24757,52,2,Low
24759,159,1,Low
24760,69,2,Low
24761,43,2,Low
24762,61,1,Low
24763,14,5,Low
24764,223,2,High
24765,215,4,High
24767,358,1,High
24768,250,2,High
24770,113,1,Low
24771,107,2,Low
24773,259,2,High
24774,129,2,Low
24776,9,4,Low
24777,179,1,Low
24778,16,1,Low
24781,241,1,High
24782,255,1,High
24783,5,4,Low
24784,43,1,Low
24786,90,3,Low
24787,255,1,High
24788,220,1,High
24789,82,4,Low
24790,178,1,Low
24791,54,4,Low
24792,189,1,Low
24794,154,2,Low
24795,120,3,Low
24796,353,1,High
24797,108,3,Low
24798,34,1,Low
24799,337,1,High
24800,33,6,Low
24801,62,4,Low
24803,56,2,Low
24805,110,3,Low
24806,17,6,Low
24808,1,4,Low
24809,210,2,High
24810,95,2,Low
24811,15,4,Low
24813,304,3,High
24814,136,3,Low
24815,336,1,High
24816,147,3,Low
24818,131,5,Low
24819,33,4,Low
24820,63,3,Low
24821,219,1,High
24822,99,1,Low
24823,6,2,Low
24825,290,2,High
24826,256,2,High
24827,176,2,Low
24828,41,2,Low
24829,21,2,Low
24830,240,1,High
24831,3,4,Low
24832,13,4,Low
24834,229,1,High
24835,112,3,Low
24836,16,3,Low
24837,138,1,Low
24839,176,1,Low
24842,57,1,Low
24843,40,3,Low
24845,12,5,Low
24846,136,3,Low
24849,85,2,Low
24850,219,3,High
24851,141,2,Low
24852,122,4,Low
24854,284,2,High
24855,40,2,Low
24856,363,1,High
24857,5,4,Low
24858,206,2,High
24859,75,2,Low
24860,201,1,High
24861,225,3,High
24862,143,2,Low
24864,195,2,High
24865,213,1,High
24867,58,1,Low
24868,311,2,High
24869,134,2,Low
24870,263,2,High
24871,88,2,Low
24873,13,1,Low
24874,360,1,High
24876,116,2,Low
24877,208,2,High
24878,65,2,Low
24880,37,5,Low
24881,155,3,Low
24882,4,2,Low
24884,36,3,Low
24885,138,1,Low
24886,228,3,High
24887,138,5,Low
24890,37,1,Low
24891,52,2,Low
24892,26,4,Low
24893,133,2,Low
24894,52,5,Low
24895,54,3,Low
24896,74,2,Low
24897,58,1,Low
24898,35,1,Low
24899,171,1,Low
24900,42,5,Low
24901,17,2,Low
24902,269,1,High
24903,356,1,High
24904,14,2,Low
24905,8,1,Low
24906,253,2,High
24907,66,6,Low
24908,39,2,Low
24909,34,5,Low
24910,94,2,Low
24911,17,4,Low
24912,224,1,High
24913,130,2,Low
24914,267,2,High
24918,358,1,High
24920,33,2,Low
24921,161,2,Low
24922,261,2,High
24924,265,2,High
24925,69,4,Low
24926,23,2,Low
24927,32,2,Low
24930,161,1,Low
24931,82,4,Low
24932,7,3,Low
24933,35,3,Low
24935,150,2,Low
24936,58,3,Low
24937,107,1,Low
24938,94,3,Low
24939,238,2,High
24940,5,1,Low
24941,236,1,High
24942,84,3,Low
24943,110,2,Low
24945,151,1,Low
24946,21,1,Low
24947,186,1,Low
24949,240,1,High
24950,76,3,Low
24951,78,2,Low
24952,57,2,Low
24953,300,1,High
24954,92,2,Low
24955,125,1,Low
24956,10,6,Low
24957,34,4,Low
24958,107,3,Low
24959,50,2,Low
24960,147,1,Low
24961,75,2,Low
24963,48,2,Low
24964,48,2,Low
24965,25,4,Low
24966,131,4,Low
24968,325,1,High
24969,111,2,Low
24970,215,1,High
24972,184,4,Low
24973,40,4,Low
24974,265,1,High
24975,289,1,High
24977,156,3,Low
24978,92,2,Low
24979,41,4,Low
24980,99,2,Low
24982,89,3,Low
24983,141,4,Low
24984,173,3,Low
24985,129,1,Low
24986,106,4,Low
24987,37,2,Low
24988,145,1,Low
24989,339,1,High
24991,183,2,Low
24992,57,2,Low
24993,2,6,Low
24994,152,3,Low
24995,88,3,Low
24996,6,4,Low
24998,66,1,Low
24999,11,3,Low
25000,360,1,High
25001,48,3,Low
25002,64,2,Low
25003,256,2,High
25004,40,3,Low
25005,22,1,Low
25006,327,1,High
25007,241,1,High
25009,311,4,High
25010,340,1,High
25011,235,1,High
25012,184,2,Low
25013,158,3,Low
25014,227,1,High
25015,152,1,Low
25016,51,1,Low
25017,8,4,Low
25018,150,1,Low
25019,127,3,Low
25020,81,4,Low
25021,235,1,High
25022,268,1,High
25023,128,1,Low
25025,22,3,Low
25026,318,1,High
25027,76,3,Low
25028,141,4,Low
25029,237,1,High
25030,260,2,High
25031,300,2,High
25033,6,3,Low
25034,79,1,Low
25035,33,2,Low
25036,118,1,Low
25037,8,2,Low
25038,70,2,Low
25039,25,4,Low
25040,16,5,Low
25041,103,1,Low
25042,196,1,High
25043,45,2,Low
25044,94,1,Low
25045,71,3,Low
25046,97,4,Low
25047,103,2,Low
25048,50,3,Low
25049,247,2,High
25050,293,1,High
25051,138,3,Low
25052,274,1,High
25053,84,4,Low
25054,332,1,High
25055,157,3,Low
25056,5,1,Low
25057,155,3,Low
25058,33,2,Low
25059,50,2,Low
25060,49,4,Low
25061,44,2,Low
25062,6,4,Low
25063,64,1,Low
25064,157,2,Low
25065,149,2,Low
25066,3,2,Low
25067,247,1,High
25068,7,1,Low
25071,208,2,High
25072,136,3,Low
25073,14,1,Low
25074,287,1,High
25075,265,2,High
25077,160,3,Low
25078,225,1,High
25079,9,1,Low
25080,165,2,Low
25081,91,3,Low
25082,136,4,Low
25083,3,2,Low
25085,22,4,Low
25086,48,3,Low
25087,262,3,High
25090,168,2,Low
25091,123,1,Low
25092,46,3,Low
25093,181,3,Low
25094,323,1,High
25095,223,1,High
25096,181,2,Low
25097,236,2,High
25099,93,2,Low
25100,250,1,High
25101,28,2,Low
25105,4,4,Low
25106,20,4,Low
25108,160,3,Low
25109,217,4,High
25111,212,2,High
25112,21,2,Low
25113,56,2,Low
25114,26,2,Low
25115,53,2,Low
25116,131,2,Low
25117,202,1,High
25118,48,2,Low
25119,139,2,Low
25120,98,1,Low
25121,329,1,High
25122,39,5,Low
25123,58,4,Low
25124,124,3,Low
25125,223,1,High
25126,76,4,Low
25128,315,1,High
25129,32,3,Low
25130,145,2,Low
25131,265,1,High
25133,115,1,Low
25134,155,4,Low
25135,322,1,High
25136,133,2,Low
25137,140,2,Low
25138,122,3,Low
25139,105,5,Low
25140,249,1,High
25141,223,1,High
25143,231,4,High
25144,152,3,Low
25145,137,2,Low
25146,19,5,Low
25147,108,3,Low
25148,24,4,Low
25149,165,3,Low
25151,93,2,Low
25152,79,2,Low
25153,53,2,Low
25154,192,3,Low
25155,31,3,Low
25156,60,2,Low
25157,22,1,Low
25158,18,4,Low
25160,140,3,Low
25162,112,2,Low
25163,206,2,High
25164,128,1,Low
25165,175,2,Low
25166,85,2,Low
25167,294,1,High
25168,57,3,Low
25169,254,1,High
25170,75,2,Low
25171,62,1,Low
25173,63,1,Low
25174,90,2,Low
25175,6,2,Low
25176,89,1,Low
25178,51,3,Low
25179,55,2,Low
25180,9,4,Low
25181,97,5,Low
25182,328,1,High
25183,216,1,High
25184,48,5,Low
25185,3,2,Low
25186,272,1,High
25187,230,1,High
25188,321,1,High
25189,31,2,Low
25190,80,3,Low
25191,60,2,Low
25192,286,1,High
25193,26,3,Low
25194,55,2,Low
25195,16,4,Low
25198,115,1,Low
25201,190,1,Low
25202,141,1,Low
25203,88,3,Low
25204,150,4,Low
25205,146,3,Low
25207,17,3,Low
25209,89,2,Low
25210,59,3,Low
25211,102,2,Low
25212,5,1,Low
25214,38,2,Low
25215,34,4,Low
25216,207,2,High
25217,14,2,Low
25219,319,1,High
25221,227,1,High
25222,22,3,Low
25223,89,2,Low
25224,281,1,High
25225,345,1,High
25226,292,3,High
25227,61,2,Low
25229,221,1,High
25230,153,3,Low
25231,62,2,Low
25232,334,1,High
25233,43,1,Low
25235,357,1,High
25236,189,4,Low
25237,358,1,High
25238,77,3,Low
25239,93,2,Low
25240,32,3,Low
25241,206,2,High
25243,12,3,Low
25244,96,2,Low
25245,130,1,Low
25246,259,1,High
25247,8,6,Low
25248,163,1,Low
25249,13,2,Low
25251,230,1,High
25253,226,1,High
25254,259,2,High
25255,7,2,Low
25256,1,3,Low
25257,14,3,Low
25258,13,4,Low
25259,84,1,Low
25261,111,1,Low
25262,109,2,Low
25263,139,2,Low
25264,5,3,Low
25265,174,4,Low
25266,234,1,High
25267,74,4,Low
25268,91,1,Low
25269,109,5,Low
25272,1,1,Low
25273,125,1,Low
25274,63,2,Low
25276,179,1,Low
25277,208,1,High
25278,203,2,High
25279,69,3,Low
25280,356,1,High
25281,36,3,Low
25284,324,1,High
25285,95,2,Low
25286,35,4,Low
25287,182,1,Low
25288,77,2,Low
25289,214,2,High
25291,102,1,Low
25293,39,1,Low
25295,40,2,Low
25296,244,1,High
25297,53,2,Low
25298,3,2,Low
25299,22,2,Low
25300,310,1,High
25301,46,3,Low
25303,47,2,Low
25305,136,2,Low
25308,9,1,Low
25309,279,1,High
25311,62,2,Low
25312,180,2,Low
25313,10,4,Low
25315,58,3,Low
25316,32,2,Low
25318,160,2,Low
25319,76,4,Low
25320,1,2,Low
25323,6,5,Low
25325,44,3,Low
25326,54,2,Low
25327,125,2,Low
25328,201,1,High
25329,32,5,Low
25330,133,1,Low
25331,353,1,High
25333,343,1,High
25334,27,3,Low
25335,76,2,Low
25336,20,2,Low
25338,289,1,High
25341,28,2,Low
25342,98,2,Low
25343,167,1,Low
25344,345,1,High
25345,265,1,High
25346,40,2,Low
25347,205,2,High
25348,132,3,Low
25349,65,4,Low
25350,133,3,Low
25351,297,1,High
25352,154,4,Low
25353,21,2,Low
25354,104,3,Low
25355,120,6,Low
25357,20,5,Low
25358,146,5,Low
25359,89,2,Low
25360,191,1,Low
25361,305,1,High
25362,15,5,Low
25363,129,3,Low
25364,61,2,Low
25365,229,1,High
25366,160,1,Low
25367,294,1,High
25369,182,2,Low
25370,132,2,Low
25371,116,4,Low
25372,108,1,Low
25373,29,3,Low
25374,296,1,High
25375,173,1,Low
25376,32,3,Low
25377,10,3,Low
25378,8,2,Low
25379,242,1,High
25380,26,2,Low
25381,62,2,Low
25382,136,1,Low
25384,160,1,Low
25385,180,2,Low
25386,53,3,Low
25387,187,4,Low
25388,100,2,Low
25389,53,2,Low
25390,20,3,Low
25391,362,1,High
25392,36,2,Low
25393,81,2,Low
25394,246,1,High
25395,96,1,Low
25397,211,2,High
25398,30,1,Low
25399,257,3,High
25400,41,1,Low
25402,91,1,Low
25403,7,3,Low
25404,26,3,Low
25405,80,2,Low
25406,60,6,Low
25409,360,2,High
25410,149,3,Low
25412,54,3,Low
25413,95,2,Low
25414,73,2,Low
25415,280,2,High
25416,70,2,Low
25417,2,5,Low
25418,164,1,Low
25419,323,1,High
25420,283,1,High
25421,90,8,Low
25422,203,3,High
25423,84,3,Low
25424,58,3,Low
25425,101,3,Low
25427,61,4,Low
25428,62,5,Low
25430,58,2,Low
25431,350,1,High
25433,30,2,Low
25434,92,2,Low
25436,83,2,Low
25437,123,5,Low
25438,104,4,Low
25439,43,2,Low
25440,110,4,Low
25441,95,1,Low
25442,134,2,Low
25443,254,1,High
25444,246,3,High
25445,244,1,High
25446,149,3,Low
25448,179,1,Low
25449,245,1,High
25450,215,2,High
25451,127,5,Low
25452,141,1,Low
25454,39,2,Low
25455,38,3,Low
25456,150,2,Low
25457,25,1,Low
25458,6,7,Low
25459,36,1,Low
25460,334,1,High
25461,81,2,Low
25462,88,3,Low
25465,15,3,Low
25467,122,1,Low
25468,90,2,Low
25469,128,2,Low
25470,165,3,Low
25471,14,2,Low
25472,243,2,High
25473,9,1,Low
25474,135,4,Low
25475,63,4,Low
25476,167,3,Low
25477,201,2,High
25478,296,1,High
25479,58,5,Low
25480,223,2,High
25481,100,1,Low
25482,262,1,High
25483,79,2,Low
25486,261,1,High
25489,27,4,Low
25490,61,1,Low
25491,199,5,High
25492,338,1,High
25493,82,2,Low
25494,40,3,Low
25495,76,1,Low
25496,149,2,Low
25497,224,3,High
25498,107,2,Low
25499,276,1,High
25500,271,1,High
25501,285,1,High
25502,120,3,Low
25503,11,5,Low
25504,80,3,Low
25505,21,6,Low
25506,101,6,Low
25507,132,1,Low
25508,252,1,High
25509,153,1,Low
25510,268,2,High
25511,147,2,Low
25512,65,1,Low
25513,160,1,Low
25514,267,1,High
25516,190,1,Low
25517,117,1,Low
25518,27,2,Low
25519,156,1,Low
25521,62,4,Low
25522,128,1,Low
25523,30,4,Low
25524,315,1,High
25525,69,3,Low
25526,277,1,High
25527,208,1,High
25528,50,2,Low
25530,193,1,Low
25531,48,1,Low
25533,263,1,High
25534,58,2,Low
25535,229,2,High
25536,11,4,Low
25537,49,3,Low
25538,115,2,Low
25539,137,2,Low
25540,1,2,Low
25542,121,1,Low
25543,135,1,Low
25545,231,5,High
25546,163,3,Low
25547,344,1,High
25548,114,3,Low
25549,103,2,Low
25550,294,2,High
25552,117,1,Low
25553,9,1,Low
25554,226,1,High
25555,266,3,High
25556,55,2,Low
25557,48,3,Low
25558,49,2,Low
25560,133,2,Low
25562,83,2,Low
25564,351,1,High
25565,41,3,Low
25566,88,1,Low
25568,59,1,Low
25570,272,1,High
25571,132,1,Low
25572,323,1,High
25573,13,1,Low
25574,80,2,Low
25575,159,1,Low
25576,288,1,High
25577,6,2,Low
25578,78,2,Low
25579,313,2,High
25580,43,2,Low
25582,36,5,Low
25584,152,3,Low
25585,249,1,High
25586,61,2,Low
25587,250,2,High
25588,223,1,High
25589,19,1,Low
25590,105,2,Low
25591,230,2,High
25593,78,2,Low
25594,182,1,Low
25595,188,4,Low
25597,222,3,High
25598,91,2,Low
25599,30,4,Low
25600,67,2,Low
25601,232,1,High
25602,81,2,Low
25603,228,5,High
25604,178,1,Low
25605,123,3,Low
25606,150,1,Low
25607,241,2,High
25608,103,3,Low
25609,201,1,High
25611,142,4,Low
25612,150,4,Low
25613,194,1,High
25614,11,1,Low
25615,90,5,Low
25616,138,3,Low
25617,321,1,High
25618,133,6,Low
25619,14,4,Low
25621,233,1,High
25622,50,2,Low
25624,9,2,Low
25625,42,4,Low
25626,284,1,High
25628,170,2,Low
25629,245,1,High
25630,219,1,High
25632,110,2,Low
25633,76,5,Low
25634,123,3,Low
25638,30,1,Low
25639,28,2,Low
25640,152,2,Low
25641,317,1,High
25642,111,1,Low
25643,38,3,Low
25644,4,3,Low
25645,54,4,Low
25646,57,2,Low
25647,132,1,Low
25648,31,2,Low
25649,26,3,Low
25650,6,2,Low
25651,6,1,Low
25652,52,3,Low
25654,205,1,High
25656,157,4,Low
25657,290,2,High
25658,343,1,High
25659,90,5,Low
25660,200,1,High
25661,323,1,High
25662,251,2,High
25663,82,3,Low
25664,42,1,Low
25665,82,2,Low
25666,114,2,Low
25667,178,1,Low
25668,149,2,Low
25669,171,2,Low
25670,214,2,High
25671,128,4,Low
25672,125,3,Low
25673,197,2,High
25674,70,2,Low
25675,179,2,Low
25676,236,2,High
25677,180,2,Low
25678,36,2,Low
25679,44,1,Low
25680,174,7,Low
25681,365,1,High
25683,200,1,High
25684,69,2,Low
25685,343,1,High
25686,134,4,Low
25688,189,3,Low
25689,291,1,High
25690,233,1,High
25691,47,5,Low
25692,312,2,High
25693,226,1,High
25694,22,2,Low
25695,63,3,Low
25696,109,2,Low
25697,143,1,Low
25698,134,2,Low
25699,63,3,Low
25701,162,2,Low
25702,252,2,High
25703,1,4,Low
25704,16,3,Low
25706,67,2,Low
25707,240,1,High
25709,26,4,Low
25711,186,1,Low
25712,110,2,Low
25713,182,1,Low
25714,64,3,Low
25715,64,3,Low
25716,28,3,Low
25717,43,3,Low
25719,173,3,Low
25720,16,1,Low
25721,19,3,Low
25722,140,5,Low
25723,40,2,Low
25724,53,1,Low
25725,29,3,Low
25726,171,3,Low
25727,96,5,Low
25728,315,3,High
25729,75,1,Low
25730,106,3,Low
25731,269,2,High
25732,264,1,High
25733,48,3,Low
25734,271,2,High
25735,166,4,Low
25736,162,5,Low
25737,62,1,Low
25738,32,3,Low
25739,274,1,High
25740,236,2,High
25741,351,2,High
25743,83,1,Low
25744,71,4,Low
25745,95,3,Low
25746,149,1,Low
25747,199,2,High
25748,104,1,Low
25750,32,3,Low
25751,301,1,High
25752,67,3,Low
25754,10,2,Low
25755,34,6,Low
25756,96,3,Low
25757,81,3,Low
25758,288,1,High
25759,81,3,Low
25760,16,1,Low
25761,295,1,High
25762,77,2,Low
25763,54,1,Low
25764,344,1,High
25768,18,2,Low
25769,55,1,Low
25770,44,1,Low
25772,364,1,High
25774,153,4,Low
25775,239,1,High
25776,109,2,Low
25778,53,3,Low
25779,1,3,Low
25780,111,2,Low
25781,270,3,High
25782,260,1,High
25784,343,1,High
25785,267,1,High
25787,267,1,High
25788,351,1,High
25789,11,1,Low
25790,136,3,Low
25791,128,4,Low
25792,133,3,Low
25793,189,4,Low
25794,77,2,Low
25795,177,3,Low
25796,115,3,Low
25799,126,2,Low
25800,13,4,Low
25801,332,1,High
25802,75,4,Low
25803,257,2,High
25804,31,3,Low
25805,152,3,Low
25806,139,2,Low
25808,32,4,Low
25809,55,3,Low
25810,52,2,Low
25812,274,1,High
25813,326,1,High
25814,81,2,Low
25815,176,3,Low
25817,60,4,Low
25818,360,1,High
25819,5,2,Low
25820,162,3,Low
25821,28,2,Low
25822,4,1,Low
25823,99,1,Low
25824,213,2,High
25826,136,1,Low
25827,64,2,Low
25828,25,4,Low
25829,32,3,Low
25830,102,3,Low
25831,163,2,Low
25832,137,4,Low
25833,98,2,Low
25834,242,1,High
25835,51,3,Low
25838,61,3,Low
25839,56,3,Low
25840,87,3,Low
25842,65,2,Low
25843,166,1,Low
25844,11,6,Low
25845,54,3,Low
25847,179,3,Low
25848,29,4,Low
25849,25,1,Low
25850,150,1,Low
25851,107,6,Low
25852,90,1,Low
25854,55,2,Low
25855,236,1,High
25856,9,3,Low
25858,83,1,Low
25859,22,3,Low
25860,151,2,Low
25861,64,3,Low
25862,52,4,Low
25864,141,2,Low
25865,99,2,Low
25866,81,3,Low
25868,315,1,High
25869,331,1,High
25870,176,3,Low
25871,114,1,Low
25872,121,1,Low
25873,18,2,Low
25874,265,3,High
25876,19,1,Low
25877,75,1,Low
25878,118,2,Low
25879,128,5,Low
25880,226,2,High
25881,67,1,Low
25882,279,1,High
25883,2,3,Low
25884,59,6,Low
25885,132,2,Low
25886,125,2,Low
25887,100,2,Low
25888,119,3,Low
25889,247,1,High
25890,241,1,High
25891,61,5,Low
25892,203,4,High
25893,110,5,Low
25894,4,2,Low
25895,57,3,Low
25896,93,5,Low
25897,2,2,Low
25898,40,2,Low
25899,170,2,Low
25900,161,3,Low
25901,151,3,Low
25902,5,2,Low
25903,37,4,Low
25905,159,1,Low
25906,86,2,Low
25907,108,2,Low
25909,296,2,High
25910,127,1,Low
25912,114,2,Low
25914,174,2,Low
25915,336,1,High
25916,64,5,Low
25917,218,1,High
25918,188,2,Low
25919,83,2,Low
25920,3,2,Low
25922,138,4,Low
25923,78,1,Low
25924,110,2,Low
25926,227,1,High
25927,37,3,Low
25928,9,2,Low
25929,283,1,High
25930,102,1,Low
25931,34,2,Low
25933,65,1,Low
25934,290,1,High
25935,130,2,Low
25937,95,3,Low
25938,2,1,Low
25939,233,2,High
25940,7,2,Low
25941,180,1,Low
25942,285,2,High
25943,22,4,Low
25945,93,1,Low
25946,318,1,High
25948,259,2,High
25950,167,4,Low
25951,6,4,Low
25952,155,1,Low
25953,46,1,Low
25954,69,2,Low
25955,232,2,High
25956,310,1,High
25957,101,3,Low
25958,278,2,High
25959,90,1,Low
25960,62,3,Low
25961,140,5,Low
25962,180,3,Low
25963,245,1,High
25964,113,3,Low
25965,30,4,Low
25966,149,3,Low
25967,80,3,Low
25968,334,1,High
25969,256,1,High
25970,271,2,High
25971,89,1,Low
25972,42,1,Low
25974,88,1,Low
25975,43,3,Low
25976,170,3,Low
25977,164,1,Low
25978,51,5,Low
25979,309,1,High
25980,157,1,Low
25981,232,2,High
25982,28,1,Low
25983,66,5,Low
25984,44,1,Low
25985,69,2,Low
25986,309,1,High
25987,82,2,Low
25988,80,2,Low
25989,106,3,Low
25990,345,1,High
25991,19,2,Low
25992,51,4,Low
25994,28,2,Low
25995,75,3,Low
25996,9,3,Low
25998,73,1,Low
25999,42,2,Low
26000,222,2,High
26001,17,1,Low
26002,42,2,Low
26003,189,3,Low
26004,148,3,Low
26005,132,3,Low
26006,297,1,High
26007,68,1,Low
26008,14,3,Low
26009,134,1,Low
26010,67,1,Low
26011,315,1,High
26012,74,1,Low
26013,336,1,High
26014,4,2,Low
26015,157,2,Low
26016,281,1,High
26017,138,5,Low
26018,9,3,Low
26020,192,2,Low
26021,269,2,High
26022,90,2,Low
26023,149,1,Low
26024,19,5,Low
26025,163,1,Low
26026,31,3,Low
26027,103,4,Low
26028,44,6,Low
26029,62,3,Low
26030,13,3,Low
26031,101,2,Low
26032,336,2,High
26033,71,2,Low
26034,116,2,Low
26036,67,2,Low
26037,55,2,Low
26039,52,3,Low
26041,234,1,High
26043,51,2,Low
26044,29,3,Low
26045,194,3,High
26046,115,2,Low
26047,197,2,High
26048,77,2,Low
26049,44,1,Low
26050,197,1,High
26051,47,4,Low
26052,201,1,High
26053,268,3,High
26054,324,2,High
26056,146,4,Low
26057,103,1,Low
26058,304,1,High
26059,61,2,Low
26060,114,4,Low
26061,341,1,High
26062,238,1,High
26063,108,1,Low
26064,46,2,Low
26065,2,2,Low
26066,128,3,Low
26067,234,3,High
26069,341,1,High
26071,93,2,Low
26072,103,2,Low
26073,54,2,Low
26074,44,3,Low
26075,307,1,High
26076,160,3,Low
26077,266,1,High
26078,274,1,High
26079,47,1,Low
26080,173,2,Low
26081,84,2,Low
26082,68,1,Low
26083,100,1,Low
26084,278,2,High
26085,17,1,Low
26086,13,3,Low
26087,117,3,Low
26088,25,3,Low
26089,66,4,Low
26090,116,1,Low
26093,4,5,Low
26094,256,2,High
26095,8,2,Low
26096,15,3,Low
26097,25,4,Low
26098,320,1,High
26099,38,3,Low
26100,67,3,Low
26102,16,1,Low
26103,45,4,Low
26104,207,1,High
26107,282,1,High
26108,129,2,Low
26109,18,1,Low
26112,218,1,High
26113,16,2,Low
26114,36,3,Low
26115,217,2,High
26116,27,3,Low
26118,34,4,Low
26120,94,3,Low
26121,135,2,Low
26123,48,4,Low
26124,14,3,Low
26125,151,1,Low
26126,55,2,Low
26127,11,3,Low
26128,193,1,Low
26129,103,3,Low
26130,92,2,Low
26131,86,4,Low
26132,44,1,Low
26133,109,3,Low
26135,12,1,Low
26136,84,3,Low
26137,230,1,High
26138,33,2,Low
26139,5,5,Low
26141,343,1,High
26142,63,4,Low
26143,250,1,High
26144,67,1,Low
26145,114,2,Low
26146,19,2,Low
26147,38,3,Low
26148,20,5,Low
26149,2,3,Low
26150,152,2,Low
26151,199,3,High
26152,18,2,Low
26153,289,1,High
26155,60,1,Low
26156,357,1,High
26157,102,3,Low
26158,30,3,Low
26160,258,3,High
26161,63,4,Low
26162,126,3,Low
26163,241,2,High
26164,60,2,Low
26165,21,2,Low
26166,7,5,Low
26167,19,3,Low
26168,64,2,Low
26169,262,1,High
26170,52,2,Low
26171,21,4,Low
26172,44,4,Low
26173,52,5,Low
26174,187,4,Low
26175,161,2,Low
26176,106,1,Low
26177,264,1,High
26178,23,2,Low
26179,213,4,High
26180,347,1,High
26181,130,2,Low
26182,39,5,Low
26183,108,2,Low
26184,148,5,Low
26185,24,1,Low
26186,307,1,High
26187,42,5,Low
26188,142,3,Low
26189,90,1,Low
26190,18,5,Low
26191,67,2,Low
26192,119,4,Low
26193,20,3,Low
26194,113,3,Low
26195,33,3,Low
26196,59,3,Low
26198,344,2,High
26200,51,4,Low
26201,145,1,Low
26202,51,4,Low
26204,60,2,Low
26206,106,2,Low
26207,296,1,High
26209,129,4,Low
26210,143,2,Low
26212,33,7,Low
26213,91,4,Low
26214,33,3,Low
26215,51,4,Low
26216,123,2,Low
26217,67,2,Low
26218,160,2,Low
26219,29,3,Low
26221,190,4,Low
26223,310,2,High
26224,73,2,Low
26225,36,3,Low
26226,16,2,Low
26227,110,1,Low
26229,41,2,Low
26230,164,5,Low
26231,96,1,Low
26232,143,4,Low
26234,39,1,Low
26235,99,3,Low
26237,126,4,Low
26239,1,2,Low
26240,23,4,Low
26241,136,3,Low
26242,105,1,Low
26244,226,1,High
26245,154,3,Low
26246,8,5,Low
26247,10,3,Low
26248,300,1,High
26249,7,4,Low
26250,7,3,Low
26251,19,2,Low
26252,155,1,Low
26253,28,3,Low
26254,117,1,Low
26255,21,2,Low
26258,34,2,Low
26259,169,5,Low
26260,64,5,Low
26261,112,1,Low
26262,361,1,High
26263,55,1,Low
26264,278,1,High
26265,185,1,Low
26266,94,2,Low
26267,296,1,High
26270,83,2,Low
26271,82,2,Low
26273,237,1,High
26274,289,1,High
26275,71,5,Low
26276,143,1,Low
26278,41,3,Low
26279,96,1,Low
26280,52,2,Low
26282,84,2,Low
26283,221,3,High
26284,345,1,High
26285,337,1,High
26286,123,2,Low
26287,307,1,High
26289,73,2,Low
26290,155,2,Low
26291,144,3,Low
26292,343,1,High
26293,266,1,High
26294,105,1,Low
26295,131,3,Low
26296,92,2,Low
26297,232,1,High
26298,87,3,Low
26299,58,3,Low
26300,251,2,High
26301,189,1,Low
26302,51,2,Low
26303,27,3,Low
26304,117,2,Low
26305,59,3,Low
26306,7,1,Low
26307,310,1,High
26309,1,4,Low
26310,3,2,Low
26311,21,3,Low
26312,57,3,Low
26313,341,1,High
26315,104,2,Low
26318,6,4,Low
26320,108,3,Low
26321,246,3,High
26322,107,2,Low
26323,328,1,High
26325,338,2,High
26327,21,3,Low
26328,26,2,Low
26329,130,2,Low
26330,38,3,Low
26331,214,1,High
26332,159,2,Low
26333,55,2,Low
26334,88,1,Low
26335,154,1,Low
26336,152,1,Low
26337,22,3,Low
26338,109,3,Low
26339,123,2,Low
26340,355,1,High
26341,12,2,Low
26342,89,3,Low
26343,115,1,Low
26344,101,4,Low
26346,142,1,Low
26347,28,4,Low
26350,16,2,Low
26351,189,2,Low
26352,137,2,Low
26353,56,2,Low
26354,84,2,Low
26355,24,5,Low
26356,132,2,Low
26357,24,2,Low
26358,285,1,High
26359,163,2,Low
26360,58,2,Low
26361,32,3,Low
26362,143,2,Low
26363,44,1,Low
26364,81,2,Low
26365,43,6,Low
26366,51,5,Low
26367,132,3,Low
26368,37,3,Low
26369,96,3,Low
26370,315,2,High
26374,205,2,High
26375,161,1,Low
26376,109,3,Low
26377,100,1,Low
26378,45,3,Low
26379,152,2,Low
26380,321,1,High
26381,31,3,Low
26382,121,1,Low
26383,314,1,High
26384,312,1,High
26385,18,3,Low
26386,7,2,Low
26387,281,1,High
26388,363,1,High
26389,170,1,Low
26390,15,3,Low
26391,198,1,High
26392,278,1,High
26393,299,1,High
26394,105,2,Low
26395,31,1,Low
26396,27,1,Low
26397,180,2,Low
26398,270,1,High
26399,73,1,Low
26400,153,4,Low
26401,7,3,Low
26402,143,3,Low
26403,202,1,High
26404,187,3,Low
26405,20,3,Low
26406,67,5,Low
26408,173,2,Low
26409,276,2,High
26410,73,2,Low
26411,11,4,Low
26413,85,2,Low
26414,143,1,Low
26415,118,1,Low
26416,138,2,Low
26417,26,2,Low
26418,106,2,Low
26420,218,3,High
26421,228,1,High
26422,7,5,Low
26423,345,1,High
26424,122,1,Low
26425,116,4,Low
26426,193,1,Low
26427,154,1,Low
26428,69,4,Low
26430,172,1,Low
26431,260,1,High
26432,36,1,Low
26433,29,4,Low
26434,298,2,High
26436,3,1,Low
26437,98,2,Low
26438,315,2,High
26439,10,3,Low
26440,266,1,High
26441,202,1,High
26442,16,3,Low
26443,48,5,Low
26444,186,2,Low
26445,268,1,High
26446,73,4,Low
26447,215,1,High
26449,254,2,High
26451,190,1,Low
26452,28,6,Low
26454,88,4,Low
26455,30,2,Low
26456,142,1,Low
26457,130,2,Low
26459,266,2,High
26460,27,2,Low
26461,74,2,Low
26462,41,3,Low
26463,97,1,Low
26464,40,3,Low
26465,44,1,Low
26466,217,3,High
26467,200,2,High
26468,97,1,Low
26472,306,1,High
26473,235,1,High
26474,1,4,Low
26475,39,1,Low
26476,194,4,High
26477,301,1,High
26478,98,3,Low
26479,88,5,Low
26480,10,3,Low
26481,20,4,Low
26482,32,3,Low
26483,196,1,High
26484,204,3,High
26485,124,2,Low
26486,237,1,High
26487,28,4,Low
26488,156,2,Low
26490,41,5,Low
26491,12,2,Low
26492,32,4,Low
26493,121,3,Low
26494,82,2,Low
26495,49,3,Low
26496,116,2,Low
26497,117,1,Low
26498,56,4,Low
26499,129,3,Low
26500,128,3,Low
26501,74,4,Low
26502,61,3,Low
26503,43,1,Low
26504,157,3,Low
26505,108,1,Low
26506,19,2,Low
26508,21,1,Low
26509,178,4,Low
26510,246,1,High
26511,43,7,Low
26512,85,2,Low
26513,40,3,Low
26514,360,1,High
26516,11,2,Low
26517,231,1,High
26518,119,2,Low
26519,28,4,Low
26520,98,2,Low
26521,74,4,Low
26522,154,2,Low
26523,190,2,Low
26524,245,1,High
26525,22,2,Low
26526,208,2,High
26527,33,3,Low
26528,338,1,High
26529,131,3,Low
26530,41,2,Low
26531,30,1,Low
26532,224,1,High
26534,18,4,Low
26535,318,3,High
26537,70,1,Low
26538,91,5,Low
26539,320,1,High
26540,322,1,High
26541,206,2,High
26542,69,2,Low
26543,123,1,Low
26544,6,5,Low
26545,168,3,Low
26547,27,2,Low
26548,268,1,High
26549,100,1,Low
26550,97,3,Low
26552,29,3,Low
26553,174,2,Low
26554,167,2,Low
26555,44,2,Low
26556,69,2,Low
26558,79,4,Low
26559,171,1,Low
26560,150,1,Low
26561,30,3,Low
26562,42,1,Low
26563,196,2,High
26564,3,3,Low
26565,93,2,Low
26566,97,1,Low
26567,67,1,Low
26568,30,2,Low
26569,40,4,Low
26570,146,3,Low
26571,278,2,High
26572,68,4,Low
26573,336,1,High
26574,284,1,High
26575,52,4,Low
26576,11,4,Low
26577,77,6,Low
26578,67,1,Low
26579,264,2,High
26580,106,4,Low
26581,44,3,Low
26582,199,3,High
26583,45,1,Low
26584,139,1,Low
26585,192,1,Low
26587,77,3,Low
26588,22,3,Low
26589,143,2,Low
26590,85,4,Low
26591,206,4,High
26592,56,2,Low
26593,114,4,Low
26594,81,2,Low
26595,65,4,Low
26596,75,2,Low
26597,265,1,High
26598,5,2,Low
26599,219,2,High
26600,23,4,Low
26601,37,1,Low
26603,132,1,Low
26604,15,5,Low
26605,13,2,Low
26606,138,3,Low
26607,77,1,Low
26608,168,2,Low
26609,34,5,Low
26610,17,4,Low
26612,46,1,Low
26614,2,2,Low
26615,59,2,Low
26616,198,4,High
26617,150,2,Low
26618,260,1,High
26619,313,1,High
26620,201,2,High
26621,81,3,Low
26622,64,2,Low
26624,63,3,Low
26625,141,1,Low
26626,62,4,Low
26628,228,2,High
26629,100,1,Low
26630,257,1,High
26632,39,3,Low
26633,22,6,Low
26634,163,3,Low
26635,133,1,Low
26637,40,2,Low
26638,1,2,Low
26639,29,1,Low
26640,82,4,Low
26641,14,1,Low
26642,9,4,Low
26643,87,3,Low
26644,157,1,Low
26646,147,1,Low
26647,33,1,Low
26648,39,2,Low
26649,80,3,Low
26651,21,1,Low
26652,202,3,High
26653,38,3,Low
26655,22,3,Low
26656,60,3,Low
26657,145,3,Low
26658,129,3,Low
26659,45,3,Low
26660,273,2,High
26661,154,4,Low
26662,37,3,Low
26663,120,1,Low
26664,97,4,Low
26665,66,4,Low
26666,70,3,Low
26667,9,1,Low
26669,99,2,Low
26670,234,2,High
26671,345,1,High
26672,142,2,Low
26673,88,3,Low
26675,294,2,High
26676,297,1,High
26677,98,1,Low
26678,261,2,High
26679,139,3,Low
26680,124,1,Low
26681,14,3,Low
26683,25,6,Low
26684,64,2,Low
26685,348,2,High
26687,129,3,Low
26688,100,1,Low
26689,32,3,Low
26690,4,1,Low
26692,43,2,Low
26693,28,3,Low
26694,295,1,High
26695,140,1,Low
26696,4,3,Low
26697,124,2,Low
26698,51,2,Low
26700,119,2,Low
26701,155,6,Low
26702,61,2,Low
26703,26,2,Low
26705,34,2,Low
26706,76,1,Low
26707,114,4,Low
26708,40,2,Low
26710,31,2,Low
26711,69,4,Low
26712,239,2,High
26714,119,2,Low
26717,111,3,Low
26718,11,3,Low
26719,28,2,Low
26720,213,2,High
26721,125,3,Low
26722,45,2,Low
26723,50,3,Low
26724,195,1,High
26725,137,3,Low
26726,86,3,Low
26728,57,2,Low
26729,1,1,Low
26730,191,2,Low
26731,220,1,High
26733,162,2,Low
26734,15,3,Low
26735,191,1,Low
26736,223,2,High
26738,228,2,High
26739,1,1,Low
26740,232,1,High
26741,351,2,High
26742,22,3,Low
26743,66,2,Low
26744,193,1,Low
26745,225,2,High
26746,71,3,Low
26747,249,1,High
26748,351,1,High
26750,165,1,Low
26751,55,1,Low
26752,105,1,Low
26753,38,2,Low
26754,172,1,Low
26755,254,2,High
26756,34,3,Low
26757,4,3,Low
26758,5,4,Low
26759,92,4,Low
26760,8,1,Low
26761,323,1,High
26762,118,2,Low
26763,19,3,Low
26764,17,4,Low
26765,196,3,High
26766,14,2,Low
26767,74,3,Low
26768,55,1,Low
26769,303,1,High
26770,3,3,Low
26771,7,2,Low
26772,43,3,Low
26773,312,1,High
26774,139,2,Low
26776,107,1,Low
26777,4,6,Low
26778,13,3,Low
26779,80,2,Low
26780,13,3,Low
26781,66,1,Low
26782,33,3,Low
26784,111,2,Low
26785,23,4,Low
26786,304,1,High
26787,88,3,Low
26788,97,3,Low
26791,164,4,Low
26792,128,1,Low
26793,321,1,High
26794,293,1,High
26795,91,5,Low
26798,45,1,Low
26799,255,1,High
26800,34,4,Low
26802,7,6,Low
26803,63,4,Low
26804,194,2,High
26805,23,2,Low
26806,76,2,Low
26807,176,1,Low
26808,139,2,Low
26810,46,4,Low
26811,187,5,Low
26812,62,2,Low
26813,194,1,High
26814,32,1,Low
26815,37,3,Low
26816,142,2,Low
26817,72,3,Low
26819,109,1,Low
26820,19,4,Low
26821,257,3,High
26822,320,1,High
26823,22,3,Low
26825,267,1,High
26826,43,5,Low
26827,56,5,Low
26828,44,2,Low
26829,123,3,Low
26831,158,1,Low
26832,11,2,Low
26833,103,1,Low
26834,74,2,Low
26835,32,2,Low
26836,119,1,Low
26838,112,2,Low
26839,124,3,Low
26840,215,1,High
26841,42,3,Low
26842,144,3,Low
26843,95,2,Low
26844,233,1,High
26845,26,2,Low
26846,328,1,High
26847,339,1,High
26848,3,2,Low
26849,357,1,High
26850,148,1,Low
26851,160,3,Low
26852,68,2,Low
26853,44,4,Low
26854,73,1,Low
26855,3,1,Low
26856,127,1,Low
26857,86,4,Low
26858,361,2,High
26859,288,2,High
26860,66,4,Low
26861,238,2,High
26862,111,1,Low
26863,318,1,High
26864,264,1,High
26865,116,2,Low
26866,276,1,High
26867,86,4,Low
26868,19,2,Low
26869,155,3,Low
26870,28,2,Low
26872,58,2,Low
26873,318,1,High
26875,342,2,High
26877,338,1,High
26879,153,2,Low
26880,15,4,Low
26881,126,1,Low
26882,92,2,Low
26883,150,1,Low
26885,166,2,Low
26886,29,3,Low
26888,153,4,Low
26889,109,2,Low
26890,98,2,Low
26891,4,3,Low
26893,51,1,Low
26895,248,2,High
26896,287,3,High
26899,127,1,Low
26900,98,2,Low
26901,89,2,Low
26902,161,3,Low
26903,71,2,Low
26904,227,1,High
26906,137,2,Low
26907,1,5,Low
26908,137,1,Low
26909,91,4,Low
26910,322,1,High
26911,152,2,Low
26913,268,2,High
26914,44,4,Low
26915,60,2,Low
26916,266,1,High
26917,161,1,Low
26918,306,1,High
26919,189,2,Low
26920,17,5,Low
26921,133,3,Low
26924,141,3,Low
26925,127,2,Low
26926,24,2,Low
26927,330,1,High
26928,157,2,Low
26929,42,4,Low
26930,270,2,High
26932,28,3,Low
26934,29,2,Low
26935,82,1,Low
26936,49,5,Low
26937,216,1,High
26940,56,2,Low
26941,203,2,High
26942,3,3,Low
26943,93,1,Low
26944,87,1,Low
26945,87,3,Low
26946,88,3,Low
26947,116,2,Low
26948,26,2,Low
26949,62,1,Low
26950,22,3,Low
26951,75,4,Low
26952,155,1,Low
26953,158,1,Low
26954,353,1,High
26959,158,2,Low
26960,30,3,Low
26961,302,2,High
26962,254,3,High
26963,56,2,Low
26964,107,3,Low
26965,207,2,High
26966,19,1,Low
26967,293,1,High
26969,216,2,High
26970,247,3,High
26971,75,2,Low
26972,314,1,High
26973,235,2,High
26974,66,2,Low
26975,57,2,Low
26976,225,3,High
26977,38,4,Low
26979,207,3,High
26980,1,2,Low
26981,96,2,Low
26982,22,4,Low
26983,34,4,Low
26984,67,1,Low
26985,165,2,Low
26986,65,1,Low
26987,24,1,Low
26988,48,2,Low
26990,16,2,Low
26991,74,4,Low
26992,197,2,High
26993,40,1,Low
26994,118,1,Low
26995,57,2,Low
26996,37,5,Low
26997,62,1,Low
26999,71,1,Low
27000,49,2,Low
27001,166,2,Low
27003,32,2,Low
27004,244,1,High
27005,132,1,Low
27006,303,1,High
27007,365,1,High
27008,57,2,Low
27010,52,2,Low
27012,270,1,High
27015,174,3,Low
27016,11,2,Low
27018,88,1,Low
27019,104,1,Low
27020,25,2,Low
27022,144,1,Low
27023,180,1,Low
27024,85,1,Low
27025,13,5,Low
27026,117,3,Low
27027,122,1,Low
27028,34,4,Low
27030,146,1,Low
27033,92,3,Low
27034,254,1,High
27035,144,3,Low
27036,285,2,High
27037,45,1,Low
27038,189,2,Low
27039,56,2,Low
27040,30,2,Low
27042,93,2,Low
27043,303,1,High
27044,12,4,Low
27046,142,3,Low
27047,364,1,High
27049,78,4,Low
27050,102,2,Low
27051,154,4,Low
27052,16,2,Low
27053,190,3,Low
27054,211,5,High
27056,20,5,Low
27059,112,4,Low
27060,82,1,Low
27061,39,2,Low
27062,154,1,Low
27063,50,1,Low
27064,16,2,Low
27065,25,3,Low
27066,93,2,Low
27067,31,4,Low
27069,244,2,High
27070,12,1,Low
27071,15,5,Low
27072,84,5,Low
27073,110,2,Low
27074,2,2,Low
27075,334,2,High
27077,261,2,High
27078,74,2,Low
27079,39,4,Low
27082,254,1,High
27083,109,1,Low
27084,180,3,Low
27085,24,3,Low
27087,305,1,High
27088,130,1,Low
27090,87,3,Low
27091,99,3,Low
27092,211,1,High
27093,224,2,High
27094,198,4,High
27096,102,4,Low
27097,15,3,Low
27098,150,1,Low
27099,28,3,Low
27100,39,1,Low
27101,20,2,Low
27102,104,3,Low
27103,205,2,High
27105,23,2,Low
27106,151,4,Low
27107,47,2,Low
27108,82,5,Low
27109,273,4,High
27110,157,3,Low
27111,43,2,Low
27112,99,1,Low
27113,94,2,Low
27114,188,2,Low
27115,51,5,Low
27116,60,4,Low
27117,93,3,Low
27119,99,4,Low
27120,108,3,Low
27121,92,2,Low
27123,258,1,High
27124,92,2,Low
27126,61,2,Low
27127,248,1,High
27128,322,1,High
27129,98,1,Low
27130,142,4,Low
27131,44,4,Low
27132,321,1,High
27134,296,2,High
27135,2,3,Low
27136,186,3,Low
27137,83,1,Low
27138,35,4,Low
27139,29,3,Low
27140,87,3,Low
27141,65,2,Low
27142,25,2,Low
27143,121,3,Low
27145,35,2,Low
27146,70,4,Low
27147,315,1,High
27148,202,2,High
27150,188,2,Low
27151,214,2,High
27152,156,3,Low
27153,4,1,Low
27154,79,2,Low
27155,111,3,Low
27156,204,3,High
27157,61,2,Low
27158,335,1,High
27159,280,1,High
27161,55,4,Low
27162,47,1,Low
27163,191,1,Low
27164,213,2,High
27165,46,2,Low
27166,361,1,High
27168,23,6,Low
27169,41,2,Low
27171,136,2,Low
27172,302,2,High
27173,362,1,High
27174,220,1,High
27175,9,2,Low
27176,51,2,Low
27178,55,1,Low
27179,1,3,Low
27180,139,1,Low
27181,100,1,Low
27182,135,1,Low
27185,36,4,Low
27187,155,2,Low
27188,66,3,Low
27190,15,4,Low
27191,36,5,Low
27192,77,2,Low
27193,69,4,Low
27194,122,3,Low
27195,199,4,High
27196,167,2,Low
27197,25,3,Low
27198,45,4,Low
27199,127,2,Low
27200,53,4,Low
27201,51,3,Low
27202,156,5,Low
27203,50,2,Low
27205,157,1,Low
27206,12,2,Low
27207,348,1,High
27209,226,1,High
27211,16,4,Low
27212,347,1,High
27213,49,2,Low
27214,340,1,High
27215,271,3,High
27216,362,2,High
27217,25,5,Low
27218,86,3,Low
27219,68,4,Low
27220,48,1,Low
27221,76,3,Low
27222,62,3,Low
27223,23,3,Low
27224,24,3,Low
27225,50,2,Low
27226,127,1,Low
27227,280,1,High
27228,30,1,Low
27229,357,1,High
27230,296,1,High
27231,152,2,Low
27232,167,1,Low
27234,245,4,High
27237,133,5,Low
27238,19,1,Low
27239,66,1,Low
27240,124,1,Low
27241,19,2,Low
27242,152,1,Low
27243,198,3,High
27244,277,1,High
27245,257,1,High
27246,48,3,Low
27247,134,2,Low
27248,113,1,Low
27249,141,2,Low
27250,50,2,Low
27251,314,3,High
27252,20,1,Low
27253,55,4,Low
27255,60,1,Low
27256,183,2,Low
27257,119,1,Low
27258,154,2,Low
27259,31,3,Low
27260,100,2,Low
27262,152,1,Low
27263,174,1,Low
27264,2,2,Low
27265,132,1,Low
27266,220,1,High
27267,164,2,Low
27268,61,2,Low
27269,52,3,Low
27271,215,2,High
27272,280,1,High
27273,252,1,High
27274,23,2,Low
27275,150,1,Low
27276,76,3,Low
27277,186,2,Low
27279,113,3,Low
27280,36,4,Low
27281,105,4,Low
27282,135,1,Low
27283,203,1,High
27284,31,3,Low
27285,213,2,High
27287,79,3,Low
27291,191,3,Low
27292,306,1,High
27293,301,1,High
27294,67,2,Low
27295,113,2,Low
27296,35,2,Low
27297,154,1,Low
27299,204,1,High
27300,18,4,Low
27301,118,3,Low
27302,25,5,Low
27303,39,2,Low
27304,92,2,Low
27305,108,6,Low
27306,208,2,High
27307,76,5,Low
27308,70,1,Low
27309,116,1,Low
27310,276,1,High
27311,285,1,High
27312,146,2,Low
27313,128,2,Low
27314,25,6,Low
27315,10,3,Low
27316,29,4,Low
27317,162,2,Low
27318,81,2,Low
27319,26,5,Low
27320,39,1,Low
27321,98,3,Low
27322,30,6,Low
27323,20,3,Low
27324,63,4,Low
27325,90,1,Low
27326,90,2,Low
27327,54,2,Low
27328,113,4,Low
27329,2,3,Low
27330,15,3,Low
27331,124,3,Low
27332,7,2,Low
27334,6,2,Low
27335,139,1,Low
27336,88,5,Low
27337,65,2,Low
27338,33,1,Low
27339,20,5,Low
27340,23,4,Low
27341,92,2,Low
27342,148,3,Low
27343,88,3,Low
27344,134,2,Low
27345,51,3,Low
27346,299,3,High
27347,198,1,High
27349,108,3,Low
27350,19,3,Low
27351,196,4,High
27353,135,3,Low
27356,50,3,Low
27357,96,1,Low
27359,16,3,Low
27360,104,2,Low
27361,213,3,High
27363,177,2,Low
27364,278,1,High
27365,149,4,Low
27366,50,5,Low
27367,87,5,Low
27368,267,1,High
27369,22,3,Low
27370,328,1,High
27371,113,1,Low
27372,1,2,Low
27373,92,2,Low
27374,22,4,Low
27375,86,2,Low
27376,282,2,High
27377,164,1,Low
27378,250,1,High
27379,62,2,Low
27380,50,2,Low
27381,181,3,Low
27382,233,1,High
27384,235,1,High
27385,44,3,Low
27386,145,1,Low
27387,35,5,Low
27388,99,2,Low
27389,310,1,High
27390,208,2,High
27391,8,4,Low
27392,41,2,Low
27394,141,3,Low
27396,140,1,Low
27397,161,1,Low
27398,64,3,Low
27399,109,1,Low
27400,270,1,High
27402,281,1,High
27403,98,3,Low
27404,159,1,Low
27405,39,4,Low
27406,99,1,Low
27407,125,3,Low
27408,22,5,Low
27409,89,2,Low
27410,140,4,Low
27411,123,4,Low
27412,237,2,High
27413,19,5,Low
27414,237,1,High
27415,117,1,Low
27416,58,4,Low
27417,81,2,Low
27418,17,2,Low
27420,32,2,Low
27421,48,2,Low
27423,69,4,Low
27424,46,2,Low
27425,29,6,Low
27427,123,3,Low
27428,62,3,Low
27429,362,1,High
27431,319,1,High
27432,216,2,High
27433,25,3,Low
27435,148,2,Low
27436,158,2,Low
27437,55,2,Low
27438,16,3,Low
27439,147,2,Low
27440,228,1,High
27441,49,3,Low
27442,314,1,High
27443,131,1,Low
27444,12,2,Low
27445,109,3,Low
27446,267,1,High
27448,28,3,Low
27449,243,2,High
27450,118,4,Low
27452,31,3,Low
27453,2,1,Low
27454,201,1,High
27455,83,2,Low
27456,12,3,Low
27457,113,1,Low
27460,61,2,Low
27462,195,1,High
27463,18,1,Low
27465,276,1,High
27467,37,2,Low
27469,23,4,Low
27470,42,5,Low
27471,29,3,Low
27472,42,3,Low
27474,13,1,Low
27476,238,1,High
27477,52,3,Low
27478,29,4,Low
27479,289,1,High
27481,213,2,High
27482,163,4,Low
27483,54,5,Low
27484,295,1,High
27485,123,6,Low
27486,118,1,Low
27487,21,2,Low
27488,68,4,Low
27489,174,2,Low
27490,16,3,Low
27492,6,4,Low
27493,64,2,Low
27495,242,2,High
27496,18,3,Low
27498,267,1,High
27499,355,1,High
27500,5,2,Low
27501,8,2,Low
27502,43,3,Low
27504,185,1,Low
27505,280,2,High
27506,259,1,High
27507,40,2,Low
27508,42,1,Low
27509,254,2,High
27510,256,1,High
27511,340,1,High
27512,82,4,Low
27513,161,1,Low
27515,32,1,Low
27517,45,4,Low
27518,101,2,Low
27519,310,2,High
27521,42,3,Low
27522,345,1,High
27523,38,2,Low
27524,275,2,High
27525,284,3,High
27527,358,1,High
27528,204,1,High
27529,24,2,Low
27530,233,2,High
27531,210,2,High
27532,42,3,Low
27533,97,2,Low
27534,136,1,Low
27535,190,4,Low
27536,319,2,High
27537,172,2,Low
27538,120,1,Low
27539,30,1,Low
27540,66,1,Low
27541,184,2,Low
27542,169,1,Low
27543,153,1,Low
27544,8,5,Low
27545,95,4,Low
27546,85,6,Low
27547,309,1,High
27549,133,1,Low
27550,23,3,Low
27551,12,3,Low
27553,119,1,Low
27554,172,4,Low
27555,103,4,Low
27556,67,2,Low
27558,124,3,Low
27559,38,2,Low
27560,32,5,Low
27561,242,1,High
27562,166,2,Low
27563,175,2,Low
27564,222,1,High
27565,252,1,High
27566,311,2,High
27567,30,1,Low
27569,67,3,Low
27571,240,3,High
27572,24,3,Low
27573,189,1,Low
27574,145,2,Low
27576,156,1,Low
27577,24,2,Low
27578,112,2,Low
27579,180,2,Low
27580,76,4,Low
27581,100,2,Low
27582,16,1,Low
27584,59,4,Low
27585,331,2,High
27586,291,1,High
27588,92,2,Low
27589,12,2,Low
27591,218,2,High
27592,110,5,Low
27593,274,3,High
27595,113,1,Low
27597,74,1,Low
27598,201,1,High
27599,100,3,Low
27600,138,1,Low
27601,156,1,Low
27602,305,1,High
27603,112,3,Low
27604,252,1,High
27605,238,1,High
27606,139,4,Low
27607,13,3,Low
27608,37,5,Low
27609,6,3,Low
27610,183,2,Low
27611,15,4,Low
27613,80,1,Low
27614,214,1,High
27615,95,2,Low
27616,33,4,Low
27618,212,1,High
27619,31,1,Low
27620,281,1,High
27621,114,1,Low
27622,361,1,High
27623,296,1,High
27624,235,2,High
27625,165,3,Low
27626,6,2,Low
27628,90,1,Low
27631,32,3,Low
27632,306,1,High
27634,5,1,Low
27636,226,1,High
27637,156,2,Low
27638,149,1,Low
27639,31,4,Low
27640,42,4,Low
27642,110,4,Low
27644,144,3,Low
27645,127,3,Low
27646,52,1,Low
27647,20,3,Low
27648,256,1,High
27649,104,1,Low
27650,56,1,Low
27651,143,2,Low
27652,187,2,Low
27654,74,2,Low
27655,231,3,High
27656,102,4,Low
27657,319,2,High
27658,205,1,High
27659,146,2,Low
27660,12,3,Low
27661,274,3,High
27662,281,1,High
27663,139,3,Low
27664,74,1,Low
27665,197,2,High
27666,152,2,Low
27667,204,2,High
27669,146,3,Low
27670,179,4,Low
27671,31,2,Low
27672,85,4,Low
27673,99,2,Low
27674,107,3,Low
27675,1,2,Low
27676,98,3,Low
27678,219,2,High
27679,33,3,Low
27680,170,4,Low
27681,213,1,High
27683,185,1,Low
27684,168,1,Low
27685,308,1,High
27686,159,2,Low
27687,61,5,Low
27688,69,1,Low
27689,329,1,High
27690,51,2,Low
27693,46,2,Low
27694,214,4,High
27695,103,2,Low
27697,58,3,Low
27698,58,3,Low
27699,188,4,Low
27700,53,1,Low
27701,6,3,Low
27702,247,2,High
27704,53,2,Low
27706,39,3,Low
27707,197,1,High
27708,57,2,Low
27710,349,1,High
27711,23,1,Low
27712,51,2,Low
27714,14,2,Low
27715,99,2,Low
27716,43,2,Low
27717,316,1,High
27719,4,4,Low
27720,107,2,Low
27721,98,4,Low
27722,11,4,Low
27723,178,3,Low
27724,5,2,Low
27725,116,2,Low
27726,134,3,Low
27727,53,2,Low
27728,66,1,Low
27729,53,4,Low
27730,26,2,Low
27731,179,1,Low
27732,169,1,Low
27733,37,1,Low
27735,219,2,High
27736,101,1,Low
27737,105,4,Low
27738,300,1,High
27739,26,2,Low
27741,88,3,Low
27742,47,2,Low
27743,134,1,Low
27746,62,1,Low
27747,205,2,High
27748,67,3,Low
27749,345,1,High
27750,308,1,High
27751,133,5,Low
27752,160,2,Low
27753,223,1,High
27755,45,5,Low
27756,32,1,Low
27757,30,2,Low
27758,2,3,Low
27759,74,3,Low
27760,11,3,Low
27761,20,2,Low
27762,44,3,Low
27763,286,1,High
27764,119,2,Low
27765,52,3,Low
27766,24,4,Low
27767,20,3,Low
27768,166,1,Low
27769,34,3,Low
27770,67,3,Low
27771,211,2,High
27773,71,3,Low
27774,17,4,Low
27775,240,3,High
27776,104,1,Low
27777,268,2,High
27778,130,1,Low
27779,180,5,Low
27780,19,2,Low
27781,145,3,Low
27782,52,2,Low
27783,53,3,Low
27784,255,1,High
27785,25,3,Low
27786,66,3,Low
27787,214,5,High
27788,266,2,High
27790,20,3,Low
27791,88,3,Low
27793,121,1,Low
27794,289,1,High
27795,61,2,Low
27796,12,6,Low
27798,92,1,Low
27799,117,3,Low
27800,196,2,High
27801,285,2,High
27802,105,2,Low
27803,118,4,Low
27804,89,2,Low
27805,194,1,High
27806,87,2,Low
27808,209,4,High
27809,66,3,Low
27810,275,2,High
27812,116,3,Low
27813,219,4,High
27814,66,6,Low
27815,30,6,Low
27816,39,6,Low
27817,85,2,Low
27818,303,2,High
27819,209,1,High
27820,133,5,Low
27821,131,3,Low
27822,132,2,Low
27823,85,1,Low
27825,166,3,Low
27826,202,2,High
27827,123,4,Low
27828,37,3,Low
27829,139,4,Low
27830,59,5,Low
27831,246,1,High
27832,160,2,Low
27833,12,5,Low
27835,331,2,High
27836,39,1,Low
27837,41,1,Low
27838,101,3,Low
27839,4,1,Low
27840,35,3,Low
27841,76,2,Low
27842,267,1,High
27843,157,2,Low
27844,135,3,Low
27846,7,1,Low
27847,274,3,High
27849,63,1,Low
27850,192,1,Low
27851,148,2,Low
27852,107,1,Low
27853,8,3,Low
27855,339,1,High
27857,8,4,Low
27858,121,1,Low
27859,11,2,Low
27860,19,3,Low
27861,113,3,Low
27862,145,1,Low
27863,102,3,Low
27864,284,2,High
27865,79,2,Low
27866,51,4,Low
27867,305,3,High
27868,9,1,Low
27869,312,1,High
27870,173,2,Low
27873,92,1,Low
27874,310,2,High
27875,84,2,Low
27876,269,1,High
27877,53,4,Low
27878,9,3,Low
27879,343,1,High
27880,14,3,Low
27881,90,2,Low
27882,277,2,High
27884,5,2,Low
27885,42,4,Low
27886,67,4,Low
27887,77,4,Low
27888,327,1,High
27889,87,2,Low
27890,31,3,Low
27891,140,1,Low
27892,300,1,High
27893,6,5,Low
27894,115,4,Low
27895,322,2,High
27896,108,2,Low
27897,18,4,Low
27898,336,1,High
27899,27,2,Low
27900,10,4,Low
27901,259,3,High
27903,154,2,Low
27904,197,2,High
27905,44,2,Low
27907,97,3,Low
27908,43,11,Low
27909,101,3,Low
27910,325,1,High
27912,27,4,Low
27914,167,3,Low
27915,52,2,Low
27916,65,2,Low
27917,5,6,Low
27918,55,4,Low
27919,86,1,Low
27920,266,2,High
27921,73,3,Low
27922,47,2,Low
27924,329,1,High
27926,359,1,High
27927,229,1,High
27928,225,1,High
27930,21,8,Low
27931,149,1,Low
27932,311,1,High
27933,52,2,Low
27934,126,2,Low
27935,198,6,High
27936,162,2,Low
27937,111,2,Low
27938,132,2,Low
27939,211,1,High
27940,105,1,Low
27941,188,2,Low
27942,330,1,High
27943,59,5,Low
27944,64,2,Low
27947,48,2,Low
27949,220,1,High
27950,193,1,Low
27951,326,2,High
27952,36,1,Low
27953,149,2,Low
27954,355,3,High
27955,104,1,Low
27956,54,2,Low
27957,17,3,Low
27958,126,1,Low
27959,96,1,Low
27960,199,3,High
27961,32,3,Low
27962,54,2,Low
27963,39,4,Low
27964,69,2,Low
27965,151,2,Low
27966,185,2,Low
27967,64,2,Low
27968,50,2,Low
27971,159,2,Low
27972,234,1,High
27973,80,2,Low
27974,3,1,Low
27975,255,1,High
27976,165,3,Low
27977,113,3,Low
27978,236,3,High
27979,209,1,High
27981,11,2,Low
27983,30,4,Low
27984,255,4,High
27985,91,1,Low
27986,198,3,High
27987,120,3,Low
27989,176,3,Low
27990,127,2,Low
27991,53,2,Low
27992,55,1,Low
27993,146,3,Low
27994,155,4,Low
27996,331,1,High
27997,149,2,Low
27998,7,1,Low
27999,158,2,Low
28001,99,2,Low
28003,295,1,High
28005,36,1,Low
28006,62,1,Low
28007,239,1,High
28008,21,3,Low
28009,132,1,Low
28012,154,1,Low
28013,11,3,Low
28014,69,4,Low
28015,197,2,High
28016,308,3,High
28017,207,3,High
28018,354,2,High
28019,67,3,Low
28020,24,2,Low
28021,42,3,Low
28022,64,4,Low
28023,322,1,High
28025,227,2,High
28027,90,4,Low
28028,235,1,High
28029,59,4,Low
28030,174,3,Low
28031,117,1,Low
28032,171,1,Low
28034,121,1,Low
28036,260,3,High
28038,302,1,High
28039,2,1,Low
28040,128,1,Low
28041,241,2,High
28042,127,1,Low
28044,284,1,High
28046,2,2,Low
28047,30,5,Low
28048,51,3,Low
28049,94,4,Low
28050,61,2,Low
28051,38,2,Low
28052,261,1,High
28053,204,1,High
28054,21,2,Low
28055,159,2,Low
28056,35,6,Low
28058,27,3,Low
28060,224,1,High
28061,133,2,Low
28062,354,1,High
28063,73,5,Low
28064,322,1,High
28065,37,3,Low
28066,355,3,High
28067,57,2,Low
28068,311,2,High
28069,224,2,High
28070,29,2,Low
28071,182,1,Low
28072,344,1,High
28073,182,1,Low
28074,241,1,High
28076,99,1,Low
28078,312,1,High
28079,247,1,High
28081,91,3,Low
28082,109,2,Low
28083,134,2,Low
28084,189,3,Low
28086,135,2,Low
28087,357,1,High
28088,49,3,Low
28089,137,1,Low
28090,17,4,Low
28091,100,1,Low
28092,107,4,Low
28093,11,3,Low
28094,26,4,Low
28095,146,1,Low
28096,191,1,Low
28098,257,2,High
28099,1,3,Low
28100,252,2,High
28102,40,1,Low
28103,49,3,Low
28104,247,2,High
28105,205,1,High
28106,85,3,Low
28107,64,2,Low
28109,273,1,High
28110,112,3,Low
28111,153,2,Low
28112,26,2,Low
28113,110,3,Low
28115,280,1,High
28116,21,4,Low
28117,135,2,Low
28118,61,1,Low
28119,42,4,Low
28120,146,1,Low
28121,300,3,High
28123,252,2,High
28125,180,3,Low
28126,38,1,Low
28128,186,3,Low
28129,251,1,High
28130,36,1,Low
28132,80,3,Low
28133,305,1,High
28134,110,3,Low
28135,144,2,Low
28136,58,1,Low
28137,318,1,High
28138,284,2,High
28139,78,7,Low
28140,74,2,Low
28141,65,3,Low
28142,289,1,High
28143,99,3,Low
28144,45,3,Low
28145,218,1,High
28148,153,2,Low
28149,129,1,Low
28150,219,1,High
28151,39,2,Low
28153,128,3,Low
28154,39,1,Low
28155,166,1,Low
28156,46,1,Low
28157,199,2,High
28159,94,1,Low
28160,39,3,Low
28161,191,1,Low
28162,146,1,Low
28164,221,2,High
28166,80,1,Low
28167,53,2,Low
28169,191,2,Low
28171,106,3,Low
28172,194,2,High
28175,115,2,Low
28176,178,2,Low
28177,86,3,Low
28178,49,3,Low
28179,92,1,Low
28180,66,2,Low
28181,237,2,High
28182,220,1,High
28183,82,1,Low
28184,6,4,Low
28185,286,1,High
28187,194,2,High
28188,278,2,High
28189,336,1,High
28190,255,2,High
28191,100,2,Low
28192,302,1,High
28193,156,2,Low
28194,75,3,Low
28195,250,3,High
28196,44,4,Low
28197,75,1,Low
28198,32,3,Low
28199,357,1,High
28202,46,4,Low
28203,104,2,Low
28204,7,3,Low
28205,143,2,Low
28206,69,1,Low
28207,33,1,Low
28208,108,1,Low
28209,87,2,Low
28210,46,2,Low
28211,98,2,Low
28212,44,2,Low
28213,4,4,Low
28214,39,5,Low
28215,112,3,Low
28216,337,1,High
28217,289,3,High
28218,23,2,Low
28219,244,2,High
28221,81,1,Low
28222,179,4,Low
28223,243,2,High
28224,65,3,Low
28225,57,2,Low
28228,70,3,Low
28229,18,3,Low
28230,108,3,Low
28232,97,2,Low
28233,107,2,Low
28234,146,3,Low
28235,92,5,Low
28236,103,2,Low
28237,249,1,High
28238,208,1,High
28240,203,2,High
28241,94,2,Low
28242,24,2,Low
28243,66,1,Low
28244,358,1,High
28245,75,1,Low
28246,112,2,Low
28247,199,1,High
28248,75,2,Low
28249,5,2,Low
28251,132,2,Low
28252,210,1,High
28253,22,2,Low
28254,149,2,Low
28255,57,2,Low
28256,60,4,Low
28257,21,1,Low
28258,16,4,Low
28259,7,1,Low
28260,177,4,Low
28263,100,3,Low
28264,91,5,Low
28265,43,1,Low
28266,9,2,Low
28267,12,4,Low
28268,288,2,High
28269,22,1,Low
28272,51,2,Low
28274,59,2,Low
28275,195,2,High
28276,122,2,Low
28277,141,3,Low
28278,80,3,Low
28279,166,2,Low
28280,316,1,High
28281,6,5,Low
28283,171,2,Low
28285,320,1,High
28286,8,4,Low
28287,89,4,Low
28288,40,2,Low
28290,1,3,Low
28292,61,2,Low
28293,25,4,Low
28294,218,3,High
28295,123,1,Low
28296,98,1,Low
28297,97,5,Low
28298,16,4,Low
28299,332,1,High
28300,109,2,Low
28301,223,1,High
28303,31,2,Low
28304,50,3,Low
28305,62,1,Low
28306,264,2,High
28307,44,3,Low
28309,54,3,Low
28310,72,2,Low
28311,78,1,Low
28312,39,3,Low
28314,169,1,Low
28315,183,1,Low
28316,3,2,Low
28318,2,5,Low
28319,116,2,Low
28323,35,3,Low
28325,29,2,Low
28326,15,5,Low
28327,56,2,Low
28328,268,1,High
28330,99,2,Low
28331,38,4,Low
28332,7,5,Low
28333,332,1,High
28334,10,3,Low
28335,235,1,High
28336,166,1,Low
28338,207,3,High
28339,65,1,Low
28340,181,2,Low
28341,342,1,High
28342,64,3,Low
28343,88,2,Low
28344,81,3,Low
28345,51,5,Low
28346,106,2,Low
28347,1,2,Low
28348,186,2,Low
28349,74,1,Low
28350,12,2,Low
28351,358,1,High
28352,96,2,Low
28353,14,3,Low
28354,90,2,Low
28355,190,3,Low
28356,33,3,Low
28357,208,2,High
28358,160,3,Low
28359,43,6,Low
28360,90,5,Low
28361,50,2,Low
28362,21,4,Low
28363,35,2,Low
28364,272,2,High
28365,25,4,Low
28366,54,3,Low
28367,20,2,Low
28368,100,2,Low
28370,6,5,Low
28371,194,2,High
28372,306,1,High
28373,154,1,Low
28374,82,2,Low
28375,114,2,Low
28376,314,1,High
28377,52,2,Low
28378,134,1,Low
28379,81,3,Low
28380,273,2,High
28381,101,3,Low
28382,153,2,Low
28383,76,4,Low
28384,19,5,Low
28385,32,2,Low
28388,20,2,Low
28389,87,3,Low
28391,111,4,Low
28392,183,1,Low
28393,40,2,Low
28394,220,1,High
28396,6,3,Low
28397,319,1,High
28398,291,1,High
28399,134,3,Low
28400,158,2,Low
28401,104,2,Low
28402,306,1,High
28403,200,2,High
28404,95,4,Low
28405,143,2,Low
28407,247,2,High
28408,9,4,Low
28409,220,3,High
28410,84,2,Low
28411,320,2,High
28412,119,2,Low
28413,78,5,Low
28414,14,2,Low
28415,288,1,High
28416,323,2,High
28417,24,3,Low
28418,164,3,Low
28419,160,1,Low
28421,98,2,Low
28422,62,3,Low
28423,20,2,Low
28424,133,2,Low
28425,46,2,Low
28426,14,3,Low
28427,135,5,Low
28428,199,1,High
28429,261,1,High
28430,129,2,Low
28431,93,2,Low
28432,45,1,Low
28433,101,4,Low
28434,297,2,High
28435,6,3,Low
28436,177,1,Low
28437,265,1,High
28438,72,5,Low
28439,32,5,Low
28440,14,2,Low
28441,40,3,Low
28442,36,1,Low
28444,31,3,Low
28445,274,2,High
28446,320,1,High
28447,11,1,Low
28448,167,1,Low
28450,72,1,Low
28451,57,1,Low
28452,43,2,Low
28453,285,1,High
28454,148,2,Low
28456,162,2,Low
28457,183,1,Low
28458,41,4,Low
28459,47,2,Low
28460,149,2,Low
28461,129,1,Low
28462,157,2,Low
28463,129,1,Low
28464,200,2,High
28465,25,1,Low
28466,251,1,High
28468,1,4,Low
28469,90,2,Low
28470,58,3,Low
28471,1,2,Low
28472,230,2,High
28473,302,1,High
28474,127,2,Low
28475,47,2,Low
28477,225,1,High
28478,55,1,Low
28479,37,2,Low
28480,66,2,Low
28481,92,1,Low
28482,113,2,Low
28485,354,1,High
28486,105,1,Low
28487,55,2,Low
28490,201,3,High
28492,203,1,High
28493,58,1,Low
28494,66,2,Low
28495,139,3,Low
28496,51,3,Low
28497,252,1,High
28499,1,3,Low
28500,134,2,Low
28501,113,1,Low
28502,81,2,Low
28503,271,1,High
28504,93,2,Low
28505,250,2,High
28506,53,3,Low
28507,73,2,Low
28508,17,5,Low
28509,187,4,Low
28510,274,2,High
28511,155,1,Low
28513,324,1,High
28514,77,1,Low
28515,319,1,High
28516,23,3,Low
28517,92,2,Low
28518,145,4,Low
28520,157,3,Low
28521,109,1,Low
28522,305,1,High
28523,1,2,Low
28525,114,2,Low
28527,50,3,Low
28528,11,2,Low
28529,13,1,Low
28530,124,5,Low
28531,72,1,Low
28532,73,1,Low
28533,273,1,High
28535,47,2,Low
28536,37,3,Low
28537,111,2,Low
28538,16,3,Low
28539,91,5,Low
28540,278,1,High
28541,305,1,High
28542,113,3,Low
28543,40,3,Low
28544,41,2,Low
28545,264,1,High
28546,112,3,Low
28547,77,1,Low
28548,26,3,Low
28551,284,2,High
28552,5,5,Low
28553,161,1,Low
28554,140,2,Low
28555,253,3,High
28557,14,1,Low
28558,207,1,High
28559,23,3,Low
28560,100,4,Low
28561,139,1,Low
28562,199,1,High
28563,28,3,Low
28564,44,3,Low
28565,90,1,Low
28566,270,2,High
28567,163,1,Low
28568,60,2,Low
28569,125,2,Low
28570,207,2,High
28571,121,3,Low
28572,37,6,Low
28573,71,4,Low
28574,48,3,Low
28575,43,5,Low
28577,21,3,Low
28578,88,1,Low
28580,37,1,Low
28581,251,2,High
28582,23,1,Low
28583,56,3,Low
28584,20,1,Low
28585,17,3,Low
28586,114,2,Low
28587,194,2,High
28588,79,3,Low
28589,232,2,High
28590,26,1,Low
28591,110,3,Low
28592,110,1,Low
28594,206,1,High
28595,327,1,High
28596,138,2,Low
28597,317,1,High
28598,8,3,Low
28601,177,1,Low
28602,296,2,High
28603,191,1,Low
28604,6,1,Low
28605,22,2,Low
28606,345,1,High
28607,270,1,High
28608,48,1,Low
28609,107,1,Low
28610,13,2,Low
28611,141,1,Low
28612,132,2,Low
28614,42,2,Low
28615,9,4,Low
28616,45,2,Low
28617,279,2,High
28618,324,1,High
28619,106,1,Low
28621,274,3,High
28622,197,3,High
28623,330,1,High
28625,17,2,Low
28626,54,1,Low
28628,321,1,High
28630,311,1,High
28631,29,2,Low
28632,3,3,Low
28634,76,4,Low
28635,40,2,Low
28636,175,1,Low
28637,28,3,Low
28638,10,3,Low
28639,323,2,High
28640,229,1,High
28642,105,3,Low
28644,170,2,Low
28646,104,3,Low
28648,191,3,Low
28649,129,4,Low
28650,18,3,Low
28651,95,2,Low
28652,57,2,Low
28653,6,3,Low
28655,92,3,Low
28657,171,2,Low
28658,138,1,Low
28659,32,2,Low
28662,360,1,High
28663,269,1,High
28664,273,1,High
28667,22,2,Low
28668,232,1,High
28669,137,4,Low
28670,6,2,Low
28671,55,3,Low
28672,114,2,Low
28674,252,2,High
28675,17,2,Low
28676,315,1,High
28677,64,2,Low
28678,146,4,Low
28679,30,3,Low
28681,167,4,Low
28682,122,3,Low
28683,303,1,High
28684,134,2,Low
28685,30,1,Low
28686,311,2,High
28687,52,1,Low
28688,50,2,Low
28689,260,2,High
28691,273,3,High
28692,312,2,High
28693,125,1,Low
28694,149,1,Low
28695,94,2,Low
28697,41,2,Low
28698,59,1,Low
28699,203,2,High
28700,94,4,Low
28701,322,1,High
28702,9,4,Low
28703,81,2,Low
28704,13,3,Low
28705,173,2,Low
28706,301,1,High
28707,179,4,Low
28708,58,2,Low
28709,3,3,Low
28710,178,2,Low
28711,22,3,Low
28712,134,3,Low
28713,252,2,High
28715,14,1,Low
28716,226,2,High
28717,23,4,Low
28718,56,2,Low
28719,206,1,High
28720,201,1,High
28722,3,3,Low
28723,62,3,Low
28724,11,6,Low
28725,60,1,Low
28726,84,4,Low
28727,284,2,High
28728,104,2,Low
28729,324,1,High
28730,79,1,Low
28731,214,2,High
28732,74,2,Low
28734,81,3,Low
28735,201,4,High
28737,115,2,Low
28738,34,4,Low
28740,7,2,Low
28741,25,3,Low
28743,318,1,High
28744,219,2,High
28745,5,2,Low
28747,27,1,Low
28748,280,2,High
28749,124,2,Low
28750,313,2,High
28751,151,1,Low
28752,9,3,Low
28753,41,3,Low
28754,122,2,Low
28755,56,2,Low
28756,23,4,Low
28757,250,2,High
28758,23,1,Low
28759,27,2,Low
28760,201,2,High
28761,24,3,Low
28762,8,1,Low
28763,14,4,Low
28765,43,2,Low
28766,74,3,Low
28767,11,3,Low
28768,79,1,Low
28769,176,2,Low
28770,124,1,Low
28771,351,1,High
28772,67,3,Low
28773,143,4,Low
28774,61,1,Low
28775,140,1,Low
28776,21,2,Low
28778,127,3,Low
28779,37,4,Low
28780,303,3,High
28782,62,1,Low
28784,105,1,Low
28785,268,1,High
28786,354,2,High
28788,159,2,Low
28789,13,2,Low
28790,137,4,Low
28791,164,1,Low
28792,125,2,Low
28793,20,3,Low
28794,129,1,Low
28795,36,1,Low
28796,38,4,Low
28797,12,2,Low
28798,81,3,Low
28799,163,1,Low
28800,160,3,Low
28801,170,1,Low
28802,343,1,High
28804,255,1,High
28805,105,3,Low
28806,304,1,High
28807,299,1,High
28808,319,1,High
28809,68,4,Low
28810,80,4,Low
28811,165,1,Low
28813,64,4,Low
28814,361,1,High
28815,1,2,Low
28816,212,2,High
28817,69,1,Low
28818,226,3,High
28820,258,1,High
28821,235,2,High
28823,280,1,High
28824,143,1,Low
28825,122,3,Low
28828,99,1,Low
28829,63,5,Low
28830,30,4,Low
28831,5,1,Low
28832,10,4,Low
28833,75,3,Low
28834,31,2,Low
28835,279,1,High
28837,15,1,Low
28838,120,1,Low
28839,63,2,Low
28840,9,3,Low
28843,297,2,High
28844,1,1,Low
28845,16,4,Low
28846,328,2,High
28847,11,3,Low
28848,65,2,Low
28849,95,4,Low
28850,99,1,Low
28851,33,3,Low
28852,75,1,Low
28853,147,3,Low
28854,8,2,Low
28856,61,3,Low
28857,9,2,Low
28858,48,1,Low
28859,355,1,High
28860,94,2,Low
28861,10,3,Low
28862,23,5,Low
28863,23,3,Low
28864,13,3,Low
28865,195,1,High
28866,16,3,Low
28867,50,5,Low
28868,59,1,Low
28870,86,3,Low
28871,15,3,Low
28872,66,3,Low
28873,170,2,Low
28874,336,2,High
28875,259,3,High
28876,26,2,Low
28877,99,4,Low
28878,121,4,Low
28879,153,2,Low
28880,69,1,Low
28881,92,5,Low
28882,33,2,Low
28884,191,3,Low
28886,56,1,Low
28887,308,1,High
28888,13,3,Low
28889,135,2,Low
28890,7,6,Low
28891,78,2,Low
28892,277,1,High
28893,49,2,Low
28894,57,1,Low
28895,46,1,Low
28896,34,2,Low
28897,31,3,Low
28898,52,2,Low
28901,70,3,Low
28902,301,1,High
28903,85,2,Low
28904,144,1,Low
28905,70,2,Low
28906,93,2,Low
28907,11,3,Low
28908,187,1,Low
28911,138,2,Low
28912,335,2,High
28913,54,3,Low
28914,46,4,Low
28915,78,4,Low
28916,104,3,Low
28918,11,4,Low
28919,235,4,High
28920,281,1,High
28921,189,1,Low
28922,157,3,Low
28923,92,1,Low
28924,71,1,Low
28925,82,2,Low
28926,72,3,Low
28927,23,2,Low
28928,71,2,Low
28930,197,1,High
28931,182,1,Low
28932,52,2,Low
28933,67,1,Low
28934,36,1,Low
28935,78,1,Low
28936,9,2,Low
28937,82,1,Low
28938,105,2,Low
28940,78,6,Low
28941,86,1,Low
28942,2,4,Low
28943,66,3,Low
28944,254,1,High
28945,62,1,Low
28946,23,2,Low
28948,182,4,Low
28950,289,1,High
28951,4,2,Low
28952,220,2,High
28953,131,3,Low
28955,181,3,Low
28956,84,1,Low
28957,360,1,High
28958,254,1,High
28959,52,2,Low
28960,304,1,High
28961,310,1,High
28963,70,2,Low
28964,159,5,Low
28965,12,2,Low
28966,228,1,High
28967,164,2,Low
28968,210,4,High
28970,201,1,High
28971,316,1,High
28972,133,2,Low
28973,33,4,Low
28975,269,1,High
28976,14,2,Low
28977,200,2,High
28978,334,1,High
28979,323,1,High
28980,53,2,Low
28981,158,1,Low
28982,163,2,Low
28983,18,4,Low
28984,3,1,Low
28985,117,3,Low
28986,219,3,High
28987,128,5,Low
28988,71,4,Low
28989,71,3,Low
28990,130,2,Low
28991,237,4,High
28992,309,1,High
28993,135,1,Low
28994,167,2,Low
28995,12,1,Low
28996,120,2,Low
28997,92,3,Low
28998,5,4,Low
29000,89,3,Low
29001,46,4,Low
29002,14,4,Low
29003,14,4,Low
29004,101,3,Low
29005,35,2,Low
29006,131,1,Low
29007,133,1,Low
29008,31,2,Low
29009,63,3,Low
29010,196,2,High
29011,26,3,Low
29012,7,4,Low
29013,78,1,Low
29016,65,1,Low
29017,97,3,Low
29018,78,2,Low
29020,82,6,Low
29021,64,4,Low
29024,40,2,Low
29025,32,1,Low
29026,107,3,Low
29027,220,2,High
29028,217,1,High
29029,62,2,Low
29030,35,2,Low
29031,168,1,Low
29032,275,3,High
29033,193,1,Low
29034,138,1,Low
29035,6,4,Low
29036,300,1,High
29037,34,2,Low
29038,193,2,Low
29041,241,2,High
29042,235,2,High
29043,16,3,Low
29044,50,3,Low
29045,220,1,High
29046,259,1,High
29047,107,2,Low
29048,17,3,Low
29049,14,2,Low
29050,189,4,Low
29051,88,2,Low
29052,80,2,Low
29053,78,4,Low
29054,5,1,Low
29055,21,4,Low
29057,211,1,High
29058,182,1,Low
29060,88,2,Low
29061,233,3,High
29062,94,2,Low
29063,5,2,Low
29064,199,1,High
29065,355,1,High
29066,135,1,Low
29067,114,5,Low
29068,49,2,Low
29071,254,1,High
29072,158,3,Low
29075,329,1,High
29076,269,1,High
29077,201,1,High
29078,255,1,High
29079,210,1,High
29080,204,1,High
29081,40,4,Low
29082,5,2,Low
29083,146,2,Low
29084,49,2,Low
29085,292,1,High
29086,176,1,Low
29087,60,2,Low
29088,78,1,Low
29089,7,5,Low
29090,107,2,Low
29091,240,3,High
29093,200,1,High
29094,211,1,High
29095,63,1,Low
29096,71,1,Low
29097,86,4,Low
29098,188,2,Low
29099,122,2,Low
29100,106,4,Low
29101,240,1,High
29102,211,3,High
29103,6,1,Low
29105,52,2,Low
29108,112,2,Low
29109,247,2,High
29110,174,1,Low
29111,211,1,High
29112,32,6,Low
29113,158,1,Low
29114,84,4,Low
29116,179,1,Low
29117,149,2,Low
29118,287,1,High
29119,244,2,High
29121,34,3,Low
29122,98,3,Low
29123,70,1,Low
29125,176,3,Low
29126,5,5,Low
29128,219,2,High
29129,363,1,High
29130,48,2,Low
29131,105,1,Low
29132,239,1,High
29133,50,4,Low
29135,198,1,High
29136,38,1,Low
29137,40,2,Low
29138,54,3,Low
29139,71,4,Low
29140,122,3,Low
29141,194,1,High
29143,179,2,Low
29144,11,1,Low
29145,242,2,High
29146,244,1,High
29148,188,2,Low
29150,90,1,Low
29152,280,3,High
29153,60,5,Low
29154,25,5,Low
29155,137,3,Low
29156,74,2,Low
29158,40,1,Low
29159,15,2,Low
29160,99,1,Low
29161,57,1,Low
29162,64,2,Low
29164,92,1,Low
29165,227,1,High
29167,59,2,Low
29168,14,1,Low
29171,15,2,Low
29172,33,3,Low
29174,168,2,Low
29176,29,6,Low
29177,281,3,High
29178,24,1,Low
29180,38,1,Low
29181,39,3,Low
29182,215,2,High
29183,140,1,Low
29185,23,2,Low
29187,6,3,Low
29188,175,3,Low
29189,16,4,Low
29190,289,1,High
29191,322,1,High
29192,356,1,High
29193,230,1,High
29194,53,2,Low
29195,40,4,Low
29196,113,1,Low
29197,83,3,Low
29198,108,1,Low
29199,325,1,High
29203,164,2,Low
29207,212,2,High
29209,320,1,High
29211,59,3,Low
29212,78,2,Low
29213,46,3,Low
29214,81,2,Low
29215,116,4,Low
29216,115,3,Low
29217,361,1,High
29218,40,3,Low
29219,1,1,Low
29220,273,1,High
29221,208,4,High
29222,22,3,Low
29223,158,2,Low
29224,152,2,Low
29225,54,5,Low
29226,176,2,Low
29227,7,6,Low
29228,67,4,Low
29229,136,3,Low
29231,104,1,Low
29232,87,1,Low
29233,134,1,Low
29234,49,3,Low
29235,51,2,Low
29239,133,1,Low
29240,210,1,High
29241,11,4,Low
29242,17,3,Low
29243,228,1,High
29244,118,5,Low
29245,2,5,Low
29246,46,1,Low
29247,345,2,High
29248,217,2,High
29249,281,1,High
29250,83,1,Low
29251,142,3,Low
29252,41,1,Low
29253,22,4,Low
29254,151,1,Low
29255,53,5,Low
29256,32,2,Low
29257,2,4,Low
29259,31,4,Low
29260,80,2,Low
29261,84,4,Low
29262,127,2,Low
29263,31,3,Low
29265,163,3,Low
29266,60,3,Low
29267,54,2,Low
29268,166,3,Low
29269,286,1,High
29270,56,1,Low
29271,136,2,Low
29272,124,3,Low
29273,355,1,High
29274,115,1,Low
29275,194,2,High
29276,125,4,Low
29277,274,1,High
29278,90,2,Low
29279,32,2,Low
29280,34,1,Low
29281,39,2,Low
29282,319,2,High
29283,185,2,Low
29284,40,4,Low
29285,147,2,Low
29286,224,3,High
29287,356,1,High
29288,53,3,Low
29289,258,1,High
29290,317,1,High
29291,70,2,Low
29292,260,1,High
29293,181,1,Low
29294,216,3,High
29295,243,2,High
29296,83,5,Low
29297,51,2,Low
29298,128,3,Low
29299,164,2,Low
29300,107,3,Low
29301,58,5,Low
29302,174,2,Low
29303,172,2,Low
29304,219,1,High
29305,20,1,Low
29306,340,2,High
29308,75,1,Low
29309,6,3,Low
29310,56,4,Low
29312,160,2,Low
29314,65,2,Low
29315,102,1,Low
29316,9,3,Low
29317,189,2,Low
29318,15,2,Low
29321,340,1,High
29323,326,1,High
29324,255,2,High
29325,49,3,Low
29326,39,2,Low
29327,118,2,Low
29328,214,1,High
29329,62,1,Low
29330,299,1,High
29331,49,1,Low
29332,65,3,Low
29333,25,2,Low
29334,7,4,Low
29335,27,5,Low
29336,22,4,Low
29338,72,2,Low
29339,158,3,Low
29340,51,4,Low
29341,105,2,Low
29342,127,2,Low
29344,168,3,Low
29345,343,1,High
29347,41,4,Low
29348,274,2,High
29349,305,2,High
29350,354,1,High
29351,126,1,Low
29352,251,2,High
29353,127,5,Low
29354,79,2,Low
29355,65,2,Low
29357,152,2,Low
29358,280,1,High
29359,359,1,High
29360,29,2,Low
29361,214,1,High
29362,47,3,Low
29363,67,2,Low
29364,75,3,Low
29365,195,1,High
29366,68,4,Low
29367,256,2,High
29369,280,2,High
29370,78,2,Low
29371,330,1,High
29372,334,2,High
29373,276,2,High
29374,111,1,Low
29376,297,1,High
29377,123,3,Low
29379,34,1,Low
29380,233,1,High
29381,339,1,High
29382,83,2,Low
29384,18,3,Low
29386,99,2,Low
29387,54,2,Low
29388,341,1,High
29390,195,2,High
29391,198,2,High
29392,4,3,Low
29393,96,2,Low
29394,57,3,Low
29395,132,1,Low
29396,144,3,Low
29397,15,2,Low
29398,117,1,Low
29400,145,2,Low
29401,92,3,Low
29403,180,2,Low
29404,305,2,High
29405,104,4,Low
29406,212,1,High
29407,2,3,Low
29408,68,2,Low
29409,171,3,Low
29411,97,4,Low
29412,75,2,Low
29413,258,1,High
29414,100,3,Low
29415,69,7,Low
29416,204,4,High
29417,169,3,Low
29418,52,5,Low
29419,302,1,High
29420,98,4,Low
29421,51,3,Low
29422,159,1,Low
29423,176,2,Low
29424,142,1,Low
29425,130,3,Low
29426,189,1,Low
29427,180,1,Low
29429,101,4,Low
29430,119,1,Low
29431,99,3,Low
29432,1,6,Low
29433,48,3,Low
29434,173,4,Low
29436,151,3,Low
29437,29,6,Low
29438,47,3,Low
29439,85,2,Low
29441,133,3,Low
29442,1,5,Low
29443,152,1,Low
29444,224,1,High
29445,156,2,Low
29446,140,2,Low
29447,13,2,Low
29448,222,3,High
29449,103,1,Low
29450,154,4,Low
29451,55,2,Low
29452,55,1,Low
29453,194,1,High
29454,118,1,Low
29455,17,2,Low
29456,91,2,Low
29457,135,1,Low
29458,132,3,Low
29459,11,5,Low
29460,139,2,Low
29461,282,1,High
29462,200,2,High
29463,265,2,High
29465,274,3,High
29466,4,3,Low
29467,63,2,Low
29468,62,1,Low
29469,346,2,High
29470,39,2,Low
29471,84,2,Low
29472,132,2,Low
29473,87,4,Low
29474,80,2,Low
29475,131,5,Low
29476,272,1,High
29477,26,2,Low
29478,59,2,Low
29479,89,4,Low
29480,249,1,High
29481,201,2,High
29482,80,2,Low
29484,110,1,Low
29485,45,3,Low
29486,22,3,Low
29487,257,2,High
29488,15,5,Low
29489,28,1,Low
29491,60,4,Low
29492,292,2,High
29493,108,1,Low
29494,42,3,Low
29495,94,1,Low
29496,109,2,Low
29497,118,3,Low
29498,319,1,High
29499,135,3,Low
29500,40,3,Low
29501,63,3,Low
29502,13,2,Low
29503,236,1,High
29504,161,2,Low
29505,5,4,Low
29506,2,3,Low
29507,189,2,Low
29508,32,3,Low
29509,257,1,High
29510,76,2,Low
29511,112,2,Low
29512,271,2,High
29513,85,1,Low
29514,227,1,High
29515,233,2,High
29516,286,1,High
29517,250,6,High
29518,354,1,High
29519,117,2,Low
29520,79,1,Low
29521,61,3,Low
29522,321,1,High
29523,297,1,High
29525,56,4,Low
29527,24,3,Low
29528,90,5,Low
29529,2,4,Low
29530,177,4,Low
29531,31,4,Low
29532,230,1,High
29533,201,1,High
29534,19,3,Low
29535,153,2,Low
29538,33,2,Low
29539,33,3,Low
29540,11,3,Low
29541,48,3,Low
29542,349,1,High
29543,35,1,Low
29544,83,2,Low
29545,338,1,High
29546,23,3,Low
29547,79,3,Low
29548,96,3,Low
29549,166,1,Low
29550,253,2,High
29552,216,3,High
29553,315,1,High
29554,148,1,Low
29556,10,5,Low
29557,22,3,Low
29558,306,2,High
29559,39,3,Low
29562,29,4,Low
29563,30,3,Low
29564,164,2,Low
29565,26,1,Low
29566,5,2,Low
29567,268,3,High
29568,31,2,Low
29569,110,2,Low
29572,22,1,Low
29573,91,1,Low
29574,177,2,Low
29575,28,2,Low
29576,29,1,Low
29577,88,2,Low
29578,263,1,High
29580,184,3,Low
29581,20,3,Low
29582,127,2,Low
29583,107,3,Low
29584,11,3,Low
29585,84,2,Low
29586,130,1,Low
29587,118,4,Low
29588,169,1,Low
29589,222,2,High
29590,27,2,Low
29591,136,2,Low
29593,17,2,Low
29595,210,2,High
29596,58,2,Low
29597,33,6,Low
29598,132,3,Low
29600,98,2,Low
29601,107,3,Low
29602,340,1,High
29604,67,4,Low
29606,135,3,Low
29607,116,3,Low
29608,92,4,Low
29609,329,1,High
29610,89,2,Low
29612,52,2,Low
29614,131,1,Low
29615,13,1,Low
29616,60,3,Low
29617,25,2,Low
29618,110,1,Low
29619,296,2,High
29620,185,1,Low
29621,131,2,Low
29622,146,1,Low
29623,179,3,Low
29624,110,2,Low
29625,189,3,Low
29626,75,2,Low
29627,65,2,Low
29628,1,5,Low
29629,243,4,High
29630,119,1,Low
29631,112,2,Low
29632,160,3,Low
29633,258,2,High
29634,158,1,Low
29635,251,2,High
29636,87,1,Low
29637,11,4,Low
29639,165,1,Low
29641,137,1,Low
29642,179,3,Low
29643,198,3,High
29644,29,3,Low
29645,46,1,Low
29646,249,1,High
29647,76,2,Low
29648,93,1,Low
29650,15,6,Low
29651,58,2,Low
29652,50,6,Low
29653,55,3,Low
29655,316,1,High
29656,118,4,Low
29658,210,2,High
29659,54,2,Low
29660,3,2,Low
29661,113,2,Low
29662,57,4,Low
29663,46,1,Low
29664,203,2,High
29665,203,2,High
29666,43,3,Low
29668,43,2,Low
29669,100,2,Low
29670,97,1,Low
29671,323,1,High
29672,230,1,High
29673,23,2,Low
29674,31,4,Low
29675,36,2,Low
29676,127,4,Low
29677,246,2,High
29678,339,1,High
29680,1,2,Low
29681,187,1,Low
29682,150,2,Low
29683,29,4,Low
29684,150,3,Low
29685,174,1,Low
29686,12,2,Low
29687,63,1,Low
29688,146,2,Low
29689,138,2,Low
29690,181,2,Low
29691,222,1,High
29692,50,2,Low
29693,198,2,High
29694,162,3,Low
29695,51,2,Low
29696,135,1,Low
29697,85,3,Low
29698,7,3,Low
29699,49,3,Low
29700,136,1,Low
29703,78,2,Low
29704,98,3,Low
29705,322,1,High
29706,10,3,Low
29707,21,2,Low
29709,36,3,Low
29710,315,1,High
29711,5,3,Low
29712,93,1,Low
29713,312,1,High
29714,35,3,Low
29715,11,1,Low
29716,130,2,Low
29719,330,1,High
29720,169,2,Low
29721,82,2,Low
29722,148,2,Low
29723,42,3,Low
29724,31,7,Low
29725,178,3,Low
29726,66,2,Low
29727,141,4,Low
29728,229,2,High
29729,178,1,Low
29730,94,2,Low
29731,59,2,Low
29733,175,1,Low
29734,108,3,Low
29735,93,1,Low
29736,77,3,Low
29737,79,1,Low
29738,62,4,Low
29739,168,2,Low
29740,74,1,Low
29742,60,1,Low
29743,21,1,Low
29744,34,3,Low
29745,26,4,Low
29746,47,2,Low
29747,237,1,High
29749,98,2,Low
29750,350,1,High
29751,36,3,Low
29753,13,3,Low
29754,141,5,Low
29755,45,3,Low
29756,299,1,High
29757,112,5,Low
29758,39,4,Low
29759,39,6,Low
29760,148,3,Low
29761,71,4,Low
29762,254,2,High
29763,73,1,Low
29764,13,2,Low
29765,60,1,Low
29766,132,1,Low
29767,16,3,Low
29768,45,4,Low
29769,202,3,High
29770,198,1,High
29772,145,1,Low
29773,256,4,High
29774,123,2,Low
29775,105,2,Low
29776,59,1,Low
29777,212,4,High
29778,298,1,High
29779,222,1,High
29780,116,3,Low
29782,265,1,High
29783,18,1,Low
29784,155,2,Low
29785,163,1,Low
29786,147,2,Low
29787,26,2,Low
29788,30,3,Low
29789,238,1,High
29790,54,4,Low
29791,320,1,High
29792,332,1,High
29794,72,2,Low
29795,48,1,Low
29796,285,1,High
29797,26,1,Low
29798,63,1,Low
29799,275,1,High
29800,298,1,High
29801,234,3,High
29802,180,2,Low
29803,109,1,Low
29804,358,1,High
29805,284,2,High
29806,128,4,Low
29807,240,3,High
29808,47,1,Low
29809,87,3,Low
29810,147,2,Low
29811,123,3,Low
29812,212,3,High
29813,10,3,Low
29815,48,1,Low
29816,84,2,Low
29817,174,1,Low
29818,51,2,Low
29819,296,1,High
29820,156,3,Low
29822,188,2,Low
29823,25,4,Low
29825,79,3,Low
29826,129,2,Low
29827,55,2,Low
29828,5,4,Low
29830,280,1,High
29831,40,2,Low
29832,118,3,Low
29833,101,2,Low
29834,241,2,High
29835,91,2,Low
29836,13,2,Low
29837,66,1,Low
29838,330,1,High
29839,5,1,Low
29840,300,2,High
29841,112,3,Low
29842,106,3,Low
29843,69,2,Low
29844,34,2,Low
29845,93,5,Low
29846,237,3,High
29847,160,4,Low
29848,35,2,Low
29849,46,2,Low
29850,153,1,Low
29851,65,1,Low
29852,39,6,Low
29853,18,4,Low
29854,36,2,Low
29856,87,4,Low
29857,43,3,Low
29858,47,4,Low
29859,231,2,High
29860,81,2,Low
29861,13,3,Low
29862,102,4,Low
29863,254,2,High
29864,295,1,High
29865,81,1,Low
29866,175,1,Low
29867,123,1,Low
29868,246,2,High
29869,20,4,Low
29870,249,1,High
29871,114,2,Low
29872,31,3,Low
29873,301,1,High
29874,40,4,Low
29875,150,4,Low
29876,195,2,High
29877,29,4,Low
29878,122,5,Low
29879,164,1,Low
29880,4,3,Low
29881,124,3,Low
29882,186,1,Low
29883,34,2,Low
29884,67,4,Low
29885,77,4,Low
29886,6,6,Low
29887,111,2,Low
29888,126,2,Low
29889,80,1,Low
29890,2,2,Low
29891,60,2,Low
29892,150,3,Low
29894,149,2,Low
29895,3,2,Low
29896,122,3,Low
29897,125,2,Low
29898,71,1,Low
29899,37,1,Low
29900,126,3,Low
29901,141,3,Low
29902,314,1,High
29903,128,1,Low
29905,353,1,High
29906,83,3,Low
29907,90,3,Low
29909,93,2,Low
29910,133,2,Low
29912,15,3,Low
29913,65,3,Low
29914,40,1,Low
29915,113,4,Low
29916,79,2,Low
29917,138,3,Low
29918,157,5,Low
29919,191,1,Low
29920,223,2,High
29922,32,2,Low
29923,230,3,High
29924,242,1,High
29925,65,2,Low
29926,75,4,Low
29928,101,1,Low
29929,30,5,Low
29932,6,3,Low
29933,153,2,Low
29934,55,3,Low
29935,52,2,Low
29936,206,2,High
29937,28,3,Low
29938,55,2,Low
29939,113,2,Low
29940,130,3,Low
29941,34,4,Low
29944,3,4,Low
29945,119,3,Low
29946,129,1,Low
29948,301,1,High
29950,61,3,Low
29952,3,3,Low
29953,41,2,Low
29954,125,3,Low
29956,48,3,Low
29958,37,3,Low
29960,46,2,Low
29961,78,1,Low
29963,295,2,High
29964,149,1,Low
29965,37,1,Low
29966,103,1,Low
29967,106,6,Low
29969,111,2,Low
29970,47,2,Low
29971,15,6,Low
29973,168,1,Low
29974,134,1,Low
29975,28,3,Low
29977,158,1,Low
29978,199,3,High
29979,11,1,Low
29980,32,3,Low
29982,77,2,Low
29983,125,3,Low
29984,84,2,Low
29985,80,3,Low
29986,362,1,High
29988,35,3,Low
29989,118,2,Low
29991,156,1,Low
29992,152,3,Low
29993,9,2,Low
29994,343,1,High
29995,177,2,Low
29996,22,5,Low
29998,169,4,Low
29999,225,1,High
30000,225,1,High
30001,274,2,High
30002,49,2,Low
30003,145,4,Low
30004,135,1,Low
30005,235,2,High
30006,17,3,Low
30007,70,2,Low
30008,103,3,Low
30009,24,3,Low
30010,153,2,Low
30011,203,2,High
30012,114,2,Low
30013,105,1,Low
30014,79,4,Low
30015,33,3,Low
30016,35,2,Low
30017,198,2,High
30018,71,3,Low
30019,84,5,Low
30021,221,2,High
30022,31,5,Low
30023,198,2,High
30024,20,2,Low
30025,61,5,Low
30026,132,4,Low
30027,153,2,Low
30028,71,2,Low
30030,157,2,Low
30031,69,4,Low
30032,70,3,Low
30033,57,1,Low
30034,148,2,Low
30035,336,1,High
30036,39,5,Low
30037,178,3,Low
30039,34,3,Low
30041,61,3,Low
30042,57,4,Low
30044,159,3,Low
30045,170,2,Low
30046,236,1,High
30048,61,4,Low
30049,39,2,Low
30050,270,2,High
30051,287,2,High
30052,61,4,Low
30055,57,2,Low
30057,348,2,High
30058,5,4,Low
30059,123,3,Low
30060,347,1,High
30061,143,3,Low
30062,272,1,High
30063,305,1,High
30065,24,5,Low
30066,207,1,High
30067,149,3,Low
30068,61,5,Low
30069,145,1,Low
30071,34,1,Low
30072,149,2,Low
30074,245,1,High
30075,104,3,Low
30076,123,2,Low
30077,144,2,Low
30078,35,3,Low
30079,74,3,Low
30080,114,2,Low
30082,194,2,High
30083,117,1,Low
30085,28,2,Low
30086,45,3,Low
30087,38,1,Low
30088,248,2,High
30089,45,4,Low
30091,133,4,Low
30092,293,1,High
30093,81,2,Low
30094,48,1,Low
30095,351,1,High
30096,84,1,Low
30097,232,1,High
30098,65,2,Low
30099,44,2,Low
30100,15,3,Low
30101,111,4,Low
30103,45,3,Low
30104,61,4,Low
30105,103,3,Low
30107,66,2,Low
30108,102,2,Low
30109,283,2,High
30110,22,3,Low
30111,9,4,Low
30112,75,2,Low
30113,204,2,High
30114,110,3,Low
30115,22,3,Low
30116,67,4,Low
30117,227,2,High
30118,166,1,Low
30119,245,1,High
30121,302,2,High
30122,30,1,Low
30123,55,2,Low
30124,75,1,Low
30125,88,4,Low
30126,171,2,Low
30127,40,2,Low
30128,77,1,Low
30129,54,5,Low
30130,320,1,High
30131,166,2,Low
30132,263,1,High
30133,18,7,Low
30134,90,1,Low
30135,22,1,Low
30136,130,2,Low
30137,45,3,Low
30138,308,2,High
30139,267,2,High
30140,308,1,High
30141,166,2,Low
30142,303,2,High
30143,27,4,Low
30144,202,1,High
30145,315,1,High
30147,31,7,Low
30149,14,1,Low
30150,169,1,Low
30151,30,3,Low
30152,22,1,Low
30154,180,1,Low
30156,22,3,Low
30157,41,2,Low
30158,112,2,Low
30160,29,3,Low
30161,202,2,High
30162,36,4,Low
30163,70,2,Low
30164,16,3,Low
30165,44,2,Low
30166,37,2,Low
30167,57,1,Low
30168,60,1,Low
30169,92,3,Low
30170,146,1,Low
30172,177,3,Low
30173,41,1,Low
30174,1,4,Low
30175,339,1,High
30176,101,2,Low
30177,93,1,Low
30178,3,5,Low
30179,18,2,Low
30180,284,2,High
30181,28,5,Low
30182,39,2,Low
30183,74,2,Low
30185,28,5,Low
30187,120,1,Low
30188,10,2,Low
30189,201,3,High
30190,354,1,High
30193,32,1,Low
30194,130,2,Low
30195,113,1,Low
30196,156,2,Low
30197,54,1,Low
30198,28,2,Low
30199,162,2,Low
30200,43,4,Low
30201,19,4,Low
30202,175,1,Low
30203,247,2,High
30204,33,5,Low
30205,11,2,Low
30206,28,5,Low
30207,110,2,Low
30208,180,2,Low
30209,81,3,Low
30210,303,1,High
30213,215,1,High
30214,201,1,High
30215,324,1,High
30216,64,1,Low
30217,289,1,High
30219,330,1,High
30221,251,1,High
30222,123,1,Low
30223,336,1,High
30224,23,2,Low
30225,85,3,Low
30226,55,6,Low
30227,316,1,High
30228,39,3,Low
30229,60,2,Low
30230,83,1,Low
30231,154,2,Low
30232,351,1,High
30233,142,2,Low
30234,14,1,Low
30236,40,2,Low
30237,208,3,High
30238,17,3,Low
30239,23,1,Low
30241,13,1,Low
30244,112,3,Low
30245,296,2,High
30246,157,3,Low
30247,101,1,Low
30248,303,1,High
30249,344,1,High
30250,82,2,Low
30252,150,3,Low
30254,268,1,High
30255,33,1,Low
30256,15,5,Low
30257,194,2,High
30258,12,2,Low
30259,92,2,Low
30260,253,1,High
30262,39,4,Low
30263,224,1,High
30264,351,1,High
30266,131,1,Low
30268,79,3,Low
30269,130,3,Low
30270,36,1,Low
30271,166,4,Low
30273,161,1,Low
30274,2,3,Low
30275,332,1,High
30276,195,4,High
30277,2,1,Low
30278,239,4,High
30279,85,2,Low
30280,152,3,Low
30281,216,1,High
30282,345,1,High
30283,193,1,Low
30284,297,2,High
30285,310,1,High
30288,116,2,Low
30291,19,1,Low
30292,72,6,Low
30293,46,4,Low
30294,116,1,Low
30295,342,1,High
30297,80,3,Low
30298,120,2,Low
30299,113,6,Low
30301,297,1,High
30302,67,2,Low
30303,97,3,Low
30305,255,2,High
30307,175,2,Low
30308,16,1,Low
30309,37,4,Low
30310,53,2,Low
30311,58,2,Low
30312,37,5,Low
30313,313,1,High
30314,110,3,Low
30315,43,4,Low
30316,81,4,Low
30317,188,3,Low
30318,133,1,Low
30319,57,2,Low
30322,213,1,High
30323,163,3,Low
30324,232,2,High
30325,66,2,Low
30326,19,3,Low
30327,8,5,Low
30328,6,2,Low
30329,96,2,Low
30332,89,2,Low
30334,3,4,Low
30335,108,2,Low
30336,349,1,High
30337,16,4,Low
30338,6,3,Low
30339,160,2,Low
30340,94,1,Low
30341,101,1,Low
30342,85,3,Low
30345,325,2,High
30346,215,1,High
30347,209,2,High
30348,50,4,Low
30349,142,2,Low
30350,183,1,Low
30351,230,1,High
30352,128,5,Low
30353,179,1,Low
30355,126,4,Low
30356,157,2,Low
30357,99,1,Low
30358,352,2,High
30359,61,2,Low
30360,25,2,Low
30362,297,1,High
30363,1,4,Low
30364,197,2,High
30365,182,1,Low
30366,85,2,Low
30367,98,1,Low
30368,8,5,Low
30369,142,2,Low
30370,357,1,High
30371,310,1,High
30372,71,3,Low
30373,70,1,Low
30374,135,3,Low
30375,176,2,Low
30376,54,1,Low
30377,66,3,Low
30378,155,1,Low
30379,16,1,Low
30380,5,5,Low
30381,233,1,High
30382,126,1,Low
30383,261,2,High
30384,96,4,Low
30385,171,2,Low
30386,339,1,High
30387,22,3,Low
30388,39,1,Low
30389,111,2,Low
30390,202,1,High
30391,141,2,Low
30392,90,2,Low
30393,147,2,Low
30394,240,1,High
30396,57,4,Low
30398,285,1,High
30399,245,1,High
30400,332,2,High
30401,227,1,High
30402,83,2,Low
30403,65,1,Low
30404,211,2,High
30405,14,3,Low
30406,16,2,Low
30407,44,3,Low
30408,59,2,Low
30410,44,4,Low
30411,102,3,Low
30412,84,2,Low
30413,287,2,High
30414,143,3,Low
30415,46,3,Low
30416,93,3,Low
30418,112,5,Low
30419,137,2,Low
30420,42,3,Low
30422,168,4,Low
30423,222,1,High
30424,92,2,Low
30425,81,1,Low
30426,85,2,Low
30427,48,2,Low
30428,363,1,High
30430,3,2,Low
30432,18,1,Low
30433,25,2,Low
30434,26,1,Low
30435,11,3,Low
30436,4,3,Low
30437,45,3,Low
30441,40,2,Low
30442,255,1,High
30444,197,2,High
30445,102,1,Low
30446,18,4,Low
30447,134,1,Low
30448,35,3,Low
30449,40,5,Low
30450,200,1,High
30451,202,4,High
30452,88,2,Low
30454,297,1,High
30455,253,2,High
30456,43,3,Low
30457,174,1,Low
30458,9,5,Low
30459,302,1,High
30460,33,4,Low
30462,255,2,High
30463,102,1,Low
30466,109,1,Low
30467,29,2,Low
30468,57,4,Low
30469,140,2,Low
30470,82,1,Low
30471,87,4,Low
30472,364,1,High
30474,109,6,Low
30475,190,2,Low
30476,318,2,High
30477,170,2,Low
30478,68,1,Low
30479,49,4,Low
30480,245,3,High
30481,82,5,Low
30482,185,2,Low
30483,73,1,Low
30484,184,2,Low
30485,123,3,Low
30486,65,4,Low
30487,192,1,Low
30488,341,1,High
30489,84,3,Low
30490,100,2,Low
30491,23,5,Low
30492,22,4,Low
30493,176,2,Low
30494,236,2,High
30495,204,2,High
30496,119,6,Low
30497,37,6,Low
30498,204,1,High
30499,53,2,Low
30500,3,3,Low
30501,142,2,Low
30502,1,2,Low
30503,5,3,Low
30505,219,1,High
30506,112,2,Low
30507,104,2,Low
30508,215,1,High
30510,201,1,High
30513,151,1,Low
30514,326,1,High
30515,45,1,Low
30516,58,4,Low
30517,313,1,High
30519,16,2,Low
30520,63,4,Low
30521,46,1,Low
30522,2,3,Low
30523,55,4,Low
30524,202,2,High
30525,58,3,Low
30526,163,3,Low
30528,101,6,Low
30530,144,2,Low
30531,302,1,High
30532,66,5,Low
30533,51,1,Low
30534,248,1,High
30535,227,4,High
30536,182,2,Low
30537,269,1,High
30538,34,4,Low
30539,242,2,High
30540,63,4,Low
30541,294,1,High
30543,270,1,High
30544,176,1,Low
30545,122,2,Low
30546,57,3,Low
30549,111,6,Low
30550,72,1,Low
30551,64,4,Low
30552,1,4,Low
30553,111,1,Low
30554,63,1,Low
30555,150,3,Low
30556,159,1,Low
30558,175,1,Low
30559,157,2,Low
30560,41,2,Low
30561,21,2,Low
30562,24,2,Low
30563,94,1,Low
30564,31,3,Low
30565,47,2,Low
30566,216,2,High
30567,206,1,High
30568,29,3,Low
30569,264,1,High
30570,129,4,Low
30571,67,2,Low
30574,20,2,Low
30576,317,1,High
30577,9,5,Low
30578,325,1,High
30579,47,3,Low
30580,231,1,High
30581,110,2,Low
30582,299,1,High
30583,162,3,Low
30584,133,2,Low
30585,265,1,High
30586,18,3,Low
30588,31,3,Low
30589,37,4,Low
30590,23,6,Low
30591,62,4,Low
30592,119,5,Low
30593,53,3,Low
30594,65,1,Low
30595,258,2,High
30596,45,4,Low
30597,150,4,Low
30598,268,1,High
30600,173,1,Low
30601,68,5,Low
30602,179,4,Low
30603,63,1,Low
30610,133,1,Low
30611,20,6,Low
30612,25,1,Low
30613,84,2,Low
30614,42,2,Low
30615,165,1,Low
30616,5,2,Low
30617,6,2,Low
30618,83,5,Low
30619,9,2,Low
30620,259,3,High
30621,331,1,High
30622,358,1,High
30623,138,3,Low
30624,2,2,Low
30627,17,4,Low
30628,189,4,Low
30629,26,1,Low
30630,328,1,High
30631,273,2,High
30632,120,3,Low
30633,37,5,Low
30634,246,1,High
30635,285,1,High
30636,92,3,Low
30638,18,5,Low
30639,141,2,Low
30640,82,1,Low
30641,44,5,Low
30642,72,1,Low
30643,112,1,Low
30644,140,2,Low
30645,45,3,Low
30646,230,2,High
30647,220,1,High
30648,13,1,Low
30649,72,3,Low
30650,70,2,Low
30651,70,1,Low
30652,310,3,High
30653,66,2,Low
30654,10,3,Low
30655,221,1,High
30658,62,2,Low
30661,40,2,Low
30662,92,1,Low
30663,126,2,Low
30664,6,3,Low
30665,49,2,Low
30666,177,3,Low
30667,175,4,Low
30668,185,1,Low
30669,46,4,Low
30670,34,2,Low
30672,344,1,High
30673,158,2,Low
30674,28,3,Low
30676,158,2,Low
30677,169,5,Low
30678,53,3,Low
30680,124,3,Low
30681,84,2,Low
30684,35,2,Low
30685,292,1,High
30686,54,1,Low
30687,191,2,Low
30688,246,2,High
30689,324,2,High
30690,258,1,High
30691,3,3,Low
30692,244,3,High
30693,41,1,Low
30694,136,1,Low
30695,50,2,Low
30696,340,1,High
30697,303,1,High
30698,122,5,Low
30699,295,2,High
30700,180,2,Low
30701,173,2,Low
30702,193,1,Low
30703,23,4,Low
30704,66,1,Low
30706,37,3,Low
30707,123,1,Low
30708,210,3,High
30709,116,1,Low
30710,4,3,Low
30711,124,2,Low
30712,219,2,High
30713,167,2,Low
30714,211,3,High
30715,128,3,Low
30716,243,3,High
30717,299,1,High
30718,64,1,Low
30719,319,1,High
30720,177,5,Low
30722,139,5,Low
30723,69,4,Low
30725,24,2,Low
30727,61,2,Low
30728,1,2,Low
30729,100,2,Low
30730,188,3,Low
30731,97,2,Low
30732,201,2,High
30733,55,3,Low
30734,18,1,Low
30735,5,4,Low
30736,114,2,Low
30738,14,4,Low
30740,139,1,Low
30741,216,2,High
30742,63,1,Low
30743,63,3,Low
30744,12,2,Low
30745,210,3,High
30746,300,1,High
30747,163,3,Low
30748,34,3,Low
30749,310,1,High
30750,283,2,High
30751,112,3,Low
30752,90,2,Low
30753,2,2,Low
30754,316,1,High
30755,3,4,Low
30756,8,4,Low
30757,122,1,Low
30758,33,3,Low
30759,142,2,Low
30760,102,1,Low
30761,91,3,Low
30762,135,1,Low
30763,79,1,Low
30764,37,2,Low
30765,51,1,Low
30766,165,1,Low
30767,61,3,Low
30768,277,1,High
30769,123,1,Low
30770,96,4,Low
30771,147,3,Low
30772,339,1,High
30773,283,1,High
30774,198,2,High
30775,151,2,Low
30776,41,2,Low
30777,167,3,Low
30778,279,1,High
30779,58,2,Low
30780,85,1,Low
30782,141,1,Low
30783,159,2,Low
30784,244,1,High
30785,16,6,Low
30786,172,1,Low
30787,47,4,Low
30788,224,1,High
30789,146,2,Low
30790,128,2,Low
30791,247,3,High
30792,32,2,Low
30793,248,3,High
30794,254,1,High
30795,107,3,Low
30796,128,2,Low
30798,97,2,Low
30799,6,1,Low
30801,345,1,High
30802,40,3,Low
30803,22,3,Low
30804,1,2,Low
30805,186,3,Low
30806,40,2,Low
30807,201,4,High
30808,60,1,Low
30809,81,3,Low
30810,47,3,Low
30811,319,3,High
30812,98,2,Low
30813,124,1,Low
30814,44,4,Low
30815,34,5,Low
30816,77,3,Low
30817,6,3,Low
30818,160,1,Low
30819,28,2,Low
30820,52,2,Low
30821,5,2,Low
30822,63,4,Low
30823,15,3,Low
30824,21,4,Low
30825,136,3,Low
30826,121,1,Low
30827,19,2,Low
30828,195,3,High
30829,46,3,Low
30830,14,3,Low
30832,16,4,Low
30833,162,2,Low
30834,212,1,High
30836,241,2,High
30837,81,1,Low
30838,2,2,Low
30839,149,1,Low
30840,13,2,Low
30841,182,4,Low
30842,102,3,Low
30843,351,1,High
30844,135,3,Low
30845,46,2,Low
30846,198,1,High
30847,250,2,High
30848,42,3,Low
30849,63,4,Low
30850,96,2,Low
30851,77,3,Low
30852,136,2,Low
30854,39,1,Low
30855,39,2,Low
30856,145,3,Low
30857,200,2,High
30858,144,3,Low
30859,179,2,Low
30860,135,1,Low
30861,194,2,High
30862,127,3,Low
30863,210,2,High
30865,22,1,Low
30866,180,5,Low
30867,45,2,Low
30869,100,2,Low
30870,181,1,Low
30871,186,5,Low
30873,16,5,Low
30874,280,2,High
30875,11,1,Low
30876,147,2,Low
30877,104,4,Low
30878,180,4,Low
30879,102,2,Low
30880,206,1,High
30881,224,1,High
30882,113,2,Low
30883,73,2,Low
30884,128,2,Low
30886,333,1,High
30887,175,1,Low
30888,85,1,Low
30889,25,2,Low
30890,229,3,High
30891,310,1,High
30892,119,4,Low
30893,292,1,High
30894,63,2,Low
30895,123,4,Low
30896,113,1,Low
30897,294,1,High
30898,9,3,Low
30899,85,1,Low
30900,3,4,Low
30901,151,1,Low
30905,172,2,Low
30906,201,1,High
30907,13,4,Low
30909,180,4,Low
30910,30,1,Low
30911,63,1,Low
30912,361,2,High
30913,17,5,Low
30914,39,3,Low
30916,6,3,Low
30917,165,3,Low
30918,60,2,Low
30919,110,2,Low
30920,40,1,Low
30921,63,2,Low
30922,243,1,High
30924,69,3,Low
30925,27,4,Low
30926,297,1,High
30927,157,2,Low
30928,129,1,Low
30930,28,2,Low
30931,111,1,Low
30933,256,1,High
30934,8,2,Low
30935,107,1,Low
30936,23,5,Low
30937,2,3,Low
30938,21,3,Low
30940,100,1,Low
30941,168,2,Low
30943,67,2,Low
30944,212,4,High
30945,55,3,Low
30946,107,2,Low
30947,15,1,Low
30948,2,6,Low
30949,3,1,Low
30950,113,2,Low
30953,229,1,High
30954,60,2,Low
30955,255,1,High
30956,99,2,Low
30957,113,1,Low
30958,92,1,Low
30959,20,4,Low
30960,180,2,Low
30961,243,3,High
30962,80,3,Low
30963,88,3,Low
30964,171,2,Low
30965,158,1,Low
30966,85,4,Low
30967,82,1,Low
30968,154,2,Low
30970,43,1,Low
30971,48,1,Low
30972,44,3,Low
30973,102,3,Low
30974,163,2,Low
30976,296,1,High
30977,10,3,Low
30978,98,2,Low
30979,310,1,High
30980,238,2,High
30981,40,1,Low
30982,74,2,Low
30984,272,2,High
30986,77,3,Low
30987,172,4,Low
30988,11,4,Low
30989,94,2,Low
30990,23,3,Low
30992,134,4,Low
30993,75,3,Low
30994,197,3,High
30996,81,1,Low
30997,17,3,Low
30998,109,3,Low
30999,5,2,Low
31000,67,2,Low
31001,80,4,Low
31002,159,1,Low
31003,203,2,High
31004,280,1,High
31005,187,2,Low
31006,255,1,High
31007,179,2,Low
31008,92,1,Low
31009,238,1,High
31011,143,1,Low
31012,72,3,Low
31013,344,1,High
31014,206,3,High
31015,20,3,Low
31016,88,1,Low
31017,37,3,Low
31018,210,1,High
31019,114,2,Low
31020,266,2,High
31021,306,1,High
31022,161,2,Low
31023,12,3,Low
31024,28,4,Low
31025,169,1,Low
31026,6,3,Low
31027,12,2,Low
31028,155,2,Low
31029,103,1,Low
31030,87,2,Low
31031,179,2,Low
31032,218,3,High
31033,169,2,Low
31034,110,2,Low
31035,91,4,Low
31036,78,1,Low
31037,24,3,Low
31040,88,2,Low
31041,115,3,Low
31042,138,1,Low
31043,42,1,Low
31044,215,1,High
31045,23,2,Low
31048,179,2,Low
31049,157,3,Low
31050,314,1,High
31051,93,4,Low
31052,184,3,Low
31053,14,2,Low
31054,232,4,High
31055,9,2,Low
31056,215,1,High
31057,46,1,Low
31058,3,4,Low
31059,67,1,Low
31060,5,4,Low
31061,171,1,Low
31062,25,3,Low
31063,241,2,High
31064,34,3,Low
31065,93,2,Low
31066,226,1,High
31068,111,4,Low
31069,24,3,Low
31070,50,5,Low
31071,138,3,Low
31072,187,2,Low
31074,83,5,Low
31075,175,1,Low
31076,18,3,Low
31077,150,2,Low
31078,221,3,High
31079,205,2,High
31080,124,3,Low
31081,144,6,Low
31082,95,1,Low
31083,87,6,Low
31084,252,1,High
31086,124,2,Low
31087,157,2,Low
31088,101,5,Low
31089,159,3,Low
31090,53,1,Low
31092,30,3,Low
31093,231,4,High
31094,225,2,High
31095,120,4,Low
31096,91,2,Low
31097,146,1,Low
31099,98,2,Low
31100,47,1,Low
31101,41,4,Low
31103,29,3,Low
31104,23,5,Low
31105,10,2,Low
31106,76,3,Low
31107,19,4,Low
31108,99,3,Low
31109,7,3,Low
31110,215,2,High
31111,114,2,Low
31113,278,2,High
31114,48,1,Low
31115,37,2,Low
31116,3,2,Low
31117,39,6,Low
31118,114,1,Low
31119,31,3,Low
31120,259,1,High
31121,72,2,Low
31122,37,2,Low
31124,362,1,High
31125,14,3,Low
31126,13,3,Low
31127,224,3,High
31128,243,2,High
31129,341,2,High
31130,13,2,Low
31131,247,2,High
31132,146,4,Low
31133,21,2,Low
31134,79,3,Low
31135,76,1,Low
31136,10,5,Low
31137,77,4,Low
31138,30,3,Low
31139,34,4,Low
31140,203,3,High
31141,56,4,Low
31142,202,2,High
31143,2,1,Low
31144,34,2,Low
31146,272,2,High
31147,17,2,Low
31148,190,1,Low
31149,95,4,Low
31150,58,1,Low
31151,54,4,Low
31152,111,4,Low
31153,41,3,Low
31154,76,2,Low
31155,240,1,High
31156,5,3,Low
31157,351,1,High
31158,64,1,Low
31159,82,2,Low
31161,151,3,Low
31162,41,3,Low
31163,47,4,Low
31165,42,1,Low
31166,51,4,Low
31167,53,4,Low
31169,175,1,Low
31171,278,2,High
31172,76,1,Low
31173,103,3,Low
31175,153,2,Low
31176,5,1,Low
31177,97,1,Low
31179,188,2,Low
31180,221,3,High
31181,51,2,Low
31182,21,1,Low
31183,143,1,Low
31184,49,6,Low
31185,76,2,Low
31187,52,2,Low
31188,41,2,Low
31189,205,1,High
31190,17,2,Low
31192,34,3,Low
31194,171,1,Low
31195,102,1,Low
31196,20,4,Low
31198,15,3,Low
31199,103,1,Low
31200,152,2,Low
31201,77,3,Low
31202,279,2,High
31203,61,3,Low
31204,182,2,Low
31206,177,2,Low
31207,137,1,Low
31208,46,4,Low
31209,29,1,Low
31210,244,1,High
31211,88,2,Low
31212,197,2,High
31213,12,3,Low
31214,256,3,High
31217,266,2,High
31218,47,1,Low
31219,335,1,High
31220,115,1,Low
31221,83,1,Low
31222,216,1,High
31223,139,1,Low
31225,101,3,Low
31227,223,2,High
31228,50,2,Low
31229,119,1,Low
31230,25,1,Low
31231,354,1,High
31232,25,4,Low
31233,239,1,High
31234,4,3,Low
31235,8,3,Low
31236,291,1,High
31237,10,5,Low
31238,86,2,Low
31239,94,2,Low
31240,126,1,Low
31241,128,3,Low
31242,15,1,Low
31243,178,1,Low
31244,80,2,Low
31245,224,1,High
31246,73,2,Low
31248,304,1,High
31249,353,1,High
31250,52,2,Low
31251,363,1,High
31252,123,4,Low
31253,206,1,High
31254,71,3,Low
31255,188,2,Low
31256,20,1,Low
31257,129,2,Low
31258,112,1,Low
31259,198,2,High
31260,90,1,Low
31261,207,1,High
31262,347,1,High
31263,68,3,Low
31264,208,3,High
31265,209,4,High
31266,26,3,Low
31267,296,1,High
31269,282,1,High
31270,9,1,Low
31271,327,1,High
31273,269,1,High
31274,240,1,High
31275,32,5,Low
31276,124,3,Low
31277,319,1,High
31278,158,1,Low
31279,297,2,High
31280,46,2,Low
31282,83,1,Low
31283,224,2,High
31284,313,1,High
31285,179,1,Low
31286,14,3,Low
31287,168,1,Low
31288,66,4,Low
31289,263,1,High
31292,157,1,Low
31293,123,2,Low
31295,175,4,Low
31297,176,3,Low
31299,12,2,Low
31301,360,1,High
31302,191,1,Low
31303,28,3,Low
31304,17,3,Low
31305,38,1,Low
31306,57,3,Low
31307,148,3,Low
31309,49,4,Low
31310,342,1,High
31311,15,2,Low
31312,22,4,Low
31313,20,2,Low
31314,32,2,Low
31315,44,2,Low
31316,281,1,High
31317,6,4,Low
31318,58,2,Low
31319,113,2,Low
31321,247,1,High
31322,129,3,Low
31323,120,2,Low
31326,16,4,Low
31327,10,1,Low
31328,225,1,High
31329,293,1,High
31331,112,4,Low
31332,120,2,Low
31333,198,1,High
31334,294,1,High
31335,215,1,High
31336,165,2,Low
31337,19,2,Low
31338,14,4,Low
31339,24,3,Low
31341,85,2,Low
31342,13,3,Low
31343,99,1,Low
31344,96,1,Low
31345,53,2,Low
31346,53,2,Low
31347,79,1,Low
31348,365,1,High
31349,15,3,Low
31350,3,3,Low
31351,203,1,High
31352,163,1,Low
31353,51,3,Low
31354,352,1,High
31355,361,1,High
31356,284,1,High
31358,187,3,Low
31359,249,1,High
31360,6,1,Low
31361,141,1,Low
31362,119,4,Low
31363,251,2,High
31364,7,2,Low
31365,81,1,Low
31366,84,3,Low
31367,127,2,Low
31368,100,2,Low
31369,15,3,Low
31370,139,5,Low
31372,52,1,Low
31373,316,1,High
31374,139,3,Low
31375,184,3,Low
31377,116,2,Low
31378,7,1,Low
31379,91,2,Low
31380,33,3,Low
31381,125,3,Low
31382,231,1,High
31383,188,3,Low
31384,72,3,Low
31385,223,1,High
31386,91,1,Low
31387,275,2,High
31388,13,1,Low
31390,325,1,High
31391,28,3,Low
31392,67,3,Low
31394,8,2,Low
31395,32,3,Low
31397,322,1,High
31399,84,3,Low
31400,145,2,Low
31401,78,4,Low
31402,292,2,High
31404,364,1,High
31405,199,1,High
31406,44,3,Low
31407,326,1,High
31408,256,2,High
31409,264,2,High
31410,154,4,Low
31411,98,1,Low
31412,40,2,Low
31413,25,1,Low
31414,124,4,Low
31415,26,1,Low
31416,214,1,High
31417,88,2,Low
31419,150,4,Low
31420,205,3,High
31421,178,1,Low
31422,161,2,Low
31423,131,3,Low
31425,179,1,Low
31426,119,4,Low
31427,126,3,Low
31428,184,2,Low
31429,165,1,Low
31430,302,1,High
31432,70,2,Low
31434,27,5,Low
31438,360,1,High
31439,105,1,Low
31440,8,5,Low
31441,27,5,Low
31443,241,1,High
31444,50,2,Low
31445,142,2,Low
31446,258,2,High
31448,181,4,Low
31449,55,2,Low
31450,10,1,Low
31452,66,1,Low
31453,134,2,Low
31454,69,1,Low
31455,83,1,Low
31456,156,1,Low
31457,39,1,Low
31458,10,2,Low
31459,239,3,High
31460,295,1,High
31461,121,3,Low
31462,281,1,High
31463,63,6,Low
31464,18,3,Low
31466,161,3,Low
31467,26,1,Low
31468,9,2,Low
31470,99,2,Low
31471,24,2,Low
31472,10,3,Low
31473,71,1,Low
31475,28,3,Low
31476,8,4,Low
31477,266,1,High
31478,251,1,High
31481,178,4,Low
31482,91,2,Low
31483,144,4,Low
31484,284,3,High
31486,54,2,Low
31487,34,3,Low
31488,5,3,Low
31489,245,1,High
31490,30,2,Low
31491,12,7,Low
31493,113,2,Low
31494,167,2,Low
31495,268,1,High
31498,133,2,Low
31499,56,4,Low
31500,68,2,Low
31501,308,1,High
31502,51,5,Low
31503,106,2,Low
31505,5,3,Low
31506,217,1,High
31507,163,1,Low
31508,300,1,High
31509,61,4,Low
31510,339,3,High
31511,98,3,Low
31512,158,2,Low
31513,129,4,Low
31514,145,1,Low
31515,34,2,Low
31516,26,4,Low
31517,206,1,High
31519,87,4,Low
31520,341,1,High
31521,35,3,Low
31522,37,2,Low
31523,5,3,Low
31524,39,2,Low
31525,110,2,Low
31526,74,2,Low
31527,37,1,Low
31528,53,2,Low
31529,207,1,High
31530,206,2,High
31532,23,1,Low
31533,22,4,Low
31534,85,4,Low
31536,129,1,Low
31537,96,2,Low
31538,42,4,Low
31539,36,2,Low
31540,60,1,Low
31541,46,2,Low
31542,187,1,Low
31544,67,1,Low
31545,82,1,Low
31547,130,2,Low
31548,34,1,Low
31549,41,2,Low
31550,18,3,Low
31551,92,3,Low
31552,173,2,Low
31554,55,1,Low
31555,3,4,Low
31556,155,1,Low
31558,252,1,High
31559,29,6,Low
31560,29,1,Low
31561,126,1,Low
31562,16,4,Low
31564,6,4,Low
31565,28,3,Low
31566,97,1,Low
31567,20,2,Low
31568,22,4,Low
31569,315,2,High
31570,60,1,Low
31572,121,1,Low
31574,117,3,Low
31575,47,2,Low
31576,166,2,Low
31577,167,2,Low
31578,7,4,Low
31579,179,1,Low
31582,54,3,Low
31583,257,1,High
31584,29,2,Low
31585,18,3,Low
31586,305,1,High
31587,26,4,Low
31588,109,1,Low
31589,241,2,High
31590,328,1,High
31591,8,5,Low
31592,282,1,High
31594,64,1,Low
31595,46,1,Low
31596,15,1,Low
31597,76,5,Low
31598,285,1,High
31599,52,1,Low
31600,150,2,Low
31601,181,2,Low
31602,63,1,Low
31603,33,2,Low
31605,222,1,High
31606,7,3,Low
31607,147,2,Low
31608,109,3,Low
31609,218,1,High
31610,18,2,Low
31612,21,5,Low
31613,265,1,High
31614,123,4,Low
31615,8,3,Low
31616,225,1,High
31619,84,4,Low
31621,314,1,High
31622,63,1,Low
31623,122,2,Low
31624,125,1,Low
31625,24,3,Low
31626,232,1,High
31627,42,5,Low
31628,263,2,High
31629,10,3,Low
31630,29,2,Low
31631,301,1,High
31633,357,1,High
31634,91,1,Low
31635,65,4,Low
31636,17,2,Low
31637,34,1,Low
31638,112,1,Low
31639,204,1,High
31640,278,2,High
31641,71,2,Low
31642,43,3,Low
31643,163,1,Low
31644,120,1,Low
31646,138,2,Low
31647,252,4,High
31648,290,1,High
31649,48,3,Low
31650,213,2,High
31651,88,5,Low
31652,44,1,Low
31653,57,2,Low
31654,17,3,Low
31655,226,1,High
31658,116,1,Low
31659,246,1,High
31660,218,1,High
31661,20,2,Low
31662,189,1,Low
31663,135,3,Low
31664,4,2,Low
31665,3,4,Low
31666,138,1,Low
31667,244,4,High
31668,153,2,Low
31669,8,3,Low
31670,122,2,Low
31671,56,2,Low
31675,336,1,High
31677,278,1,High
31678,24,4,Low
31679,108,2,Low
31680,217,3,High
31681,210,1,High
31682,104,2,Low
31683,243,3,High
31684,99,1,Low
31685,318,2,High
31686,159,2,Low
31687,44,5,Low
31688,211,2,High
31689,117,2,Low
31690,342,2,High
31691,256,2,High
31692,70,1,Low
31694,112,1,Low
31695,55,4,Low
31696,90,2,Low
31697,34,1,Low
31698,32,2,Low
31699,101,3,Low
31701,241,2,High
31702,208,1,High
31703,42,1,Low
31704,46,3,Low
31705,176,4,Low
31706,244,3,High
31707,194,1,High
31709,60,2,Low
31710,102,1,Low
31711,308,1,High
31712,206,3,High
31713,45,2,Low
31714,90,2,Low
31715,100,2,Low
31716,289,1,High
31717,281,2,High
31718,91,1,Low
31719,164,1,Low
31720,2,1,Low
31721,46,1,Low
31724,135,3,Low
31725,74,5,Low
31726,336,1,High
31727,136,3,Low
31728,60,2,Low
31729,23,4,Low
31730,164,1,Low
31731,116,2,Low
31734,272,1,High
31735,221,1,High
31736,73,2,Low
31737,64,2,Low
31738,69,3,Low
31739,62,1,Low
31740,225,1,High
31741,126,3,Low
31744,24,2,Low
31746,260,1,High
31747,74,2,Low
31748,144,2,Low
31750,29,3,Low
31751,122,1,Low
31752,84,4,Low
31753,11,3,Low
31754,180,2,Low
31755,125,1,Low
31756,302,1,High
31757,183,2,Low
31758,176,1,Low
31759,79,2,Low
31760,278,1,High
31761,113,3,Low
31762,330,1,High
31763,27,2,Low
31765,53,2,Low
31766,62,3,Low
31767,219,1,High
31768,66,5,Low
31769,287,2,High
31770,57,2,Low
31771,173,1,Low
31772,327,2,High
31773,135,2,Low
31774,7,1,Low
31775,26,3,Low
31776,191,1,Low
31777,61,2,Low
31778,158,1,Low
31780,18,4,Low
31782,67,3,Low
31785,7,4,Low
31787,106,3,Low
31788,234,2,High
31789,234,2,High
31791,209,2,High
31793,51,3,Low
31794,217,1,High
31795,35,2,Low
31796,67,2,Low
31797,12,3,Low
31798,292,2,High
31799,100,6,Low
31800,105,3,Low
31802,147,4,Low
31803,272,2,High
31805,121,4,Low
31806,109,1,Low
31807,36,2,Low
31808,106,3,Low
31809,40,3,Low
31810,16,1,Low
31812,86,3,Low
31813,348,1,High
31815,209,1,High
31817,97,1,Low
31818,84,3,Low
31819,63,1,Low
31820,77,2,Low
31821,60,2,Low
31822,86,2,Low
31823,303,1,High
31824,135,3,Low
31825,115,2,Low
31826,50,3,Low
31827,272,3,High
31828,16,2,Low
31829,40,4,Low
31830,17,2,Low
31831,348,1,High
31832,102,4,Low
31834,24,5,Low
31836,146,1,Low
31837,84,3,Low
31838,337,1,High
31839,84,1,Low
31840,2,3,Low
31841,277,1,High
31842,20,1,Low
31844,315,1,High
31845,184,3,Low
31847,17,1,Low
31848,199,2,High
31849,175,2,Low
31850,50,3,Low
31851,134,2,Low
31852,136,3,Low
31854,64,2,Low
31855,3,1,Low
31856,253,1,High
31857,262,2,High
31858,5,2,Low
31860,178,2,Low
31862,4,1,Low
31864,129,1,Low
31865,47,2,Low
31866,62,3,Low
31867,80,3,Low
31868,266,1,High
31869,356,1,High
31870,81,1,Low
31871,69,5,Low
31872,2,3,Low
31873,136,2,Low
31874,114,2,Low
31875,5,3,Low
31876,17,3,Low
31877,61,1,Low
31878,91,1,Low
31879,132,4,Low
31880,36,2,Low
31881,33,2,Low
31882,108,2,Low
31885,121,2,Low
31886,223,1,High
31889,344,1,High
31890,82,1,Low
31891,26,3,Low
31892,151,1,Low
31894,88,1,Low
31895,121,2,Low
31896,256,3,High
31897,73,3,Low
31899,55,2,Low
31900,149,1,Low
31901,79,1,Low
31902,59,4,Low
31903,175,2,Low
31904,199,2,High
31905,173,3,Low
31907,88,3,Low
31908,249,2,High
31909,164,2,Low
31910,19,3,Low
31911,42,2,Low
31912,35,3,Low
31913,95,4,Low
31915,60,1,Low
31916,148,1,Low
31918,72,5,Low
31919,138,2,Low
31921,49,4,Low
31923,110,2,Low
31924,203,1,High
31925,170,1,Low
31926,237,2,High
31929,364,1,High
31930,85,3,Low
31931,154,1,Low
31932,363,1,High
31933,21,3,Low
31935,46,2,Low
31937,106,1,Low
31938,27,1,Low
31939,211,2,High
31940,7,4,Low
31941,127,2,Low
31942,168,1,Low
31943,105,2,Low
31944,19,2,Low
31946,14,6,Low
31947,3,5,Low
31948,165,2,Low
31949,359,1,High
31950,250,1,High
31951,249,1,High
31952,199,1,High
31953,290,1,High
31954,133,2,Low
31955,179,1,Low
31957,12,3,Low
31958,268,1,High
31959,104,2,Low
31960,2,3,Low
31961,258,1,High
31962,43,1,Low
31964,190,2,Low
31965,6,3,Low
31966,202,2,High
31967,15,2,Low
31968,103,2,Low
31969,266,1,High
31971,48,2,Low
31972,111,3,Low
31973,32,3,Low
31975,322,2,High
31976,84,5,Low
31977,56,5,Low
31978,44,1,Low
31981,24,1,Low
31982,107,2,Low
31984,178,1,Low
31985,305,1,High
31986,114,3,Low
31987,50,2,Low
31988,13,1,Low
31989,153,6,Low
31990,17,4,Low
31991,105,3,Low
31992,3,2,Low
31993,246,3,High
31994,55,1,Low
31995,230,1,High
31997,34,2,Low
31998,17,2,Low
31999,41,2,Low
32001,64,1,Low
32002,99,2,Low
32004,177,2,Low
32005,107,2,Low
32007,273,1,High
32008,103,1,Low
32009,37,1,Low
32010,87,1,Low
32011,47,3,Low
32012,186,2,Low
32013,21,3,Low
32014,26,1,Low
32015,1,2,Low
32016,304,1,High
32017,86,1,Low
32018,125,4,Low
32019,36,3,Low
32021,10,4,Low
32022,16,2,Low
32023,195,1,High
32024,41,1,Low
32025,163,2,Low
32026,257,1,High
32027,74,5,Low
32028,97,1,Low
32030,223,2,High
32031,215,4,High
32032,4,1,Low
32033,64,3,Low
32034,137,3,Low
32035,294,1,High
32036,2,3,Low
32037,320,1,High
32038,49,3,Low
32039,35,2,Low
32040,139,2,Low
32041,70,4,Low
32042,314,1,High
32045,84,4,Low
32046,94,2,Low
32047,106,5,Low
32048,131,2,Low
32049,318,1,High
32050,88,1,Low
32052,9,5,Low
32053,16,3,Low
32054,235,1,High
32055,166,2,Low
32056,41,1,Low
32057,356,1,High
32058,185,1,Low
32059,45,4,Low
32060,43,3,Low
32061,30,3,Low
32062,158,2,Low
32063,52,2,Low
32064,94,2,Low
32066,201,1,High
32067,141,2,Low
32068,281,1,High
32069,125,3,Low
32070,72,2,Low
32071,252,2,High
32072,305,1,High
32073,317,2,High
32074,63,1,Low
32075,296,1,High
32076,350,1,High
32077,337,1,High
32078,34,2,Low
32079,102,1,Low
32080,75,3,Low
32081,58,2,Low
32082,258,1,High
32083,10,5,Low
32084,242,3,High
32086,33,2,Low
32087,7,3,Low
32089,66,1,Low
32090,151,2,Low
32091,168,2,Low
32092,25,3,Low
32093,186,2,Low
32095,63,3,Low
32096,91,2,Low
32097,2,3,Low
32098,100,1,Low
32099,94,1,Low
32100,156,2,Low
32101,103,5,Low
32102,85,2,Low
32103,218,2,High
32104,63,1,Low
32105,182,2,Low
32106,355,1,High
32107,145,1,Low
32108,8,4,Low
32109,73,1,Low
32110,1,2,Low
32111,94,3,Low
32112,291,1,High
32114,188,1,Low
32115,3,4,Low
32116,27,2,Low
32117,71,4,Low
32118,13,2,Low
32119,61,1,Low
32120,17,2,Low
32122,124,2,Low
32123,10,3,Low
32124,48,2,Low
32125,165,1,Low
32126,62,2,Low
32127,142,2,Low
32128,161,2,Low
32129,270,2,High
32130,117,1,Low
32132,139,1,Low
32134,135,2,Low
32135,7,1,Low
32136,233,1,High
32137,54,2,Low
32138,43,4,Low
32139,133,2,Low
32140,17,5,Low
32141,217,4,High
32142,194,4,High
32143,114,2,Low
32144,255,4,High
32145,131,2,Low
32147,60,3,Low
32148,177,6,Low
32149,67,1,Low
32150,233,2,High
32151,75,2,Low
32152,38,2,Low
32153,43,5,Low
32154,169,1,Low
32155,146,3,Low
32156,243,2,High
32157,237,3,High
32158,118,3,Low
32159,67,2,Low
32161,274,1,High
32163,206,2,High
32164,1,1,Low
32165,57,2,Low
32166,260,2,High
32167,98,2,Low
32168,198,1,High
32169,74,2,Low
32170,183,1,Low
32171,7,5,Low
32172,36,1,Low
32173,177,1,Low
32174,362,1,High
32176,9,3,Low
32178,169,3,Low
32180,2,3,Low
32181,36,3,Low
32182,223,1,High
32183,286,1,High
32184,213,2,High
32185,31,2,Low
32186,248,1,High
32187,10,4,Low
32188,4,2,Low
32189,159,1,Low
32190,18,4,Low
32191,63,1,Low
32192,30,3,Low
32193,224,2,High
32195,341,1,High
32196,24,4,Low
32197,160,2,Low
32198,33,3,Low
32199,13,4,Low
32200,47,2,Low
32201,209,2,High
32202,49,2,Low
32203,297,1,High
32204,52,1,Low
32206,197,2,High
32207,37,3,Low
32208,4,4,Low
32209,326,1,High
32210,62,1,Low
32211,20,5,Low
32212,111,1,Low
32213,93,2,Low
32214,18,4,Low
32215,13,3,Low
32217,97,4,Low
32218,121,1,Low
32220,36,2,Low
32221,171,1,Low
32222,186,1,Low
32223,89,1,Low
32224,25,2,Low
32225,218,1,High
32226,36,4,Low
32227,32,3,Low
32228,165,2,Low
32229,114,1,Low
32230,48,2,Low
32231,39,4,Low
32232,362,1,High
32233,13,2,Low
32234,20,2,Low
32235,129,2,Low
32236,51,2,Low
32237,269,2,High
32238,168,2,Low
32239,32,1,Low
32241,78,2,Low
32242,19,2,Low
32243,127,2,Low
32244,293,1,High
32245,56,2,Low
32246,213,1,High
32248,8,2,Low
32249,34,2,Low
32250,29,3,Low
32251,36,1,Low
32252,48,7,Low
32253,89,6,Low
32254,66,1,Low
32255,124,1,Low
32256,57,4,Low
32257,76,1,Low
32258,301,4,High
32259,18,2,Low
32260,170,1,Low
32261,308,1,High
32262,284,1,High
32263,14,1,Low
32264,28,4,Low
32265,60,3,Low
32266,48,2,Low
32267,11,3,Low
32268,33,3,Low
32269,321,1,High
32270,30,2,Low
32271,114,1,Low
32272,311,1,High
32273,11,4,Low
32275,335,1,High
32277,40,1,Low
32278,3,4,Low
32279,165,2,Low
32280,103,2,Low
32282,202,2,High
32283,340,1,High
32284,129,1,Low
32285,12,3,Low
32286,87,2,Low
32287,47,4,Low
32289,116,2,Low
32290,299,1,High
32291,39,3,Low
32292,284,2,High
32295,68,2,Low
32297,15,2,Low
32298,53,3,Low
32299,100,1,Low
32300,22,1,Low
32301,44,5,Low
32302,99,2,Low
32303,25,3,Low
32304,195,2,High
32305,314,1,High
32306,339,2,High
32307,143,3,Low
32308,200,2,High
32309,21,2,Low
32310,109,3,Low
32311,116,1,Low
32312,184,1,Low
32313,354,1,High
32314,32,4,Low
32315,26,2,Low
32316,128,2,Low
32317,128,4,Low
32318,33,1,Low
32319,339,1,High
32320,344,1,High
32321,20,4,Low
32322,255,2,High
32323,15,5,Low
32324,20,1,Low
32325,274,2,High
32326,291,1,High
32327,222,1,High
32328,154,1,Low
32329,112,2,Low
32330,11,1,Low
32331,279,1,High
32333,87,4,Low
32334,320,2,High
32335,94,2,Low
32336,12,3,Low
32337,73,3,Low
32338,187,1,Low
32339,231,2,High
32340,135,2,Low
32341,79,2,Low
32342,229,1,High
32343,170,3,Low
32344,28,2,Low
32346,58,5,Low
32348,87,4,Low
32349,16,3,Low
32351,365,1,High
32352,97,1,Low
32353,87,3,Low
32354,82,3,Low
32355,8,6,Low
32356,239,2,High
32359,4,7,Low
32360,228,2,High
32361,81,3,Low
32362,76,3,Low
32363,21,5,Low
32364,20,1,Low
32365,36,1,Low
32366,67,3,Low
32368,69,3,Low
32369,2,2,Low
32371,110,3,Low
32372,180,2,Low
32373,130,1,Low
32374,204,2,High
32375,52,2,Low
32376,33,3,Low
32377,182,3,Low
32378,7,4,Low
32379,341,1,High
32380,309,1,High
32381,227,2,High
32383,216,1,High
32384,11,3,Low
32385,51,5,Low
32386,314,2,High
32387,5,3,Low
32388,35,2,Low
32389,165,2,Low
32390,71,2,Low
32393,18,1,Low
32394,17,2,Low
32395,92,3,Low
32396,180,4,Low
32397,5,5,Low
32398,363,1,High
32399,32,1,Low
32400,216,1,High
32401,99,3,Low
32402,58,2,Low
32403,108,5,Low
32404,59,3,Low
32405,234,1,High
32406,100,4,Low
32407,101,2,Low
32408,34,4,Low
32410,60,1,Low
32411,204,2,High
32412,108,3,Low
32413,19,1,Low
32414,346,1,High
32415,22,2,Low
32416,245,2,High
32417,154,2,Low
32418,12,2,Low
32419,89,2,Low
32420,72,3,Low
32422,93,3,Low
32423,180,2,Low
32424,60,2,Low
32426,113,2,Low
32427,270,1,High
32428,52,2,Low
32429,40,2,Low
32430,210,2,High
32431,277,1,High
32432,206,2,High
32433,212,1,High
32434,343,1,High
32435,25,2,Low
32436,45,3,Low
32437,80,2,Low
32438,60,1,Low
32440,44,4,Low
32443,48,3,Low
32445,123,1,Low
32446,38,4,Low
32447,34,2,Low
32448,137,1,Low
32449,49,1,Low
32450,313,1,High
32451,37,3,Low
32452,234,3,High
32453,234,1,High
32454,80,2,Low
32456,291,1,High
32457,200,1,High
32458,162,1,Low
32459,255,1,High
32460,100,3,Low
32462,233,2,High
32463,54,4,Low
32464,351,1,High
32465,345,1,High
32467,8,1,Low
32468,150,1,Low
32469,115,1,Low
32470,125,1,Low
32471,183,1,Low
32472,94,1,Low
32474,40,1,Low
32475,223,2,High
32476,56,1,Low
32477,87,1,Low
32478,12,3,Low
32480,13,3,Low
32481,52,4,Low
32482,163,4,Low
32484,243,1,High
32485,28,3,Low
32486,37,2,Low
32487,267,1,High
32488,23,3,Low
32489,117,1,Low
32490,121,1,Low
32491,44,2,Low
32492,112,3,Low
32493,103,3,Low
32494,113,3,Low
32495,115,4,Low
32497,56,3,Low
32498,121,2,Low
32500,259,1,High
32501,74,3,Low
32502,235,2,High
32503,62,2,Low
32504,12,2,Low
32505,11,1,Low
32506,295,1,High
32507,270,1,High
32508,16,2,Low
32509,76,4,Low
32510,111,3,Low
32512,142,1,Low
32513,30,2,Low
32514,80,3,Low
32515,87,1,Low
32516,53,1,Low
32517,117,5,Low
32518,15,4,Low
32519,190,4,Low
32520,132,1,Low
32521,66,3,Low
32522,237,3,High
32523,23,1,Low
32524,1,4,Low
32525,315,1,High
32526,85,1,Low
32527,117,4,Low
32528,130,4,Low
32529,229,2,High
32531,117,2,Low
32532,92,4,Low
32533,156,3,Low
32534,188,1,Low
32535,102,3,Low
32536,208,2,High
32537,285,2,High
32538,84,1,Low
32539,212,1,High
32540,22,2,Low
32541,344,1,High
32542,24,2,Low
32543,141,1,Low
32544,82,2,Low
32545,79,3,Low
32546,337,1,High
32548,46,3,Low
32549,160,2,Low
32550,30,2,Low
32551,200,1,High
32552,290,1,High
32553,31,4,Low
32554,30,5,Low
32555,135,4,Low
32556,224,2,High
32557,235,3,High
32558,140,4,Low
32559,241,1,High
32560,365,1,High
32561,41,3,Low
32562,32,2,Low
32564,50,1,Low
32566,137,2,Low
32567,1,1,Low
32568,20,3,Low
32569,16,2,Low
32570,82,3,Low
32571,58,3,Low
32572,29,1,Low
32575,43,4,Low
32576,2,3,Low
32577,62,2,Low
32579,295,1,High
32581,160,1,Low
32582,243,1,High
32583,41,4,Low
32584,344,2,High
32585,262,2,High
32586,4,1,Low
32587,6,2,Low
32589,360,1,High
32590,54,2,Low
32591,189,1,Low
32592,271,3,High
32593,235,2,High
32595,2,1,Low
32596,231,3,High
32598,168,3,Low
32599,168,2,Low
32600,69,3,Low
32601,171,1,Low
32602,189,2,Low
32603,76,1,Low
32605,27,4,Low
32606,79,3,Low
32607,242,1,High
32608,207,2,High
32609,78,1,Low
32610,111,4,Low
32611,118,3,Low
32613,7,3,Low
32614,81,1,Low
32615,133,1,Low
32616,128,2,Low
32617,63,2,Low
32618,108,5,Low
32619,25,1,Low
32620,35,2,Low
32621,220,2,High
32622,75,1,Low
32623,35,2,Low
32624,4,6,Low
32625,111,3,Low
32626,192,2,Low
32627,289,1,High
32628,75,3,Low
32629,19,3,Low
32630,314,1,High
32631,79,3,Low
32632,180,2,Low
32633,60,1,Low
32634,35,3,Low
32635,15,4,Low
32636,129,3,Low
32637,24,2,Low
32638,29,2,Low
32639,142,2,Low
32640,59,3,Low
32641,33,3,Low
32642,2,2,Low
32643,76,1,Low
32644,117,1,Low
32646,160,1,Low
32647,135,2,Low
32648,111,4,Low
32649,96,3,Low
32650,79,1,Low
32651,50,2,Low
32652,50,3,Low
32653,78,1,Low
32654,81,2,Low
32655,6,3,Low
32657,88,1,Low
32658,25,4,Low
32659,123,3,Low
32660,196,2,High
32662,165,2,Low
32663,61,2,Low
32664,46,4,Low
32666,140,2,Low
32667,206,2,High
32668,191,4,Low
32669,215,1,High
32671,92,1,Low
32672,130,1,Low
32674,225,1,High
32675,285,2,High
32676,316,2,High
32677,71,1,Low
32678,347,1,High
32679,189,2,Low
32680,23,3,Low
32681,284,2,High
32682,136,1,Low
32683,27,1,Low
32684,192,2,Low
32685,10,3,Low
32686,54,2,Low
32687,142,3,Low
32688,230,1,High
32689,22,2,Low
32690,65,1,Low
32691,128,1,Low
32692,139,1,Low
32693,347,1,High
32694,4,1,Low
32695,97,1,Low
32696,129,2,Low
32697,266,1,High
32698,1,1,Low
32699,30,2,Low
32700,220,2,High
32702,227,1,High
32703,119,6,Low
32704,69,1,Low
32705,13,3,Low
32706,4,1,Low
32707,30,2,Low
32708,60,2,Low
32710,80,2,Low
32711,165,1,Low
32712,18,3,Low
32714,68,2,Low
32715,151,1,Low
32716,93,3,Low
32717,52,1,Low
32718,70,5,Low
32719,138,4,Low
32720,101,5,Low
32722,45,2,Low
32724,4,2,Low
32725,80,1,Low
32726,267,2,High
32727,103,1,Low
32728,193,3,Low
32729,36,3,Low
32730,7,2,Low
32731,124,2,Low
32732,7,2,Low
32734,128,2,Low
32735,141,3,Low
32736,239,3,High
32737,126,5,Low
32738,267,2,High
32739,28,4,Low
32740,85,4,Low
32742,14,2,Low
32743,293,1,High
32744,305,1,High
32745,163,1,Low
32746,132,1,Low
32747,22,4,Low
32748,57,3,Low
32749,109,2,Low
32751,77,3,Low
32752,198,2,High
32753,234,1,High
32755,101,2,Low
32756,166,4,Low
32758,15,4,Low
32759,109,3,Low
32760,1,5,Low
32761,124,3,Low
32762,154,1,Low
32763,120,3,Low
32764,296,1,High
32765,11,2,Low
32766,32,1,Low
32767,31,2,Low
32768,132,3,Low
32769,88,3,Low
32770,197,2,High
32771,56,2,Low
32772,146,1,Low
32773,280,3,High
32774,307,1,High
32775,135,1,Low
32776,18,4,Low
32777,101,2,Low
32778,144,3,Low
32779,204,3,High
32780,20,4,Low
32781,170,2,Low
32784,2,2,Low
32785,73,3,Low
32786,27,5,Low
32787,150,1,Low
32789,203,1,High
32791,89,3,Low
32792,1,3,Low
32793,251,1,High
32794,102,2,Low
32795,59,3,Low
32796,279,2,High
32797,47,4,Low
32798,149,2,Low
32800,247,2,High
32801,363,1,High
32802,30,4,Low
32803,31,2,Low
32804,59,4,Low
32806,160,1,Low
32808,92,2,Low
32809,5,3,Low
32810,45,2,Low
32811,22,1,Low
32812,315,1,High
32813,141,2,Low
32814,14,1,Low
32815,6,3,Low
32816,74,4,Low
32817,245,2,High
32818,115,2,Low
32819,186,2,Low
32820,133,1,Low
32821,226,2,High
32822,113,3,Low
32823,4,1,Low
32824,342,1,High
32825,39,3,Low
32826,7,2,Low
32827,75,1,Low
32829,25,4,Low
32831,216,2,High
32832,104,2,Low
32833,173,1,Low
32834,308,1,High
32835,10,2,Low
32836,30,1,Low
32837,73,4,Low
32839,265,1,High
32840,71,1,Low
32841,118,3,Low
32842,171,2,Low
32843,165,2,Low
32845,153,3,Low
32846,201,1,High
32847,6,3,Low
32849,60,4,Low
32850,11,5,Low
32852,31,4,Low
32853,19,4,Low
32854,123,4,Low
32855,336,2,High
32856,27,2,Low
32857,232,1,High
32858,28,2,Low
32859,245,1,High
32860,6,5,Low
32862,42,2,Low
32863,11,2,Low
32864,257,1,High
32865,56,2,Low
32866,250,1,High
32867,175,2,Low
32868,93,4,Low
32869,324,1,High
32871,111,1,Low
32872,7,3,Low
32874,279,2,High
32875,114,3,Low
32876,52,2,Low
32877,301,1,High
32878,212,2,High
32879,326,1,High
32880,350,1,High
32881,218,1,High
32882,183,4,Low
32883,158,1,Low
32884,87,2,Low
32885,103,2,Low
32887,239,1,High
32888,130,1,Low
32889,78,3,Low
32890,68,3,Low
32891,78,2,Low
32892,75,2,Low
32893,178,2,Low
32894,138,4,Low
32895,117,1,Low
32896,168,2,Low
32897,74,2,Low
32899,102,3,Low
32900,151,2,Low
32901,167,1,Low
32902,266,1,High
32904,106,3,Low
32905,329,1,High
32906,12,4,Low
32907,189,1,Low
32908,224,2,High
32909,148,1,Low
32910,191,1,Low
32911,275,1,High
32912,27,3,Low
32913,26,2,Low
32914,92,4,Low
32915,154,3,Low
32916,243,1,High
32917,32,1,Low
32918,153,2,Low
32919,348,1,High
32920,196,1,High
32921,84,2,Low
32922,235,3,High
32923,259,1,High
32925,93,3,Low
32926,82,1,Low
32927,270,2,High
32928,326,1,High
32929,88,2,Low
32931,108,2,Low
32932,281,1,High
32933,65,3,Low
32934,91,3,Low
32935,88,2,Low
32936,206,1,High
32938,250,1,High
32939,25,1,Low
32940,290,3,High
32941,155,1,Low
32942,72,3,Low
32943,173,4,Low
32944,117,5,Low
32945,111,2,Low
32946,140,3,Low
32947,267,4,High
32948,220,1,High
32950,85,2,Low
32951,48,1,Low
32952,66,4,Low
32953,107,2,Low
32954,311,1,High
32955,65,4,Low
32956,10,2,Low
32957,308,1,High
32958,122,3,Low
32959,150,1,Low
32960,203,2,High
32961,15,3,Low
32963,165,2,Low
32964,59,2,Low
32965,172,2,Low
32966,84,3,Low
32967,146,2,Low
32968,283,3,High
32969,66,2,Low
32970,95,1,Low
32971,92,4,Low
32973,151,2,Low
32974,136,1,Low
32975,194,1,High
32976,177,3,Low
32977,70,4,Low
32979,88,1,Low
32980,6,3,Low
32981,105,3,Low
32983,54,3,Low
32984,108,1,Low
32985,263,1,High
32987,342,1,High
32988,50,2,Low
32989,79,4,Low
32990,84,1,Low
32992,154,1,Low
32993,115,1,Low
32995,42,4,Low
32996,194,1,High
32997,285,1,High
32999,180,1,Low
33000,25,1,Low
33002,27,3,Low
33004,226,1,High
33005,217,1,High
33007,342,1,High
33008,115,3,Low
33009,355,1,High
33010,354,1,High
33012,77,2,Low
33013,298,2,High
33014,121,3,Low
33015,89,3,Low
33016,305,1,High
33017,177,1,Low
33019,97,1,Low
33020,14,3,Low
33021,29,3,Low
33022,271,1,High
33023,83,4,Low
33024,65,2,Low
33025,32,6,Low
33026,239,1,High
33027,208,2,High
33028,164,1,Low
33029,331,1,High
33030,184,1,Low
33031,42,2,Low
33032,133,1,Low
33033,38,3,Low
33034,146,4,Low
33035,335,1,High
33036,105,4,Low
33037,64,2,Low
33038,225,1,High
33039,134,1,Low
33040,81,3,Low
33041,1,2,Low
33042,165,3,Low
33043,225,1,High
33045,136,1,Low
33046,151,3,Low
33047,63,4,Low
33048,60,3,Low
33049,303,1,High
33050,235,3,High
33051,47,1,Low
33052,70,1,Low
33054,336,1,High
33055,59,2,Low
33056,223,2,High
33057,65,3,Low
33058,126,4,Low
33059,22,1,Low
33060,36,1,Low
33061,71,4,Low
33062,130,2,Low
33063,61,2,Low
33064,147,2,Low
33066,46,3,Low
33067,88,2,Low
33068,20,2,Low
33069,97,1,Low
33070,353,1,High
33071,78,2,Low
33072,23,4,Low
33073,14,5,Low
33074,301,1,High
33075,347,1,High
33076,260,4,High
33077,72,2,Low
33079,219,1,High
33080,239,2,High
33081,125,2,Low
33082,303,2,High
33083,172,1,Low
33084,186,2,Low
33086,149,1,Low
33087,257,1,High
33088,264,1,High
33089,64,1,Low
33091,245,2,High
33092,125,4,Low
33093,32,2,Low
33095,88,2,Low
33096,169,1,Low
33097,51,1,Low
33098,11,4,Low
33099,140,3,Low
33100,11,1,Low
33101,17,2,Low
33102,247,1,High
33103,60,3,Low
33104,244,1,High
33105,243,1,High
33107,24,2,Low
33108,163,2,Low
33109,35,1,Low
33110,163,2,Low
33111,24,3,Low
33112,336,1,High
33113,237,2,High
33114,11,3,Low
33115,298,1,High
33117,6,3,Low
33118,56,3,Low
33119,9,1,Low
33121,24,3,Low
33122,160,2,Low
33123,35,1,Low
33124,98,4,Low
33125,1,4,Low
33126,14,1,Low
33127,115,3,Low
33128,33,2,Low
33129,119,2,Low
33130,8,3,Low
33132,18,3,Low
33133,307,1,High
33134,22,3,Low
33135,326,1,High
33136,158,1,Low
33137,49,3,Low
33139,258,1,High
33140,52,4,Low
33141,158,2,Low
33142,121,1,Low
33143,111,2,Low
33144,155,4,Low
33145,350,1,High
33146,117,3,Low
33147,75,2,Low
33150,35,2,Low
33151,139,3,Low
33152,33,3,Low
33153,104,1,Low
33154,84,1,Low
33155,141,2,Low
33156,260,2,High
33157,87,3,Low
33158,165,1,Low
33159,236,2,High
33160,40,1,Low
33161,274,1,High
33162,106,3,Low
33164,290,2,High
33165,96,2,Low
33166,112,1,Low
33167,43,3,Low
33168,2,3,Low
33169,37,5,Low
33170,258,1,High
33171,29,3,Low
33172,290,2,High
33173,80,3,Low
33174,38,5,Low
33175,244,2,High
33177,122,2,Low
33181,41,3,Low
33182,97,1,Low
33183,108,2,Low
33184,252,1,High
33185,63,2,Low
33187,29,3,Low
33188,336,1,High
33189,136,1,Low
33190,9,1,Low
33191,322,1,High
33192,142,1,Low
33193,147,3,Low
33197,87,4,Low
33198,241,2,High
33199,39,4,Low
33200,61,1,Low
33201,1,3,Low
33202,5,2,Low
33203,101,2,Low
33204,22,3,Low
33205,44,3,Low
33206,49,2,Low
33207,15,3,Low
33208,225,1,High
33210,271,1,High
33211,181,2,Low
33213,24,4,Low
33214,52,3,Low
33215,62,2,Low
33216,104,2,Low
33217,345,1,High
33218,122,3,Low
33219,259,1,High
33220,289,1,High
33222,4,2,Low
33223,35,3,Low
33224,137,1,Low
33226,64,2,Low
33229,228,1,High
33230,206,2,High
33231,25,2,Low
33233,24,4,Low
33234,102,1,Low
33235,40,4,Low
33236,34,4,Low
33237,30,4,Low
33238,90,3,Low
33239,95,1,Low
33240,76,2,Low
33241,30,2,Low
33242,153,2,Low
33243,32,3,Low
33244,98,3,Low
33246,5,3,Low
33247,12,1,Low
33248,71,3,Low
33249,181,2,Low
33250,10,2,Low
33251,64,4,Low
33252,28,2,Low
33253,165,2,Low
33254,137,1,Low
33255,360,2,High
33256,20,2,Low
33257,69,2,Low
33259,281,1,High
33261,358,1,High
33262,152,2,Low
33263,121,4,Low
33264,45,1,Low
33265,38,1,Low
33266,173,3,Low
33267,36,4,Low
33268,244,1,High
33269,12,4,Low
33271,212,5,High
33272,67,2,Low
33273,288,1,High
33274,85,1,Low
33275,18,3,Low
33276,121,2,Low
33277,118,2,Low
33278,146,3,Low
33279,7,4,Low
33280,103,1,Low
33281,57,2,Low
33283,317,1,High
33284,36,1,Low
33285,336,1,High
33286,257,1,High
33287,309,1,High
33289,267,2,High
33290,52,1,Low
33291,115,3,Low
33293,83,2,Low
33294,61,4,Low
33295,150,1,Low
33296,338,2,High
33297,139,4,Low
33299,134,4,Low
33300,23,4,Low
33302,74,3,Low
33303,64,1,Low
33304,104,3,Low
33305,55,1,Low
33306,57,1,Low
33307,275,1,High
33308,2,2,Low
33309,213,3,High
33310,354,1,High
33311,29,3,Low
33312,63,3,Low
33313,50,6,Low
33314,94,2,Low
33315,8,3,Low
33317,89,1,Low
33318,258,2,High
33319,30,3,Low
33320,119,2,Low
33321,225,2,High
33322,57,3,Low
33323,258,1,High
33324,185,2,Low
33325,93,3,Low
33326,183,2,Low
33327,278,1,High
33328,163,2,Low
33329,212,2,High
33330,100,1,Low
33331,34,2,Low
33332,236,2,High
33333,324,1,High
33334,203,2,High
33336,278,1,High
33337,66,1,Low
33339,66,2,Low
33340,155,1,Low
33341,57,2,Low
33343,45,4,Low
33344,22,2,Low
33345,160,2,Low
33346,250,1,High
33347,94,1,Low
33348,109,7,Low
33349,188,4,Low
33350,262,1,High
33351,110,2,Low
33353,49,5,Low
33354,78,4,Low
33355,86,3,Low
33357,10,3,Low
33358,236,2,High
33359,68,2,Low
33360,40,2,Low
33361,142,3,Low
33362,65,3,Low
33363,24,3,Low
33364,313,1,High
33365,24,1,Low
33366,23,2,Low
33367,77,1,Low
33368,80,4,Low
33369,37,3,Low
33370,179,1,Low
33371,6,3,Low
33373,62,1,Low
33374,118,3,Low
33375,162,3,Low
33376,241,1,High
33377,6,1,Low
33379,108,3,Low
33380,214,2,High
33381,360,1,High
33383,211,1,High
33384,18,4,Low
33385,196,3,High
33386,264,2,High
33387,51,5,Low
33388,157,2,Low
33389,15,3,Low
33390,142,1,Low
33391,31,4,Low
33392,37,3,Low
33393,76,1,Low
33394,46,2,Low
33395,242,2,High
33396,269,2,High
33397,27,5,Low
33398,173,1,Low
33399,61,2,Low
33400,77,1,Low
33401,132,5,Low
33402,174,2,Low
33403,23,1,Low
33405,79,2,Low
33406,31,4,Low
33407,55,1,Low
33408,328,1,High
33410,187,2,Low
33412,23,1,Low
33413,335,1,High
33414,28,2,Low
33415,364,1,High
33416,119,1,Low
33417,58,3,Low
33419,108,4,Low
33420,31,5,Low
33421,47,2,Low
33422,137,1,Low
33423,17,2,Low
33424,306,2,High
33425,343,1,High
33426,18,4,Low
33427,91,3,Low
33428,300,1,High
33429,221,1,High
33431,198,1,High
33432,199,1,High
33433,184,2,Low
33434,314,1,High
33435,59,2,Low
33437,222,2,High
33438,115,1,Low
33439,93,2,Low
33440,360,1,High
33444,72,2,Low
33445,14,5,Low
33446,7,2,Low
33447,246,1,High
33448,170,4,Low
33449,174,1,Low
33450,26,3,Low
33451,180,2,Low
33453,15,2,Low
33454,82,1,Low
33455,73,2,Low
33456,85,3,Low
33457,7,3,Low
33458,225,1,High
33459,191,1,Low
33460,63,1,Low
33461,14,4,Low
33462,22,2,Low
33463,1,3,Low
33464,10,1,Low
33465,347,1,High
33467,132,2,Low
33468,124,2,Low
33469,136,3,Low
33470,65,4,Low
33471,142,2,Low
33472,97,2,Low
33473,59,2,Low
33474,144,1,Low
33477,192,3,Low
33478,34,2,Low
33479,245,1,High
33480,100,2,Low
33481,188,2,Low
33483,2,3,Low
33484,139,2,Low
33485,200,3,High
33486,96,1,Low
33487,28,2,Low
33488,57,2,Low
33489,348,1,High
33491,221,1,High
33492,32,3,Low
33493,223,1,High
33494,192,2,Low
33495,10,1,Low
33497,91,2,Low
33498,55,3,Low
33499,85,2,Low
33500,153,3,Low
33501,115,5,Low
33502,24,3,Low
33503,173,2,Low
33504,269,2,High
33506,27,2,Low
33507,8,2,Low
33508,32,4,Low
33510,266,1,High
33512,221,2,High
33513,18,2,Low
33514,223,3,High
33515,22,2,Low
33516,167,1,Low
33517,86,3,Low
33518,56,7,Low
33519,20,1,Low
33520,161,1,Low
33521,249,1,High
33522,313,1,High
33523,298,1,High
33524,82,3,Low
33525,132,3,Low
33526,12,3,Low
33527,31,3,Low
33528,132,2,Low
33530,167,3,Low
33531,37,1,Low
33534,41,2,Low
33538,236,1,High
33539,180,6,Low
33540,269,2,High
33541,176,1,Low
33542,205,2,High
33543,19,3,Low
33544,39,2,Low
33546,9,5,Low
33547,80,5,Low
33548,117,3,Low
33550,12,5,Low
33551,188,2,Low
33552,90,2,Low
33553,56,1,Low
33554,168,3,Low
33557,182,3,Low
33558,185,1,Low
33560,37,4,Low
33561,41,1,Low
33562,339,1,High
33563,71,3,Low
33564,145,3,Low
33565,25,2,Low
33566,168,3,Low
33567,16,3,Low
33569,20,2,Low
33570,176,2,Low
33571,33,1,Low
33572,180,1,Low
33573,226,3,High
33574,251,1,High
33575,89,3,Low
33576,5,3,Low
33578,71,2,Low
33579,209,1,High
33580,100,3,Low
33581,359,1,High
33582,74,1,Low
33583,365,1,High
33585,26,2,Low
33586,143,1,Low
33587,70,3,Low
33588,44,1,Low
33590,26,3,Low
33591,303,2,High
33592,58,2,Low
33593,346,1,High
33594,308,1,High
33595,266,1,High
33596,315,1,High
33597,41,2,Low
33599,109,2,Low
33600,61,2,Low
33601,67,4,Low
33602,136,1,Low
33604,68,4,Low
33605,108,1,Low
33606,5,4,Low
33607,191,2,Low
33608,29,4,Low
33609,155,1,Low
33610,57,1,Low
33611,254,2,High
33612,253,1,High
33613,284,1,High
33614,3,3,Low
33615,251,1,High
33616,230,1,High
33617,39,4,Low
33618,45,2,Low
33619,50,5,Low
33620,2,2,Low
33621,176,1,Low
33622,5,4,Low
33623,86,1,Low
33625,171,2,Low
33626,118,2,Low
33627,6,3,Low
33628,38,1,Low
33631,85,2,Low
33632,140,3,Low
33633,281,1,High
33634,62,3,Low
33635,108,1,Low
33636,346,2,High
33637,246,1,High
33638,254,1,High
33639,84,2,Low
33640,224,2,High
33641,21,1,Low
33642,235,2,High
33643,6,2,Low
33644,317,1,High
33645,59,3,Low
33646,180,3,Low
33648,17,3,Low
33649,155,2,Low
33650,291,1,High
33651,14,2,Low
33652,264,2,High
33653,149,2,Low
33654,52,3,Low
33655,325,1,High
33656,74,1,Low
33657,267,2,High
33658,317,2,High
33659,208,1,High
33660,147,1,Low
33661,10,3,Low
33662,36,3,Low
33663,125,1,Low
33664,354,1,High
33665,181,1,Low
33666,22,6,Low
33667,84,1,Low
33668,19,4,Low
33669,70,4,Low
33670,214,1,High
33671,194,1,High
33672,24,2,Low
33673,45,1,Low
33674,40,2,Low
33675,362,1,High
33676,238,1,High
33677,149,2,Low
33678,48,6,Low
33680,214,1,High
33681,61,4,Low
33682,76,3,Low
33683,9,1,Low
33684,173,2,Low
33685,237,3,High
33688,68,2,Low
33689,25,3,Low
33690,118,1,Low
33692,349,1,High
33693,57,2,Low
33694,220,1,High
33695,124,3,Low
33696,51,2,Low
33698,146,2,Low
33699,223,2,High
33700,114,1,Low
33701,14,1,Low
33702,243,1,High
33704,232,1,High
33705,262,1,High
33706,188,2,Low
33707,103,3,Low
33708,45,1,Low
33709,26,4,Low
33710,68,2,Low
33711,84,2,Low
33712,119,2,Low
33713,250,1,High
33714,141,2,Low
33715,104,1,Low
33716,64,3,Low
33717,1,2,Low
33718,6,1,Low
33719,56,3,Low
33720,73,1,Low
33721,155,2,Low
33722,153,1,Low
33723,276,2,High
33725,27,2,Low
33727,37,2,Low
33728,240,2,High
33729,17,4,Low
33730,2,3,Low
33731,20,2,Low
33733,160,4,Low
33734,24,1,Low
33735,78,2,Low
33736,281,3,High
33737,40,2,Low
33739,262,3,High
33740,119,4,Low
33741,101,2,Low
33742,30,1,Low
33743,127,2,Low
33744,198,4,High
33746,35,4,Low
33747,110,1,Low
33749,82,2,Low
33750,119,4,Low
33751,12,4,Low
33752,5,4,Low
33754,54,1,Low
33755,47,2,Low
33757,190,2,Low
33758,277,1,High
33759,330,1,High
33760,40,4,Low
33761,68,1,Low
33762,105,4,Low
33763,26,4,Low
33764,262,1,High
33765,109,1,Low
33766,105,1,Low
33767,354,1,High
33769,42,2,Low
33771,69,2,Low
33772,41,4,Low
33774,170,4,Low
33775,24,4,Low
33776,342,1,High
33778,250,2,High
33779,271,1,High
33780,6,3,Low
33781,122,2,Low
33782,34,3,Low
33783,100,1,Low
33784,52,2,Low
33786,136,3,Low
33788,158,4,Low
33790,48,3,Low
33791,91,3,Low
33792,221,1,High
33793,136,1,Low
33794,183,1,Low
33795,22,4,Low
33796,107,1,Low
33797,177,2,Low
33798,75,3,Low
33799,155,3,Low
33801,45,3,Low
33802,235,1,High
33803,18,3,Low
33806,328,1,High
33808,125,2,Low
33809,89,3,Low
33810,114,1,Low
33811,263,3,High
33812,40,2,Low
33813,105,1,Low
33814,211,4,High
33815,46,3,Low
33817,24,2,Low
33818,43,1,Low
33819,343,1,High
33820,203,2,High
33821,244,2,High
33822,1,2,Low
33823,339,1,High
33824,300,1,High
33825,97,2,Low
33826,144,2,Low
33827,82,5,Low
33828,156,3,Low
33829,98,2,Low
33830,168,1,Low
33831,6,1,Low
33832,274,1,High
33833,2,4,Low
33834,279,1,High
33835,343,1,High
33836,41,2,Low
33837,137,3,Low
33838,136,1,Low
33839,117,3,Low
33840,4,4,Low
33841,7,2,Low
33842,75,2,Low
33843,195,1,High
33844,108,1,Low
33845,354,1,High
33846,120,2,Low
33847,8,3,Low
33848,332,1,High
33849,65,1,Low
33850,206,4,High
33851,37,4,Low
33852,72,2,Low
33853,105,2,Low
33854,178,2,Low
33855,151,2,Low
33856,158,2,Low
33857,99,3,Low
33858,87,3,Low
33859,282,1,High
33860,346,1,High
33861,107,5,Low
33862,327,1,High
33863,136,2,Low
33864,364,1,High
33865,305,1,High
33866,21,2,Low
33867,35,4,Low
33868,35,2,Low
33869,337,1,High
33870,40,5,Low
33871,69,3,Low
33872,346,1,High
33873,138,1,Low
33874,224,2,High
33875,93,2,Low
33876,14,2,Low
33877,100,2,Low
33879,44,4,Low
33882,93,1,Low
33883,240,3,High
33884,53,1,Low
33885,2,3,Low
33886,250,2,High
33887,52,3,Low
33889,217,3,High
33890,115,1,Low
33891,109,1,Low
33895,80,3,Low
33896,97,3,Low
33897,50,1,Low
33899,87,2,Low
33901,44,5,Low
33902,201,1,High
33904,223,1,High
33905,113,2,Low
33906,248,2,High
33908,15,6,Low
33909,281,2,High
33911,58,3,Low
33912,174,1,Low
33913,121,2,Low
33914,99,3,Low
33916,233,2,High
33917,102,1,Low
33918,28,2,Low
33920,199,5,High
33923,86,1,Low
33924,18,3,Low
33925,54,2,Low
33926,106,1,Low
33927,111,2,Low
33928,307,1,High
33929,122,1,Low
33930,172,2,Low
33933,6,3,Low
33934,104,3,Low
33935,325,1,High
33936,120,3,Low
33938,64,2,Low
33939,127,2,Low
33940,32,2,Low
33941,62,3,Low
33943,120,2,Low
33944,158,2,Low
33945,351,1,High
33946,121,5,Low
33947,69,2,Low
33948,19,3,Low
33949,109,3,Low
33950,166,2,Low
33951,231,1,High
33953,115,2,Low
33955,349,1,High
33956,195,4,High
33958,15,5,Low
33959,122,1,Low
33961,100,1,Low
33962,39,1,Low
33963,247,1,High
33964,86,2,Low
33965,35,4,Low
33966,193,2,Low
33967,51,3,Low
33968,69,2,Low
33969,140,1,Low
33972,39,1,Low
33973,297,1,High
33974,124,2,Low
33975,124,1,Low
33976,223,1,High
33978,117,1,Low
33980,41,2,Low
33981,352,1,High
33982,298,2,High
33983,49,3,Low
33984,199,1,High
33986,180,4,Low
33988,37,2,Low
33989,29,1,Low
33990,41,6,Low
33991,76,4,Low
33992,74,3,Low
33993,172,2,Low
33994,163,2,Low
33995,7,1,Low
33996,56,6,Low
33997,5,3,Low
33998,128,1,Low
33999,114,5,Low
34000,258,2,High
34001,11,4,Low
34003,360,1,High
34004,152,2,Low
34005,189,1,Low
34006,19,5,Low
34008,173,4,Low
34009,275,2,High
34010,144,1,Low
34011,149,1,Low
34012,50,1,Low
34013,19,3,Low
34014,116,3,Low
34015,41,2,Low
34016,138,3,Low
34017,116,2,Low
34018,220,2,High
34020,14,4,Low
34021,239,1,High
34022,3,4,Low
34023,7,3,Low
34025,150,4,Low
34026,86,4,Low
34027,3,1,Low
34028,108,4,Low
34029,117,2,Low
34030,87,4,Low
34031,24,3,Low
34032,6,2,Low
34034,5,4,Low
34035,208,1,High
34036,230,2,High
34038,65,1,Low
34039,137,1,Low
34040,97,4,Low
34042,310,1,High
34043,354,1,High
34044,56,2,Low
34045,31,4,Low
34046,309,2,High
34047,123,3,Low
34048,154,3,Low
34049,257,1,High
34050,145,2,Low
34051,5,4,Low
34052,6,3,Low
34053,29,5,Low
34054,345,1,High
34055,28,2,Low
34056,257,1,High
34057,277,2,High
34058,89,2,Low
34059,136,1,Low
34060,231,4,High
34061,34,3,Low
34062,273,1,High
34064,365,1,High
34065,13,5,Low
34066,243,1,High
34067,50,3,Low
34068,61,4,Low
34069,99,3,Low
34070,229,2,High
34071,73,3,Low
34072,185,2,Low
34073,349,1,High
34074,209,3,High
34075,90,2,Low
34076,6,3,Low
34077,224,1,High
34078,138,2,Low
34079,118,3,Low
34080,111,2,Low
34081,74,3,Low
34082,7,2,Low
34083,202,1,High
34084,97,3,Low
34085,54,3,Low
34086,182,4,Low
34087,59,3,Low
34088,97,3,Low
34090,143,3,Low
34093,233,1,High
34094,8,5,Low
34095,325,1,High
34096,213,2,High
34097,121,2,Low
34098,41,2,Low
34100,142,2,Low
34101,56,2,Low
34102,94,3,Low
34103,19,2,Low
34104,19,1,Low
34105,323,1,High
34106,98,6,Low
34107,52,2,Low
34108,320,1,High
34109,42,2,Low
34110,109,5,Low
34112,58,1,Low
34114,151,4,Low
34115,32,3,Low
34116,20,3,Low
34117,5,2,Low
34118,348,1,High
34119,188,3,Low
34120,26,4,Low
34121,342,2,High
34122,159,3,Low
34124,15,4,Low
34125,40,1,Low
34126,194,2,High
34128,134,4,Low
34129,6,4,Low
34130,88,4,Low
34131,149,5,Low
34132,78,2,Low
34133,280,1,High
34134,62,4,Low
34135,127,1,Low
34137,65,4,Low
34138,284,1,High
34139,5,2,Low
34140,24,3,Low
34141,12,2,Low
34142,161,2,Low
34143,109,1,Low
34144,265,2,High
34145,83,5,Low
34146,212,3,High
34147,139,1,Low
34148,228,1,High
34149,157,1,Low
34150,269,1,High
34152,157,3,Low
34153,272,2,High
34154,260,1,High
34155,19,5,Low
34156,141,2,Low
34157,138,2,Low
34158,89,3,Low
34159,352,1,High
34160,29,2,Low
34161,205,2,High
34162,242,2,High
34164,217,1,High
34166,27,2,Low
34167,94,3,Low
34168,316,1,High
34169,8,5,Low
34170,285,1,High
34171,47,4,Low
34172,16,4,Low
34173,116,1,Low
34174,11,2,Low
34177,85,3,Low
34180,22,1,Low
34181,25,2,Low
34183,64,5,Low
34184,132,2,Low
34186,105,2,Low
34187,10,4,Low
34188,5,3,Low
34189,20,5,Low
34190,3,2,Low
34191,140,3,Low
34192,193,3,Low
34193,91,2,Low
34194,260,2,High
34196,222,1,High
34197,193,1,Low
34198,100,3,Low
34200,145,1,Low
34201,52,3,Low
34202,38,2,Low
34204,140,3,Low
34205,73,4,Low
34208,345,1,High
34209,34,5,Low
34210,56,2,Low
34211,227,2,High
34212,31,1,Low
34213,229,1,High
34214,13,2,Low
34215,4,3,Low
34216,161,1,Low
34217,53,4,Low
34218,38,3,Low
34219,165,1,Low
34220,65,3,Low
34221,27,2,Low
34222,3,2,Low
34224,311,1,High
34225,249,1,High
34226,110,4,Low
34227,111,1,Low
34228,200,2,High
34229,54,2,Low
34231,141,4,Low
34233,157,1,Low
34234,22,3,Low
34237,89,1,Low
34238,32,1,Low
34239,110,2,Low
34240,279,1,High
34241,339,1,High
34242,97,1,Low
34243,349,1,High
34244,99,2,Low
34246,118,3,Low
34247,315,1,High
34249,23,4,Low
34250,290,1,High
34251,149,1,Low
34253,282,1,High
34254,53,1,Low
34256,125,3,Low
34257,132,2,Low
34258,308,1,High
34259,113,2,Low
34260,46,3,Low
34261,43,2,Low
34262,78,3,Low
34263,295,1,High
34264,18,1,Low
34266,42,2,Low
34267,23,3,Low
34268,87,2,Low
34271,203,1,High
34272,126,1,Low
34273,293,1,High
34274,51,5,Low
34276,197,1,High
34277,59,3,Low
34278,36,1,Low
34279,100,2,Low
34280,266,1,High
34281,346,1,High
34283,57,3,Low
34284,318,1,High
34285,22,3,Low
34286,128,2,Low
34287,352,1,High
34288,158,1,Low
34290,240,3,High
34291,36,6,Low
34292,13,5,Low
34293,290,2,High
34294,41,7,Low
34295,75,2,Low
34297,128,1,Low
34300,109,1,Low
34301,35,2,Low
34303,72,3,Low
34304,177,1,Low
34305,78,1,Low
34306,68,1,Low
34307,282,1,High
34308,218,2,High
34309,22,2,Low
34310,193,1,Low
34311,98,3,Low
34312,10,2,Low
34313,74,3,Low
34314,20,6,Low
34315,291,1,High
34316,57,3,Low
34317,90,3,Low
34318,293,1,High
34319,119,1,Low
34320,116,3,Low
34321,165,3,Low
34322,162,2,Low
34323,129,3,Low
34324,31,2,Low
34325,32,3,Low
34326,278,1,High
34327,223,2,High
34328,13,2,Low
34329,8,5,Low
34330,332,1,High
34331,314,2,High
34332,34,3,Low
34333,284,1,High
34334,176,3,Low
34335,247,1,High
34337,202,4,High
34338,30,2,Low
34339,207,2,High
34340,157,2,Low
34341,115,3,Low
34342,41,2,Low
34343,35,4,Low
34344,163,1,Low
34345,204,1,High
34346,331,1,High
34347,251,1,High
34348,12,3,Low
34349,193,1,Low
34350,153,3,Low
34351,3,2,Low
34352,160,2,Low
34353,122,2,Low
34355,22,3,Low
34356,84,1,Low
34357,91,2,Low
34358,326,1,High
34359,138,2,Low
34360,324,1,High
34361,74,2,Low
34364,164,2,Low
34365,267,1,High
34366,3,2,Low
34367,157,3,Low
34368,10,4,Low
34369,262,1,High
34370,12,4,Low
34372,196,1,High
34373,77,2,Low
34374,192,1,Low
34375,48,4,Low
34376,50,2,Low
34377,153,2,Low
34378,189,4,Low
34379,83,4,Low
34380,113,6,Low
34381,68,2,Low
34382,84,3,Low
34383,92,2,Low
34384,142,1,Low
34385,104,2,Low
34387,300,3,High
34388,12,2,Low
34389,218,2,High
34391,64,3,Low
34392,2,3,Low
34393,115,6,Low
34394,18,5,Low
34395,123,3,Low
34396,365,1,High
34397,304,1,High
34398,59,1,Low
34399,268,1,High
34400,146,2,Low
34401,292,1,High
34402,243,2,High
34403,71,4,Low
34404,34,2,Low
34406,12,2,Low
34409,176,3,Low
34410,82,2,Low
34411,40,1,Low
34413,74,2,Low
34414,131,3,Low
34415,20,5,Low
34416,60,1,Low
34417,79,3,Low
34418,28,3,Low
34419,244,1,High
34420,296,2,High
34421,262,1,High
34423,64,1,Low
34424,241,2,High
34425,140,1,Low
34426,297,2,High
34427,102,3,Low
34428,297,1,High
34429,237,1,High
34430,11,2,Low
34431,169,2,Low
34435,19,4,Low
34436,146,2,Low
34437,101,2,Low
34438,25,3,Low
34439,41,2,Low
34440,38,1,Low
34441,134,2,Low
34442,58,5,Low
34443,141,2,Low
34444,11,5,Low
34445,58,2,Low
34446,245,1,High
34447,97,4,Low
34448,77,3,Low
34451,124,5,Low
34452,41,3,Low
34453,25,2,Low
34454,151,4,Low
34457,210,1,High
34458,112,1,Low
34460,184,3,Low
34461,327,1,High
34462,340,1,High
34463,75,2,Low
34464,102,2,Low
34465,125,2,Low
34466,180,2,Low
34467,39,2,Low
34469,123,6,Low
34470,22,2,Low
34471,4,3,Low
34473,23,1,Low
34474,20,2,Low
34475,15,2,Low
34478,275,3,High
34479,57,1,Low
34480,167,2,Low
34481,53,2,Low
34483,36,4,Low
34484,64,1,Low
34485,108,2,Low
34486,178,1,Low
34487,344,1,High
34488,1,3,Low
34489,14,4,Low
34490,206,3,High
34491,258,3,High
34492,100,2,Low
34493,4,3,Low
34494,28,3,Low
34496,44,2,Low
34497,14,2,Low
34498,32,4,Low
34500,107,5,Low
34502,341,1,High
34503,141,3,Low
34504,19,6,Low
34505,150,1,Low
34506,289,2,High
34507,261,1,High
34508,165,3,Low
34509,67,4,Low
34510,132,2,Low
34511,56,3,Low
34512,188,2,Low
34513,229,2,High
34514,189,4,Low
34516,32,3,Low
34517,226,1,High
34518,83,3,Low
34519,41,5,Low
34520,300,1,High
34521,132,3,Low
34522,86,4,Low
34523,86,3,Low
34524,107,2,Low
34525,169,2,Low
34526,137,2,Low
34527,58,3,Low
34529,341,1,High
34530,212,1,High
34531,48,2,Low
34532,333,1,High
34533,29,6,Low
34534,60,3,Low
34535,67,2,Low
34536,16,4,Low
34538,202,3,High
34539,216,2,High
34540,176,2,Low
34541,197,1,High
34542,30,3,Low
34543,5,3,Low
34544,158,2,Low
34545,255,2,High
34546,118,3,Low
34549,145,1,Low
34550,81,4,Low
34551,179,1,Low
34553,2,2,Low
34555,67,3,Low
34557,100,1,Low
34558,47,3,Low
34560,251,4,High
34561,75,3,Low
34563,3,3,Low
34564,274,2,High
34565,45,4,Low
34566,15,6,Low
34568,106,2,Low
34569,8,1,Low
34572,260,3,High
34573,54,3,Low
34574,25,5,Low
34575,254,1,High
34576,8,1,Low
34578,120,1,Low
34579,90,1,Low
34580,184,1,Low
34581,248,2,High
34582,162,4,Low
34583,131,2,Low
34585,99,2,Low
34586,17,3,Low
34588,112,3,Low
34589,327,1,High
34590,153,1,Low
34592,11,3,Low
34593,37,2,Low
34594,65,1,Low
34595,308,1,High
34596,49,2,Low
34597,36,2,Low
34598,292,1,High
34600,26,3,Low
34601,225,1,High
34602,352,1,High
34603,101,1,Low
34604,73,3,Low
34605,71,4,Low
34607,345,1,High
34609,115,3,Low
34610,197,2,High
34611,285,1,High
34612,137,4,Low
34613,49,3,Low
34614,22,2,Low
34616,65,2,Low
34617,266,1,High
34618,17,1,Low
34619,40,4,Low
34620,47,3,Low
34621,23,2,Low
34622,42,3,Low
34623,197,4,High
34625,344,1,High
34626,297,2,High
34627,104,2,Low
34629,146,3,Low
34630,96,4,Low
34632,203,3,High
34633,174,2,Low
34634,44,1,Low
34635,25,4,Low
34636,292,2,High
34637,30,2,Low
34638,123,1,Low
34639,331,1,High
34640,108,2,Low
34641,59,3,Low
34642,181,1,Low
34643,45,1,Low
34644,273,1,High
34645,212,1,High
34646,11,2,Low
34648,5,1,Low
34649,29,4,Low
34650,337,1,High
34651,330,1,High
34652,82,4,Low
34654,37,2,Low
34655,182,3,Low
34656,52,2,Low
34657,33,2,Low
34658,31,7,Low
34659,188,1,Low
34660,280,2,High
34661,12,3,Low
34662,163,5,Low
34663,97,4,Low
34665,124,5,Low
34666,14,5,Low
34667,177,2,Low
34668,167,2,Low
34669,183,1,Low
34670,309,1,High
34671,259,2,High
34672,170,2,Low
34673,227,2,High
34675,131,1,Low
34676,198,4,High
34678,15,1,Low
34679,111,2,Low
34680,294,1,High
34681,193,2,Low
34682,131,2,Low
34683,32,2,Low
34684,110,3,Low
34685,243,3,High
34687,13,4,Low
34688,51,4,Low
34689,319,1,High
34690,209,3,High
34691,7,3,Low
34692,35,6,Low
34693,296,2,High
34694,307,1,High
34696,335,1,High
34697,18,1,Low
34698,26,2,Low
34699,16,2,Low
34700,70,1,Low
34701,238,3,High
34703,160,4,Low
34704,184,2,Low
34705,269,1,High
34706,174,2,Low
34707,60,2,Low
34708,114,3,Low
34709,37,2,Low
34710,33,5,Low
34711,224,3,High
34712,155,2,Low
34713,93,3,Low
34714,257,1,High
34715,35,2,Low
34716,105,1,Low
34717,126,2,Low
34719,12,3,Low
34720,152,2,Low
34721,37,2,Low
34722,77,1,Low
34723,20,2,Low
34724,52,1,Low
34726,69,3,Low
34727,2,5,Low
34728,18,1,Low
34729,186,1,Low
34731,74,2,Low
34732,83,2,Low
34734,130,3,Low
34735,85,1,Low
34737,20,5,Low
34738,1,2,Low
34741,21,4,Low
34742,37,2,Low
34743,42,1,Low
34744,87,2,Low
34745,16,2,Low
34746,154,2,Low
34747,7,2,Low
34748,149,2,Low
34750,64,4,Low
34751,170,3,Low
34752,162,2,Low
34753,15,2,Low
34754,256,2,High
34755,31,3,Low
34756,254,2,High
34757,207,3,High
34758,153,2,Low
34759,24,3,Low
34760,155,2,Low
34761,114,1,Low
34762,21,2,Low
34763,128,4,Low
34764,118,3,Low
34765,58,2,Low
34766,47,2,Low
34767,347,2,High
34768,24,2,Low
34770,1,5,Low
34771,35,1,Low
34773,82,2,Low
34774,18,4,Low
34775,111,1,Low
34776,10,5,Low
34777,221,2,High
34778,11,1,Low
34779,38,3,Low
34780,286,2,High
34781,16,1,Low
34783,97,2,Low
34784,173,1,Low
34785,31,5,Low
34786,358,1,High
34787,89,4,Low
34788,361,1,High
34790,55,4,Low
34791,113,3,Low
34792,60,3,Low
34793,118,1,Low
34794,9,3,Low
34795,187,3,Low
34796,19,4,Low
34797,180,1,Low
34798,68,1,Low
34801,11,3,Low
34802,69,2,Low
34803,289,1,High
34804,74,4,Low
34805,2,3,Low
34806,34,4,Low
34807,13,4,Low
34808,66,3,Low
34809,27,3,Low
34810,180,1,Low
34811,101,2,Low
34812,39,4,Low
34814,213,1,High
34815,327,1,High
34816,352,2,High
34817,341,1,High
34818,249,3,High
34819,147,1,Low
34820,51,4,Low
34821,3,2,Low
34822,71,3,Low
34823,93,2,Low
34824,281,1,High
34825,99,3,Low
34826,1,3,Low
34827,102,3,Low
34828,11,4,Low
34829,70,3,Low
34830,127,2,Low
34832,326,2,High
34833,276,1,High
34836,61,2,Low
34838,32,2,Low
34840,10,3,Low
34841,33,2,Low
34843,244,2,High
34844,134,2,Low
34845,258,2,High
34846,175,3,Low
34847,220,1,High
34848,17,2,Low
34849,22,2,Low
34850,131,1,Low
34852,193,2,Low
34853,161,2,Low
34854,170,1,Low
34855,315,1,High
34856,100,1,Low
34857,99,5,Low
34859,309,1,High
34860,160,1,Low
34861,146,3,Low
34862,194,1,High
34863,56,1,Low
34864,32,3,Low
34865,72,2,Low
34866,280,1,High
34867,68,3,Low
34868,54,1,Low
34869,66,2,Low
34871,165,2,Low
34872,227,1,High
34874,293,1,High
34875,102,1,Low
34876,189,1,Low
34877,33,2,Low
34878,144,3,Low
34881,7,1,Low
34882,245,1,High
34883,1,4,Low
34884,287,2,High
34885,22,2,Low
34886,77,3,Low
34887,144,1,Low
34888,284,1,High
34889,256,1,High
34890,332,1,High
34891,74,1,Low
34894,247,2,High
34895,226,2,High
34896,234,1,High
34897,280,1,High
34898,85,2,Low
34900,163,1,Low
34901,47,2,Low
34902,290,1,High
34905,266,2,High
34907,7,2,Low
34908,65,4,Low
34909,2,6,Low
34910,18,3,Low
34911,100,2,Low
34912,192,2,Low
34913,62,2,Low
34914,178,2,Low
34915,113,2,Low
34917,3,2,Low
34918,162,1,Low
34920,61,1,Low
34922,35,3,Low
34923,125,3,Low
34924,268,1,High
34925,2,3,Low
34926,306,1,High
34927,113,1,Low
34928,115,2,Low
34929,112,1,Low
34930,93,3,Low
34931,154,2,Low
34932,135,3,Low
34933,41,2,Low
34934,171,4,Low
34935,18,3,Low
34936,45,4,Low
34937,75,3,Low
34938,8,6,Low
34939,76,3,Low
34940,282,1,High
34941,74,2,Low
34942,160,1,Low
34943,6,1,Low
34945,125,2,Low
34946,17,3,Low
34948,120,2,Low
34949,188,2,Low
34950,127,2,Low
34951,127,2,Low
34952,303,1,High
34953,6,1,Low
34954,225,1,High
34955,119,4,Low
34956,75,1,Low
34957,102,1,Low
34958,193,2,Low
34960,40,3,Low
34962,22,3,Low
34963,237,1,High
34964,339,1,High
34965,125,4,Low
34966,196,2,High
34967,74,1,Low
34968,45,2,Low
34969,103,3,Low
34970,200,3,High
34971,60,3,Low
34972,187,2,Low
34973,162,3,Low
34974,98,4,Low
34975,265,2,High
34976,12,6,Low
34977,10,1,Low
34978,155,2,Low
34979,278,2,High
34980,9,2,Low
34981,75,3,Low
34982,12,1,Low
34983,227,3,High
34985,32,6,Low
34986,205,1,High
34987,186,3,Low
34988,69,4,Low
34989,329,1,High
34990,203,2,High
34991,335,2,High
34992,90,1,Low
34993,82,3,Low
34994,312,1,High
34995,4,6,Low
34996,183,2,Low
34997,167,2,Low
34999,131,2,Low
35000,218,1,High
35002,49,1,Low
35004,3,2,Low
35005,341,1,High
35006,242,2,High
35008,168,3,Low
35011,18,1,Low
35012,187,3,Low
35013,167,4,Low
35014,195,1,High
35015,150,5,Low
35017,102,4,Low
35019,2,5,Low
35020,27,5,Low
35023,29,6,Low
35024,228,3,High
35025,179,1,Low
35026,54,3,Low
35027,111,3,Low
35029,202,1,High
35030,247,1,High
35031,158,4,Low
35032,209,1,High
35034,116,1,Low
35035,256,1,High
35036,96,3,Low
35037,271,2,High
35039,224,1,High
35040,79,2,Low
35041,126,2,Low
35042,78,1,Low
35043,58,4,Low
35044,325,1,High
35046,213,1,High
35047,2,1,Low
35049,173,1,Low
35050,38,2,Low
35051,5,4,Low
35052,25,4,Low
35053,262,3,High
35054,97,2,Low
35055,93,3,Low
35056,29,1,Low
35057,122,1,Low
35059,5,3,Low
35060,255,3,High
35061,160,1,Low
35062,318,1,High
35065,285,1,High
35066,213,3,High
35067,172,1,Low
35069,47,3,Low
35070,151,4,Low
35071,109,1,Low
35072,15,3,Low
35073,52,4,Low
35074,101,4,Low
35075,340,1,High
35076,62,1,Low
35077,299,1,High
35078,20,3,Low
35080,65,1,Low
35081,193,2,Low
35082,339,1,High
35083,23,2,Low
35084,130,4,Low
35085,237,2,High
35086,186,1,Low
35088,160,2,Low
35090,35,4,Low
35091,268,1,High
35092,76,2,Low
35094,16,4,Low
35095,187,3,Low
35096,316,1,High
35098,56,4,Low
35099,99,2,Low
35100,187,3,Low
35101,41,3,Low
35102,167,1,Low
35103,117,1,Low
35105,195,2,High
35106,78,3,Low
35107,166,2,Low
35108,235,2,High
35109,88,1,Low
35110,146,2,Low
35111,78,3,Low
35112,164,2,Low
35113,280,1,High
35114,29,5,Low
35115,115,4,Low
35116,51,2,Low
35117,289,2,High
35118,81,2,Low
35119,5,4,Low
35120,40,8,Low
35121,49,3,Low
35122,84,1,Low
35124,228,1,High
35125,298,1,High
35127,287,1,High
35128,169,2,Low
35129,33,3,Low
35131,40,6,Low
35132,155,1,Low
35134,245,1,High
35135,10,1,Low
35136,151,2,Low
35138,107,3,Low
35139,14,4,Low
35140,55,1,Low
35141,61,3,Low
35142,161,2,Low
35143,68,3,Low
35145,10,4,Low
35146,154,1,Low
35147,296,1,High
35148,195,1,High
35149,39,1,Low
35150,241,2,High
35153,104,3,Low
35154,229,1,High
35155,11,3,Low
35156,202,1,High
35157,134,3,Low
35159,159,3,Low
35160,54,3,Low
35161,198,1,High
35162,8,4,Low
35163,127,1,Low
35164,142,1,Low
35165,19,3,Low
35166,363,1,High
35167,7,3,Low
35168,114,1,Low
35169,256,1,High
35170,11,5,Low
35171,85,1,Low
35172,42,2,Low
35173,184,2,Low
35174,107,2,Low
35175,93,2,Low
35176,55,2,Low
35177,20,2,Low
35179,183,3,Low
35180,174,3,Low
35181,130,3,Low
35182,14,3,Low
35183,23,1,Low
35185,93,1,Low
35187,170,1,Low
35188,269,2,High
35189,339,1,High
35190,285,1,High
35191,42,4,Low
35192,213,2,High
35193,68,3,Low
35194,179,3,Low
35195,173,3,Low
35196,207,3,High
35197,158,3,Low
35198,71,1,Low
35199,258,1,High
35200,278,1,High
35201,36,2,Low
35203,19,4,Low
35204,48,2,Low
35206,15,3,Low
35207,24,3,Low
35208,99,4,Low
35209,48,3,Low
35210,24,2,Low
35211,13,5,Low
35213,311,1,High
35214,218,1,High
35215,1,5,Low
35216,132,3,Low
35218,28,4,Low
35219,110,2,Low
35220,90,4,Low
35222,358,1,High
35223,32,3,Low
35224,139,3,Low
35225,222,1,High
35226,72,2,Low
35227,84,2,Low
35228,252,2,High
35229,51,1,Low
35230,317,1,High
35231,259,1,High
35232,332,1,High
35234,140,5,Low
35236,11,2,Low
35237,99,2,Low
35238,53,1,Low
35239,50,3,Low
35240,14,2,Low
35241,109,1,Low
35242,11,3,Low
35243,127,4,Low
35244,152,1,Low
35245,110,6,Low
35246,250,1,High
35247,89,1,Low
35248,315,1,High
35249,11,3,Low
35251,125,1,Low
35252,8,2,Low
35253,26,2,Low
35254,278,1,High
35255,11,2,Low
35257,48,2,Low
35258,337,1,High
35259,270,2,High
35260,189,1,Low
35262,244,1,High
35263,191,2,Low
35264,32,3,Low
35265,164,2,Low
35266,35,2,Low
35267,198,2,High
35268,349,3,High
35269,41,3,Low
35270,267,2,High
35271,43,3,Low
35272,24,2,Low
35273,128,2,Low
35274,345,1,High
35275,176,1,Low
35277,346,1,High
35278,91,2,Low
35279,31,3,Low
35280,36,2,Low
35281,64,3,Low
35282,192,1,Low
35284,176,3,Low
35285,170,3,Low
35286,66,3,Low
35287,32,2,Low
35288,170,2,Low
35289,177,1,Low
35290,235,2,High
35292,64,3,Low
35293,154,2,Low
35294,245,1,High
35295,173,2,Low
35297,53,1,Low
35299,78,1,Low
35300,134,2,Low
35301,50,3,Low
35304,27,2,Low
35305,312,1,High
35306,269,2,High
35307,237,3,High
35308,293,1,High
35309,12,3,Low
35310,86,3,Low
35311,183,3,Low
35312,47,2,Low
35313,340,1,High
35314,132,1,Low
35315,257,1,High
35316,275,1,High
35317,87,2,Low
35318,119,1,Low
35319,136,3,Low
35320,226,1,High
35321,16,3,Low
35322,45,2,Low
35323,52,2,Low
35324,36,3,Low
35326,110,2,Low
35327,7,2,Low
35328,354,2,High
35330,44,1,Low
35331,255,1,High
35333,122,3,Low
35334,112,4,Low
35335,61,3,Low
35336,84,2,Low
35337,14,3,Low
35338,229,1,High
35339,174,4,Low
35340,133,3,Low
35341,22,2,Low
35342,57,1,Low
35343,19,4,Low
35344,17,1,Low
35345,23,4,Low
35346,213,1,High
35347,168,2,Low
35348,16,1,Low
35349,280,1,High
35350,7,2,Low
35352,85,2,Low
35353,136,3,Low
35354,93,2,Low
35355,17,5,Low
35356,82,3,Low
35358,51,1,Low
35359,63,2,Low
35360,142,4,Low
35361,39,1,Low
35362,164,2,Low
35363,12,2,Low
35364,51,6,Low
35365,24,2,Low
35366,100,3,Low
35367,302,2,High
35368,44,4,Low
35369,28,1,Low
35370,26,2,Low
35371,326,1,High
35372,28,4,Low
35373,21,4,Low
35374,83,1,Low
35375,94,4,Low
35376,50,3,Low
35377,19,2,Low
35379,89,2,Low
35380,64,2,Low
35381,66,2,Low
35382,241,2,High
35383,26,3,Low
35384,278,1,High
35385,84,2,Low
35386,12,2,Low
35387,25,3,Low
35388,333,1,High
35389,117,3,Low
35390,113,8,Low
35391,71,2,Low
35392,166,2,Low
35393,49,2,Low
35394,218,2,High
35396,31,3,Low
35397,4,2,Low
35398,16,6,Low
35399,32,1,Low
35400,341,1,High
35401,222,2,High
35402,170,1,Low
35403,224,1,High
35404,171,1,Low
35406,133,3,Low
35407,146,2,Low
35408,68,4,Low
35409,53,3,Low
35410,38,4,Low
35411,84,1,Low
35412,191,3,Low
35414,72,3,Low
35416,214,2,High
35417,19,4,Low
35418,75,1,Low
35419,17,3,Low
35420,273,3,High
35421,40,2,Low
35422,80,1,Low
35423,13,2,Low
35424,65,1,Low
35426,130,1,Low
35427,170,2,Low
35428,99,1,Low
35429,321,1,High
35430,35,3,Low
35431,59,3,Low
35432,101,2,Low
35433,45,3,Low
35434,223,1,High
35435,296,1,High
35436,360,1,High
35438,156,1,Low
35439,290,3,High
35440,44,3,Low
35441,273,3,High
35443,137,3,Low
35444,133,2,Low
35445,69,3,Low
35447,239,2,High
35448,267,3,High
35449,307,2,High
35450,35,5,Low
35451,22,3,Low
35452,42,2,Low
35453,352,1,High
35454,4,2,Low
35455,89,2,Low
35456,182,1,Low
35457,41,4,Low
35458,58,4,Low
35461,223,2,High
35462,78,2,Low
35463,219,2,High
35464,175,1,Low
35465,85,3,Low
35466,350,1,High
35467,75,2,Low
35468,232,1,High
35469,339,2,High
35470,3,1,Low
35471,25,2,Low
35472,141,2,Low
35473,204,3,High
35474,321,2,High
35475,124,1,Low
35476,171,2,Low
35477,74,4,Low
35478,161,2,Low
35479,106,4,Low
35480,4,3,Low
35481,356,1,High
35482,39,1,Low
35483,133,2,Low
35484,131,4,Low
35485,305,1,High
35486,34,3,Low
35487,11,4,Low
35488,6,3,Low
35489,165,2,Low
35490,153,1,Low
35491,208,1,High
35492,32,4,Low
35493,327,1,High
35494,302,1,High
35495,85,2,Low
35496,195,4,High
35497,163,2,Low
35498,43,3,Low
35499,8,3,Low
35500,110,2,Low
35502,275,2,High
35503,144,1,Low
35504,264,3,High
35505,28,4,Low
35506,317,1,High
35507,140,2,Low
35508,363,1,High
35509,67,2,Low
35510,7,2,Low
35511,86,4,Low
35512,207,2,High
35513,65,2,Low
35514,65,4,Low
35515,10,1,Low
35516,179,1,Low
35518,298,1,High
35519,187,5,Low
35520,14,3,Low
35521,154,1,Low
35522,93,1,Low
35523,17,1,Low
35524,160,1,Low
35525,310,1,High
35526,133,1,Low
35527,149,3,Low
35528,312,1,High
35529,23,2,Low
35530,32,3,Low
35531,239,1,High
35532,223,3,High
35533,4,3,Low
35534,83,1,Low
35535,225,2,High
35538,42,5,Low
35539,79,3,Low
35540,27,5,Low
35541,139,1,Low
35542,239,2,High
35543,210,2,High
35544,70,2,Low
35545,160,4,Low
35546,351,1,High
35547,250,3,High
35548,179,3,Low
35550,163,4,Low
35551,49,4,Low
35553,12,3,Low
35555,134,1,Low
35556,56,5,Low
35557,126,1,Low
35559,80,4,Low
35560,127,1,Low
35561,301,1,High
35562,9,2,Low
35563,203,1,High
35564,215,2,High
35565,286,2,High
35567,157,1,Low
35568,43,2,Low
35569,224,1,High
35570,157,3,Low
35571,137,1,Low
35572,145,3,Low
35573,143,4,Low
35574,88,3,Low
35575,50,2,Low
35576,8,4,Low
35578,155,2,Low
35579,95,1,Low
35580,5,2,Low
35582,176,2,Low
35583,134,2,Low
35584,255,2,High
35587,83,2,Low
35588,138,1,Low
35590,31,1,Low
35591,94,3,Low
35592,57,2,Low
35594,242,3,High
35595,62,1,Low
35596,7,2,Low
35597,239,3,High
35598,296,1,High
35599,66,3,Low
35600,41,1,Low
35601,255,1,High
35602,48,3,Low
35603,120,1,Low
35604,36,2,Low
35605,364,1,High
35606,233,1,High
35607,242,2,High
35608,41,3,Low
35609,55,1,Low
35610,204,1,High
35611,346,1,High
35612,183,2,Low
35613,183,2,Low
35614,158,1,Low
35615,274,1,High
35616,164,1,Low
35617,68,2,Low
35618,90,1,Low
35619,63,4,Low
35620,268,3,High
35622,280,1,High
35623,88,4,Low
35624,174,1,Low
35626,107,3,Low
35627,136,1,Low
35628,69,4,Low
35629,102,4,Low
35630,246,1,High
35632,11,1,Low
35633,325,1,High
35634,26,1,Low
35636,38,4,Low
35637,87,1,Low
35639,139,2,Low
35640,67,1,Low
35641,61,2,Low
35643,99,3,Low
35644,113,4,Low
35645,175,2,Low
35646,103,4,Low
35647,87,1,Low
35648,39,3,Low
35649,100,1,Low
35650,82,4,Low
35651,266,1,High
35652,244,1,High
35653,14,2,Low
35654,245,2,High
35655,186,2,Low
35657,342,1,High
35658,279,1,High
35659,21,2,Low
35660,40,2,Low
35661,46,1,Low
35662,22,1,Low
35663,253,2,High
35664,161,1,Low
35665,246,1,High
35666,32,5,Low
35667,208,3,High
35668,233,1,High
35669,243,1,High
35670,128,1,Low
35671,69,3,Low
35672,278,2,High
35673,33,1,Low
35674,343,1,High
35675,199,4,High
35676,9,3,Low
35677,85,1,Low
35678,7,3,Low
35679,213,1,High
35680,35,3,Low
35681,48,3,Low
35682,170,2,Low
35683,299,1,High
35684,160,2,Low
35685,23,4,Low
35686,307,1,High
35688,4,4,Low
35689,36,2,Low
35690,322,1,High
35691,266,2,High
35692,22,2,Low
35693,98,2,Low
35694,242,1,High
35695,349,1,High
35697,222,1,High
35699,83,4,Low
35700,222,3,High
35701,207,1,High
35702,251,1,High
35703,148,1,Low
35704,222,1,High
35705,284,1,High
35706,128,1,Low
35707,259,1,High
35708,42,5,Low
35709,27,1,Low
35710,176,2,Low
35712,128,1,Low
35713,3,1,Low
35714,104,3,Low
35716,170,2,Low
35718,26,1,Low
35719,33,1,Low
35720,66,1,Low
35721,49,1,Low
35722,213,1,High
35723,171,5,Low
35724,156,2,Low
35725,342,1,High
35727,181,1,Low
35728,9,4,Low
35729,102,3,Low
35730,251,1,High
35732,121,1,Low
35733,251,1,High
35734,260,1,High
35736,22,3,Low
35737,245,2,High
35738,179,2,Low
35739,182,2,Low
35740,3,5,Low
35741,36,4,Low
35743,162,2,Low
35744,16,2,Low
35745,56,2,Low
35746,19,6,Low
35747,175,3,Low
35748,48,4,Low
35749,267,1,High
35750,27,2,Low
35751,239,1,High
35752,170,2,Low
35753,25,3,Low
35754,20,4,Low
35755,271,3,High
35756,61,2,Low
35760,90,2,Low
35761,107,2,Low
35762,192,3,Low
35763,125,4,Low
35764,6,4,Low
35765,98,3,Low
35767,37,2,Low
35768,149,1,Low
35769,233,1,High
35770,90,3,Low
35771,107,2,Low
35772,120,5,Low
35773,30,2,Low
35774,105,3,Low
35775,52,4,Low
35776,114,1,Low
35777,319,1,High
35778,88,1,Low
35779,123,1,Low
35780,14,1,Low
35781,79,3,Low
35782,131,3,Low
35784,22,2,Low
35785,330,1,High
35786,47,2,Low
35787,346,1,High
35788,262,1,High
35789,67,2,Low
35791,150,1,Low
35793,136,1,Low
35794,28,4,Low
35795,13,3,Low
35797,67,2,Low
35798,9,6,Low
35799,168,1,Low
35801,309,1,High
35802,82,2,Low
35805,257,2,High
35806,112,2,Low
35807,141,3,Low
35808,1,4,Low
35809,55,3,Low
35810,93,1,Low
35811,91,1,Low
35813,221,1,High
35814,28,3,Low
35815,125,3,Low
35816,76,3,Low
35817,154,2,Low
35818,338,2,High
35819,110,5,Low
35820,24,4,Low
35821,309,1,High
35822,125,1,Low
35823,202,2,High
35825,174,3,Low
35827,60,5,Low
35828,292,1,High
35829,48,4,Low
35830,23,4,Low
35831,22,2,Low
35832,22,3,Low
35833,59,1,Low
35834,2,2,Low
35835,80,3,Low
35836,270,2,High
35837,73,3,Low
35839,208,1,High
35840,238,1,High
35841,45,3,Low
35842,105,1,Low
35843,268,3,High
35844,115,1,Low
35845,114,2,Low
35846,18,4,Low
35847,55,2,Low
35849,77,2,Low
35852,64,2,Low
35853,281,1,High
35854,19,3,Low
35855,265,1,High
35856,90,2,Low
35857,146,1,Low
35858,223,2,High
35860,15,2,Low
35861,60,2,Low
35862,135,3,Low
35863,208,1,High
35864,153,2,Low
35865,282,1,High
35866,195,4,High
35867,20,3,Low
35868,85,1,Low
35869,15,2,Low
35870,66,3,Low
35871,271,1,High
35872,29,6,Low
35873,162,2,Low
35874,52,1,Low
35876,14,3,Low
35877,251,1,High
35878,108,4,Low
35879,55,3,Low
35880,232,3,High
35881,21,5,Low
35882,42,2,Low
35883,110,2,Low
35884,30,5,Low
35885,179,5,Low
35886,5,2,Low
35887,248,1,High
35888,70,3,Low
35890,315,1,High
35891,13,1,Low
35892,172,2,Low
35893,115,3,Low
35894,106,2,Low
35895,7,1,Low
35896,225,2,High
35897,107,1,Low
35898,122,3,Low
35901,20,4,Low
35902,13,3,Low
35903,205,5,High
35904,32,1,Low
35905,31,2,Low
35906,336,1,High
35908,33,1,Low
35909,111,4,Low
35910,53,3,Low
35911,110,5,Low
35912,78,3,Low
35914,131,2,Low
35915,17,3,Low
35916,14,2,Low
35917,132,4,Low
35918,87,1,Low
35919,226,1,High
35920,123,3,Low
35921,198,1,High
35922,67,2,Low
35923,169,2,Low
35924,85,3,Low
35926,242,1,High
35927,67,3,Low
35928,188,1,Low
35929,168,1,Low
35930,16,5,Low
35931,149,2,Low
35932,84,5,Low
35933,311,1,High
35935,268,1,High
35936,54,2,Low
35939,214,5,High
35940,39,4,Low
35941,74,3,Low
35942,269,1,High
35943,51,1,Low
35944,86,2,Low
35945,197,3,High
35946,7,2,Low
35947,47,2,Low
35949,112,2,Low
35950,70,2,Low
35952,247,1,High
35953,353,1,High
35955,219,3,High
35956,107,1,Low
35957,56,3,Low
35958,57,1,Low
35959,152,3,Low
35960,317,1,High
35961,294,1,High
35963,49,2,Low
35964,357,1,High
35966,164,1,Low
35967,104,1,Low
35968,100,4,Low
35969,247,2,High
35970,34,4,Low
35971,25,1,Low
35972,12,2,Low
35973,283,2,High
35974,35,1,Low
35975,136,1,Low
35976,138,2,Low
35977,281,1,High
35979,85,1,Low
35980,155,3,Low
35981,200,1,High
35982,78,2,Low
35983,233,4,High
35984,350,1,High
35985,153,4,Low
35986,257,1,High
35988,257,1,High
35991,7,2,Low
35992,319,1,High
35993,14,3,Low
35994,200,1,High
35995,48,2,Low
35996,238,2,High
35997,152,3,Low
35998,2,2,Low
35999,52,3,Low
36000,92,3,Low
36002,22,3,Low
36003,181,1,Low
36004,93,3,Low
36006,124,3,Low
36007,158,4,Low
36008,125,2,Low
36009,93,3,Low
36011,76,3,Low
36012,210,3,High
36013,16,1,Low
36014,56,1,Low
36015,214,1,High
36017,263,1,High
36018,28,2,Low
36019,64,1,Low
36021,365,1,High
36023,44,3,Low
36024,73,4,Low
36025,57,5,Low
36027,145,2,Low
36028,198,2,High
36029,254,1,High
36030,125,1,Low
36031,169,3,Low
36032,51,4,Low
36033,54,4,Low
36034,28,5,Low
36035,193,1,Low
36036,8,3,Low
36038,23,5,Low
36039,108,3,Low
36040,25,1,Low
36041,212,1,High
36042,288,1,High
36043,151,2,Low
36044,162,1,Low
36045,88,2,Low
36046,2,2,Low
36047,112,2,Low
36049,42,1,Low
36050,212,2,High
36051,17,2,Low
36053,17,4,Low
36055,158,1,Low
36057,187,2,Low
36058,88,2,Low
36059,49,3,Low
36060,45,2,Low
36061,88,5,Low
36063,2,5,Low
36064,50,5,Low
36065,50,2,Low
36066,183,1,Low
36067,130,1,Low
36069,73,3,Low
36070,104,5,Low
36071,191,1,Low
36072,233,3,High
36074,185,2,Low
36076,85,2,Low
36077,210,4,High
36079,143,4,Low
36080,195,3,High
36081,179,4,Low
36082,34,3,Low
36084,21,3,Low
36085,96,4,Low
36086,68,2,Low
36087,155,1,Low
36088,80,1,Low
36089,28,4,Low
36090,31,1,Low
36091,49,1,Low
36092,103,3,Low
36093,117,3,Low
36096,115,3,Low
36097,9,3,Low
36098,182,1,Low
36099,150,3,Low
36100,146,2,Low
36101,6,1,Low
36104,194,2,High
36105,248,1,High
36106,71,3,Low
36107,43,7,Low
36108,172,1,Low
36109,361,1,High
36110,175,1,Low
36111,7,1,Low
36112,280,1,High
36113,118,3,Low
36114,56,3,Low
36115,276,1,High
36116,105,3,Low
36117,146,3,Low
36118,19,1,Low
36119,10,4,Low
36120,106,2,Low
36121,219,1,High
36122,28,4,Low
36123,51,3,Low
36125,86,3,Low
36127,146,1,Low
36128,75,1,Low
36130,84,1,Low
36131,122,1,Low
36132,158,3,Low
36133,9,3,Low
36134,155,1,Low
36135,76,1,Low
36136,334,2,High
36137,209,2,High
36138,118,3,Low
36139,112,4,Low
36140,173,1,Low
36141,28,3,Low
36142,166,1,Low
36143,32,4,Low
36144,237,1,High
36145,102,3,Low
36148,22,2,Low
36149,77,3,Low
36150,70,1,Low
36153,329,1,High
36154,74,4,Low
36155,269,3,High
36156,76,1,Low
36157,342,1,High
36158,1,3,Low
36159,73,3,Low
36160,16,1,Low
36162,311,1,High
36163,131,4,Low
36164,3,2,Low
36165,80,3,Low
36166,28,4,Low
36167,51,4,Low
36168,233,2,High
36169,138,1,Low
36172,102,4,Low
36173,168,2,Low
36174,96,2,Low
36175,108,1,Low
36176,4,2,Low
36178,39,3,Low
36179,67,4,Low
36180,95,4,Low
36182,155,2,Low
36183,227,2,High
36184,313,2,High
36185,63,4,Low
36186,2,2,Low
36187,226,1,High
36188,59,3,Low
36189,16,2,Low
36190,26,2,Low
36191,49,5,Low
36192,40,2,Low
36193,278,2,High
36194,67,1,Low
36195,360,1,High
36196,160,3,Low
36197,70,2,Low
36198,72,2,Low
36200,19,2,Low
36201,61,5,Low
36202,104,2,Low
36203,347,2,High
36204,47,2,Low
36205,130,1,Low
36206,122,2,Low
36208,3,3,Low
36209,176,1,Low
36210,91,2,Low
36211,76,2,Low
36212,123,2,Low
36213,108,3,Low
36214,118,4,Low
36215,27,3,Low
36216,274,1,High
36217,30,3,Low
36220,198,2,High
36221,91,1,Low
36222,52,1,Low
36223,210,1,High
36224,51,2,Low
36225,142,2,Low
36226,273,1,High
36228,226,1,High
36229,61,3,Low
36230,113,2,Low
36231,356,1,High
36232,38,4,Low
36233,186,2,Low
36234,14,5,Low
36235,95,3,Low
36236,112,4,Low
36237,193,3,Low
36238,127,1,Low
36239,119,1,Low
36240,66,3,Low
36241,198,3,High
36243,140,2,Low
36245,72,2,Low
36246,236,2,High
36248,240,1,High
36249,162,2,Low
36251,64,3,Low
36252,257,2,High
36253,62,2,Low
36254,119,3,Low
36255,249,1,High
36257,1,3,Low
36258,25,1,Low
36259,164,5,Low
36260,48,3,Low
36261,14,3,Low
36262,89,3,Low
36264,70,2,Low
36265,146,3,Low
36267,7,2,Low
36268,11,2,Low
36269,113,2,Low
36270,97,4,Low
36271,169,2,Low
36272,5,1,Low
36273,127,3,Low
36274,16,1,Low
36275,110,1,Low
36276,149,1,Low
36278,234,1,High
36279,89,3,Low
36280,3,1,Low
36281,249,1,High
36282,124,3,Low
36283,215,2,High
36284,235,1,High
36285,71,2,Low
36286,49,3,Low
36287,98,2,Low
36288,5,4,Low
36289,131,2,Low
36290,156,3,Low
36292,170,1,Low
36293,47,1,Low
36294,77,2,Low
36295,32,3,Low
36296,310,1,High
36298,139,3,Low
36299,305,2,High
36300,85,1,Low
36301,172,1,Low
36302,54,1,Low
36304,119,1,Low
36305,85,4,Low
36307,34,2,Low
36309,144,1,Low
36310,53,4,Low
36312,99,3,Low
36313,49,4,Low
36314,308,1,High
36315,23,2,Low
36316,261,1,High
36318,172,2,Low
36319,358,1,High
36320,209,1,High
36321,129,1,Low
36322,185,1,Low
36323,141,2,Low
36324,37,2,Low
36326,28,1,Low
36327,329,1,High
36330,191,1,Low
36331,240,1,High
36332,33,2,Low
36334,164,4,Low
36335,238,1,High
36336,109,4,Low
36337,83,1,Low
36339,311,3,High
36340,252,1,High
36342,338,1,High
36343,75,5,Low
36344,168,2,Low
36345,172,1,Low
36346,3,3,Low
36347,126,1,Low
36348,112,2,Low
36350,83,3,Low
36351,93,3,Low
36352,44,3,Low
36353,98,2,Low
36354,29,1,Low
36356,111,1,Low
36357,328,2,High
36359,288,1,High
36360,22,7,Low
36362,131,2,Low
36363,168,1,Low
36364,135,1,Low
36365,151,1,Low
36366,67,1,Low
36367,7,2,Low
36368,160,1,Low
36369,223,4,High
36370,115,2,Low
36374,219,1,High
36375,84,5,Low
36376,13,4,Low
36377,125,2,Low
36378,184,2,Low
36380,77,1,Low
36381,71,4,Low
36382,328,1,High
36385,128,3,Low
36386,13,2,Low
36387,118,2,Low
36388,137,3,Low
36389,145,2,Low
36390,341,2,High
36391,278,2,High
36392,156,3,Low
36394,301,1,High
36395,169,2,Low
36396,2,3,Low
36400,152,3,Low
36401,68,2,Low
36402,106,1,Low
36403,169,2,Low
36404,13,3,Low
36405,43,2,Low
36406,296,1,High
36407,112,1,Low
36408,19,2,Low
36410,285,1,High
36411,155,2,Low
36412,206,2,High
36413,35,3,Low
36414,128,3,Low
36415,62,4,Low
36416,297,1,High
36417,35,3,Low
36418,203,2,High
36419,66,2,Low
36421,7,2,Low
36422,151,2,Low
36423,52,2,Low
36424,6,2,Low
36425,102,1,Low
36427,158,2,Low
36428,39,6,Low
36430,67,3,Low
36431,35,3,Low
36432,240,3,High
36433,182,4,Low
36434,79,2,Low
36435,100,3,Low
36437,245,1,High
36438,141,1,Low
36439,345,1,High
36440,334,1,High
36441,72,2,Low
36442,333,1,High
36444,171,2,Low
36446,100,3,Low
36448,64,4,Low
36449,152,2,Low
36450,64,2,Low
36451,184,1,Low
36454,56,4,Low
36455,142,4,Low
36456,62,2,Low
36457,316,1,High
36458,85,3,Low
36459,73,3,Low
36460,173,1,Low
36461,13,5,Low
36462,14,4,Low
36463,20,2,Low
36464,212,3,High
36466,251,2,High
36467,6,2,Low
36468,125,4,Low
36469,243,1,High
36470,26,1,Low
36471,4,4,Low
36472,93,2,Low
36473,316,2,High
36474,85,3,Low
36475,273,2,High
36476,146,2,Low
36477,131,4,Low
36478,328,1,High
36479,110,2,Low
36480,97,2,Low
36481,295,2,High
36482,20,5,Low
36483,69,2,Low
36484,300,1,High
36487,24,3,Low
36488,77,4,Low
36490,8,2,Low
36492,126,2,Low
36493,122,1,Low
36496,103,2,Low
36497,65,1,Low
36498,130,2,Low
36499,84,2,Low
36500,60,2,Low
36502,107,1,Low
36503,10,2,Low
36504,103,4,Low
36505,65,1,Low
36507,91,5,Low
36509,2,4,Low
36510,21,2,Low
36511,168,3,Low
36512,201,3,High
36513,158,1,Low
36514,152,3,Low
36515,267,1,High
36516,76,1,Low
36518,88,2,Low
36519,194,2,High
36520,145,3,Low
36521,282,1,High
36522,356,1,High
36524,32,2,Low
36525,175,1,Low
36526,76,2,Low
36527,60,2,Low
36528,193,2,Low
36529,232,2,High
36530,73,4,Low
36531,309,1,High
36533,271,1,High
36534,52,1,Low
36535,162,3,Low
36536,205,3,High
36537,29,3,Low
36538,290,2,High
36540,32,3,Low
36542,41,3,Low
36543,80,4,Low
36544,104,2,Low
36545,56,3,Low
36546,69,2,Low
36547,180,1,Low
36548,42,1,Low
36549,5,2,Low
36550,8,2,Low
36551,155,1,Low
36552,305,1,High
36553,73,1,Low
36554,54,3,Low
36555,96,2,Low
36558,72,2,Low
36559,3,5,Low
36560,129,2,Low
36561,25,3,Low
36562,22,5,Low
36563,253,1,High
36564,80,3,Low
36565,145,4,Low
36566,42,4,Low
36567,2,5,Low
36569,40,3,Low
36570,167,2,Low
36571,20,2,Low
36572,36,2,Low
36576,248,1,High
36577,73,2,Low
36578,39,1,Low
36579,146,2,Low
36580,114,2,Low
36581,217,1,High
36582,51,1,Low
36584,117,1,Low
36585,163,2,Low
36586,274,1,High
36587,188,2,Low
36589,87,3,Low
36590,197,1,High
36591,13,2,Low
36593,54,2,Low
36595,10,1,Low
36596,17,2,Low
36597,282,1,High
36598,357,1,High
36599,26,2,Low
36600,261,1,High
36601,196,3,High
36602,204,1,High
36603,26,4,Low
36604,2,2,Low
36605,24,3,Low
36606,103,2,Low
36607,317,2,High
36608,83,1,Low
36609,310,1,High
36610,5,2,Low
36611,122,3,Low
36612,91,2,Low
36615,120,3,Low
36616,229,4,High
36617,229,1,High
36620,142,1,Low
36621,188,2,Low
36622,150,1,Low
36623,45,2,Low
36624,123,4,Low
36625,83,2,Low
36626,201,3,High
36627,90,1,Low
36628,197,1,High
36629,5,4,Low
36630,227,3,High
36631,31,3,Low
36633,150,2,Low
36634,18,2,Low
36635,236,2,High
36636,36,7,Low
36637,323,1,High
36638,219,2,High
36639,31,4,Low
36640,133,2,Low
36641,32,2,Low
36642,129,3,Low
36643,16,2,Low
36644,99,1,Low
36645,64,1,Low
36646,128,1,Low
36647,252,2,High
36648,182,4,Low
36649,167,1,Low
36650,66,3,Low
36652,205,1,High
36653,192,1,Low
36654,18,3,Low
36655,26,2,Low
36657,342,2,High
36658,76,2,Low
36659,234,2,High
36660,73,6,Low
36661,344,1,High
36665,189,3,Low
36667,195,1,High
36668,255,1,High
36669,209,4,High
36670,139,3,Low
36671,75,1,Low
36672,26,3,Low
36673,36,4,Low
36674,91,2,Low
36675,199,1,High
36676,326,1,High
36677,95,2,Low
36678,27,1,Low
36679,93,1,Low
36680,17,3,Low
36681,311,1,High
36682,59,4,Low
36685,149,2,Low
36686,35,2,Low
36687,254,1,High
36688,114,2,Low
36689,110,2,Low
36690,18,2,Low
36691,94,2,Low
36692,40,2,Low
36693,161,2,Low
36694,159,3,Low
36695,149,3,Low
36697,170,1,Low
36698,224,1,High
36699,139,1,Low
36700,18,2,Low
36702,35,2,Low
36704,257,1,High
36705,357,1,High
36706,11,5,Low
36707,81,3,Low
36708,76,2,Low
36709,116,3,Low
36710,146,1,Low
36711,57,1,Low
36712,214,1,High
36713,292,1,High
36714,106,1,Low
36715,175,1,Low
36716,95,3,Low
36717,363,1,High
36718,98,2,Low
36719,1,1,Low
36720,329,1,High
36721,59,2,Low
36722,55,3,Low
36723,4,1,Low
36724,165,1,Low
36725,95,2,Low
36727,58,2,Low
36728,181,2,Low
36729,2,4,Low
36730,120,3,Low
36731,40,2,Low
36732,169,1,Low
36733,100,2,Low
36734,1,2,Low
36735,13,2,Low
36736,165,3,Low
36737,56,4,Low
36738,19,1,Low
36739,37,1,Low
36740,31,4,Low
36742,54,3,Low
36744,42,3,Low
36745,262,1,High
36746,54,3,Low
36747,28,1,Low
36748,41,2,Low
36749,152,2,Low
36750,71,1,Low
36751,232,1,High
36752,72,2,Low
36753,165,2,Low
36754,318,1,High
36755,85,2,Low
36756,231,3,High
36757,363,1,High
36760,67,4,Low
36761,311,1,High
36762,48,1,Low
36763,204,1,High
36764,210,1,High
36765,141,1,Low
36766,85,2,Low
36767,322,2,High
36768,297,1,High
36769,323,2,High
36770,257,1,High
36771,34,2,Low
36772,57,2,Low
36773,102,3,Low
36774,93,1,Low
36775,86,2,Low
36777,123,2,Low
36778,20,2,Low
36779,74,1,Low
36780,7,5,Low
36781,21,3,Low
36782,90,1,Low
36783,85,1,Low
36784,17,1,Low
36785,141,1,Low
36786,194,2,High
36787,49,3,Low
36788,4,2,Low
36789,22,4,Low
36790,8,3,Low
36791,243,2,High
36792,19,2,Low
36793,217,1,High
36796,155,2,Low
36797,76,2,Low
36798,31,3,Low
36799,270,1,High
36800,61,3,Low
36801,158,2,Low
36802,136,2,Low
36803,186,2,Low
36804,328,1,High
36805,68,2,Low
36806,96,2,Low
36808,44,2,Low
36810,104,2,Low
36811,311,1,High
36814,364,1,High
36815,147,2,Low
36816,161,2,Low
36817,114,1,Low
36818,102,2,Low
36819,56,5,Low
36820,157,1,Low
36821,4,4,Low
36822,192,2,Low
36824,137,3,Low
36825,343,1,High
36827,247,1,High
36828,108,2,Low
36829,160,1,Low
36831,161,2,Low
36832,38,3,Low
36835,213,1,High
36837,198,3,High
36838,57,3,Low
36839,179,2,Low
36840,16,1,Low
36841,29,1,Low
36842,155,3,Low
36843,1,4,Low
36844,24,1,Low
36845,299,3,High
36846,52,2,Low
36847,19,2,Low
36848,87,4,Low
36849,13,6,Low
36850,72,3,Low
36851,159,1,Low
36852,43,1,Low
36855,23,4,Low
36856,115,3,Low
36857,48,4,Low
36858,190,3,Low
36859,33,4,Low
36861,84,1,Low
36862,39,3,Low
36863,76,4,Low
36864,40,3,Low
36865,305,2,High
36866,58,3,Low
36867,152,1,Low
36868,268,3,High
36869,110,2,Low
36870,249,1,High
36871,13,3,Low
36872,88,4,Low
36873,179,1,Low
36874,187,1,Low
36875,227,4,High
36876,16,2,Low
36877,102,2,Low
36878,270,1,High
36879,34,4,Low
36880,13,4,Low
36881,187,2,Low
36882,214,2,High
36883,346,1,High
36884,165,2,Low
36885,114,2,Low
36886,47,2,Low
36888,111,1,Low
36889,265,1,High
36890,32,3,Low
36891,14,4,Low
36892,238,2,High
36893,338,1,High
36894,95,3,Low
36895,66,1,Low
36896,76,2,Low
36897,86,2,Low
36898,115,3,Low
36899,55,1,Low
36900,87,2,Low
36901,11,6,Low
36902,23,1,Low
36903,115,2,Low
36904,195,1,High
36905,34,2,Low
36906,65,3,Low
36907,323,3,High
36908,112,2,Low
36909,181,2,Low
36910,119,1,Low
36911,179,1,Low
36912,16,6,Low
36913,121,4,Low
36914,188,2,Low
36915,31,4,Low
36916,154,2,Low
36917,123,2,Low
36918,93,1,Low
36919,31,2,Low
36920,189,1,Low
36921,110,2,Low
36922,218,3,High
36923,24,1,Low
36925,132,2,Low
36926,179,2,Low
36927,227,4,High
36928,171,1,Low
36929,14,3,Low
36930,192,2,Low
36931,184,1,Low
36932,118,3,Low
36933,19,4,Low
36934,41,3,Low
36935,74,3,Low
36936,105,3,Low
36937,165,1,Low
36938,58,2,Low
36939,169,1,Low
36941,99,5,Low
36943,303,1,High
36944,84,2,Low
36945,29,1,Low
36946,233,2,High
36947,6,4,Low
36948,34,3,Low
36949,59,4,Low
36950,76,3,Low
36951,104,3,Low
36952,118,4,Low
36954,263,2,High
36955,244,1,High
36956,44,3,Low
36957,99,3,Low
36958,320,2,High
36959,113,2,Low
36960,179,2,Low
36961,207,2,High
36962,82,2,Low
36963,53,3,Low
36964,79,2,Low
36965,142,1,Low
36966,300,1,High
36967,304,1,High
36969,163,1,Low
36970,202,2,High
36971,87,3,Low
36972,20,2,Low
36973,330,1,High
36974,66,2,Low
36975,211,2,High
36976,12,2,Low
36977,128,3,Low
36978,92,1,Low
36979,66,3,Low
36980,17,1,Low
36981,60,3,Low
36982,74,1,Low
36983,91,4,Low
36984,19,6,Low
36985,97,2,Low
36986,70,4,Low
36987,30,1,Low
36988,309,1,High
36989,9,5,Low
36990,189,3,Low
36991,200,2,High
36992,104,2,Low
36993,79,3,Low
36994,72,5,Low
36995,7,4,Low
36997,138,2,Low
36998,164,2,Low
36999,309,1,High
37000,98,1,Low
37001,95,2,Low
37002,216,1,High
37005,65,1,Low
37006,19,2,Low
37007,121,3,Low
37008,237,3,High
37009,247,1,High
37010,81,3,Low
37012,224,1,High
37013,153,1,Low
37014,209,1,High
37015,273,1,High
37016,114,3,Low
37017,148,1,Low
37018,57,2,Low
37019,69,3,Low
37020,194,2,High
37021,125,1,Low
37023,92,2,Low
37024,238,1,High
37025,241,2,High
37026,155,1,Low
37027,326,2,High
37028,350,1,High
37029,87,4,Low
37030,271,1,High
37031,82,4,Low
37032,6,2,Low
37033,115,1,Low
37034,119,3,Low
37036,142,1,Low
37037,199,1,High
37038,113,2,Low
37039,147,2,Low
37041,61,2,Low
37043,95,3,Low
37044,163,2,Low
37045,147,2,Low
37047,25,4,Low
37048,25,2,Low
37049,31,3,Low
37050,118,5,Low
37052,247,1,High
37053,122,1,Low
37054,105,2,Low
37055,257,1,High
37056,37,3,Low
37057,207,1,High
37058,190,3,Low
37059,106,1,Low
37060,42,1,Low
37061,140,3,Low
37063,63,1,Low
37064,18,2,Low
37065,115,2,Low
37066,126,2,Low
37069,295,1,High
37070,243,1,High
37071,117,1,Low
37072,268,2,High
37073,335,1,High
37074,78,2,Low
37075,287,3,High
37076,17,1,Low
37077,69,4,Low
37078,143,3,Low
37079,205,2,High
37080,293,1,High
37081,1,1,Low
37082,214,2,High
37083,123,2,Low
37084,264,1,High
37085,192,2,Low
37086,48,2,Low
37087,5,2,Low
37088,102,2,Low
37090,80,5,Low
37091,92,5,Low
37092,181,1,Low
37093,2,2,Low
37095,83,1,Low
37096,132,2,Low
37097,7,2,Low
37098,230,5,High
37099,116,2,Low
37100,170,1,Low
37101,71,3,Low
37102,53,5,Low
37104,48,2,Low
37107,202,2,High
37108,240,1,High
37109,244,1,High
37110,22,2,Low
37111,43,3,Low
37112,64,3,Low
37113,22,1,Low
37115,71,1,Low
37116,179,2,Low
37117,152,1,Low
37118,20,4,Low
37119,14,2,Low
37120,35,2,Low
37121,211,2,High
37123,292,3,High
37124,49,4,Low
37125,63,1,Low
37127,186,1,Low
37128,136,1,Low
37129,20,4,Low
37131,66,4,Low
37132,204,2,High
37134,20,2,Low
37135,146,3,Low
37136,42,2,Low
37137,125,3,Low
37139,1,2,Low
37140,120,1,Low
37141,35,5,Low
37142,186,3,Low
37143,119,2,Low
37144,38,3,Low
37145,123,4,Low
37146,32,4,Low
37147,6,3,Low
37148,217,1,High
37149,18,2,Low
37150,170,5,Low
37151,136,1,Low
37153,51,2,Low
37154,1,3,Low
37155,24,3,Low
37156,46,3,Low
37157,97,2,Low
37158,197,1,High
37159,47,2,Low
37160,76,3,Low
37161,68,2,Low
37162,337,1,High
37163,114,1,Low
37164,11,3,Low
37165,15,2,Low
37166,123,4,Low
37167,73,1,Low
37168,40,3,Low
37169,139,3,Low
37170,73,4,Low
37172,296,1,High
37173,78,3,Low
37174,40,3,Low
37175,13,3,Low
37176,47,4,Low
37178,165,1,Low
37179,162,2,Low
37180,81,2,Low
37181,237,3,High
37182,148,2,Low
37183,60,1,Low
37184,132,3,Low
37185,276,2,High
37188,8,2,Low
37189,15,2,Low
37190,186,1,Low
37191,238,1,High
37192,60,2,Low
37194,363,1,High
37195,18,5,Low
37197,214,2,High
37198,323,1,High
37199,310,1,High
37200,8,2,Low
37201,166,4,Low
37202,164,2,Low
37203,254,1,High
37204,187,1,Low
37205,128,3,Low
37206,355,1,High
37207,128,4,Low
37208,43,3,Low
37209,365,1,High
37211,1,2,Low
37212,16,1,Low
37218,63,4,Low
37219,333,1,High
37220,28,2,Low
37221,139,2,Low
37222,47,5,Low
37223,11,2,Low
37224,150,2,Low
37225,173,1,Low
37226,51,2,Low
37227,95,1,Low
37228,57,2,Low
37229,132,1,Low
37230,141,3,Low
37231,95,5,Low
37232,329,1,High
37233,159,2,Low
37234,162,3,Low
37236,48,3,Low
37237,179,4,Low
37238,337,1,High
37239,138,3,Low
37240,152,2,Low
37241,133,3,Low
37242,270,1,High
37243,3,3,Low
37244,21,4,Low
37245,275,1,High
37246,243,1,High
37248,359,1,High
37249,7,3,Low
37250,35,1,Low
37251,142,1,Low
37253,182,1,Low
37254,34,2,Low
37255,147,3,Low
37256,291,2,High
37257,155,2,Low
37258,198,2,High
37259,71,2,Low
37260,213,3,High
37261,33,4,Low
37262,118,2,Low
37263,191,3,Low
37264,206,2,High
37265,133,2,Low
37266,112,2,Low
37267,13,2,Low
37268,85,5,Low
37269,213,1,High
37270,108,2,Low
37271,159,1,Low
37272,73,2,Low
37273,5,3,Low
37274,224,2,High
37275,17,2,Low
37276,45,4,Low
37277,89,4,Low
37278,138,2,Low
37280,167,2,Low
37281,113,2,Low
37282,330,1,High
37283,22,2,Low
37284,245,1,High
37285,38,5,Low
37286,215,2,High
37288,160,2,Low
37289,54,3,Low
37290,42,2,Low
37291,106,3,Low
37292,132,2,Low
37293,210,1,High
37294,124,3,Low
37295,22,2,Low
37296,12,3,Low
37298,165,2,Low
37299,13,3,Low
37300,342,1,High
37302,58,5,Low
37303,48,2,Low
37304,81,3,Low
37305,62,3,Low
37307,61,2,Low
37308,204,1,High
37309,240,2,High
37310,261,2,High
37312,62,1,Low
37313,118,3,Low
37315,267,2,High
37316,204,1,High
37317,24,4,Low
37318,273,2,High
37319,209,3,High
37320,8,3,Low
37322,51,2,Low
37323,83,3,Low
37324,195,1,High
37325,223,3,High
37326,122,2,Low
37327,68,3,Low
37328,130,1,Low
37330,106,1,Low
37333,55,4,Low
37334,274,1,High
37335,174,2,Low
37336,238,3,High
37337,111,3,Low
37338,210,1,High
37339,32,2,Low
37340,41,2,Low
37341,36,1,Low
37342,15,1,Low
37343,100,3,Low
37344,117,3,Low
37345,39,2,Low
37346,288,2,High
37347,71,2,Low
37349,60,3,Low
37350,37,2,Low
37352,302,2,High
37353,181,2,Low
37354,220,2,High
37356,43,3,Low
37357,82,4,Low
37358,43,2,Low
37359,167,2,Low
37360,347,1,High
37361,39,1,Low
37362,142,2,Low
37363,104,1,Low
37364,227,1,High
37365,325,2,High
37366,174,1,Low
37370,104,2,Low
37371,14,4,Low
37372,51,4,Low
37373,132,2,Low
37375,25,1,Low
37376,143,1,Low
37377,42,2,Low
37378,170,3,Low
37379,7,5,Low
37380,221,3,High
37382,129,4,Low
37383,64,6,Low
37384,136,1,Low
37385,329,1,High
37386,5,4,Low
37387,349,1,High
37388,108,3,Low
37389,230,1,High
37390,13,1,Low
37391,83,2,Low
37392,84,1,Low
37394,279,2,High
37395,156,2,Low
37396,110,6,Low
37397,6,2,Low
37398,96,3,Low
37401,234,2,High
37403,47,4,Low
37404,36,2,Low
37405,305,1,High
37406,132,1,Low
37407,138,1,Low
37409,78,2,Low
37410,292,1,High
37411,113,2,Low
37412,98,4,Low
37413,96,1,Low
37414,114,5,Low
37415,50,1,Low
37416,308,2,High
37418,75,3,Low
37419,45,3,Low
37420,108,1,Low
37421,208,1,High
37422,57,4,Low
37423,166,2,Low
37424,258,1,High
37426,265,2,High
37427,74,2,Low
37428,298,1,High
37430,129,2,Low
37431,73,3,Low
37432,147,3,Low
37434,178,2,Low
37435,76,2,Low
37436,14,2,Low
37437,259,2,High
37438,8,6,Low
37439,219,1,High
37440,10,1,Low
37441,22,1,Low
37442,150,2,Low
37443,7,4,Low
37444,43,3,Low
37445,26,3,Low
37447,28,5,Low
37448,43,3,Low
37449,65,5,Low
37451,12,2,Low
37452,35,3,Low
37453,127,2,Low
37455,91,2,Low
37456,126,1,Low
37457,47,4,Low
37458,33,3,Low
37459,192,1,Low
37460,81,3,Low
37461,256,1,High
37462,129,1,Low
37463,105,2,Low
37465,61,5,Low
37466,209,2,High
37467,105,2,Low
37468,18,2,Low
37469,214,3,High
37470,347,1,High
37471,72,3,Low
37472,173,1,Low
37473,60,3,Low
37474,159,1,Low
37475,244,1,High
37476,125,1,Low
37477,201,2,High
37478,54,2,Low
37479,170,1,Low
37480,106,2,Low
37481,94,1,Low
37484,155,1,Low
37485,190,1,Low
37486,75,4,Low
37487,63,3,Low
37488,71,2,Low
37489,92,2,Low
37490,47,6,Low
37491,138,5,Low
37492,312,1,High
37493,349,1,High
37494,16,3,Low
37495,120,2,Low
37496,9,3,Low
37497,153,3,Low
37498,206,2,High
37499,345,1,High
37500,112,2,Low
37501,35,3,Low
37502,112,4,Low
37504,19,2,Low
37506,10,1,Low
37507,152,1,Low
37508,57,2,Low
37509,12,4,Low
37510,267,2,High
37511,24,1,Low
37512,170,2,Low
37513,354,1,High
37514,180,3,Low
37516,255,3,High
37517,116,2,Low
37518,133,2,Low
37519,353,1,High
37520,77,3,Low
37522,146,1,Low
37523,5,3,Low
37524,219,2,High
37525,33,2,Low
37527,230,2,High
37528,245,1,High
37529,14,2,Low
37530,93,1,Low
37531,30,4,Low
37532,56,4,Low
37533,6,2,Low
37538,140,3,Low
37539,304,1,High
37540,54,1,Low
37541,13,4,Low
37542,61,3,Low
37543,77,4,Low
37544,56,3,Low
37545,269,1,High
37546,147,1,Low
37547,42,1,Low
37549,201,1,High
37550,202,1,High
37552,29,1,Low
37553,2,1,Low
37554,246,2,High
37556,53,4,Low
37557,165,4,Low
37558,102,2,Low
37559,276,1,High
37560,68,2,Low
37561,127,1,Low
37562,85,1,Low
37563,81,5,Low
37564,164,2,Low
37565,221,1,High
37567,232,2,High
37568,74,2,Low
37569,177,1,Low
37570,96,5,Low
37571,102,2,Low
37572,35,1,Low
37573,98,1,Low
37574,207,2,High
37575,142,1,Low
37576,69,2,Low
37577,49,3,Low
37578,155,1,Low
37579,66,3,Low
37580,221,3,High
37581,140,2,Low
37582,6,2,Low
37583,100,4,Low
37584,113,1,Low
37585,42,1,Low
37587,57,2,Low
37588,96,1,Low
37589,57,2,Low
37590,290,1,High
37592,50,1,Low
37593,36,2,Low
37594,182,2,Low
37595,43,3,Low
37596,230,2,High
37597,140,1,Low
37598,228,2,High
37599,21,1,Low
37600,49,5,Low
37601,74,1,Low
37602,206,1,High
37603,153,2,Low
37604,12,2,Low
37605,191,1,Low
37606,126,2,Low
37608,16,3,Low
37610,56,1,Low
37611,33,2,Low
37612,33,4,Low
37613,104,1,Low
37614,86,3,Low
37615,81,1,Low
37616,154,2,Low
37618,86,5,Low
37619,157,2,Low
37620,67,3,Low
37621,13,3,Low
37622,87,4,Low
37623,22,1,Low
37624,265,2,High
37625,350,1,High
37626,95,2,Low
37627,235,1,High
37628,99,2,Low
37629,305,2,High
37630,73,2,Low
37631,242,1,High
37633,325,1,High
37634,174,1,Low
37635,10,3,Low
37636,229,1,High
37637,63,1,Low
37638,8,5,Low
37639,315,1,High
37640,153,1,Low
37642,232,3,High
37643,118,1,Low
37644,32,3,Low
37645,49,1,Low
37646,345,1,High
37647,356,1,High
37648,16,2,Low
37649,296,2,High
37650,133,1,Low
37652,190,1,Low
37654,70,1,Low
37656,98,3,Low
37657,147,3,Low
37658,50,5,Low
37660,314,1,High
37661,357,1,High
37662,164,4,Low
37663,185,2,Low
37664,357,1,High
37665,108,3,Low
37666,316,1,High
37667,16,2,Low
37668,186,2,Low
37669,81,2,Low
37670,51,2,Low
37671,28,1,Low
37672,321,1,High
37673,29,4,Low
37674,217,2,High
37676,8,2,Low
37677,38,3,Low
37678,72,1,Low
37679,223,1,High
37681,29,2,Low
37682,148,1,Low
37683,70,1,Low
37685,55,1,Low
37686,191,3,Low
37687,225,2,High
37688,120,1,Low
37689,46,3,Low
37690,22,4,Low
37691,26,4,Low
37692,3,2,Low
37693,235,2,High
37694,121,3,Low
37695,150,1,Low
37696,263,1,High
37697,37,3,Low
37698,165,3,Low
37699,53,1,Low
37700,13,4,Low
37702,68,2,Low
37703,303,1,High
37705,347,1,High
37706,253,1,High
37707,253,1,High
37708,23,2,Low
37709,104,2,Low
37710,159,1,Low
37711,57,4,Low
37713,18,1,Low
37715,99,3,Low
37718,125,3,Low
37719,149,2,Low
37720,44,2,Low
37721,164,1,Low
37722,65,2,Low
37723,190,4,Low
37724,252,2,High
37725,106,1,Low
37726,191,2,Low
37727,38,3,Low
37728,241,1,High
37729,214,2,High
37731,19,6,Low
37732,240,1,High
37733,219,2,High
37735,22,3,Low
37736,207,1,High
37737,43,2,Low
37738,41,4,Low
37739,5,4,Low
37740,142,2,Low
37742,192,2,Low
37743,7,3,Low
37744,16,2,Low
37745,171,2,Low
37746,351,1,High
37747,240,2,High
37748,50,2,Low
37751,115,2,Low
37752,17,3,Low
37754,36,4,Low
37755,144,2,Low
37756,33,1,Low
37757,25,1,Low
37758,361,1,High
37759,120,3,Low
37760,216,2,High
37761,178,2,Low
37762,61,5,Low
37763,151,2,Low
37765,145,3,Low
37766,342,1,High
37768,149,2,Low
37769,61,1,Low
37770,56,1,Low
37771,3,1,Low
37772,125,2,Low
37773,3,2,Low
37774,144,2,Low
37775,49,3,Low
37776,5,1,Low
37777,157,4,Low
37778,110,1,Low
37779,77,3,Low
37780,74,1,Low
37781,311,1,High
37782,44,3,Low
37783,18,7,Low
37784,151,1,Low
37785,67,2,Low
37786,173,2,Low
37787,26,2,Low
37788,50,2,Low
37789,41,1,Low
37790,15,3,Low
37791,73,3,Low
37792,298,1,High
37793,45,2,Low
37794,306,1,High
37796,178,2,Low
37797,287,1,High
37798,256,1,High
37799,40,1,Low
37801,53,1,Low
37803,152,2,Low
37804,233,2,High
37805,13,5,Low
37807,118,4,Low
37808,70,6,Low
37809,25,2,Low
37810,13,3,Low
37811,49,1,Low
37812,108,2,Low
37813,32,4,Low
37814,322,1,High
37816,77,2,Low
37817,15,4,Low
37818,105,2,Low
37820,170,2,Low
37821,290,1,High
37822,95,1,Low
37824,123,3,Low
37825,244,3,High
37827,193,1,Low
37828,75,2,Low
37830,199,3,High
37831,16,1,Low
37833,21,2,Low
37834,58,2,Low
37835,45,3,Low
37836,62,3,Low
37837,177,3,Low
37838,141,2,Low
37839,238,1,High
37840,116,2,Low
37841,119,1,Low
37842,76,1,Low
37843,312,1,High
37844,211,2,High
37846,303,1,High
37847,30,4,Low
37848,15,2,Low
37849,299,1,High
37852,88,3,Low
37853,56,4,Low
37854,15,3,Low
37855,279,2,High
37856,91,4,Low
37858,115,4,Low
37859,192,1,Low
37860,88,1,Low
37861,43,1,Low
37862,347,1,High
37863,252,1,High
37864,62,2,Low
37865,53,6,Low
37866,108,3,Low
37868,30,1,Low
37870,54,1,Low
37873,28,2,Low
37875,3,2,Low
37876,3,3,Low
37877,115,1,Low
37878,128,1,Low
37879,61,1,Low
37880,13,2,Low
37881,115,3,Low
37884,148,1,Low
37885,97,3,Low
37886,26,3,Low
37887,20,3,Low
37888,8,1,Low
37889,292,3,High
37890,151,2,Low
37891,176,2,Low
37892,53,1,Low
37893,102,2,Low
37894,10,1,Low
37896,6,2,Low
37897,75,2,Low
37898,101,1,Low
37899,143,2,Low
37900,172,3,Low
37901,148,3,Low
37902,211,1,High
37903,75,2,Low
37904,39,2,Low
37905,272,1,High
37906,188,1,Low
37907,49,3,Low
37909,149,2,Low
37910,318,1,High
37912,5,2,Low
37913,126,4,Low
37914,8,2,Low
37915,34,2,Low
37916,5,4,Low
37917,80,4,Low
37918,181,2,Low
37919,21,3,Low
37920,185,1,Low
37921,72,3,Low
37922,62,3,Low
37924,218,1,High
37926,9,2,Low
37927,82,3,Low
37928,130,2,Low
37929,297,1,High
37930,116,5,Low
37931,103,4,Low
37932,35,2,Low
37934,241,2,High
37935,86,4,Low
37936,144,3,Low
37937,45,2,Low
37938,86,2,Low
37939,53,1,Low
37941,201,3,High
37942,175,1,Low
37943,194,2,High
37946,102,1,Low
37947,281,1,High
37948,153,1,Low
37949,214,1,High
37950,7,1,Low
37951,95,4,Low
37952,173,3,Low
37953,77,3,Low
37954,3,2,Low
37955,138,6,Low
37956,14,2,Low
37957,73,4,Low
37958,87,2,Low
37959,225,1,High
37960,203,2,High
37961,59,1,Low
37962,33,4,Low
37963,122,2,Low
37964,24,3,Low
37965,166,1,Low
37966,44,1,Low
37968,89,5,Low
37969,295,1,High
37970,61,2,Low
37972,166,1,Low
37973,70,1,Low
37974,26,2,Low
37975,230,2,High
37976,17,5,Low
37977,27,6,Low
37978,163,2,Low
37979,83,3,Low
37980,1,2,Low
37983,72,2,Low
37984,150,1,Low
37985,365,1,High
37986,123,1,Low
37987,173,2,Low
37988,99,3,Low
37989,85,2,Low
37990,267,2,High
37991,207,1,High
37992,254,1,High
37993,154,3,Low
37994,246,1,High
37995,67,5,Low
37996,192,1,Low
37997,194,1,High
38000,61,2,Low
38001,80,3,Low
38004,198,3,High
38006,16,4,Low
38007,2,1,Low
38008,40,4,Low
38009,275,2,High
38010,123,3,Low
38011,100,3,Low
38012,203,1,High
38013,359,1,High
38014,112,1,Low
38015,43,1,Low
38016,120,2,Low
38017,15,1,Low
38019,129,2,Low
38020,70,3,Low
38021,303,1,High
38022,340,1,High
38023,160,2,Low
38024,153,2,Low
38025,320,1,High
38026,250,1,High
38027,113,3,Low
38028,108,2,Low
38029,213,1,High
38030,73,6,Low
38031,14,5,Low
38032,61,3,Low
38033,98,2,Low
38034,128,1,Low
38035,53,2,Low
38036,324,1,High
38037,128,4,Low
38038,200,2,High
38039,204,2,High
38040,143,3,Low
38041,37,3,Low
38042,104,6,Low
38043,163,1,Low
38044,19,3,Low
38045,226,1,High
38046,124,3,Low
38047,18,2,Low
38048,120,3,Low
38049,61,2,Low
38050,71,1,Low
38051,19,4,Low
38052,68,1,Low
38053,11,3,Low
38055,149,4,Low
38056,73,3,Low
38057,61,3,Low
38058,180,2,Low
38059,27,6,Low
38060,199,1,High
38062,325,1,High
38063,92,2,Low
38064,73,2,Low
38067,4,2,Low
38068,120,7,Low
38069,291,1,High
38071,56,2,Low
38072,172,4,Low
38073,46,3,Low
38075,294,1,High
38076,4,4,Low
38077,133,3,Low
38078,20,2,Low
38080,101,4,Low
38081,33,1,Low
38082,86,3,Low
38084,122,2,Low
38086,116,3,Low
38087,52,1,Low
38088,251,3,High
38089,129,3,Low
38090,79,2,Low
38092,8,6,Low
38093,300,1,High
38095,352,1,High
38097,41,1,Low
38098,19,2,Low
38099,25,1,Low
38100,44,2,Low
38101,140,5,Low
38102,88,5,Low
38105,219,1,High
38106,168,3,Low
38107,275,2,High
38108,270,1,High
38110,46,3,Low
38111,337,1,High
38112,336,1,High
38113,134,1,Low
38114,88,6,Low
38115,54,3,Low
38116,79,3,Low
38117,300,1,High
38118,60,7,Low
38119,328,2,High
38122,286,4,High
38123,5,5,Low
38124,298,1,High
38125,98,4,Low
38126,20,3,Low
38128,70,2,Low
38129,242,1,High
38130,321,1,High
38131,272,1,High
38133,345,1,High
38134,107,2,Low
38135,30,3,Low
38136,189,3,Low
38137,72,4,Low
38138,13,4,Low
38139,4,1,Low
38140,209,1,High
38141,200,2,High
38142,44,5,Low
38143,161,2,Low
38145,116,1,Low
38149,295,2,High
38150,89,1,Low
38151,183,3,Low
38154,320,2,High
38155,60,1,Low
38156,326,1,High
38157,210,1,High
38158,330,1,High
38159,135,1,Low
38160,312,2,High
38161,16,2,Low
38162,221,2,High
38163,6,1,Low
38164,128,4,Low
38165,61,3,Low
38166,28,5,Low
38167,30,3,Low
38168,157,1,Low
38169,69,9,Low
38170,263,3,High
38171,306,1,High
38172,114,3,Low
38173,15,1,Low
38174,37,3,Low
38176,181,3,Low
38177,190,2,Low
38178,348,1,High
38179,75,3,Low
38180,249,2,High
38181,216,1,High
38182,73,4,Low
38183,346,1,High
38184,211,4,High
38185,211,2,High
38187,15,4,Low
38188,66,3,Low
38189,40,4,Low
38190,47,5,Low
38191,156,4,Low
38192,1,7,Low
38193,310,1,High
38194,233,3,High
38196,122,1,Low
38198,351,1,High
38200,288,1,High
38201,349,1,High
38202,18,2,Low
38203,87,1,Low
38206,148,4,Low
38207,37,3,Low
38208,38,2,Low
38209,1,1,Low
38210,40,2,Low
38211,52,4,Low
38212,63,4,Low
38213,174,3,Low
38214,49,5,Low
38215,213,1,High
38216,45,2,Low
38217,147,3,Low
38218,246,1,High
38220,14,2,Low
38221,27,2,Low
38223,137,1,Low
38224,35,2,Low
38225,123,4,Low
38226,239,2,High
38228,213,1,High
38229,244,1,High
38232,3,2,Low
38233,307,1,High
38234,41,1,Low
38235,202,1,High
38236,251,4,High
38237,33,3,Low
38238,179,1,Low
38239,69,1,Low
38241,138,1,Low
38243,31,3,Low
38244,99,3,Low
38245,52,5,Low
38246,135,2,Low
38247,62,4,Low
38248,318,1,High
38249,173,1,Low
38250,134,2,Low
38251,77,2,Low
38254,350,2,High
38255,243,2,High
38256,85,5,Low
38257,334,1,High
38258,6,2,Low
38259,188,1,Low
38260,55,2,Low
38261,9,3,Low
38262,335,2,High
38263,259,3,High
38264,45,3,Low
38265,36,2,Low
38266,8,1,Low
38267,91,2,Low
38268,201,5,High
38269,193,1,Low
38270,16,2,Low
38272,75,2,Low
38274,151,2,Low
38275,299,2,High
38276,63,1,Low
38279,219,2,High
38280,263,1,High
38283,358,1,High
38284,197,3,High
38285,73,4,Low
38286,212,3,High
38287,24,2,Low
38288,94,2,Low
38289,43,2,Low
38290,218,1,High
38291,102,3,Low
38292,264,1,High
38293,26,4,Low
38294,254,2,High
38297,96,5,Low
38299,27,3,Low
38300,120,2,Low
38301,357,1,High
38302,298,1,High
38304,359,1,High
38305,84,5,Low
38306,53,5,Low
38307,142,2,Low
38309,21,2,Low
38310,170,1,Low
38311,216,2,High
38312,27,1,Low
38313,153,2,Low
38314,142,2,Low
38315,169,2,Low
38316,50,4,Low
38317,68,1,Low
38318,71,4,Low
38319,120,2,Low
38320,196,2,High
38321,30,4,Low
38323,187,2,Low
38324,67,3,Low
38325,302,2,High
38326,55,4,Low
38327,329,2,High
38329,9,5,Low
38330,14,3,Low
38331,42,3,Low
38332,241,3,High
38334,131,1,Low
38335,34,4,Low
38336,44,2,Low
38337,257,1,High
38339,73,2,Low
38340,204,2,High
38342,176,2,Low
38343,196,4,High
38344,171,2,Low
38345,142,1,Low
38346,287,1,High
38347,101,4,Low
38348,7,2,Low
38350,173,2,Low
38351,63,1,Low
38352,223,1,High
38353,69,2,Low
38354,295,1,High
38355,88,1,Low
38356,77,3,Low
38357,221,2,High
38358,179,3,Low
38361,203,3,High
38362,102,1,Low
38363,13,2,Low
38366,66,2,Low
38367,45,3,Low
38368,135,2,Low
38369,154,1,Low
38370,148,3,Low
38371,44,3,Low
38372,41,6,Low
38373,195,2,High
38374,8,6,Low
38375,101,5,Low
38376,36,5,Low
38377,328,2,High
38379,9,2,Low
38380,32,3,Low
38381,45,7,Low
38382,109,3,Low
38383,162,2,Low
38384,191,1,Low
38385,70,2,Low
38386,192,1,Low
38387,79,3,Low
38390,74,2,Low
38392,113,2,Low
38393,338,1,High
38394,192,3,Low
38395,93,1,Low
38396,243,1,High
38397,23,2,Low
38398,104,2,Low
38399,5,1,Low
38400,20,2,Low
38401,18,2,Low
38402,31,5,Low
38403,73,3,Low
38404,53,2,Low
38405,29,2,Low
38407,147,1,Low
38408,281,1,High
38409,26,3,Low
38412,172,2,Low
38413,92,3,Low
38414,20,1,Low
38415,77,4,Low
38416,260,1,High
38418,246,2,High
38419,204,5,High
38420,130,2,Low
38421,46,1,Low
38422,217,3,High
38423,167,2,Low
38425,127,2,Low
38426,11,3,Low
38427,328,1,High
38428,97,2,Low
38429,342,2,High
38430,102,2,Low
38431,128,2,Low
38432,37,3,Low
38433,110,4,Low
38434,20,2,Low
38435,22,2,Low
38436,9,3,Low
38437,77,2,Low
38438,8,2,Low
38439,61,2,Low
38440,33,3,Low
38441,168,2,Low
38442,32,2,Low
38443,12,3,Low
38444,134,1,Low
38446,134,6,Low
38447,20,2,Low
38448,263,2,High
38449,249,1,High
38450,209,4,High
38451,220,2,High
38455,179,2,Low
38456,34,1,Low
38457,69,3,Low
38458,338,1,High
38459,357,1,High
38460,231,3,High
38461,89,1,Low
38462,147,2,Low
38463,159,1,Low
38464,294,2,High
38466,84,1,Low
38468,197,1,High
38469,48,3,Low
38470,65,2,Low
38471,4,3,Low
38473,17,4,Low
38474,331,1,High
38475,7,2,Low
38476,43,2,Low
38477,100,3,Low
38478,91,1,Low
38479,357,1,High
38480,48,6,Low
38482,4,2,Low
38483,26,3,Low
38484,45,1,Low
38485,123,5,Low
38486,305,1,High
38487,293,1,High
38488,63,2,Low
38489,26,2,Low
38490,154,2,Low
38491,50,1,Low
38493,318,2,High
38494,360,1,High
38495,327,1,High
38496,232,2,High
38498,88,2,Low
38500,40,3,Low
38501,83,3,Low
38503,169,2,Low
38505,326,1,High
38506,15,4,Low
38507,333,2,High
38508,41,2,Low
38509,84,2,Low
38510,113,1,Low
38511,154,4,Low
38512,120,1,Low
38513,25,2,Low
38514,156,4,Low
38515,60,3,Low
38516,5,3,Low
38517,164,1,Low
38518,312,1,High
38519,69,4,Low
38520,153,1,Low
38521,135,3,Low
38523,55,4,Low
38524,232,2,High
38525,73,3,Low
38526,170,1,Low
38527,11,2,Low
38528,93,2,Low
38529,15,3,Low
38530,76,2,Low
38531,104,2,Low
38532,158,1,Low
38533,136,2,Low
38534,122,2,Low
38535,129,2,Low
38536,296,1,High
38538,122,5,Low
38539,25,2,Low
38540,1,4,Low
38541,21,2,Low
38542,28,3,Low
38543,197,1,High
38544,83,4,Low
38545,101,1,Low
38546,79,2,Low
38547,80,4,Low
38548,120,2,Low
38549,68,2,Low
38550,189,1,Low
38551,101,1,Low
38552,62,3,Low
38553,2,1,Low
38554,170,2,Low
38555,273,1,High
38556,314,2,High
38557,56,4,Low
38558,168,3,Low
38559,138,2,Low
38561,56,1,Low
38562,100,1,Low
38563,52,3,Low
38564,18,3,Low
38565,34,2,Low
38566,34,2,Low
38567,229,1,High
38568,150,3,Low
38569,92,1,Low
38570,344,2,High
38571,103,3,Low
38572,209,1,High
38573,95,2,Low
38574,72,4,Low
38575,38,2,Low
38577,166,3,Low
38578,18,2,Low
38579,120,4,Low
38580,50,1,Low
38582,37,4,Low
38583,131,4,Low
38584,22,3,Low
38585,353,1,High
38586,27,3,Low
38588,161,2,Low
38589,99,4,Low
38590,190,4,Low
38591,12,3,Low
38592,207,1,High
38593,50,1,Low
38594,104,2,Low
38595,25,6,Low
38596,90,1,Low
38597,19,7,Low
38598,25,3,Low
38599,174,3,Low
38600,95,3,Low
38601,197,3,High
38602,60,2,Low
38603,85,1,Low
38604,163,2,Low
38605,52,2,Low
38607,14,1,Low
38608,111,3,Low
38610,315,2,High
38611,61,4,Low
38612,234,2,High
38615,124,3,Low
38616,58,2,Low
38618,48,3,Low
38622,116,1,Low
38623,45,3,Low
38624,56,2,Low
38626,103,6,Low
38627,12,4,Low
38629,243,1,High
38631,164,2,Low
38632,123,2,Low
38633,73,2,Low
38634,171,4,Low
38635,12,2,Low
38636,252,2,High
38637,238,2,High
38638,172,1,Low
38639,19,2,Low
38640,61,1,Low
38641,23,3,Low
38642,104,1,Low
38644,255,2,High
38645,212,1,High
38647,8,2,Low
38648,57,1,Low
38649,135,2,Low
38650,106,2,Low
38651,3,4,Low
38652,136,2,Low
38653,29,5,Low
38654,206,3,High
38655,215,1,High
38656,53,2,Low
38657,210,2,High
38658,28,3,Low
38659,118,4,Low
38660,333,2,High
38661,156,4,Low
38662,118,1,Low
38664,209,3,High
38665,94,2,Low
38666,105,1,Low
38667,235,2,High
38668,230,1,High
38669,257,2,High
38671,312,2,High
38672,25,2,Low
38675,241,1,High
38676,44,2,Low
38677,125,1,Low
38678,44,3,Low
38679,363,1,High
38681,245,1,High
38682,99,3,Low
38683,176,2,Low
38684,245,3,High
38685,276,1,High
38686,96,3,Low
38687,67,3,Low
38688,39,1,Low
38689,99,1,Low
38690,49,2,Low
38691,45,4,Low
38693,17,2,Low
38694,68,3,Low
38695,11,2,Low
38696,193,2,Low
38697,217,2,High
38698,278,1,High
38699,18,3,Low
38701,257,2,High
38702,265,1,High
38703,70,4,Low
38704,131,1,Low
38706,184,1,Low
38707,120,4,Low
38708,159,4,Low
38710,180,2,Low
38711,94,1,Low
38713,80,5,Low
38714,91,4,Low
38716,110,5,Low
38717,80,2,Low
38718,55,1,Low
38719,12,2,Low
38720,97,2,Low
38721,131,3,Low
38722,114,3,Low
38723,3,2,Low
38724,6,1,Low
38725,215,1,High
38726,114,2,Low
38728,22,3,Low
38729,163,3,Low
38730,3,3,Low
38731,320,1,High
38732,153,5,Low
38733,154,2,Low
38735,9,2,Low
38736,284,1,High
38737,121,2,Low
38738,36,3,Low
38739,116,1,Low
38740,60,1,Low
38741,5,3,Low
38742,111,3,Low
38743,189,2,Low
38744,204,4,High
38745,23,4,Low
38746,251,4,High
38747,42,3,Low
38748,8,1,Low
38750,15,3,Low
38751,9,5,Low
38752,278,3,High
38753,159,2,Low
38755,175,1,Low
38756,142,3,Low
38757,166,3,Low
38758,80,2,Low
38759,60,1,Low
38762,54,5,Low
38763,285,1,High
38764,3,4,Low
38765,9,1,Low
38766,98,2,Low
38767,68,3,Low
38768,9,5,Low
38769,1,3,Low
38770,4,3,Low
38771,195,4,High
38772,58,1,Low
38773,111,4,Low
38774,11,3,Low
38775,138,1,Low
38776,71,4,Low
38777,148,1,Low
38778,111,1,Low
38779,29,6,Low
38780,27,3,Low
38781,225,1,High
38782,271,2,High
38783,15,5,Low
38784,96,3,Low
38785,91,2,Low
38786,111,3,Low
38787,47,3,Low
38788,20,3,Low
38789,346,1,High
38790,13,3,Low
38791,122,2,Low
38792,113,1,Low
38793,278,1,High
38794,37,2,Low
38796,66,3,Low
38799,159,5,Low
38800,40,2,Low
38801,153,3,Low
38802,225,1,High
38803,132,3,Low
38804,275,1,High
38805,87,1,Low
38806,115,4,Low
38807,190,3,Low
38808,306,2,High
38809,294,3,High
38811,83,4,Low
38812,353,1,High
38813,32,1,Low
38814,76,2,Low
38815,33,1,Low
38816,89,4,Low
38817,179,2,Low
38818,286,1,High
38819,11,2,Low
38820,66,2,Low
38821,43,2,Low
38823,1,2,Low
38824,3,2,Low
38825,216,2,High
38826,24,4,Low
38827,149,1,Low
38828,113,3,Low
38829,168,1,Low
38830,5,1,Low
38832,123,2,Low
38833,47,2,Low
38834,325,1,High
38835,24,1,Low
38836,96,2,Low
38837,58,2,Low
38838,21,2,Low
38839,61,2,Low
38840,121,1,Low
38841,153,2,Low
38842,42,3,Low
38843,41,1,Low
38844,230,1,High
38845,115,1,Low
38846,27,4,Low
38847,150,2,Low
38848,90,3,Low
38849,154,2,Low
38850,52,7,Low
38851,120,5,Low
38852,50,3,Low
38853,140,1,Low
38854,89,1,Low
38855,166,2,Low
38856,205,1,High
38857,186,3,Low
38858,37,3,Low
38859,332,2,High
38860,220,2,High
38861,88,5,Low
38862,50,2,Low
38863,345,1,High
38864,188,1,Low
38866,96,3,Low
38867,123,4,Low
38868,13,3,Low
38869,284,1,High
38870,156,2,Low
38871,116,1,Low
38873,66,2,Low
38874,269,1,High
38876,69,4,Low
38877,151,2,Low
38881,323,1,High
38883,127,2,Low
38885,231,3,High
38886,49,2,Low
38889,58,2,Low
38890,3,3,Low
38891,77,2,Low
38892,276,2,High
38896,14,2,Low
38897,113,2,Low
38899,39,3,Low
38900,257,1,High
38901,166,2,Low
38903,79,3,Low
38904,344,1,High
38905,195,1,High
38907,331,2,High
38909,2,2,Low
38910,65,3,Low
38911,150,1,Low
38912,20,2,Low
38913,69,1,Low
38914,184,2,Low
38915,219,1,High
38916,147,2,Low
38917,24,3,Low
38919,142,3,Low
38920,17,2,Low
38921,61,1,Low
38922,59,3,Low
38923,24,3,Low
38924,173,3,Low
38925,129,3,Low
38926,77,4,Low
38927,62,3,Low
38928,219,1,High
38930,94,2,Low
38932,162,3,Low
38933,6,1,Low
38934,257,1,High
38935,242,1,High
38937,293,3,High
38938,56,2,Low
38939,111,2,Low
38940,195,1,High
38941,300,1,High
38942,82,3,Low
38943,1,2,Low
38944,91,4,Low
38945,314,1,High
38946,98,3,Low
38947,64,3,Low
38948,175,3,Low
38949,185,2,Low
38950,268,1,High
38951,178,4,Low
38952,312,1,High
38954,102,4,Low
38955,40,2,Low
38956,28,4,Low
38957,348,1,High
38958,82,4,Low
38959,30,5,Low
38960,28,2,Low
38961,28,1,Low
38962,139,1,Low
38963,111,2,Low
38964,82,2,Low
38965,8,2,Low
38966,93,2,Low
38967,194,1,High
38968,120,1,Low
38969,205,2,High
38970,66,1,Low
38971,338,1,High
38972,102,2,Low
38973,38,1,Low
38974,54,4,Low
38975,156,1,Low
38976,205,2,High
38977,304,1,High
38978,119,3,Low
38979,107,1,Low
38981,212,2,High
38982,318,1,High
38983,70,1,Low
38984,356,1,High
38985,50,1,Low
38987,266,1,High
38988,20,2,Low
38989,77,1,Low
38990,140,3,Low
38991,185,2,Low
38992,237,3,High
38993,78,2,Low
38994,104,2,Low
38995,6,2,Low
38996,68,1,Low
38997,162,3,Low
38998,146,4,Low
38999,37,3,Low
39000,54,3,Low
39001,14,7,Low
39002,132,2,Low
39003,107,3,Low
39004,125,2,Low
39005,136,5,Low
39006,23,2,Low
39007,7,2,Low
39008,145,1,Low
39009,205,1,High
39010,50,2,Low
39011,139,2,Low
39012,351,1,High
39013,43,4,Low
39014,60,1,Low
39015,316,1,High
39016,63,3,Low
39017,252,1,High
39019,9,3,Low
39021,56,4,Low
39023,22,3,Low
39024,14,3,Low
39025,230,1,High
39026,93,1,Low
39027,37,2,Low
39028,15,2,Low
39029,49,5,Low
39030,160,4,Low
39031,86,4,Low
39032,16,6,Low
39033,85,3,Low
39034,121,1,Low
39036,181,2,Low
39037,161,2,Low
39039,59,1,Low
39040,275,1,High
39041,5,2,Low
39043,126,2,Low
39044,148,1,Low
39045,3,4,Low
39046,93,8,Low
39047,149,2,Low
39048,256,3,High
39049,76,1,Low
39051,16,3,Low
39052,92,4,Low
39053,128,4,Low
39054,76,3,Low
39055,149,2,Low
39056,51,3,Low
39057,336,1,High
39058,27,3,Low
39059,33,3,Low
39060,325,1,High
39061,321,1,High
39062,307,1,High
39063,42,3,Low
39064,277,1,High
39065,197,2,High
39066,204,2,High
39067,20,4,Low
39069,30,3,Low
39070,302,2,High
39071,187,1,Low
39072,139,1,Low
39073,12,3,Low
39074,54,1,Low
39075,207,3,High
39076,206,1,High
39077,332,1,High
39078,13,2,Low
39079,65,3,Low
39080,81,2,Low
39081,34,3,Low
39082,277,1,High
39083,16,2,Low
39084,197,2,High
39086,265,1,High
39087,279,1,High
39089,10,1,Low
39090,181,4,Low
39091,34,1,Low
39093,145,1,Low
39095,3,3,Low
39098,146,3,Low
39100,128,5,Low
39101,248,1,High
39103,279,1,High
39105,154,2,Low
39106,252,2,High
39107,228,1,High
39108,32,1,Low
39109,74,5,Low
39110,58,2,Low
39111,113,2,Low
39112,160,2,Low
39114,211,1,High
39116,134,1,Low
39118,21,2,Low
39119,218,1,High
39120,230,1,High
39121,73,4,Low
39122,60,1,Low
39123,81,3,Low
39124,348,2,High
39125,95,2,Low
39126,76,3,Low
39127,111,1,Low
39128,14,3,Low
39129,96,2,Low
39130,48,3,Low
39131,162,1,Low
39132,253,1,High
39133,81,4,Low
39134,173,5,Low
39135,131,3,Low
39136,46,4,Low
39137,96,3,Low
39139,46,2,Low
39141,28,2,Low
39142,212,3,High
39143,19,4,Low
39144,41,3,Low
39145,297,1,High
39146,160,1,Low
39148,69,2,Low
39149,68,2,Low
39151,239,2,High
39152,46,1,Low
39153,209,1,High
39154,130,4,Low
39155,16,5,Low
39156,18,2,Low
39157,309,1,High
39158,163,3,Low
39159,16,2,Low
39161,34,1,Low
39162,94,4,Low
39164,229,1,High
39165,58,5,Low
39167,329,1,High
39168,88,1,Low
39169,331,2,High
39170,205,2,High
39172,52,5,Low
39173,148,4,Low
39174,90,3,Low
39175,108,3,Low
39176,222,1,High
39177,211,4,High
39178,157,2,Low
39179,94,4,Low
39180,158,1,Low
39183,210,2,High
39184,148,2,Low
39185,95,3,Low
39186,18,4,Low
39187,19,4,Low
39188,71,3,Low
39189,287,1,High
39190,279,2,High
39191,153,2,Low
39192,143,1,Low
39193,216,1,High
39195,211,2,High
39196,301,1,High
39197,226,1,High
39198,94,3,Low
39199,337,1,High
39200,92,4,Low
39201,256,2,High
39202,130,2,Low
39203,282,1,High
39204,291,1,High
39205,158,3,Low
39206,295,1,High
39207,216,2,High
39208,294,3,High
39209,122,3,Low
39210,60,3,Low
39211,133,1,Low
39212,60,2,Low
39213,216,1,High
39214,46,4,Low
39215,160,3,Low
39216,117,3,Low
39218,183,2,Low
39219,95,1,Low
39220,144,2,Low
39221,89,2,Low
39222,104,2,Low
39223,5,3,Low
39224,138,4,Low
39225,169,1,Low
39226,40,1,Low
39227,350,1,High
39228,38,1,Low
39229,304,1,High
39230,68,3,Low
39231,96,2,Low
39232,58,3,Low
39234,52,5,Low
39235,107,2,Low
39236,193,1,Low
39237,85,2,Low
39238,63,2,Low
39239,150,5,Low
39241,243,1,High
39243,193,3,Low
39244,126,2,Low
39245,21,6,Low
39246,81,1,Low
39247,60,4,Low
39248,56,3,Low
39249,200,1,High
39250,74,4,Low
39252,222,2,High
39253,205,2,High
39254,153,2,Low
39255,156,4,Low
39256,82,3,Low
39257,86,3,Low
39258,295,2,High
39259,297,1,High
39261,225,1,High
39263,44,3,Low
39264,17,4,Low
39265,63,3,Low
39266,105,2,Low
39267,220,2,High
39268,164,3,Low
39269,9,5,Low
39271,273,1,High
39272,239,1,High
39274,143,2,Low
39275,24,6,Low
39276,23,3,Low
39277,13,3,Low
39278,5,2,Low
39279,26,3,Low
39280,265,2,High
39281,35,3,Low
39282,202,2,High
39283,88,1,Low
39284,134,1,Low
39285,188,1,Low
39286,80,3,Low
39287,4,4,Low
39288,61,3,Low
39289,262,1,High
39290,213,2,High
39291,171,2,Low
39292,129,1,Low
39293,83,1,Low
39294,142,2,Low
39296,18,1,Low
39297,147,1,Low
39298,29,1,Low
39301,125,4,Low
39302,133,6,Low
39303,32,1,Low
39304,24,3,Low
39305,16,1,Low
39306,72,3,Low
39307,41,2,Low
39308,114,4,Low
39310,142,3,Low
39311,175,1,Low
39312,41,1,Low
39313,54,2,Low
39314,156,1,Low
39315,67,3,Low
39316,344,1,High
39317,103,3,Low
39318,80,4,Low
39319,79,3,Low
39321,269,2,High
39322,94,4,Low
39323,8,2,Low
39324,53,3,Low
39326,115,3,Low
39327,5,2,Low
39328,177,2,Low
39329,38,1,Low
39331,17,2,Low
39332,31,3,Low
39333,72,2,Low
39334,53,2,Low
39335,37,3,Low
39336,65,1,Low
39337,129,1,Low
39338,143,1,Low
39339,303,1,High
39340,49,2,Low
39341,68,2,Low
39342,206,1,High
39343,181,2,Low
39344,204,4,High
39345,330,1,High
39346,132,2,Low
39347,196,3,High
39348,123,2,Low
39350,220,2,High
39351,102,1,Low
39352,62,3,Low
39353,177,3,Low
39354,91,3,Low
39355,326,1,High
39356,98,2,Low
39357,71,2,Low
39358,178,1,Low
39361,32,5,Low
39362,35,2,Low
39363,316,1,High
39364,161,3,Low
39365,59,2,Low
39366,56,1,Low
39367,181,1,Low
39368,108,3,Low
39369,34,1,Low
39370,24,3,Low
39371,45,3,Low
39372,196,1,High
39373,219,2,High
39374,111,3,Low
39375,119,2,Low
39376,80,5,Low
39377,247,1,High
39378,14,4,Low
39379,90,4,Low
39380,103,2,Low
39381,30,6,Low
39382,42,7,Low
39383,47,2,Low
39384,153,2,Low
39385,285,1,High
39387,18,4,Low
39388,71,3,Low
39389,16,3,Low
39390,2,3,Low
39391,264,1,High
39393,295,1,High
39397,81,1,Low
39398,218,1,High
39399,35,1,Low
39400,144,3,Low
39403,84,2,Low
39404,231,3,High
39405,344,1,High
39406,112,2,Low
39407,72,1,Low
39408,179,2,Low
39409,88,1,Low
39410,113,2,Low
39411,213,2,High
39412,150,1,Low
39413,355,2,High
39414,129,2,Low
39415,100,2,Low
39416,93,2,Low
39417,3,4,Low
39418,25,3,Low
39419,234,1,High
39420,100,3,Low
39421,123,2,Low
39422,233,2,High
39423,127,3,Low
39424,139,1,Low
39425,182,2,Low
39426,328,1,High
39428,35,6,Low
39429,169,2,Low
39430,55,2,Low
39431,196,1,High
39433,204,1,High
39434,98,3,Low
39436,173,2,Low
39437,45,2,Low
39438,40,2,Low
39440,152,2,Low
39442,219,2,High
39443,98,3,Low
39444,188,2,Low
39445,132,3,Low
39446,55,4,Low
39447,2,1,Low
39448,74,1,Low
39449,72,2,Low
39450,41,1,Low
39451,231,2,High
39452,116,1,Low
39453,81,1,Low
39454,41,4,Low
39455,34,1,Low
39456,96,5,Low
39457,210,3,High
39459,73,2,Low
39461,126,3,Low
39462,16,2,Low
39463,287,1,High
39464,23,3,Low
39465,69,2,Low
39468,129,3,Low
39469,32,3,Low
39472,109,3,Low
39473,50,1,Low
39475,128,1,Low
39476,271,3,High
39478,353,1,High
39479,136,6,Low
39481,65,1,Low
39482,156,2,Low
39483,36,4,Low
39484,149,1,Low
39485,155,2,Low
39486,202,3,High
39488,136,3,Low
39489,88,1,Low
39491,39,3,Low
39492,288,4,High
39493,121,2,Low
39494,163,1,Low
39495,359,1,High
39496,216,1,High
39497,251,1,High
39498,158,3,Low
39499,39,4,Low
39500,343,2,High
39502,127,2,Low
39503,169,1,Low
39504,231,2,High
39506,54,2,Low
39507,332,1,High
39508,108,3,Low
39509,94,5,Low
39510,179,1,Low
39511,76,1,Low
39512,93,3,Low
39513,189,2,Low
39514,232,2,High
39515,53,1,Low
39516,256,1,High
39517,213,1,High
39519,120,2,Low
39520,94,4,Low
39521,105,6,Low
39522,60,2,Low
39524,205,2,High
39525,220,2,High
39527,68,3,Low
39528,74,1,Low
39532,18,2,Low
39533,162,2,Low
39534,352,1,High
39535,17,6,Low
39536,15,4,Low
39537,81,3,Low
39538,5,5,Low
39540,5,3,Low
39541,72,3,Low
39542,249,2,High
39543,104,2,Low
39544,110,7,Low
39545,114,3,Low
39546,272,1,High
39548,17,5,Low
39549,208,2,High
39551,169,4,Low
39552,113,2,Low
39553,17,1,Low
39554,280,1,High
39555,127,3,Low
39556,362,1,High
39557,31,1,Low
39558,20,1,Low
39559,77,3,Low
39560,297,1,High
39561,196,3,High
39562,74,2,Low
39563,222,1,High
39564,328,1,High
39565,348,1,High
39566,161,1,Low
39567,309,1,High
39568,25,3,Low
39569,84,2,Low
39571,76,2,Low
39573,72,1,Low
39575,50,2,Low
39576,37,2,Low
39577,362,1,High
39578,85,1,Low
39579,19,7,Low
39580,34,2,Low
39581,118,3,Low
39582,324,1,High
39583,181,2,Low
39584,97,1,Low
39585,211,1,High
39586,66,1,Low
39587,80,2,Low
39588,341,1,High
39589,93,1,Low
39590,177,4,Low
39592,56,3,Low
39593,263,1,High
39594,125,2,Low
39596,168,1,Low
39597,8,1,Low
39598,43,4,Low
39599,189,2,Low
39600,42,3,Low
39601,162,3,Low
39604,46,4,Low
39605,345,1,High
39606,73,2,Low
39607,161,3,Low
39608,23,3,Low
39609,98,1,Low
39610,12,2,Low
39611,26,5,Low
39612,188,2,Low
39613,136,3,Low
39614,98,2,Low
39615,206,2,High
39616,59,1,Low
39617,314,1,High
39618,91,3,Low
39619,58,1,Low
39621,39,2,Low
39622,254,1,High
39623,42,4,Low
39624,332,1,High
39625,8,4,Low
39626,242,3,High
39628,1,3,Low
39629,94,3,Low
39630,98,2,Low
39631,86,1,Low
39632,17,2,Low
39633,11,5,Low
39634,24,3,Low
39636,178,3,Low
39637,29,3,Low
39638,13,1,Low
39639,6,2,Low
39640,148,2,Low
39641,282,1,High
39642,45,4,Low
39643,1,2,Low
39644,6,3,Low
39645,283,1,High
39646,9,3,Low
39647,146,2,Low
39648,15,2,Low
39649,5,6,Low
39650,237,1,High
39651,27,4,Low
39652,93,3,Low
39653,59,1,Low
39654,248,1,High
39655,239,2,High
39657,270,2,High
39658,208,3,High
39659,147,3,Low
39660,27,2,Low
39661,220,2,High
39662,186,3,Low
39663,185,1,Low
39664,13,7,Low
39665,138,2,Low
39667,227,2,High
39668,18,1,Low
39669,37,2,Low
39670,349,1,High
39672,187,2,Low
39673,281,1,High
39674,210,1,High
39675,143,2,Low
39676,86,4,Low
39678,181,1,Low
39679,44,3,Low
39680,35,2,Low
39682,183,2,Low
39683,20,3,Low
39684,63,1,Low
39685,16,1,Low
39686,22,2,Low
39687,139,2,Low
39688,8,3,Low
39689,312,1,High
39690,10,3,Low
39691,71,4,Low
39692,107,4,Low
39693,40,1,Low
39694,233,2,High
39696,20,2,Low
39697,92,2,Low
39698,162,2,Low
39699,182,1,Low
39700,112,3,Low
39701,356,1,High
39702,35,3,Low
39704,19,2,Low
39705,20,2,Low
39706,186,1,Low
39707,126,2,Low
39708,5,2,Low
39710,257,1,High
39711,300,1,High
39713,109,3,Low
39714,1,4,Low
39715,98,6,Low
39716,54,1,Low
39717,104,2,Low
39718,1,3,Low
39719,23,5,Low
39721,265,1,High
39722,33,2,Low
39723,147,5,Low
39724,202,1,High
39726,44,4,Low
39728,187,1,Low
39731,71,2,Low
39732,1,3,Low
39733,133,1,Low
39734,160,2,Low
39735,41,1,Low
39737,146,2,Low
39738,348,1,High
39739,59,3,Low
39740,4,1,Low
39741,286,2,High
39742,80,1,Low
39743,121,4,Low
39745,100,3,Low
39747,40,3,Low
39748,78,3,Low
39749,151,2,Low
39750,91,1,Low
39751,141,1,Low
39752,137,1,Low
39753,111,5,Low
39754,280,1,High
39755,179,2,Low
39756,232,3,High
39757,74,2,Low
39758,334,1,High
39759,144,1,Low
39760,236,1,High
39761,163,1,Low
39762,341,1,High
39763,78,1,Low
39764,277,2,High
39765,119,2,Low
39766,202,2,High
39768,36,1,Low
39769,231,2,High
39770,312,2,High
39771,317,1,High
39772,70,3,Low
39773,8,5,Low
39774,58,1,Low
39775,251,2,High
39776,61,1,Low
39777,352,1,High
39779,186,3,Low
39780,127,1,Low
39781,81,1,Low
39782,165,2,Low
39783,354,1,High
39784,112,1,Low
39785,103,2,Low
39786,138,3,Low
39788,76,3,Low
39789,53,3,Low
39790,29,5,Low
39791,365,1,High
39792,225,1,High
39793,252,2,High
39794,27,3,Low
39795,41,4,Low
39796,232,3,High
39797,5,5,Low
39798,132,3,Low
39799,137,3,Low
39800,54,3,Low
39802,266,2,High
39803,240,2,High
39804,114,2,Low
39805,56,2,Low
39806,97,1,Low
39807,54,1,Low
39808,26,1,Low
39809,12,1,Low
39812,210,5,High
39813,266,1,High
39814,32,5,Low
39815,9,2,Low
39816,156,3,Low
39817,290,3,High
39818,194,1,High
39820,109,2,Low
39822,150,3,Low
39823,81,2,Low
39824,364,1,High
39825,197,2,High
39826,221,2,High
39827,39,1,Low
39828,43,2,Low
39829,35,4,Low
39830,291,1,High
39831,21,4,Low
39832,7,8,Low
39833,179,1,Low
39834,54,2,Low
39835,13,5,Low
39836,35,2,Low
39837,52,5,Low
39838,195,2,High
39839,2,2,Low
39840,38,3,Low
39841,228,2,High
39842,98,1,Low
39843,249,1,High
39844,64,2,Low
39845,133,3,Low
39846,224,2,High
39847,226,2,High
39848,84,2,Low
39851,117,1,Low
39852,40,5,Low
39853,273,1,High
39854,339,1,High
39855,21,1,Low
39856,31,1,Low
39857,99,1,Low
39858,30,2,Low
39859,17,4,Low
39860,43,3,Low
39862,117,1,Low
39863,188,1,Low
39864,134,2,Low
39865,48,2,Low
39866,211,2,High
39867,48,2,Low
39869,56,2,Low
39870,269,4,High
39871,11,3,Low
39872,181,4,Low
39873,20,3,Low
39874,200,1,High
39875,103,1,Low
39877,10,3,Low
39878,73,1,Low
39879,110,2,Low
39880,177,2,Low
39881,2,5,Low
39882,143,1,Low
39883,118,1,Low
39885,163,2,Low
39886,4,1,Low
39887,33,4,Low
39888,50,4,Low
39889,17,6,Low
39890,207,4,High
39891,73,3,Low
39892,363,1,High
39893,66,2,Low
39895,14,2,Low
39896,25,3,Low
39897,124,2,Low
39900,65,3,Low
39901,1,1,Low
39902,75,3,Low
39903,119,2,Low
39905,14,2,Low
39907,39,4,Low
39908,282,1,High
39909,112,4,Low
39910,17,4,Low
39913,160,2,Low
39914,55,2,Low
39915,53,2,Low
39916,209,1,High
39917,92,2,Low
39918,179,2,Low
39919,27,4,Low
39920,259,1,High
39921,149,4,Low
39922,35,6,Low
39923,102,2,Low
39925,34,3,Low
39926,106,2,Low
39927,65,2,Low
39928,199,3,High
39929,51,3,Low
39930,11,2,Low
39932,47,2,Low
39933,57,6,Low
39934,101,5,Low
39936,110,1,Low
39937,172,1,Low
39938,46,3,Low
39939,81,3,Low
39941,209,1,High
39943,190,3,Low
39944,118,2,Low
39945,40,3,Low
39946,43,5,Low
39947,121,2,Low
39948,42,3,Low
39949,102,2,Low
39950,56,1,Low
39951,94,1,Low
39952,47,3,Low
39953,221,2,High
39954,266,3,High
39955,13,5,Low
39956,14,2,Low
39957,40,1,Low
39958,104,1,Low
39959,160,3,Low
39960,303,1,High
39961,6,3,Low
39963,335,2,High
39964,76,6,Low
39965,12,6,Low
39966,52,4,Low
39967,4,3,Low
39968,343,1,High
39969,205,2,High
39970,295,1,High
39971,302,1,High
39972,118,3,Low
39973,178,2,Low
39974,93,6,Low
39975,158,1,Low
39976,43,3,Low
39977,157,2,Low
39978,25,1,Low
39979,52,1,Low
39980,140,5,Low
39981,86,4,Low
39982,94,3,Low
39983,291,1,High
39984,54,1,Low
39985,5,1,Low
39986,90,2,Low
39987,167,4,Low
39988,29,1,Low
39989,322,1,High
39990,158,2,Low
39991,83,3,Low
39992,63,3,Low
39993,39,6,Low
39994,125,2,Low
39995,95,3,Low
39996,107,1,Low
39997,66,2,Low
39998,71,4,Low
39999,81,3,Low
40000,277,1,High
40002,117,2,Low
40003,170,2,Low
40004,170,1,Low
40005,149,1,Low
40006,189,2,Low
40007,99,3,Low
40009,312,1,High
40010,122,3,Low
40011,26,5,Low
40012,85,1,Low
40013,38,4,Low
40016,111,1,Low
40017,325,1,High
40018,93,2,Low
40019,129,3,Low
40020,38,1,Low
40021,172,1,Low
40022,4,2,Low
40023,117,1,Low
40024,97,2,Low
40025,75,2,Low
40026,358,1,High
40027,176,3,Low
40028,183,2,Low
40029,46,3,Low
40030,108,3,Low
40031,330,1,High
40032,226,2,High
40033,213,1,High
40034,265,3,High
40035,188,2,Low
40036,83,2,Low
40037,305,2,High
40038,55,3,Low
40039,9,3,Low
40040,88,5,Low
40041,358,1,High
40042,87,2,Low
40043,174,2,Low
40044,84,1,Low
40045,337,1,High
40046,225,1,High
40047,133,2,Low
40049,97,2,Low
40050,29,4,Low
40051,135,3,Low
40053,187,1,Low
40054,261,2,High
40055,108,2,Low
40056,8,5,Low
40057,100,3,Low
40058,157,2,Low
40059,75,3,Low
40062,190,1,Low
40063,165,2,Low
40064,264,1,High
40065,34,2,Low
40066,302,1,High
40067,40,4,Low
40068,243,2,High
40069,29,4,Low
40071,115,1,Low
40072,55,3,Low
40073,49,2,Low
40074,196,2,High
40075,63,1,Low
40076,188,2,Low
40077,135,2,Low
40078,123,1,Low
40080,193,1,Low
40081,46,3,Low
40084,287,1,High
40085,106,4,Low
40086,40,1,Low
40087,13,5,Low
40088,148,3,Low
40089,61,2,Low
40090,101,1,Low
40091,176,2,Low
40092,45,1,Low
40093,91,2,Low
40094,138,2,Low
40095,140,1,Low
40096,109,1,Low
40098,126,1,Low
40099,187,1,Low
40100,16,5,Low
40101,161,3,Low
40102,97,3,Low
40103,275,1,High
40105,14,1,Low
40106,203,1,High
40108,28,1,Low
40109,292,1,High
40111,95,2,Low
40112,53,4,Low
40114,34,2,Low
40116,121,1,Low
40118,91,2,Low
40119,122,1,Low
40120,119,3,Low
40121,20,1,Low
40122,83,3,Low
40124,41,1,Low
40125,154,2,Low
40126,147,3,Low
40127,135,4,Low
40128,138,2,Low
40129,114,5,Low
40130,266,1,High
40131,39,2,Low
40133,21,3,Low
40136,317,2,High
40138,40,5,Low
40139,62,5,Low
40141,45,2,Low
40142,84,2,Low
40143,160,1,Low
40145,110,4,Low
40146,24,5,Low
40147,48,3,Low
40148,143,2,Low
40149,71,2,Low
40150,1,2,Low
40151,100,2,Low
40152,223,2,High
40153,14,2,Low
40154,79,2,Low
40156,10,4,Low
40158,195,2,High
40159,201,1,High
40160,12,2,Low
40161,59,5,Low
40163,1,2,Low
40165,302,2,High
40166,266,1,High
40167,296,2,High
40168,23,2,Low
40169,56,2,Low
40170,60,1,Low
40171,42,1,Low
40172,74,3,Low
40173,4,2,Low
40174,167,2,Low
40176,66,3,Low
40177,49,1,Low
40178,83,3,Low
40179,242,2,High
40180,327,1,High
40182,13,2,Low
40183,118,2,Low
40184,90,1,Low
40185,84,3,Low
40186,263,1,High
40187,55,3,Low
40188,227,1,High
40189,72,5,Low
40190,13,1,Low
40191,122,1,Low
40192,13,2,Low
40193,66,3,Low
40195,151,2,Low
40196,21,5,Low
40198,167,3,Low
40199,136,2,Low
40200,7,4,Low
40202,185,2,Low
40204,252,2,High
40205,9,5,Low
40206,93,4,Low
40207,311,1,High
40208,128,3,Low
40209,98,2,Low
40210,117,3,Low
40211,93,2,Low
40213,12,5,Low
40214,190,2,Low
40215,218,2,High
40216,228,1,High
40218,38,4,Low
40219,65,3,Low
40222,21,5,Low
40223,244,2,High
40224,70,4,Low
40225,30,1,Low
40227,179,1,Low
40228,96,2,Low
40229,262,1,High
40230,313,1,High
40231,29,1,Low
40233,108,3,Low
40234,328,1,High
40235,226,3,High
40236,224,2,High
40237,54,2,Low
40238,110,2,Low
40239,37,2,Low
40241,8,4,Low
40242,51,2,Low
40243,118,1,Low
40245,3,3,Low
40246,8,1,Low
40247,98,3,Low
40248,48,1,Low
40249,351,2,High
40251,186,2,Low
40252,127,2,Low
40253,130,2,Low
40254,322,1,High
40256,120,1,Low
40257,280,2,High
40258,281,1,High
40259,7,2,Low
40260,148,2,Low
40261,220,1,High
40262,153,1,Low
40263,93,5,Low
40264,123,5,Low
40265,66,1,Low
40266,88,1,Low
40267,33,3,Low
40268,82,5,Low
40269,10,4,Low
40270,51,2,Low
40271,143,1,Low
40272,8,4,Low
40273,9,5,Low
40274,147,2,Low
40276,181,2,Low
40277,191,1,Low
40278,143,2,Low
40279,252,1,High
40280,16,3,Low
40281,36,4,Low
40282,40,2,Low
40283,107,3,Low
40284,7,4,Low
40285,161,2,Low
40286,114,4,Low
40288,167,1,Low
40289,92,1,Low
40290,56,2,Low
40291,10,3,Low
40292,122,2,Low
40293,23,2,Low
40294,48,2,Low
40295,60,2,Low
40296,142,3,Low
40297,26,3,Low
40298,68,3,Low
40299,141,7,Low
40300,45,2,Low
40301,224,1,High
40302,314,2,High
40303,334,1,High
40304,100,1,Low
40305,83,3,Low
40306,52,4,Low
40307,113,1,Low
40308,90,2,Low
40309,59,2,Low
40310,86,2,Low
40311,63,7,Low
40312,287,4,High
40313,47,3,Low
40316,75,4,Low
40317,131,3,Low
40318,1,3,Low
40319,42,1,Low
40320,6,1,Low
40322,123,1,Low
40323,275,1,High
40324,175,2,Low
40325,218,1,High
40326,160,2,Low
40327,3,2,Low
40328,63,4,Low
40329,6,2,Low
40330,241,1,High
40331,60,1,Low
40332,319,1,High
40333,27,5,Low
40334,123,1,Low
40335,109,1,Low
40336,130,2,Low
40337,82,1,Low
40338,11,1,Low
40339,157,1,Low
40340,5,3,Low
40341,331,1,High
40342,96,1,Low
40343,220,2,High
40344,19,4,Low
40345,4,5,Low
40346,100,2,Low
40347,320,1,High
40348,59,1,Low
40350,45,4,Low
40351,98,2,Low
40352,74,3,Low
40353,66,4,Low
40354,139,3,Low
40355,281,2,High
40357,203,1,High
40358,2,5,Low
40359,38,5,Low
40361,295,1,High
40362,218,2,High
40363,256,1,High
40364,161,1,Low
40365,237,1,High
40366,37,2,Low
40367,39,2,Low
40368,69,1,Low
40369,41,3,Low
40370,120,3,Low
40371,61,1,Low
40372,25,3,Low
40373,317,1,High
40374,333,1,High
40375,8,3,Low
40376,167,3,Low
40378,239,1,High
40379,150,2,Low
40380,106,1,Low
40381,121,1,Low
40382,178,2,Low
40383,145,2,Low
40384,26,5,Low
40386,20,3,Low
40387,61,1,Low
40389,43,3,Low
40391,53,7,Low
40392,291,1,High
40393,59,4,Low
40394,115,2,Low
40395,327,1,High
40396,273,1,High
40397,153,1,Low
40398,314,1,High
40399,4,3,Low
40400,94,3,Low
40401,67,2,Low
40403,158,2,Low
40404,112,3,Low
40406,10,1,Low
40407,46,1,Low
40408,165,2,Low
40409,4,2,Low
40410,144,1,Low
40412,148,2,Low
40415,23,3,Low
40416,85,1,Low
40417,144,1,Low
40418,191,2,Low
40419,13,1,Low
40420,16,2,Low
40422,34,3,Low
40423,76,3,Low
40424,282,1,High
40425,358,1,High
40426,47,2,Low
40427,18,3,Low
40428,159,2,Low
40429,169,3,Low
40430,100,4,Low
40431,5,5,Low
40433,106,1,Low
40435,92,3,Low
40436,204,2,High
40437,1,4,Low
40438,25,6,Low
40440,179,1,Low
40441,47,2,Low
40442,277,1,High
40443,170,3,Low
40445,34,2,Low
40446,52,2,Low
40447,266,1,High
40449,30,3,Low
40450,280,1,High
40451,54,3,Low
40452,97,3,Low
40453,17,3,Low
40454,49,3,Low
40455,151,1,Low
40456,149,3,Low
40457,156,1,Low
40458,210,4,High
40459,92,4,Low
40460,130,4,Low
40461,104,1,Low
40462,158,3,Low
40463,297,1,High
40464,239,1,High
40465,33,1,Low
40466,86,1,Low
40468,76,2,Low
40469,40,2,Low
40470,58,2,Low
40471,238,3,High
40472,56,2,Low
40473,8,3,Low
40474,38,1,Low
40475,41,3,Low
40476,33,4,Low
40477,231,1,High
40478,279,1,High
40479,227,1,High
40480,15,3,Low
40482,231,4,High
40483,22,2,Low
40484,159,1,Low
40485,138,3,Low
40487,71,6,Low
40488,288,1,High
40489,41,2,Low
40490,269,3,High
40492,195,2,High
40493,209,2,High
40494,34,5,Low
40495,90,1,Low
40497,17,3,Low
40499,148,3,Low
40500,102,2,Low
40501,217,3,High
40503,54,1,Low
40504,259,1,High
40505,148,2,Low
40506,11,1,Low
40508,150,2,Low
40509,177,1,Low
40510,10,4,Low
40512,79,2,Low
40513,9,2,Low
40514,29,2,Low
40516,52,1,Low
40517,21,2,Low
40518,91,2,Low
40520,180,2,Low
40521,123,2,Low
40523,318,2,High
40524,108,2,Low
40525,43,2,Low
40526,51,5,Low
40527,8,2,Low
40528,185,4,Low
40529,125,1,Low
40530,149,1,Low
40531,200,3,High
40532,191,3,Low
40533,315,1,High
40534,227,1,High
40535,282,1,High
40536,52,3,Low
40537,242,1,High
40541,314,2,High
40542,33,1,Low
40543,124,1,Low
40544,164,2,Low
40545,315,2,High
40547,162,3,Low
40549,116,2,Low
40551,36,2,Low
40552,326,1,High
40553,122,3,Low
40555,17,3,Low
40556,146,2,Low
40557,7,3,Low
40558,360,1,High
40559,17,1,Low
40560,340,1,High
40561,126,3,Low
40562,63,2,Low
40563,232,2,High
40564,10,5,Low
40565,15,2,Low
40566,22,3,Low
40567,66,3,Low
40568,30,4,Low
40569,153,3,Low
40570,71,2,Low
40571,48,3,Low
40572,170,2,Low
40573,66,2,Low
40574,242,1,High
40575,67,2,Low
40576,149,1,Low
40578,37,1,Low
40579,6,2,Low
40580,94,1,Low
40581,22,5,Low
40582,19,1,Low
40583,29,4,Low
40584,325,1,High
40586,272,1,High
40587,30,5,Low
40588,183,2,Low
40589,21,2,Low
40590,96,4,Low
40591,192,1,Low
40592,21,3,Low
40593,6,3,Low
40594,139,1,Low
40595,34,3,Low
40596,220,1,High
40597,31,3,Low
40598,167,2,Low
40599,142,1,Low
40600,293,2,High
40601,182,2,Low
40602,23,3,Low
40603,311,1,High
40604,58,3,Low
40605,97,3,Low
40606,123,3,Low
40607,283,1,High
40608,162,2,Low
40609,9,2,Low
40610,21,1,Low
40612,35,4,Low
40613,124,2,Low
40614,242,1,High
40615,142,2,Low
40619,192,1,Low
40620,111,1,Low
40621,191,2,Low
40622,41,4,Low
40623,64,3,Low
40624,40,4,Low
40625,122,2,Low
40626,11,2,Low
40627,181,3,Low
40628,65,3,Low
40629,150,3,Low
40630,84,2,Low
40632,118,2,Low
40633,22,1,Low
40634,328,1,High
40635,55,3,Low
40637,341,1,High
40638,229,1,High
40639,7,3,Low
40641,187,2,Low
40642,273,2,High
40644,284,2,High
40645,83,3,Low
40647,206,2,High
40648,27,3,Low
40649,239,1,High
40650,53,3,Low
40651,74,4,Low
40652,28,1,Low
40653,64,1,Low
40654,160,2,Low
40655,331,1,High
40656,339,1,High
40657,101,2,Low
40658,93,5,Low
40659,56,5,Low
40661,36,3,Low
40662,87,1,Low
40663,174,2,Low
40665,8,1,Low
40666,88,2,Low
40667,16,2,Low
40668,35,1,Low
40669,139,2,Low
40671,130,3,Low
40672,67,3,Low
40673,212,2,High
40674,274,1,High
40675,159,3,Low
40676,33,2,Low
40677,32,2,Low
40678,70,3,Low
40679,17,1,Low
40680,226,1,High
40681,69,3,Low
40683,63,1,Low
40684,320,2,High
40686,226,3,High
40687,118,2,Low
40688,311,1,High
40689,139,1,Low
40690,72,2,Low
40691,221,1,High
40692,149,1,Low
40693,59,2,Low
40694,157,4,Low
40695,160,1,Low
40696,98,4,Low
40697,43,3,Low
40698,63,5,Low
40699,55,2,Low
40700,143,1,Low
40701,268,3,High
40702,58,1,Low
40703,86,5,Low
40705,157,1,Low
40706,1,2,Low
40707,139,2,Low
40708,24,2,Low
40709,20,2,Low
40710,339,1,High
40711,8,3,Low
40712,145,2,Low
40713,122,3,Low
40715,171,1,Low
40716,52,4,Low
40717,142,1,Low
40718,13,5,Low
40719,26,5,Low
40721,232,1,High
40722,279,1,High
40723,59,5,Low
40724,182,2,Low
40725,115,1,Low
40727,16,4,Low
40728,25,4,Low
40729,152,1,Low
40730,206,3,High
40731,188,6,Low
40732,165,1,Low
40733,229,2,High
40734,109,5,Low
40735,31,2,Low
40736,108,4,Low
40737,38,2,Low
40738,72,5,Low
40739,194,2,High
40740,312,1,High
40741,78,4,Low
40742,52,2,Low
40743,244,1,High
40744,274,1,High
40745,49,5,Low
40746,234,1,High
40747,24,1,Low
40748,92,3,Low
40749,171,1,Low
40750,326,2,High
40751,16,4,Low
40753,136,2,Low
40754,286,1,High
40755,55,3,Low
40756,21,2,Low
40757,41,2,Low
40758,121,3,Low
40759,211,2,High
40761,2,3,Low
40762,8,2,Low
40763,13,4,Low
40764,133,1,Low
40765,95,2,Low
40766,14,3,Low
40767,149,1,Low
40768,20,3,Low
40770,142,1,Low
40771,82,5,Low
40773,109,4,Low
40774,2,1,Low
40775,2,4,Low
40776,3,3,Low
40777,36,3,Low
40778,13,1,Low
40779,27,1,Low
40780,124,2,Low
40781,146,3,Low
40782,76,2,Low
40784,23,1,Low
40785,269,1,High
40786,72,3,Low
40787,196,1,High
40788,66,2,Low
40789,79,3,Low
40790,88,2,Low
40792,361,1,High
40793,278,1,High
40795,134,1,Low
40796,322,1,High
40797,19,5,Low
40798,117,3,Low
40800,7,2,Low
40801,81,3,Low
40802,130,3,Low
40803,128,1,Low
40804,45,3,Low
40805,60,4,Low
40807,18,1,Low
40808,326,1,High
40809,17,3,Low
40810,31,1,Low
40811,220,1,High
40812,48,2,Low
40813,13,4,Low
40814,22,2,Low
40815,2,2,Low
40816,201,2,High
40817,23,3,Low
40818,18,2,Low
40819,228,2,High
40820,31,3,Low
40821,53,3,Low
40822,298,2,High
40823,105,3,Low
40826,133,1,Low
40827,28,3,Low
40828,189,1,Low
40829,13,1,Low
40831,128,3,Low
40832,261,1,High
40833,309,1,High
40834,112,2,Low
40835,76,3,Low
40836,166,2,Low
40837,283,2,High
40838,55,3,Low
40840,83,2,Low
40842,126,2,Low
40843,139,2,Low
40844,33,2,Low
40845,114,2,Low
40846,78,1,Low
40847,54,2,Low
40848,117,4,Low
40849,176,2,Low
40850,121,1,Low
40851,179,3,Low
40852,92,5,Low
40853,197,1,High
40854,315,1,High
40855,147,2,Low
40856,25,4,Low
40857,84,3,Low
40858,84,3,Low
40859,222,1,High
40860,90,2,Low
40861,4,1,Low
40862,95,3,Low
40863,284,4,High
40864,240,1,High
40865,140,1,Low
40866,54,6,Low
40867,110,4,Low
40869,14,5,Low
40870,197,1,High
40871,49,2,Low
40872,37,3,Low
40873,28,4,Low
40874,4,2,Low
40875,73,2,Low
40877,68,2,Low
40878,28,1,Low
40879,96,2,Low
40880,76,2,Low
40881,102,2,Low
40882,160,2,Low
40883,177,2,Low
40884,164,2,Low
40887,47,4,Low
40888,110,4,Low
40889,96,1,Low
40890,136,1,Low
40891,349,1,High
40892,66,2,Low
40893,140,3,Low
40894,123,4,Low
40895,179,2,Low
40896,178,2,Low
40897,59,3,Low
40898,208,1,High
40899,22,4,Low
40900,74,1,Low
40901,157,2,Low
40902,73,3,Low
40903,138,1,Low
40904,124,2,Low
40905,41,2,Low
40906,94,4,Low
40907,134,5,Low
40911,111,5,Low
40912,6,3,Low
40913,45,4,Low
40914,50,5,Low
40916,34,1,Low
40917,207,3,High
40918,151,2,Low
40919,47,4,Low
40921,86,2,Low
40923,136,3,Low
40924,123,1,Low
40925,327,1,High
40926,134,4,Low
40928,2,4,Low
40929,1,3,Low
40930,178,1,Low
40931,13,2,Low
40932,74,2,Low
40933,259,2,High
40934,7,2,Low
40935,13,3,Low
40936,254,2,High
40937,53,1,Low
40938,148,2,Low
40939,143,2,Low
40940,189,1,Low
40941,237,2,High
40942,186,2,Low
40943,90,5,Low
40944,20,3,Low
40946,331,1,High
40947,269,2,High
40948,44,3,Low
40949,145,2,Low
40950,118,3,Low
40951,4,4,Low
40952,187,4,Low
40953,11,4,Low
40954,24,4,Low
40955,127,3,Low
40956,21,1,Low
40957,115,1,Low
40958,30,1,Low
40959,101,5,Low
40960,184,3,Low
40961,191,2,Low
40962,12,1,Low
40963,81,3,Low
40965,238,2,High
40966,126,4,Low
40967,175,1,Low
40969,103,2,Low
40970,127,2,Low
40973,208,1,High
40974,41,3,Low
40975,70,5,Low
40977,26,2,Low
40978,23,2,Low
40979,13,2,Low
40980,101,2,Low
40981,159,4,Low
40983,116,3,Low
40984,362,1,High
40986,122,1,Low
40987,23,5,Low
40988,44,3,Low
40989,120,3,Low
40990,118,2,Low
40991,316,1,High
40993,24,3,Low
40994,252,1,High
40995,60,3,Low
40996,157,1,Low
40997,169,1,Low
40999,15,4,Low
41000,268,1,High
41001,122,1,Low
41002,55,1,Low
41003,170,2,Low
41005,64,1,Low
41007,313,1,High
41008,18,3,Low
41009,18,4,Low
41010,236,1,High
41011,131,1,Low
41012,208,2,High
41013,42,3,Low
41014,175,1,Low
41015,172,1,Low
41016,146,2,Low
41017,112,2,Low
41018,145,1,Low
41019,22,2,Low
41020,62,5,Low
41021,120,1,Low
41022,24,3,Low
41023,66,4,Low
41024,43,1,Low
41025,189,1,Low
41028,116,3,Low
41029,96,1,Low
41030,178,1,Low
41031,12,3,Low
41032,28,3,Low
41034,107,3,Low
41035,2,2,Low
41036,116,3,Low
41037,347,1,High
41040,260,2,High
41043,88,2,Low
41044,265,1,High
41045,79,1,Low
41046,234,2,High
41047,118,2,Low
41049,12,3,Low
41050,120,2,Low
41051,172,1,Low
41052,117,1,Low
41053,226,2,High
41054,290,2,High
41055,166,1,Low
41056,2,2,Low
41057,18,2,Low
41058,159,1,Low
41059,145,2,Low
41060,21,5,Low
41061,278,1,High
41062,11,2,Low
41064,114,3,Low
41065,118,2,Low
41066,2,3,Low
41067,15,2,Low
41068,146,2,Low
41070,226,1,High
41071,72,5,Low
41072,9,1,Low
41073,89,1,Low
41074,4,2,Low
41075,48,3,Low
41076,54,2,Low
41078,89,5,Low
41079,191,2,Low
41080,343,1,High
41081,43,3,Low
41083,145,2,Low
41084,19,2,Low
41085,36,2,Low
41086,362,1,High
41087,76,3,Low
41088,300,1,High
41089,216,3,High
41090,202,1,High
41091,281,2,High
41092,317,2,High
41093,73,3,Low
41094,233,3,High
41095,358,1,High
41096,47,3,Low
41097,46,2,Low
41098,305,1,High
41102,141,1,Low
41103,21,4,Low
41104,165,1,Low
41105,270,2,High
41107,30,3,Low
41108,170,1,Low
41111,69,4,Low
41112,22,1,Low
41113,30,3,Low
41114,189,2,Low
41115,1,2,Low
41117,343,1,High
41119,44,2,Low
41120,30,3,Low
41121,145,2,Low
41122,267,2,High
41123,13,5,Low
41124,22,2,Low
41125,71,3,Low
41126,116,2,Low
41127,13,2,Low
41128,53,2,Low
41129,36,2,Low
41130,122,2,Low
41131,337,1,High
41132,322,3,High
41133,128,4,Low
41134,240,3,High
41135,271,2,High
41136,48,1,Low
41137,314,1,High
41138,102,5,Low
41139,18,1,Low
41140,153,2,Low
41141,165,1,Low
41142,3,3,Low
41143,128,1,Low
41144,236,1,High
41145,334,1,High
41146,210,4,High
41147,111,2,Low
41148,102,1,Low
41149,35,4,Low
41150,108,2,Low
41151,182,3,Low
41152,16,4,Low
41153,236,3,High
41154,48,3,Low
41156,274,2,High
41157,114,1,Low
41158,153,2,Low
41159,149,2,Low
41160,79,1,Low
41162,56,3,Low
41164,154,4,Low
41165,288,1,High
41166,6,3,Low
41168,72,2,Low
41169,151,1,Low
41170,13,1,Low
41171,292,1,High
41172,99,2,Low
41173,118,3,Low
41174,341,1,High
41176,161,3,Low
41177,7,3,Low
41178,218,2,High
41179,9,4,Low
41180,321,1,High
41181,280,3,High
41182,232,2,High
41183,76,3,Low
41184,300,1,High
41185,61,4,Low
41186,58,1,Low
41187,173,3,Low
41188,86,2,Low
41189,104,2,Low
41190,205,1,High
41191,243,1,High
41192,114,1,Low
41193,326,1,High
41194,192,3,Low
41195,196,1,High
41196,364,1,High
41197,10,2,Low
41198,121,2,Low
41199,251,2,High
41201,98,3,Low
41202,147,3,Low
41203,5,3,Low
41204,258,1,High
41205,59,6,Low
41208,45,2,Low
41209,28,2,Low
41210,128,4,Low
41211,18,3,Low
41212,292,1,High
41213,48,1,Low
41214,56,2,Low
41215,201,1,High
41216,42,1,Low
41219,38,4,Low
41220,36,4,Low
41221,81,1,Low
41222,1,2,Low
41223,97,3,Low
41224,258,1,High
41225,145,4,Low
41226,1,2,Low
41227,96,4,Low
41228,31,2,Low
41229,236,4,High
41230,193,4,Low
41231,89,2,Low
41232,115,2,Low
41233,3,4,Low
41235,153,1,Low
41236,203,2,High
41238,262,2,High
41239,252,1,High
41240,73,2,Low
41241,54,1,Low
41242,224,1,High
41243,20,1,Low
41245,294,1,High
41247,70,2,Low
41248,27,5,Low
41249,151,4,Low
41250,109,3,Low
41251,37,2,Low
41252,187,2,Low
41253,2,2,Low
41254,334,1,High
41255,120,2,Low
41256,77,2,Low
41258,38,4,Low
41259,61,4,Low
41260,319,1,High
41261,262,1,High
41262,96,3,Low
41263,147,4,Low
41264,29,3,Low
41265,320,2,High
41266,304,1,High
41267,74,2,Low
41268,124,2,Low
41269,143,1,Low
41270,258,2,High
41272,60,2,Low
41273,2,3,Low
41274,47,1,Low
41276,49,5,Low
41277,33,5,Low
41279,83,3,Low
41280,82,3,Low
41282,146,2,Low
41283,66,2,Low
41286,34,2,Low
41287,353,1,High
41288,51,3,Low
41289,8,7,Low
41290,112,2,Low
41291,21,1,Low
41292,336,1,High
41293,110,2,Low
41294,101,2,Low
41295,6,3,Low
41296,166,1,Low
41298,141,1,Low
41299,140,3,Low
41300,113,3,Low
41301,302,2,High
41302,191,1,Low
41303,12,2,Low
41304,37,3,Low
41305,9,6,Low
41306,158,1,Low
41307,27,3,Low
41309,40,1,Low
41310,150,4,Low
41311,70,2,Low
41312,8,2,Low
41313,21,2,Low
41314,315,2,High
41316,38,3,Low
41317,15,2,Low
41318,5,2,Low
41319,270,1,High
41320,303,1,High
41321,185,3,Low
41322,31,3,Low
41323,172,2,Low
41326,45,2,Low
41327,226,1,High
41330,172,3,Low
41331,15,3,Low
41332,129,2,Low
41333,56,3,Low
41334,11,5,Low
41335,105,3,Low
41336,48,2,Low
41337,258,1,High
41338,55,2,Low
41339,71,3,Low
41340,75,1,Low
41342,4,3,Low
41343,4,4,Low
41344,189,1,Low
41345,58,3,Low
41346,206,1,High
41347,199,2,High
41349,15,2,Low
41350,61,2,Low
41351,71,1,Low
41352,42,3,Low
41353,177,2,Low
41354,188,2,Low
41355,363,1,High
41356,41,2,Low
41357,97,2,Low
41358,326,1,High
41359,219,1,High
41360,157,3,Low
41361,11,5,Low
41362,262,1,High
41363,268,3,High
41364,183,1,Low
41365,146,1,Low
41366,184,1,Low
41367,136,1,Low
41368,211,2,High
41369,2,5,Low
41370,68,4,Low
41371,75,3,Low
41372,253,1,High
41374,91,2,Low
41375,243,1,High
41376,83,3,Low
41377,28,5,Low
41378,207,1,High
41379,27,1,Low
41380,224,1,High
41381,181,2,Low
41382,53,3,Low
41383,102,1,Low
41384,18,1,Low
41385,2,2,Low
41386,2,3,Low
41387,334,1,High
41388,20,2,Low
41389,2,3,Low
41390,131,1,Low
41391,50,6,Low
41392,12,1,Low
41393,225,1,High
41395,21,1,Low
41396,230,2,High
41397,81,1,Low
41398,138,2,Low
41399,139,4,Low
41400,119,1,Low
41401,162,1,Low
41403,73,4,Low
41405,110,3,Low
41406,37,3,Low
41407,176,1,Low
41408,21,3,Low
41409,94,1,Low
41410,64,4,Low
41411,82,2,Low
41412,215,1,High
41414,86,1,Low
41415,74,3,Low
41416,339,1,High
41417,127,2,Low
41418,106,1,Low
41419,83,2,Low
41420,151,3,Low
41421,229,2,High
41422,70,2,Low
41423,77,2,Low
41424,13,2,Low
41425,193,1,Low
41426,103,2,Low
41427,111,1,Low
41428,107,2,Low
41429,72,2,Low
41431,153,1,Low
41432,190,2,Low
41433,110,2,Low
41434,93,2,Low
41435,65,4,Low
41436,296,1,High
41437,171,2,Low
41439,10,6,Low
41440,9,4,Low
41441,1,1,Low
41442,77,2,Low
41443,244,1,High
41444,85,2,Low
41445,160,2,Low
41446,29,2,Low
41447,65,1,Low
41449,328,1,High
41450,17,4,Low
41451,83,5,Low
41452,86,3,Low
41453,104,3,Low
41454,176,2,Low
41455,13,3,Low
41456,73,1,Low
41457,173,4,Low
41458,327,1,High
41459,207,2,High
41460,302,1,High
41461,340,1,High
41462,34,2,Low
41463,267,1,High
41464,125,1,Low
41465,284,1,High
41466,133,2,Low
41468,59,4,Low
41469,26,2,Low
41471,5,2,Low
41472,126,1,Low
41473,203,2,High
41474,196,1,High
41475,288,1,High
41477,110,1,Low
41478,66,3,Low
41479,53,3,Low
41481,179,3,Low
41482,157,2,Low
41483,104,1,Low
41484,11,2,Low
41485,110,1,Low
41486,58,2,Low
41487,6,2,Low
41488,137,1,Low
41489,175,2,Low
41490,288,2,High
41491,24,3,Low
41492,52,2,Low
41493,24,3,Low
41494,12,2,Low
41495,14,3,Low
41496,141,1,Low
41497,96,4,Low
41498,140,4,Low
41499,101,1,Low
41500,10,4,Low
41501,101,4,Low
41502,1,3,Low
41503,25,5,Low
41504,114,3,Low
41505,80,1,Low
41506,193,4,Low
41508,121,1,Low
41509,237,2,High
41510,281,2,High
41511,308,1,High
41512,157,5,Low
41513,85,1,Low
41514,355,1,High
41515,352,1,High
41516,76,5,Low
41517,161,1,Low
41518,105,1,Low
41519,125,2,Low
41521,38,4,Low
41522,24,2,Low
41526,8,5,Low
41527,33,1,Low
41528,151,2,Low
41529,332,1,High
41530,181,2,Low
41531,28,1,Low
41533,35,6,Low
41534,134,3,Low
41535,114,3,Low
41536,163,1,Low
41537,151,1,Low
41538,69,2,Low
41539,102,3,Low
41540,26,1,Low
41541,40,1,Low
41542,60,3,Low
41543,12,2,Low
41545,347,1,High
41546,149,1,Low
41547,2,5,Low
41548,34,2,Low
41549,129,2,Low
41550,63,1,Low
41551,318,1,High
41552,154,3,Low
41554,144,5,Low
41555,130,2,Low
41557,34,3,Low
41558,65,2,Low
41559,283,1,High
41560,216,1,High
41561,139,1,Low
41562,226,3,High
41564,160,3,Low
41565,82,1,Low
41566,29,3,Low
41567,128,2,Low
41568,277,2,High
41569,65,4,Low
41570,211,1,High
41571,143,1,Low
41572,4,4,Low
41573,343,1,High
41574,25,4,Low
41575,16,3,Low
41576,166,2,Low
41577,170,2,Low
41578,67,3,Low
41579,92,1,Low
41580,51,2,Low
41581,65,2,Low
41583,39,2,Low
41584,362,1,High
41585,300,1,High
41586,30,3,Low
41587,197,1,High
41589,193,3,Low
41591,182,1,Low
41593,161,1,Low
41595,14,3,Low
41597,192,4,Low
41598,227,1,High
41599,70,1,Low
41600,78,1,Low
41601,117,2,Low
41602,69,1,Low
41604,129,2,Low
41605,107,1,Low
41606,4,2,Low
41607,152,2,Low
41608,8,2,Low
41609,288,1,High
41610,31,1,Low
41611,24,3,Low
41612,254,1,High
41613,178,1,Low
41614,84,1,Low
41615,6,2,Low
41616,141,1,Low
41617,30,2,Low
41618,255,2,High
41620,157,2,Low
41621,318,1,High
41622,49,2,Low
41623,103,3,Low
41625,97,2,Low
41626,67,2,Low
41627,190,3,Low
41628,9,5,Low
41631,184,1,Low
41632,86,5,Low
41633,23,2,Low
41634,237,1,High
41635,331,1,High
41636,272,1,High
41638,144,1,Low
41640,222,2,High
41641,75,3,Low
41642,333,1,High
41643,35,3,Low
41644,99,1,Low
41645,205,2,High
41646,237,2,High
41647,128,1,Low
41648,23,3,Low
41649,208,4,High
41650,19,4,Low
41651,80,1,Low
41652,4,5,Low
41653,325,1,High
41654,64,3,Low
41658,62,2,Low
41660,25,4,Low
41662,206,2,High
41663,111,1,Low
41665,67,4,Low
41666,35,4,Low
41667,288,1,High
41668,61,3,Low
41669,34,3,Low
41671,30,3,Low
41672,8,6,Low
41673,311,1,High
41674,22,2,Low
41675,66,2,Low
41676,179,2,Low
41677,113,1,Low
41678,12,3,Low
41679,56,3,Low
41680,296,1,High
41681,109,2,Low
41682,3,1,Low
41683,117,2,Low
41684,69,3,Low
41686,48,2,Low
41687,271,1,High
41689,40,2,Low
41690,3,1,Low
41691,3,3,Low
41692,26,3,Low
41693,64,3,Low
41694,320,1,High
41695,265,1,High
41696,17,1,Low
41697,180,2,Low
41700,183,3,Low
41701,242,2,High
41702,122,1,Low
41703,241,1,High
41704,62,2,Low
41705,328,1,High
41707,111,4,Low
41708,8,3,Low
41710,132,1,Low
41711,45,3,Low
41713,13,6,Low
41714,55,1,Low
41716,161,1,Low
41717,330,1,High
41718,349,2,High
41719,3,1,Low
41720,270,1,High
41721,117,3,Low
41722,94,2,Low
41723,104,2,Low
41724,69,3,Low
41725,7,3,Low
41726,34,3,Low
41728,360,1,High
41729,236,3,High
41731,17,3,Low
41732,149,2,Low
41733,362,1,High
41734,224,2,High
41735,190,1,Low
41737,343,2,High
41738,69,1,Low
41740,361,1,High
41741,16,1,Low
41742,35,2,Low
41743,14,3,Low
41744,38,5,Low
41745,241,1,High
41746,201,2,High
41748,261,2,High
41749,4,1,Low
41751,192,2,Low
41752,29,3,Low
41754,89,1,Low
41755,29,1,Low
41757,5,2,Low
41758,44,4,Low
41759,39,1,Low
41760,40,4,Low
41762,156,4,Low
41763,147,4,Low
41764,20,2,Low
41765,25,4,Low
41767,10,1,Low
41768,106,1,Low
41769,218,1,High
41770,124,3,Low
41771,44,1,Low
41772,269,1,High
41773,183,1,Low
41774,216,2,High
41775,37,3,Low
41776,118,1,Low
41777,68,1,Low
41778,23,2,Low
41779,143,2,Low
41780,22,2,Low
41782,88,2,Low
41783,203,3,High
41784,50,3,Low
41785,352,1,High
41786,60,3,Low
41787,328,1,High
41788,354,2,High
41790,37,3,Low
41791,130,1,Low
41792,122,3,Low
41793,263,1,High
41794,38,2,Low
41796,7,3,Low
41797,20,3,Low
41798,3,5,Low
41799,91,3,Low
41801,93,3,Low
41802,186,1,Low
41803,4,3,Low
41804,58,3,Low
41805,100,2,Low
41806,76,7,Low
41807,44,2,Low
41808,8,7,Low
41809,12,2,Low
41810,142,2,Low
41811,237,1,High
41812,201,2,High
41813,56,5,Low
41814,157,2,Low
41815,342,1,High
41816,111,1,Low
41817,16,3,Low
41818,88,4,Low
41819,288,1,High
41820,74,3,Low
41821,194,3,High
41823,190,3,Low
41824,57,3,Low
41825,53,2,Low
41826,241,1,High
41827,96,2,Low
41828,286,1,High
41830,20,2,Low
41831,219,3,High
41833,220,1,High
41834,214,1,High
41835,75,3,Low
41836,11,2,Low
41837,141,1,Low
41839,43,2,Low
41840,39,1,Low
41841,107,2,Low
41842,41,4,Low
41843,184,1,Low
41844,5,4,Low
41845,238,2,High
41846,92,2,Low
41847,18,1,Low
41848,278,1,High
41849,1,1,Low
41850,49,4,Low
41851,257,2,High
41852,304,1,High
41853,232,1,High
41854,104,4,Low
41856,22,4,Low
41857,35,5,Low
41858,136,2,Low
41860,30,3,Low
41861,53,4,Low
41862,186,3,Low
41863,10,5,Low
41864,17,2,Low
41865,70,2,Low
41866,99,2,Low
41867,48,1,Low
41868,61,5,Low
41869,129,2,Low
41870,343,1,High
41872,8,2,Low
41873,44,3,Low
41876,133,5,Low
41877,192,2,Low
41878,247,2,High
41879,26,3,Low
41880,86,3,Low
41883,68,3,Low
41885,63,5,Low
41886,103,2,Low
41887,195,1,High
41888,170,1,Low
41889,73,2,Low
41890,11,3,Low
41891,192,2,Low
41892,309,2,High
41893,292,1,High
41895,152,2,Low
41896,110,2,Low
41898,22,5,Low
41899,98,2,Low
41900,102,1,Low
41901,87,1,Low
41902,53,3,Low
41903,263,1,High
41905,189,2,Low
41906,150,1,Low
41907,20,1,Low
41908,103,1,Low
41909,27,3,Low
41910,64,2,Low
41911,54,2,Low
41912,25,2,Low
41913,2,2,Low
41915,59,3,Low
41916,11,2,Low
41917,153,1,Low
41919,34,2,Low
41920,53,1,Low
41921,53,3,Low
41922,26,3,Low
41923,127,1,Low
41925,27,1,Low
41926,98,1,Low
41927,43,2,Low
41928,5,3,Low
41929,166,2,Low
41930,35,2,Low
41931,176,2,Low
41932,333,2,High
41933,61,2,Low
41934,239,1,High
41935,232,1,High
41936,61,2,Low
41937,206,1,High
41938,183,1,Low
41939,7,3,Low
41941,39,4,Low
41942,69,2,Low
41945,108,1,Low
41946,125,2,Low
41947,78,4,Low
41948,18,2,Low
41949,155,2,Low
41951,61,6,Low
41952,9,3,Low
41954,193,2,Low
41955,134,2,Low
41956,279,1,High
41957,15,3,Low
41958,89,3,Low
41959,1,3,Low
41960,330,1,High
41961,10,2,Low
41962,324,1,High
41963,61,4,Low
41964,45,2,Low
41965,222,4,High
41966,24,2,Low
41967,178,3,Low
41968,353,1,High
41970,10,3,Low
41971,106,5,Low
41972,111,2,Low
41973,58,3,Low
41974,149,1,Low
41975,90,2,Low
41976,11,2,Low
41977,80,1,Low
41980,14,3,Low
41981,16,2,Low
41984,75,3,Low
41985,171,2,Low
41986,108,3,Low
41987,71,4,Low
41988,22,2,Low
41989,13,4,Low
41990,118,2,Low
41992,71,3,Low
41993,104,1,Low
41994,171,1,Low
41995,71,3,Low
41996,92,2,Low
41997,202,2,High
41998,23,3,Low
41999,26,3,Low
42000,143,3,Low
42002,9,2,Low
42003,151,3,Low
42005,222,1,High
42006,248,2,High
42007,92,5,Low
42008,89,2,Low
42009,146,2,Low
42010,200,3,High
42011,47,1,Low
42012,26,3,Low
42014,52,4,Low
42015,193,2,Low
42016,208,1,High
42017,123,2,Low
42018,273,2,High
42019,143,3,Low
42020,192,3,Low
42021,49,1,Low
42022,208,2,High
42023,38,3,Low
42024,176,4,Low
42025,4,3,Low
42026,98,4,Low
42027,192,1,Low
42028,307,2,High
42029,20,2,Low
42030,11,2,Low
42032,115,1,Low
42033,55,1,Low
42034,32,4,Low
42035,184,1,Low
42037,51,4,Low
42038,153,4,Low
42039,82,1,Low
42040,206,1,High
42041,10,4,Low
42042,120,2,Low
42043,238,2,High
42045,111,3,Low
42046,27,3,Low
42047,76,2,Low
42048,220,3,High
42049,79,3,Low
42050,44,3,Low
42051,105,1,Low
42052,100,1,Low
42054,70,3,Low
42055,168,1,Low
42056,178,2,Low
42057,211,1,High
42058,59,2,Low
42059,266,3,High
42060,14,3,Low
42061,142,3,Low
42062,26,3,Low
42063,76,4,Low
42065,106,3,Low
42066,7,3,Low
42067,119,4,Low
42068,332,1,High
42069,97,1,Low
42070,143,4,Low
42071,88,5,Low
42072,157,3,Low
42073,139,3,Low
42074,32,2,Low
42077,179,1,Low
42078,104,2,Low
42080,161,1,Low
42081,59,2,Low
42082,129,5,Low
42083,2,2,Low
42084,10,4,Low
42085,55,1,Low
42086,26,1,Low
42087,276,1,High
42088,74,1,Low
42089,240,2,High
42091,79,3,Low
42092,66,4,Low
42094,119,1,Low
42095,120,3,Low
42096,64,5,Low
42097,13,1,Low
42098,198,1,High
42099,38,3,Low
42100,213,2,High
42101,109,2,Low
42102,228,1,High
42103,136,2,Low
42104,157,2,Low
42105,41,2,Low
42106,16,4,Low
42107,179,2,Low
42109,308,1,High
42110,276,2,High
42111,322,1,High
42112,289,1,High
42113,48,3,Low
42114,10,7,Low
42116,31,2,Low
42117,31,5,Low
42119,167,2,Low
42120,130,1,Low
42122,359,1,High
42123,94,2,Low
42124,52,3,Low
42126,74,3,Low
42127,27,3,Low
42129,139,1,Low
42130,202,4,High
42131,219,2,High
42132,227,3,High
42133,175,1,Low
42134,67,2,Low
42135,123,3,Low
42136,275,2,High
42138,124,2,Low
42139,164,2,Low
42140,25,1,Low
42142,27,2,Low
42143,6,2,Low
42144,71,3,Low
42145,178,1,Low
42146,114,1,Low
42148,13,4,Low
42149,158,1,Low
42150,122,2,Low
42152,27,8,Low
42154,87,1,Low
42155,248,1,High
42156,274,1,High
42157,4,3,Low
42158,45,6,Low
42159,254,1,High
42161,176,2,Low
42163,12,4,Low
42164,99,3,Low
42165,110,2,Low
42166,301,2,High
42167,67,1,Low
42168,281,1,High
42169,119,3,Low
42170,336,1,High
42172,10,4,Low
42173,39,1,Low
42174,355,1,High
42175,124,2,Low
42176,9,2,Low
42179,29,2,Low
42182,22,5,Low
42183,257,1,High
42184,35,3,Low
42185,28,3,Low
42186,22,2,Low
42187,94,1,Low
42188,224,1,High
42190,149,2,Low
42191,159,2,Low
42193,37,1,Low
42194,291,2,High
42195,287,2,High
42196,172,2,Low
42197,52,1,Low
42198,55,5,Low
42199,9,2,Low
42200,10,4,Low
42202,243,1,High
42203,103,2,Low
42204,298,1,High
42205,3,4,Low
42206,225,3,High
42207,103,2,Low
42208,308,2,High
42209,279,2,High
42210,28,1,Low
42211,15,4,Low
42212,13,2,Low
42213,194,2,High
42214,109,1,Low
42215,82,2,Low
42216,113,3,Low
42217,142,2,Low
42219,238,1,High
42220,233,4,High
42221,4,1,Low
42222,30,3,Low
42226,171,5,Low
42227,106,3,Low
42228,120,2,Low
42229,9,6,Low
42230,206,1,High
42231,70,3,Low
42232,216,3,High
42233,349,1,High
42234,77,2,Low
42235,33,1,Low
42236,100,3,Low
42237,138,2,Low
42238,196,2,High
42239,66,3,Low
42240,96,2,Low
42241,63,5,Low
42242,99,2,Low
42243,79,2,Low
42244,31,2,Low
42245,255,1,High
42246,149,1,Low
42247,324,1,High
42248,102,2,Low
42249,216,1,High
42251,280,2,High
42252,45,2,Low
42253,148,2,Low
42254,74,2,Low
42255,33,3,Low
42256,62,3,Low
42258,7,6,Low
42259,76,1,Low
42260,86,4,Low
42261,82,3,Low
42262,98,2,Low
42263,35,1,Low
42264,24,2,Low
42266,11,2,Low
42267,129,3,Low
42268,177,2,Low
42269,242,2,High
42270,139,2,Low
42271,272,1,High
42272,45,2,Low
42273,2,2,Low
42274,203,2,High
42275,187,2,Low
42276,198,4,High
42277,67,4,Low
42278,286,2,High
42279,6,1,Low
42280,38,3,Low
42281,18,2,Low
42282,54,2,Low
42283,69,4,Low
42284,337,1,High
42285,279,2,High
42286,52,3,Low
42287,238,1,High
42288,273,1,High
42289,44,2,Low
42291,94,2,Low
42292,87,2,Low
42293,154,2,Low
42294,25,3,Low
42295,123,2,Low
42296,35,1,Low
42297,116,3,Low
42298,82,4,Low
42299,126,3,Low
42300,138,1,Low
42301,88,1,Low
42302,71,3,Low
42303,2,3,Low
42304,167,3,Low
42305,33,5,Low
42306,52,2,Low
42307,109,3,Low
42308,25,3,Low
42309,86,4,Low
42310,114,1,Low
42311,6,3,Low
42312,145,1,Low
42313,111,2,Low
42314,80,4,Low
42316,10,3,Low
42317,35,1,Low
42318,110,2,Low
42319,224,2,High
42320,96,4,Low
42321,241,3,High
42322,65,1,Low
42324,158,1,Low
42325,23,3,Low
42326,260,1,High
42327,231,3,High
42328,41,2,Low
42329,146,2,Low
42330,143,3,Low
42331,6,2,Low
42332,179,2,Low
42333,234,2,High
42335,55,2,Low
42336,153,5,Low
42338,153,1,Low
42339,29,2,Low
42340,62,3,Low
42341,121,2,Low
42342,23,3,Low
42343,304,1,High
42344,56,2,Low
42346,204,3,High
42347,156,1,Low
42348,139,2,Low
42349,78,2,Low
42350,15,2,Low
42351,137,2,Low
42352,270,1,High
42355,236,2,High
42356,84,1,Low
42357,218,2,High
42358,216,1,High
42359,60,3,Low
42360,139,4,Low
42361,19,4,Low
42362,169,2,Low
42363,2,2,Low
42364,89,3,Low
42365,88,2,Low
42366,168,4,Low
42367,48,4,Low
42368,174,2,Low
42369,161,4,Low
42370,337,1,High
42371,278,2,High
42372,263,1,High
42374,208,1,High
42375,200,3,High
42376,32,2,Low
42377,60,2,Low
42378,173,4,Low
42379,39,3,Low
42380,3,1,Low
42381,142,3,Low
42382,117,1,Low
42383,11,1,Low
42385,162,2,Low
42386,56,5,Low
42387,1,1,Low
42388,19,1,Low
42389,124,2,Low
42390,72,3,Low
42392,58,2,Low
42393,18,3,Low
42394,190,1,Low
42395,89,2,Low
42398,352,1,High
42399,16,4,Low
42400,249,3,High
42401,72,3,Low
42402,135,2,Low
42404,69,3,Low
42405,113,2,Low
42406,7,4,Low
42407,82,2,Low
42408,105,3,Low
42409,363,1,High
42410,49,5,Low
42411,63,2,Low
42412,60,4,Low
42413,52,1,Low
42414,67,5,Low
42415,283,1,High
42416,33,1,Low
42417,33,4,Low
42418,124,4,Low
42419,40,4,Low
42420,363,1,High
42421,49,2,Low
42422,197,2,High
42423,77,3,Low
42424,22,6,Low
42425,19,2,Low
42426,76,1,Low
42427,164,2,Low
42428,35,1,Low
42429,157,2,Low
42430,52,2,Low
42431,303,1,High
42433,63,2,Low
42434,30,2,Low
42435,232,2,High
42436,291,1,High
42437,53,4,Low
42438,168,2,Low
42439,56,2,Low
42440,51,1,Low
42441,92,1,Low
42442,31,1,Low
42444,64,3,Low
42446,7,3,Low
42447,23,2,Low
42448,26,2,Low
42449,196,5,High
42450,101,4,Low
42451,27,8,Low
42452,38,4,Low
42454,71,3,Low
42455,3,2,Low
42456,50,1,Low
42457,13,3,Low
42458,80,3,Low
42459,24,2,Low
42460,356,1,High
42461,46,2,Low
42462,113,4,Low
42463,290,1,High
42464,37,1,Low
42465,198,3,High
42467,310,1,High
42468,63,3,Low
42469,263,2,High
42470,103,4,Low
42471,56,3,Low
42472,26,7,Low
42473,193,1,Low
42474,56,4,Low
42475,110,3,Low
42476,66,3,Low
42477,107,2,Low
42478,194,1,High
42479,109,3,Low
42480,90,1,Low
42481,328,1,High
42483,152,2,Low
42484,165,1,Low
42485,68,1,Low
42486,132,1,Low
42487,34,2,Low
42488,101,2,Low
42491,123,3,Low
42492,149,2,Low
42495,151,2,Low
42496,74,2,Low
42497,138,1,Low
42498,57,1,Low
42499,34,4,Low
42500,176,1,Low
42502,2,2,Low
42503,216,3,High
42504,246,1,High
42505,42,1,Low
42506,4,5,Low
42507,94,3,Low
42508,319,1,High
42510,33,4,Low
42511,9,1,Low
42512,250,2,High
42513,225,1,High
42514,161,3,Low
42515,38,4,Low
42516,89,4,Low
42518,50,3,Low
42519,190,3,Low
42520,18,2,Low
42521,58,4,Low
42522,120,2,Low
42523,53,4,Low
42524,168,1,Low
42525,53,2,Low
42526,30,2,Low
42527,68,3,Low
42528,160,1,Low
42530,30,1,Low
42531,33,3,Low
42533,113,3,Low
42534,30,3,Low
42535,143,2,Low
42536,72,5,Low
42537,147,1,Low
42539,228,1,High
42540,223,1,High
42541,16,1,Low
42542,14,4,Low
42543,308,1,High
42544,40,1,Low
42545,1,3,Low
42546,67,6,Low
42547,65,2,Low
42548,69,3,Low
42549,294,1,High
42550,254,1,High
42552,346,1,High
42553,37,2,Low
42554,352,1,High
42555,30,2,Low
42556,116,2,Low
42557,345,1,High
42558,231,1,High
42559,351,1,High
42560,113,2,Low
42561,143,3,Low
42563,177,2,Low
42564,221,2,High
42565,141,2,Low
42570,35,3,Low
42571,144,4,Low
42573,6,3,Low
42574,306,1,High
42575,7,2,Low
42576,320,1,High
42577,147,1,Low
42579,29,2,Low
42582,253,1,High
42583,151,4,Low
42584,1,3,Low
42585,199,4,High
42587,142,2,Low
42588,55,2,Low
42590,37,4,Low
42591,10,2,Low
42592,88,4,Low
42593,257,2,High
42595,36,1,Low
42596,232,1,High
42597,219,3,High
42599,51,3,Low
42600,346,1,High
42602,3,2,Low
42604,133,2,Low
42605,226,1,High
42607,258,3,High
42608,26,1,Low
42609,29,3,Low
42610,140,3,Low
42612,175,1,Low
42613,201,1,High
42614,64,1,Low
42615,51,2,Low
42616,129,2,Low
42617,353,1,High
42618,61,3,Low
42619,232,2,High
42620,55,5,Low
42621,61,3,Low
42622,193,1,Low
42623,65,3,Low
42624,43,4,Low
42625,249,2,High
42626,171,2,Low
42627,41,1,Low
42628,244,1,High
42629,289,1,High
42630,143,2,Low
42631,300,1,High
42632,139,2,Low
42633,1,3,Low
42634,92,2,Low
42635,200,3,High
42636,1,2,Low
42638,230,1,High
42640,13,4,Low
42641,47,1,Low
42642,333,1,High
42644,2,6,Low
42645,291,2,High
42646,14,4,Low
42647,3,2,Low
42648,65,4,Low
42650,174,2,Low
42651,111,4,Low
42653,70,5,Low
42654,82,2,Low
42656,24,2,Low
42660,76,4,Low
42661,238,2,High
42662,39,3,Low
42663,116,1,Low
42664,94,1,Low
42665,14,7,Low
42666,257,1,High
42667,49,3,Low
42668,92,1,Low
42669,87,2,Low
42670,202,2,High
42671,276,1,High
42672,77,2,Low
42673,106,1,Low
42675,126,4,Low
42676,181,2,Low
42677,78,3,Low
42678,58,2,Low
42679,147,2,Low
42680,171,1,Low
42683,148,2,Low
42684,213,1,High
42685,83,4,Low
42686,38,1,Low
42687,136,3,Low
42688,49,1,Low
42689,73,1,Low
42690,316,1,High
42692,56,1,Low
42693,121,2,Low
42694,94,2,Low
42695,20,4,Low
42696,190,1,Low
42697,258,1,High
42698,233,1,High
42699,66,6,Low
42700,321,1,High
42701,50,2,Low
42702,10,3,Low
42703,108,1,Low
42705,314,1,High
42706,152,2,Low
42707,29,5,Low
42708,43,3,Low
42709,137,2,Low
42710,156,1,Low
42711,120,1,Low
42713,53,3,Low
42714,11,3,Low
42715,27,4,Low
42716,82,1,Low
42717,365,1,High
42718,110,2,Low
42719,346,1,High
42720,1,2,Low
42721,62,1,Low
42722,33,5,Low
42723,340,1,High
42724,364,1,High
42725,247,1,High
42726,214,1,High
42727,58,3,Low
42728,8,2,Low
42729,322,1,High
42730,19,6,Low
42731,18,5,Low
42732,39,2,Low
42733,43,3,Low
42734,132,2,Low
42735,164,4,Low
42736,331,1,High
42737,23,2,Low
42738,139,2,Low
42739,221,3,High
42740,339,2,High
42741,140,4,Low
42743,177,3,Low
42747,212,1,High
42749,76,1,Low
42750,224,2,High
42751,139,2,Low
42752,344,1,High
42754,155,4,Low
42755,1,2,Low
42756,179,2,Low
42757,26,7,Low
42758,36,1,Low
42759,110,1,Low
42760,15,3,Low
42761,25,1,Low
42762,112,3,Low
42763,41,3,Low
42764,42,2,Low
42765,40,2,Low
42766,262,2,High
42769,130,2,Low
42770,14,2,Low
42771,2,2,Low
42772,64,2,Low
42774,28,4,Low
42775,330,1,High
42776,53,3,Low
42777,24,2,Low
42778,99,1,Low
42779,52,2,Low
42780,130,2,Low
42781,162,2,Low
42782,17,2,Low
42783,314,1,High
42784,74,4,Low
42785,35,2,Low
42786,150,2,Low
42787,152,1,Low
42788,92,3,Low
42789,38,7,Low
42790,125,1,Low
42792,143,1,Low
42793,194,5,High
42794,146,1,Low
42795,125,4,Low
42796,193,2,Low
42797,12,3,Low
42799,242,1,High
42800,237,2,High
42801,40,3,Low
42802,12,3,Low
42803,153,3,Low
42804,225,1,High
42805,61,6,Low
42806,196,1,High
42807,229,2,High
42808,108,1,Low
42810,18,4,Low
42811,3,5,Low
42812,24,3,Low
42813,231,2,High
42814,15,2,Low
42815,52,4,Low
42816,33,3,Low
42817,193,1,Low
42818,2,2,Low
42819,68,3,Low
42820,59,1,Low
42821,4,2,Low
42822,65,1,Low
42823,208,3,High
42824,291,1,High
42825,14,3,Low
42826,313,1,High
42827,308,1,High
42828,71,4,Low
42829,263,1,High
42830,26,5,Low
42831,124,2,Low
42832,317,1,High
42833,77,3,Low
42834,67,1,Low
42835,127,1,Low
42839,134,1,Low
42840,194,1,High
42841,283,1,High
42843,155,2,Low
42845,99,3,Low
42846,198,1,High
42847,25,1,Low
42848,143,2,Low
42849,173,1,Low
42850,293,1,High
42851,127,1,Low
42852,254,2,High
42853,114,5,Low
42854,13,3,Low
42855,237,1,High
42856,87,1,Low
42857,1,3,Low
42858,43,4,Low
42859,260,1,High
42860,188,2,Low
42864,87,1,Low
42865,19,1,Low
42866,76,3,Low
42867,118,2,Low
42868,189,1,Low
42869,232,1,High
42870,227,1,High
42871,165,3,Low
42872,1,3,Low
42874,44,2,Low
42875,149,3,Low
42876,96,2,Low
42877,81,3,Low
42878,98,3,Low
42879,357,1,High
42880,172,2,Low
42881,257,1,High
42882,312,1,High
42883,99,3,Low
42884,360,1,High
42885,69,3,Low
42886,353,1,High
42887,265,2,High
42888,5,1,Low
42889,79,5,Low
42890,121,2,Low
42891,204,1,High
42892,7,5,Low
42893,16,3,Low
42894,7,3,Low
42895,63,1,Low
42896,76,3,Low
42897,318,1,High
42898,55,2,Low
42899,137,3,Low
42900,236,1,High
42901,38,5,Low
42902,2,5,Low
42903,107,1,Low
42904,16,4,Low
42906,224,1,High
42907,9,1,Low
42908,118,1,Low
42909,356,1,High
42910,47,2,Low
42911,176,2,Low
42912,72,4,Low
42913,65,1,Low
42914,71,4,Low
42915,10,2,Low
42916,91,3,Low
42917,93,1,Low
42918,215,1,High
42919,3,4,Low
42920,108,2,Low
42922,179,2,Low
42923,81,4,Low
42925,8,3,Low
42926,24,2,Low
42927,51,2,Low
42929,150,4,Low
42930,25,2,Low
42932,35,4,Low
42933,47,4,Low
42934,99,1,Low
42935,109,1,Low
42936,98,4,Low
42937,80,2,Low
42940,198,3,High
42941,200,1,High
42942,86,2,Low
42943,321,1,High
42944,164,2,Low
42946,28,3,Low
42947,271,1,High
42948,4,3,Low
42949,11,3,Low
42950,235,2,High
42951,271,1,High
42952,160,5,Low
42953,155,2,Low
42956,19,3,Low
42957,287,1,High
42958,110,3,Low
42959,73,5,Low
42960,55,3,Low
42961,160,2,Low
42963,5,3,Low
42965,6,4,Low
42967,71,4,Low
42968,29,2,Low
42969,38,2,Low
42970,34,2,Low
42971,346,1,High
42972,305,1,High
42973,273,1,High
42974,204,1,High
42975,181,1,Low
42976,72,3,Low
42977,156,3,Low
42979,75,4,Low
42980,111,1,Low
42981,138,1,Low
42982,79,4,Low
42983,47,4,Low
42984,268,1,High
42985,43,1,Low
42986,265,4,High
42987,63,2,Low
42988,74,2,Low
42989,102,1,Low
42990,276,1,High
42991,278,1,High
42992,79,2,Low
42993,332,1,High
42994,293,1,High
42995,182,4,Low
42996,55,1,Low
42997,119,1,Low
42998,106,3,Low
43000,12,2,Low
43001,102,6,Low
43002,23,1,Low
43003,59,5,Low
43004,184,1,Low
43007,285,2,High
43008,201,1,High
43009,13,4,Low
43010,79,3,Low
43011,246,2,High
43014,103,3,Low
43015,72,2,Low
43016,9,2,Low
43017,8,4,Low
43018,187,2,Low
43019,330,1,High
43020,283,2,High
43021,87,1,Low
43022,220,3,High
43023,28,2,Low
43026,2,3,Low
43027,61,1,Low
43028,355,1,High
43029,5,3,Low
43030,338,1,High
43031,70,6,Low
43034,46,3,Low
43035,49,2,Low
43036,90,1,Low
43037,273,1,High
43040,122,2,Low
43041,355,1,High
43042,55,2,Low
43043,34,4,Low
43044,313,1,High
43045,70,2,Low
43046,4,4,Low
43047,166,4,Low
43048,216,1,High
43050,52,2,Low
43052,31,3,Low
43054,144,1,Low
43055,26,4,Low
43056,76,1,Low
43057,32,3,Low
43058,28,3,Low
43059,146,2,Low
43060,4,2,Low
43061,14,4,Low
43063,327,2,High
43064,22,3,Low
43065,6,5,Low
43066,63,2,Low
43067,1,3,Low
43068,214,2,High
43069,244,1,High
43070,2,5,Low
43071,55,1,Low
43072,208,2,High
43073,39,2,Low
43075,64,3,Low
43076,186,4,Low
43078,112,2,Low
43079,203,1,High
43080,123,2,Low
43081,208,1,High
43082,153,4,Low
43083,214,3,High
43084,49,6,Low
43085,139,3,Low
43086,58,1,Low
43087,194,2,High
43089,127,2,Low
43090,4,2,Low
43091,2,3,Low
43092,45,1,Low
43093,24,4,Low
43094,174,1,Low
43095,131,3,Low
43096,242,1,High
43097,128,3,Low
43098,142,5,Low
43099,20,4,Low
43100,58,3,Low
43101,22,3,Low
43102,114,2,Low
43103,231,2,High
43104,48,1,Low
43105,208,3,High
43106,269,2,High
43107,45,1,Low
43108,86,1,Low
43109,69,2,Low
43111,181,1,Low
43113,79,2,Low
43114,282,2,High
43115,141,3,Low
43116,292,1,High
43117,37,2,Low
43118,42,3,Low
43120,64,1,Low
43121,156,2,Low
43124,218,1,High
43125,121,4,Low
43126,115,4,Low
43127,20,5,Low
43128,44,2,Low
43129,9,1,Low
43130,248,1,High
43132,169,1,Low
43133,93,1,Low
43134,17,3,Low
43135,155,3,Low
43136,140,1,Low
43137,266,2,High
43138,112,3,Low
43139,42,3,Low
43140,96,3,Low
43141,200,2,High
43142,353,1,High
43144,329,1,High
43145,54,2,Low
43147,173,1,Low
43148,125,2,Low
43149,103,3,Low
43150,135,4,Low
43151,36,5,Low
43152,183,2,Low
43153,199,1,High
43154,169,1,Low
43155,229,1,High
43156,330,1,High
43157,25,5,Low
43158,295,1,High
43160,87,3,Low
43161,61,1,Low
43162,12,4,Low
43164,88,2,Low
43166,130,1,Low
43167,362,1,High
43168,235,1,High
43169,42,4,Low
43170,181,4,Low
43171,173,2,Low
43172,103,1,Low
43173,256,1,High
43175,29,1,Low
43176,26,3,Low
43177,83,3,Low
43178,335,1,High
43179,35,6,Low
43180,155,2,Low
43181,268,3,High
43182,105,3,Low
43183,159,2,Low
43184,40,1,Low
43185,364,1,High
43187,118,1,Low
43188,272,2,High
43189,146,3,Low
43190,5,3,Low
43191,150,1,Low
43192,209,1,High
43193,161,1,Low
43194,76,3,Low
43195,18,4,Low
43196,29,4,Low
43197,322,2,High
43198,4,2,Low
43199,246,1,High
43200,18,3,Low
43201,263,1,High
43202,64,3,Low
43203,176,1,Low
43204,69,1,Low
43205,58,2,Low
43206,163,2,Low
43207,33,3,Low
43208,261,1,High
43209,2,3,Low
43210,122,2,Low
43211,126,3,Low
43212,108,2,Low
43213,39,4,Low
43214,8,3,Low
43215,33,2,Low
43216,60,3,Low
43217,75,4,Low
43218,44,2,Low
43219,210,1,High
43220,92,1,Low
43221,318,2,High
43222,88,1,Low
43223,93,1,Low
43224,242,1,High
43225,238,3,High
43228,154,3,Low
43229,2,3,Low
43230,169,3,Low
43231,352,1,High
43232,72,2,Low
43233,123,4,Low
43234,71,1,Low
43235,153,5,Low
43236,54,3,Low
43237,71,3,Low
43238,41,1,Low
43239,23,5,Low
43240,319,2,High
43241,2,4,Low
43243,146,2,Low
43244,295,1,High
43245,58,2,Low
43246,6,5,Low
43247,111,1,Low
43248,58,2,Low
43249,244,2,High
43251,3,3,Low
43252,83,2,Low
43253,58,1,Low
43257,36,2,Low
43259,147,3,Low
43260,205,3,High
43261,264,1,High
43262,87,2,Low
43264,83,4,Low
43265,5,3,Low
43266,298,1,High
43267,91,2,Low
43268,219,1,High
43269,228,2,High
43270,289,3,High
43271,20,3,Low
43273,44,8,Low
43274,258,1,High
43276,62,1,Low
43277,230,4,High
43278,4,2,Low
43280,209,2,High
43281,265,1,High
43282,181,1,Low
43283,195,2,High
43284,57,1,Low
43285,49,3,Low
43286,194,1,High
43287,51,1,Low
43289,31,2,Low
43291,16,4,Low
43292,138,4,Low
43293,125,1,Low
43294,208,2,High
43295,228,2,High
43296,25,1,Low
43297,181,3,Low
43298,210,2,High
43299,55,3,Low
43300,56,2,Low
43302,74,2,Low
43303,130,1,Low
43304,142,2,Low
43305,232,2,High
43306,227,3,High
43307,12,1,Low
43308,216,1,High
43309,246,2,High
43310,221,4,High
43311,315,2,High
43312,333,1,High
43313,117,3,Low
43314,328,1,High
43315,83,3,Low
43316,93,3,Low
43317,36,2,Low
43318,271,2,High
43319,95,2,Low
43320,86,4,Low
43321,132,2,Low
43322,81,3,Low
43323,198,2,High
43324,199,1,High
43326,82,2,Low
43327,28,4,Low
43328,261,1,High
43329,52,2,Low
43330,242,2,High
43331,3,4,Low
43333,327,2,High
43334,162,2,Low
43335,87,2,Low
43336,230,3,High
43337,203,2,High
43340,52,2,Low
43342,20,3,Low
43343,60,7,Low
43344,93,4,Low
43345,58,1,Low
43346,301,1,High
43348,233,1,High
43349,17,1,Low
43350,5,2,Low
43351,93,3,Low
43352,4,5,Low
43353,152,4,Low
43354,280,1,High
43355,365,1,High
43356,37,2,Low
43357,131,5,Low
43358,2,6,Low
43360,261,1,High
43361,25,2,Low
43362,53,3,Low
43363,37,2,Low
43364,28,2,Low
43365,252,1,High
43366,116,3,Low
43367,12,2,Low
43368,364,1,High
43369,229,3,High
43370,25,2,Low
43371,224,1,High
43372,54,3,Low
43373,42,3,Low
43374,63,2,Low
43375,258,3,High
43376,63,1,Low
43378,276,1,High
43379,117,5,Low
43381,62,1,Low
43382,228,1,High
43383,331,1,High
43385,130,1,Low
43386,284,1,High
43387,181,2,Low
43388,78,4,Low
43389,103,2,Low
43390,265,1,High
43391,46,1,Low
43392,276,1,High
43393,36,1,Low
43394,82,2,Low
43395,20,5,Low
43397,143,4,Low
43398,20,4,Low
43399,182,1,Low
43400,147,3,Low
43401,163,2,Low
43402,5,2,Low
43404,327,2,High
43405,164,4,Low
43406,169,1,Low
43407,73,2,Low
43408,85,3,Low
43409,11,2,Low
43410,172,1,Low
43411,80,2,Low
43412,86,2,Low
43413,5,2,Low
43414,51,5,Low
43415,244,1,High
43416,273,1,High
43417,157,3,Low
43418,61,2,Low
43419,215,1,High
43420,232,2,High
43421,162,2,Low
43422,52,2,Low
43423,167,1,Low
43425,95,1,Low
43426,36,4,Low
43427,114,2,Low
43428,66,3,Low
43429,263,1,High
43430,294,2,High
43432,240,1,High
43433,271,2,High
43434,291,2,High
43435,117,1,Low
43436,157,3,Low
43437,59,6,Low
43439,200,1,High
43440,353,1,High
43441,145,2,Low
43444,6,2,Low
43445,45,2,Low
43446,210,1,High
43448,175,2,Low
43449,297,2,High
43450,277,1,High
43451,12,3,Low
43452,69,1,Low
43453,309,1,High
43454,139,3,Low
43455,119,1,Low
43456,73,3,Low
43457,120,3,Low
43458,146,2,Low
43460,37,4,Low
43461,82,3,Low
43463,91,3,Low
43464,12,2,Low
43465,82,2,Low
43466,159,1,Low
43467,276,1,High
43468,60,4,Low
43470,270,2,High
43471,16,1,Low
43472,90,2,Low
43473,5,4,Low
43474,302,2,High
43475,4,2,Low
43477,260,1,High
43478,91,2,Low
43479,11,2,Low
43480,144,2,Low
43481,125,2,Low
43482,158,2,Low
43483,24,1,Low
43484,143,1,Low
43486,85,3,Low
43487,165,2,Low
43488,1,5,Low
43489,67,1,Low
43490,209,2,High
43491,20,2,Low
43493,136,1,Low
43495,35,4,Low
43496,119,2,Low
43497,37,5,Low
43498,94,2,Low
43499,224,1,High
43500,90,4,Low
43501,242,2,High
43502,48,3,Low
43503,1,5,Low
43504,78,1,Low
43505,26,1,Low
43506,65,3,Low
43507,6,3,Low
43508,139,2,Low
43509,166,1,Low
43510,36,3,Low
43511,60,3,Low
43512,166,2,Low
43513,110,3,Low
43514,76,3,Low
43515,151,2,Low
43516,50,3,Low
43517,59,1,Low
43518,43,2,Low
43519,189,2,Low
43521,90,3,Low
43522,52,6,Low
43525,145,1,Low
43526,39,3,Low
43527,152,3,Low
43528,342,2,High
43529,146,1,Low
43530,112,4,Low
43531,331,1,High
43532,227,1,High
43533,136,2,Low
43534,23,2,Low
43535,49,3,Low
43536,122,5,Low
43537,333,1,High
43538,30,2,Low
43540,109,2,Low
43541,171,1,Low
43543,277,3,High
43544,142,2,Low
43545,220,3,High
43546,58,1,Low
43548,287,2,High
43549,60,1,Low
43550,64,4,Low
43551,136,2,Low
43552,58,4,Low
43553,67,2,Low
43554,6,1,Low
43555,75,3,Low
43556,262,1,High
43557,216,2,High
43558,217,2,High
43559,165,2,Low
43561,352,1,High
43562,264,1,High
43564,5,1,Low
43566,212,2,High
43567,53,1,Low
43568,2,3,Low
43569,156,4,Low
43570,68,2,Low
43571,120,3,Low
43572,173,3,Low
43573,127,2,Low
43574,175,3,Low
43575,13,1,Low
43576,4,3,Low
43577,80,5,Low
43581,34,1,Low
43582,34,2,Low
43583,62,5,Low
43584,152,1,Low
43585,50,3,Low
43586,167,2,Low
43587,197,1,High
43588,49,5,Low
43589,65,1,Low
43590,22,2,Low
43591,251,1,High
43592,89,3,Low
43594,44,2,Low
43595,108,3,Low
43596,261,3,High
43597,241,1,High
43598,232,2,High
43600,72,3,Low
43601,302,2,High
43603,212,2,High
43605,12,5,Low
43606,333,1,High
43607,5,3,Low
43608,3,2,Low
43609,17,5,Low
43610,24,1,Low
43611,96,1,Low
43612,314,1,High
43613,10,2,Low
43614,124,3,Low
43615,125,1,Low
43616,51,1,Low
43618,43,2,Low
43621,228,1,High
43622,215,1,High
43624,81,2,Low
43625,78,1,Low
43627,100,3,Low
43628,58,4,Low
43629,112,2,Low
43630,12,4,Low
43631,73,4,Low
43632,114,3,Low
43633,13,1,Low
43634,76,1,Low
43635,252,1,High
43636,153,2,Low
43637,179,1,Low
43638,181,1,Low
43639,307,1,High
43640,167,3,Low
43641,40,4,Low
43642,67,3,Low
43643,63,2,Low
43644,3,5,Low
43645,227,2,High
43647,54,2,Low
43648,51,3,Low
43650,41,2,Low
43651,59,4,Low
43652,243,2,High
43653,262,1,High
43654,200,1,High
43655,61,4,Low
43656,39,1,Low
43657,156,1,Low
43658,256,1,High
43659,246,1,High
43661,94,2,Low
43662,359,1,High
43663,205,1,High
43664,236,1,High
43665,26,3,Low
43666,242,1,High
43667,63,2,Low
43668,39,3,Low
43669,28,2,Low
43670,5,4,Low
43671,293,1,High
43672,201,2,High
43673,81,1,Low
43674,278,1,High
43675,197,1,High
43676,92,3,Low
43677,249,3,High
43678,13,4,Low
43679,37,2,Low
43681,36,2,Low
43682,82,1,Low
43683,53,2,Low
43684,48,2,Low
43685,47,2,Low
43686,290,1,High
43687,168,1,Low
43689,17,3,Low
43690,223,1,High
43691,83,2,Low
43692,58,3,Low
43694,122,2,Low
43695,60,4,Low
43696,248,1,High
43697,93,2,Low
43699,94,2,Low
43700,104,2,Low
43702,227,3,High
43703,83,3,Low
43704,257,1,High
43705,166,5,Low
43707,187,1,Low
43708,209,1,High
43709,29,5,Low
43710,90,2,Low
43711,154,6,Low
43712,110,3,Low
43713,29,2,Low
43714,127,2,Low
43715,77,2,Low
43716,219,2,High
43717,125,2,Low
43718,361,1,High
43719,156,2,Low
43720,119,1,Low
43721,194,1,High
43723,227,1,High
43724,276,3,High
43725,215,3,High
43726,180,2,Low
43727,105,2,Low
43728,114,3,Low
43729,1,4,Low
43730,89,2,Low
43731,270,1,High
43732,268,1,High
43734,49,1,Low
43735,81,5,Low
43736,269,1,High
43737,3,3,Low
43738,18,2,Low
43739,212,4,High
43740,9,2,Low
43741,133,4,Low
43742,14,3,Low
43743,22,3,Low
43744,78,2,Low
43745,84,4,Low
43746,315,1,High
43748,209,1,High
43749,1,5,Low
43750,190,2,Low
43751,146,2,Low
43752,96,2,Low
43753,347,1,High
43754,93,5,Low
43755,226,1,High
43756,92,1,Low
43757,231,2,High
43758,271,2,High
43759,32,3,Low
43760,126,1,Low
43761,119,2,Low
43764,226,1,High
43765,92,2,Low
43766,169,1,Low
43767,11,2,Low
43768,287,1,High
43769,30,4,Low
43770,185,4,Low
43771,77,2,Low
43772,114,1,Low
43773,34,3,Low
43774,52,4,Low
43775,36,3,Low
43776,41,2,Low
43777,63,2,Low
43778,61,1,Low
43779,120,3,Low
43780,68,5,Low
43781,143,3,Low
43782,314,1,High
43783,152,5,Low
43784,113,2,Low
43785,9,4,Low
43786,134,3,Low
43787,356,1,High
43788,283,1,High
43789,50,4,Low
43790,84,4,Low
43792,56,2,Low
43793,132,3,Low
43794,112,1,Low
43795,152,1,Low
43796,7,1,Low
43797,90,3,Low
43798,35,4,Low
43799,12,2,Low
43800,16,1,Low
43801,63,4,Low
43802,110,2,Low
43803,10,4,Low
43804,193,1,Low
43805,135,3,Low
43806,320,1,High
43807,200,3,High
43808,38,4,Low
43809,323,1,High
43810,350,1,High
43811,30,6,Low
43812,85,2,Low
43813,333,1,High
43814,336,1,High
43815,164,1,Low
43816,180,2,Low
43817,93,2,Low
43818,276,1,High
43819,164,2,Low
43820,83,5,Low
43821,55,2,Low
43824,179,2,Low
43825,16,3,Low
43826,49,1,Low
43827,355,1,High
43828,295,2,High
43829,82,3,Low
43830,132,3,Low
43831,133,2,Low
43832,312,1,High
43833,39,7,Low
43834,166,1,Low
43835,190,2,Low
43836,14,3,Low
43837,222,1,High
43838,197,1,High
43839,325,1,High
43840,92,4,Low
43842,302,1,High
43843,116,2,Low
43844,63,1,Low
43845,148,1,Low
43846,140,1,Low
43848,128,3,Low
43849,334,1,High
43850,298,1,High
43851,26,10,Low
43852,3,2,Low
43853,271,2,High
43854,179,1,Low
43855,26,1,Low
43857,41,5,Low
43859,159,1,Low
43861,120,2,Low
43862,238,1,High
43863,128,4,Low
43864,54,4,Low
43865,225,2,High
43866,210,1,High
43867,241,2,High
43868,254,2,High
43869,115,5,Low
43870,8,5,Low
43871,47,4,Low
43872,15,3,Low
43873,243,1,High
43874,111,1,Low
43875,23,2,Low
43876,194,2,High
43877,8,2,Low
43880,145,1,Low
43881,195,4,High
43882,52,1,Low
43883,125,3,Low
43884,32,2,Low
43885,170,1,Low
43887,93,3,Low
43888,271,1,High
43889,208,2,High
43890,116,2,Low
43891,283,1,High
43892,309,2,High
43893,141,1,Low
43894,86,2,Low
43897,359,1,High
43898,124,2,Low
43899,25,4,Low
43900,59,1,Low
43901,357,1,High
43902,107,3,Low
43903,55,3,Low
43904,337,1,High
43905,112,3,Low
43906,143,2,Low
43907,14,2,Low
43908,304,3,High
43909,53,3,Low
43911,41,1,Low
43912,146,2,Low
43914,126,1,Low
43915,18,4,Low
43916,38,2,Low
43917,42,1,Low
43918,269,1,High
43919,182,4,Low
43920,50,4,Low
43921,80,3,Low
43922,159,2,Low
43923,215,2,High
43924,274,1,High
43925,85,3,Low
43926,12,2,Low
43927,101,1,Low
43928,18,3,Low
43929,124,3,Low
43930,307,2,High
43931,119,3,Low
43932,139,2,Low
43933,39,2,Low
43934,42,2,Low
43935,186,1,Low
43937,57,2,Low
43938,74,2,Low
43939,277,1,High
43941,105,5,Low
43942,20,2,Low
43943,52,2,Low
43945,191,2,Low
43946,92,3,Low
43947,238,2,High
43949,110,1,Low
43950,296,1,High
43951,60,4,Low
43952,124,2,Low
43953,52,5,Low
43954,66,1,Low
43956,88,1,Low
43957,263,1,High
43958,45,3,Low
43959,110,2,Low
43960,17,1,Low
43962,209,1,High
43963,305,2,High
43964,47,3,Low
43965,329,2,High
43966,169,2,Low
43967,93,1,Low
43968,93,1,Low
43969,29,1,Low
43970,275,1,High
43971,306,1,High
43972,227,1,High
43973,139,2,Low
43974,24,3,Low
43975,10,2,Low
43976,30,5,Low
43977,130,4,Low
43979,298,1,High
43981,267,2,High
43982,66,2,Low
43983,4,2,Low
43984,274,1,High
43986,41,4,Low
43987,59,4,Low
43988,174,4,Low
43989,71,5,Low
43990,96,3,Low
43991,105,1,Low
43993,111,3,Low
43995,57,1,Low
43996,2,5,Low
43997,99,2,Low
43999,118,2,Low
44000,117,1,Low
44001,106,2,Low
44003,349,1,High
44004,37,4,Low
44005,95,2,Low
44006,104,2,Low
44008,109,2,Low
44010,72,3,Low
44011,42,3,Low
44012,53,2,Low
44013,45,5,Low
44014,1,2,Low
44016,66,1,Low
44017,224,1,High
44018,190,2,Low
44020,305,2,High
44021,71,4,Low
44022,175,4,Low
44023,362,1,High
44024,143,1,Low
44025,37,5,Low
44027,80,5,Low
44028,41,2,Low
44029,162,2,Low
44030,60,1,Low
44031,78,2,Low
44032,206,3,High
44034,108,3,Low
44035,195,1,High
44037,100,3,Low
44038,142,3,Low
44040,254,1,High
44041,192,2,Low
44042,285,1,High
44043,283,2,High
44044,101,4,Low
44045,170,1,Low
44046,281,2,High
44047,171,1,Low
44049,241,3,High
44050,92,2,Low
44053,37,1,Low
44054,122,1,Low
44055,141,1,Low
44056,144,2,Low
44057,6,1,Low
44058,345,1,High
44059,65,2,Low
44060,15,2,Low
44063,107,1,Low
44064,157,3,Low
44065,45,1,Low
44066,95,2,Low
44067,184,1,Low
44068,103,2,Low
44069,159,2,Low
44071,283,1,High
44072,183,1,Low
44073,132,2,Low
44074,2,2,Low
44075,167,1,Low
44077,75,2,Low
44078,64,3,Low
44079,72,2,Low
44080,73,4,Low
44081,2,4,Low
44082,224,1,High
44083,98,1,Low
44084,191,1,Low
44085,257,1,High
44086,62,2,Low
44087,39,2,Low
44088,26,2,Low
44090,43,3,Low
44091,3,2,Low
44092,103,1,Low
44093,6,1,Low
44094,69,3,Low
44095,6,7,Low
44096,192,1,Low
44097,5,3,Low
44099,1,3,Low
44101,198,1,High
44103,163,1,Low
44104,143,1,Low
44106,44,1,Low
44107,286,1,High
44108,242,1,High
44109,348,1,High
44110,354,1,High
44111,171,2,Low
44112,10,3,Low
44113,4,4,Low
44116,53,3,Low
44117,65,3,Low
44118,29,5,Low
44119,78,1,Low
44120,235,1,High
44121,286,2,High
44122,225,1,High
44123,78,4,Low
44124,255,1,High
44125,288,1,High
44126,188,1,Low
44127,105,2,Low
44128,201,1,High
44129,122,2,Low
44130,341,1,High
44131,124,1,Low
44132,15,3,Low
44133,83,5,Low
44134,30,2,Low
44135,253,1,High
44136,88,1,Low
44137,79,2,Low
44138,151,2,Low
44139,1,2,Low
44140,199,1,High
44141,334,1,High
44142,217,2,High
44143,244,2,High
44144,117,2,Low
44146,108,1,Low
44147,258,1,High
44148,71,1,Low
44149,45,4,Low
44150,5,2,Low
44153,93,1,Low
44154,150,3,Low
44155,9,5,Low
44156,309,1,High
44157,29,1,Low
44158,30,2,Low
44159,3,2,Low
44160,218,2,High
44161,26,7,Low
44162,164,1,Low
44163,92,1,Low
44164,94,3,Low
44165,268,1,High
44166,54,3,Low
44167,21,3,Low
44168,31,1,Low
44169,48,4,Low
44170,19,6,Low
44171,223,3,High
44172,98,2,Low
44173,124,3,Low
44174,129,1,Low
44175,80,3,Low
44176,41,4,Low
44177,286,1,High
44178,247,2,High
44179,254,2,High
44180,104,1,Low
44181,137,2,Low
44182,140,3,Low
44183,107,1,Low
44184,58,2,Low
44186,75,3,Low
44187,152,2,Low
44188,134,3,Low
44189,288,1,High
44190,135,2,Low
44191,95,3,Low
44192,44,3,Low
44193,111,3,Low
44194,31,2,Low
44196,213,1,High
44197,82,1,Low
44198,38,3,Low
44199,108,3,Low
44200,29,4,Low
44201,59,1,Low
44202,145,3,Low
44203,16,2,Low
44205,70,3,Low
44206,178,1,Low
44207,311,2,High
44208,168,1,Low
44209,106,3,Low
44210,109,3,Low
44211,167,1,Low
44212,52,3,Low
44213,165,1,Low
44214,15,3,Low
44215,114,1,Low
44217,2,2,Low
44218,67,5,Low
44219,50,1,Low
44221,135,3,Low
44222,333,2,High
44223,32,5,Low
44224,197,3,High
44225,4,3,Low
44226,56,2,Low
44228,17,3,Low
44229,99,3,Low
44230,36,2,Low
44231,46,1,Low
44232,35,2,Low
44233,161,3,Low
44234,237,4,High
44236,124,3,Low
44237,142,2,Low
44238,108,4,Low
44239,251,1,High
44241,84,4,Low
44242,302,1,High
44243,281,1,High
44244,125,1,Low
44245,132,1,Low
44246,78,2,Low
44247,43,5,Low
44248,10,4,Low
44250,61,3,Low
44251,29,3,Low
44252,134,1,Low
44253,270,1,High
44255,155,2,Low
44257,174,1,Low
44258,127,2,Low
44259,149,6,Low
44260,65,1,Low
44261,35,5,Low
44262,192,2,Low
44263,43,5,Low
44264,310,3,High
44265,193,1,Low
44266,167,3,Low
44267,150,1,Low
44268,298,1,High
44269,39,4,Low
44270,2,5,Low
44271,327,1,High
44272,153,1,Low
44273,129,2,Low
44275,128,1,Low
44276,74,6,Low
44277,1,3,Low
44278,104,1,Low
44279,275,2,High
44281,76,2,Low
44282,218,1,High
44283,328,1,High
44284,86,3,Low
44285,207,1,High
44287,283,2,High
44288,90,1,Low
44293,212,3,High
44294,288,2,High
44295,27,2,Low
44296,210,2,High
44297,166,1,Low
44298,13,4,Low
44299,29,5,Low
44300,260,1,High
44301,98,1,Low
44302,312,1,High
44304,333,1,High
44306,28,4,Low
44307,231,3,High
44308,95,4,Low
44309,75,3,Low
44310,19,2,Low
44311,337,1,High
44312,55,3,Low
44313,43,1,Low
44314,81,6,Low
44315,26,4,Low
44316,90,2,Low
44317,289,1,High
44318,133,3,Low
44320,161,2,Low
44321,14,3,Low
44323,233,3,High
44324,11,2,Low
44325,102,2,Low
44326,53,3,Low
44327,20,4,Low
44328,232,2,High
44329,179,2,Low
44330,146,1,Low
44331,270,1,High
44333,108,1,Low
44334,20,2,Low
44335,132,2,Low
44336,298,1,High
44337,112,3,Low
44339,336,1,High
44340,275,3,High
44341,11,2,Low
44342,192,2,Low
44343,78,4,Low
44344,182,1,Low
44345,128,1,Low
44346,135,3,Low
44348,92,4,Low
44349,202,1,High
44350,159,3,Low
44351,274,1,High
44352,106,2,Low
44353,5,3,Low
44354,168,2,Low
44355,50,1,Low
44356,7,2,Low
44357,180,3,Low
44359,106,3,Low
44360,75,3,Low
44361,223,1,High
44362,101,2,Low
44364,245,1,High
44365,213,1,High
44366,123,2,Low
44367,197,1,High
44368,34,2,Low
44369,101,1,Low
44370,102,3,Low
44371,348,1,High
44373,323,1,High
44374,100,4,Low
44375,243,1,High
44376,23,1,Low
44378,181,1,Low
44379,75,5,Low
44381,262,2,High
44382,21,1,Low
44383,26,6,Low
44385,110,2,Low
44386,82,2,Low
44387,66,1,Low
44388,133,1,Low
44389,10,2,Low
44390,158,4,Low
44391,128,2,Low
44392,35,2,Low
44393,154,3,Low
44394,182,3,Low
44395,106,4,Low
44396,231,3,High
44397,221,3,High
44398,83,3,Low
44399,202,2,High
44400,65,3,Low
44401,57,2,Low
44402,13,2,Low
44403,136,2,Low
44404,51,2,Low
44406,70,1,Low
44407,92,2,Low
44408,22,1,Low
44409,18,1,Low
44410,1,3,Low
44411,224,1,High
44412,168,2,Low
44415,119,2,Low
44417,23,2,Low
44418,129,2,Low
44419,52,3,Low
44420,353,2,High
44421,260,1,High
44422,42,3,Low
44423,146,1,Low
44424,226,1,High
44425,175,2,Low
44426,100,5,Low
44427,117,3,Low
44428,206,1,High
44429,103,3,Low
44430,189,1,Low
44431,119,3,Low
44432,19,1,Low
44433,203,3,High
44434,2,3,Low
44435,54,3,Low
44436,94,2,Low
44438,307,1,High
44439,129,4,Low
44440,199,2,High
44441,174,1,Low
44442,41,2,Low
44443,189,1,Low
44444,213,1,High
44445,54,6,Low
44446,93,3,Low
44447,25,3,Low
44450,222,3,High
44453,57,1,Low
44454,353,1,High
44456,107,4,Low
44457,208,1,High
44459,126,4,Low
44460,81,4,Low
44461,190,3,Low
44462,84,3,Low
44464,77,3,Low
44465,214,1,High
44466,163,1,Low
44467,167,4,Low
44468,342,1,High
44469,202,2,High
44471,53,2,Low
44472,334,1,High
44474,49,3,Low
44475,128,2,Low
44476,141,1,Low
44477,91,4,Low
44478,182,2,Low
44479,122,2,Low
44480,268,2,High
44481,335,2,High
44483,159,2,Low
44484,40,4,Low
44485,183,2,Low
44486,97,6,Low
44487,134,4,Low
44488,96,1,Low
44489,156,2,Low
44490,106,4,Low
44491,77,3,Low
44492,244,2,High
44493,292,1,High
44494,340,1,High
44495,94,3,Low
44496,50,1,Low
44497,330,1,High
44498,347,1,High
44499,359,1,High
44500,146,2,Low
44501,25,2,Low
44502,120,1,Low
44504,175,4,Low
44505,223,2,High
44506,104,2,Low
44508,74,3,Low
44509,85,5,Low
44510,72,3,Low
44511,20,1,Low
44512,280,1,High
44513,120,3,Low
44514,120,2,Low
44515,21,3,Low
44517,152,3,Low
44518,286,1,High
44519,214,3,High
44522,140,3,Low
44523,151,2,Low
44524,238,1,High
44528,25,4,Low
44529,248,2,High
44530,142,1,Low
44531,13,2,Low
44532,8,2,Low
44533,194,2,High
44534,21,4,Low
44535,44,3,Low
44536,67,2,Low
44537,89,2,Low
44538,5,3,Low
44539,47,2,Low
44540,149,4,Low
44542,3,2,Low
44543,89,3,Low
44544,199,2,High
44545,188,1,Low
44546,206,2,High
44547,314,1,High
44548,51,1,Low
44549,307,1,High
44550,125,3,Low
44551,25,3,Low
44552,249,1,High
44554,108,4,Low
44555,162,1,Low
44557,175,1,Low
44558,9,7,Low
44559,12,4,Low
44560,46,3,Low
44561,67,1,Low
44562,119,2,Low
44563,40,2,Low
44564,8,4,Low
44565,181,3,Low
44566,32,2,Low
44567,197,1,High
44568,41,2,Low
44569,114,3,Low
44570,57,4,Low
44571,108,1,Low
44572,276,2,High
44573,242,2,High
44574,210,2,High
44576,239,2,High
44577,79,2,Low
44578,319,1,High
44579,57,2,Low
44580,214,1,High
44581,22,3,Low
44582,168,3,Low
44583,327,1,High
44584,151,2,Low
44585,73,2,Low
44586,63,3,Low
44587,4,3,Low
44588,295,1,High
44589,122,4,Low
44590,163,3,Low
44591,47,2,Low
44593,142,1,Low
44594,153,4,Low
44595,68,3,Low
44596,274,1,High
44597,43,3,Low
44598,9,2,Low
44599,261,1,High
44600,193,3,Low
44603,136,1,Low
44604,86,3,Low
44606,139,3,Low
44610,31,1,Low
44611,101,2,Low
44612,106,2,Low
44613,36,1,Low
44614,99,1,Low
44615,22,6,Low
44616,66,6,Low
44618,6,2,Low
44619,29,2,Low
44620,152,4,Low
44621,341,1,High
44622,63,1,Low
44623,39,1,Low
44625,117,1,Low
44626,143,3,Low
44627,53,2,Low
44630,103,5,Low
44631,8,2,Low
44632,58,4,Low
44633,178,2,Low
44634,132,3,Low
44635,107,2,Low
44636,321,1,High
44637,199,1,High
44639,14,4,Low
44640,117,2,Low
44641,328,1,High
44642,6,2,Low
44643,121,3,Low
44644,49,3,Low
44646,59,2,Low
44647,29,4,Low
44648,144,2,Low
44649,27,1,Low
44650,210,1,High
44651,350,3,High
44653,17,2,Low
44654,132,3,Low
44655,18,4,Low
44656,226,1,High
44657,138,3,Low
44658,180,2,Low
44659,90,1,Low
44660,119,3,Low
44661,41,2,Low
44662,91,4,Low
44663,24,2,Low
44664,31,3,Low
44666,20,3,Low
44667,46,5,Low
44668,81,1,Low
44669,151,3,Low
44670,271,2,High
44671,78,1,Low
44673,136,3,Low
44674,92,1,Low
44675,160,4,Low
44676,39,3,Low
44677,261,2,High
44678,56,1,Low
44679,17,1,Low
44680,118,3,Low
44681,104,2,Low
44682,334,1,High
44683,115,2,Low
44684,352,1,High
44685,55,2,Low
44686,291,2,High
44687,354,1,High
44688,43,2,Low
44690,106,2,Low
44691,249,2,High
44692,35,1,Low
44693,163,2,Low
44694,34,2,Low
44695,111,1,Low
44697,125,3,Low
44698,298,1,High
44699,292,1,High
44700,50,2,Low
44701,167,1,Low
44702,189,2,Low
44703,44,3,Low
44704,131,3,Low
44705,195,1,High
44707,80,3,Low
44708,48,2,Low
44709,87,2,Low
44710,118,3,Low
44711,256,1,High
44713,144,4,Low
44714,117,4,Low
44715,1,2,Low
44716,13,4,Low
44717,81,3,Low
44718,212,4,High
44720,137,2,Low
44721,183,2,Low
44723,145,1,Low
44724,95,2,Low
44725,358,1,High
44726,272,2,High
44727,18,3,Low
44728,79,3,Low
44730,296,3,High
44731,81,2,Low
44732,217,2,High
44734,54,3,Low
44735,19,3,Low
44736,139,1,Low
44737,68,3,Low
44738,17,3,Low
44739,78,3,Low
44741,63,3,Low
44742,11,3,Low
44743,186,2,Low
44744,171,1,Low
44745,268,1,High
44746,80,3,Low
44747,53,6,Low
44749,14,3,Low
44750,48,5,Low
44751,135,2,Low
44752,164,3,Low
44753,70,2,Low
44754,44,2,Low
44755,70,4,Low
44756,111,2,Low
44757,188,1,Low
44758,152,1,Low
44759,59,1,Low
44761,173,2,Low
44762,152,3,Low
44763,174,2,Low
44764,238,2,High
44765,52,3,Low
44766,304,1,High
44768,279,2,High
44769,15,3,Low
44770,45,2,Low
44771,96,1,Low
44772,77,1,Low
44774,159,2,Low
44776,214,3,High
44778,49,2,Low
44779,38,2,Low
44780,147,1,Low
44781,60,4,Low
44782,15,4,Low
44783,344,1,High
44785,12,2,Low
44787,199,1,High
44788,160,1,Low
44789,74,2,Low
44790,138,4,Low
44791,84,2,Low
44792,45,5,Low
44793,63,3,Low
44794,266,1,High
44795,276,1,High
44796,207,1,High
44797,162,2,Low
44798,30,1,Low
44799,30,2,Low
44801,26,3,Low
44802,219,1,High
44803,265,2,High
44804,67,2,Low
44805,146,2,Low
44807,275,1,High
44808,44,3,Low
44809,123,1,Low
44810,360,1,High
44811,29,3,Low
44812,195,1,High
44813,225,1,High
44814,7,5,Low
44815,124,3,Low
44816,85,2,Low
44817,83,3,Low
44818,223,2,High
44819,290,3,High
44820,195,1,High
44822,178,2,Low
44823,72,1,Low
44824,132,3,Low
44825,38,5,Low
44826,144,1,Low
44827,96,3,Low
44828,22,1,Low
44829,111,4,Low
44830,140,3,Low
44831,258,4,High
44832,86,4,Low
44833,192,2,Low
44834,53,2,Low
44835,292,2,High
44836,290,2,High
44838,323,1,High
44839,299,1,High
44840,178,1,Low
44841,22,3,Low
44842,221,1,High
44844,158,3,Low
44845,3,2,Low
44848,24,1,Low
44849,17,2,Low
44850,101,3,Low
44851,129,2,Low
44852,174,3,Low
44854,261,1,High
44855,77,4,Low
44856,227,1,High
44857,189,3,Low
44858,226,2,High
44859,13,2,Low
44860,50,2,Low
44861,90,5,Low
44862,41,3,Low
44863,117,4,Low
44865,317,1,High
44866,253,1,High
44867,163,2,Low
44868,100,2,Low
44871,95,1,Low
44872,333,1,High
44873,77,4,Low
44874,101,5,Low
44875,271,3,High
44876,286,3,High
44877,210,3,High
44878,26,2,Low
44880,335,1,High
44881,315,1,High
44882,111,4,Low
44883,4,2,Low
44884,252,3,High
44885,49,1,Low
44886,59,3,Low
44887,93,2,Low
44888,175,3,Low
44889,238,2,High
44890,47,2,Low
44891,68,6,Low
44892,84,3,Low
44893,26,3,Low
44894,61,5,Low
44895,278,3,High
44896,183,2,Low
44897,313,1,High
44898,61,5,Low
44900,58,3,Low
44901,14,4,Low
44902,214,2,High
44903,37,4,Low
44904,61,1,Low
44905,239,2,High
44906,184,2,Low
44907,55,2,Low
44908,162,4,Low
44911,208,1,High
44912,313,1,High
44913,274,1,High
44914,170,4,Low
44915,86,3,Low
44917,272,2,High
44918,66,3,Low
44920,61,4,Low
44921,315,1,High
44922,234,3,High
44923,18,2,Low
44924,56,4,Low
44925,52,5,Low
44926,21,2,Low
44927,10,5,Low
44928,161,3,Low
44929,243,3,High
44930,38,2,Low
44931,22,3,Low
44932,46,2,Low
44934,8,3,Low
44935,60,4,Low
44936,243,1,High
44937,38,4,Low
44938,185,2,Low
44939,78,6,Low
44941,232,2,High
44942,115,2,Low
44943,66,3,Low
44944,6,3,Low
44945,43,2,Low
44946,84,2,Low
44947,26,3,Low
44948,84,4,Low
44949,117,4,Low
44950,105,1,Low
44951,19,3,Low
44952,120,5,Low
44953,312,1,High
44954,106,2,Low
44955,299,1,High
44956,18,2,Low
44957,70,5,Low
44958,128,1,Low
44959,1,4,Low
44960,57,3,Low
44961,242,1,High
44962,162,5,Low
44963,110,2,Low
44964,223,2,High
44965,185,1,Low
44966,174,3,Low
44967,180,1,Low
44968,117,3,Low
44969,63,3,Low
44970,10,1,Low
44971,240,2,High
44973,71,2,Low
44974,4,1,Low
44975,160,1,Low
44976,281,1,High
44977,101,2,Low
44978,153,3,Low
44979,93,2,Low
44981,157,3,Low
44982,108,3,Low
44983,103,2,Low
44984,258,2,High
44985,5,2,Low
44986,204,2,High
44987,193,1,Low
44988,72,4,Low
44989,153,1,Low
44990,8,3,Low
44991,263,1,High
44992,47,2,Low
44993,285,1,High
44994,355,1,High
44996,105,3,Low
44997,150,4,Low
44999,23,2,Low
45000,359,1,High
45001,7,3,Low
45002,157,2,Low
45003,164,1,Low
45004,69,3,Low
45005,346,1,High
45006,5,4,Low
45008,117,3,Low
45009,115,1,Low
45010,53,4,Low
45011,346,1,High
45012,244,1,High
45014,233,3,High
45015,40,2,Low
45016,69,2,Low
45017,250,1,High
45018,122,1,Low
45020,137,4,Low
45021,95,4,Low
45022,135,5,Low
45023,7,3,Low
45024,158,3,Low
45025,115,3,Low
45026,148,1,Low
45028,82,5,Low
45029,108,2,Low
45030,55,2,Low
45031,198,1,High
45032,19,4,Low
45033,116,2,Low
45034,273,1,High
45035,283,2,High
45036,58,1,Low
45037,103,1,Low
45039,77,3,Low
45040,3,3,Low
45043,341,1,High
45044,147,1,Low
45045,51,7,Low
45046,294,1,High
45047,311,2,High
45048,105,1,Low
45049,270,1,High
45050,177,1,Low
45051,122,3,Low
45053,20,3,Low
45054,187,2,Low
45055,198,1,High
45056,65,2,Low
45057,99,2,Low
45058,41,3,Low
45059,15,1,Low
45060,101,3,Low
45061,32,1,Low
45062,33,4,Low
45063,76,2,Low
45064,222,2,High
45065,62,2,Low
45066,10,5,Low
45067,92,2,Low
45068,260,1,High
45069,164,1,Low
45070,264,1,High
45071,323,2,High
45072,166,1,Low
45073,13,4,Low
45074,100,3,Low
45076,43,2,Low
45077,65,6,Low
45078,46,3,Low
45079,13,2,Low
45080,3,1,Low
45082,221,2,High
45083,36,3,Low
45084,328,1,High
45085,52,3,Low
45086,225,3,High
45087,66,5,Low
45088,174,2,Low
45089,123,2,Low
45090,208,1,High
45091,331,1,High
45092,17,1,Low
45093,138,4,Low
45094,19,6,Low
45095,2,2,Low
45096,48,3,Low
45099,10,4,Low
45100,123,1,Low
45101,278,2,High
45103,192,2,Low
45104,7,3,Low
45105,202,3,High
45107,65,1,Low
45108,227,3,High
45110,70,3,Low
45111,45,3,Low
45112,9,3,Low
45113,43,7,Low
45114,163,4,Low
45115,44,5,Low
45116,31,1,Low
45117,343,1,High
45118,220,2,High
45119,78,2,Low
45120,8,2,Low
45121,174,1,Low
45122,303,1,High
45123,32,3,Low
45124,297,2,High
45125,42,6,Low
45126,21,6,Low
45127,343,1,High
45128,292,1,High
45129,55,2,Low
45131,333,1,High
45132,45,5,Low
45133,100,2,Low
45134,304,1,High
45135,62,1,Low
45136,20,2,Low
45137,127,1,Low
45138,32,1,Low
45139,358,1,High
45140,235,1,High
45141,17,5,Low
45142,170,1,Low
45143,90,3,Low
45144,3,3,Low
45145,94,2,Low
45146,233,1,High
45147,99,2,Low
45148,278,2,High
45150,30,4,Low
45151,205,1,High
45152,16,2,Low
45153,12,1,Low
45154,40,3,Low
45155,38,1,Low
45157,326,2,High
45158,87,2,Low
45159,27,1,Low
45161,193,1,Low
45162,75,2,Low
45163,54,1,Low
45164,168,2,Low
45165,58,3,Low
45166,119,4,Low
45167,260,1,High
45169,69,3,Low
45170,235,2,High
45171,81,3,Low
45172,129,2,Low
45174,150,1,Low
45175,25,3,Low
45177,67,3,Low
45178,155,2,Low
45179,36,2,Low
45180,280,2,High
45181,209,2,High
45182,49,1,Low
45183,298,2,High
45184,278,1,High
45185,231,1,High
45186,19,1,Low
45187,159,1,Low
45188,245,1,High
45189,8,6,Low
45190,121,2,Low
45191,157,4,Low
45192,289,1,High
45193,244,2,High
45194,168,2,Low
45195,71,1,Low
45196,194,2,High
45197,203,1,High
45199,335,1,High
45200,105,1,Low
45202,175,2,Low
45203,136,1,Low
45204,104,2,Low
45205,81,4,Low
45206,80,3,Low
45207,300,2,High
45208,318,1,High
45209,341,1,High
45210,31,4,Low
45211,9,3,Low
45212,81,3,Low
45213,74,3,Low
45214,40,4,Low
45216,341,1,High
45218,70,3,Low
45219,58,3,Low
45222,176,2,Low
45223,226,1,High
45224,26,2,Low
45225,6,4,Low
45226,142,3,Low
45227,208,2,High
45228,52,3,Low
45230,47,2,Low
45231,14,3,Low
45233,344,2,High
45234,121,3,Low
45235,15,2,Low
45236,73,1,Low
45237,115,3,Low
45238,348,1,High
45239,135,1,Low
45240,22,3,Low
45241,57,2,Low
45242,182,1,Low
45243,353,1,High
45244,67,7,Low
45245,37,1,Low
45246,188,1,Low
45247,287,1,High
45249,339,1,High
45250,123,3,Low
45252,150,3,Low
45253,16,5,Low
45254,81,5,Low
45255,172,1,Low
45259,88,4,Low
45260,162,1,Low
45261,18,7,Low
45262,128,3,Low
45263,22,3,Low
45264,187,5,Low
45266,140,2,Low
45267,45,2,Low
45268,4,3,Low
45269,157,1,Low
45270,111,2,Low
45272,310,2,High
45273,160,3,Low
45274,142,1,Low
45275,14,5,Low
45276,3,3,Low
45277,211,2,High
45278,194,1,High
45279,61,4,Low
45280,178,1,Low
45282,99,3,Low
45283,124,1,Low
45284,91,2,Low
45285,85,3,Low
45286,86,5,Low
45287,341,1,High
45288,329,1,High
45289,82,4,Low
45291,186,1,Low
45292,290,4,High
45293,291,1,High
45294,80,2,Low
45295,106,4,Low
45296,12,3,Low
45298,243,1,High
45299,353,1,High
45300,166,3,Low
45301,33,1,Low
45302,221,1,High
45303,7,2,Low
45304,233,1,High
45305,224,2,High
45306,13,3,Low
45308,271,1,High
45309,165,2,Low
45310,113,1,Low
45311,213,1,High
45312,125,2,Low
45313,132,3,Low
45314,212,2,High
45315,75,2,Low
45318,21,2,Low
45319,299,1,High
45320,30,3,Low
45321,124,2,Low
45322,102,5,Low
45323,6,4,Low
45325,140,2,Low
45326,152,3,Low
45327,41,2,Low
45328,31,3,Low
45329,117,4,Low
45330,21,1,Low
45331,53,3,Low
45332,27,3,Low
45333,151,3,Low
45334,70,3,Low
45336,127,2,Low
45337,326,1,High
45338,51,4,Low
45339,286,1,High
45340,35,1,Low
45341,143,3,Low
45342,24,3,Low
45344,172,2,Low
45345,365,1,High
45346,15,2,Low
45347,191,3,Low
45348,236,1,High
45349,19,5,Low
45350,218,4,High
45351,22,3,Low
45352,6,4,Low
45353,187,4,Low
45354,207,3,High
45355,218,1,High
45356,303,1,High
45357,35,1,Low
45359,344,2,High
45360,1,2,Low
45361,19,3,Low
45362,39,6,Low
45363,94,3,Low
45364,251,2,High
45365,136,1,Low
45366,68,3,Low
45367,62,4,Low
45368,125,4,Low
45369,82,2,Low
45370,159,3,Low
45371,55,3,Low
45372,76,2,Low
45373,270,1,High
45374,130,2,Low
45375,31,2,Low
45376,152,4,Low
45377,198,1,High
45378,131,1,Low
45379,80,4,Low
45380,230,1,High
45381,337,1,High
45382,217,1,High
45383,47,2,Low
45384,151,5,Low
45385,47,1,Low
45386,211,1,High
45388,81,4,Low
45389,51,4,Low
45390,69,4,Low
45391,129,2,Low
45392,23,2,Low
45393,310,2,High
45394,166,2,Low
45395,13,2,Low
45396,56,1,Low
45397,27,1,Low
45398,25,4,Low
45399,86,4,Low
45400,240,1,High
45401,136,2,Low
45402,89,3,Low
45403,54,2,Low
45404,121,1,Low
45405,122,3,Low
45406,355,1,High
45407,40,3,Low
45408,100,3,Low
45409,5,2,Low
45410,29,2,Low
45411,290,2,High
45412,67,3,Low
45413,30,5,Low
45414,7,3,Low
45415,111,1,Low
45417,93,3,Low
45418,232,1,High
45419,11,3,Low
45420,157,2,Low
45421,20,3,Low
45422,228,2,High
45423,36,3,Low
45424,54,1,Low
45425,184,2,Low
45427,89,4,Low
45428,92,3,Low
45429,107,1,Low
45431,92,4,Low
45432,32,3,Low
45433,66,5,Low
45434,162,1,Low
45435,216,2,High
45436,127,2,Low
45437,215,3,High
45438,17,1,Low
45439,95,2,Low
45440,68,4,Low
45441,9,3,Low
45442,310,2,High
45443,37,4,Low
45444,278,2,High
45446,49,3,Low
45447,256,2,High
45448,52,4,Low
45449,215,1,High
45450,116,2,Low
45451,74,3,Low
45453,340,1,High
45454,263,1,High
45455,153,1,Low
45456,46,2,Low
45457,86,2,Low
45458,134,3,Low
45459,310,1,High
45460,308,2,High
45461,60,1,Low
45462,37,3,Low
45463,14,4,Low
45464,85,3,Low
45465,57,3,Low
45466,177,2,Low
45467,62,3,Low
45468,255,2,High
45469,168,4,Low
45470,49,1,Low
45471,98,3,Low
45472,99,2,Low
45473,191,2,Low
45474,89,4,Low
45475,104,1,Low
45476,57,3,Low
45477,319,1,High
45478,187,2,Low
45479,67,2,Low
45481,285,2,High
45482,26,2,Low
45483,25,2,Low
45484,55,2,Low
45485,4,4,Low
45486,147,3,Low
45487,107,1,Low
45489,34,4,Low
45490,158,2,Low
45491,145,1,Low
45492,222,1,High
45493,210,1,High
45494,104,3,Low
45497,138,2,Low
45498,40,2,Low
45499,39,1,Low
45500,95,2,Low
45501,40,3,Low
45502,228,1,High
45503,328,1,High
45505,101,3,Low
45506,36,2,Low
45507,179,2,Low
45509,1,4,Low
45510,94,3,Low
45511,16,2,Low
45512,191,2,Low
45513,256,1,High
45514,127,3,Low
45515,12,3,Low
45516,127,2,Low
45517,56,2,Low
45518,132,2,Low
45519,107,1,Low
45520,77,3,Low
45522,150,2,Low
45524,34,3,Low
45525,194,1,High
45526,124,2,Low
45527,15,5,Low
45529,183,2,Low
45530,10,2,Low
45531,33,3,Low
45532,2,1,Low
45533,53,4,Low
45534,191,1,Low
45535,4,5,Low
45536,171,3,Low
45537,56,1,Low
45538,33,2,Low
45539,36,3,Low
45540,31,4,Low
45541,243,1,High
45542,145,2,Low
45543,94,2,Low
45544,85,1,Low
45545,59,2,Low
45546,289,1,High
45547,176,1,Low
45548,25,1,Low
45549,106,2,Low
45550,105,1,Low
45551,125,6,Low
45552,101,2,Low
45553,7,2,Low
45554,41,5,Low
45556,162,1,Low
45557,245,2,High
45559,140,2,Low
45561,102,3,Low
45562,192,1,Low
45563,85,4,Low
45564,44,2,Low
45565,164,2,Low
45566,339,1,High
45567,38,2,Low
45568,33,6,Low
45569,193,1,Low
45570,210,1,High
45571,300,1,High
45572,2,3,Low
45573,77,1,Low
45575,211,3,High
45576,43,2,Low
45577,191,3,Low
45578,109,2,Low
45579,60,3,Low
45580,171,1,Low
45582,234,1,High
45583,40,6,Low
45584,215,1,High
45585,33,2,Low
45586,126,1,Low
45587,31,2,Low
45588,297,2,High
45589,51,5,Low
45592,58,4,Low
45593,70,3,Low
45594,48,3,Low
45595,14,3,Low
45596,59,2,Low
45597,50,5,Low
45598,95,3,Low
45599,32,3,Low
45600,184,2,Low
45602,143,2,Low
45603,118,1,Low
45604,34,2,Low
45605,251,2,High
45606,234,1,High
45607,317,1,High
45608,36,1,Low
45609,18,1,Low
45611,44,2,Low
45612,186,2,Low
45613,163,2,Low
45614,279,1,High
45615,33,3,Low
45616,199,2,High
45617,171,2,Low
45618,203,2,High
45619,33,4,Low
45620,47,4,Low
45621,33,2,Low
45624,181,2,Low
45627,314,2,High
45628,158,2,Low
45629,4,2,Low
45630,168,1,Low
45631,220,2,High
45632,215,3,High
45633,50,2,Low
45634,6,5,Low
45635,179,3,Low
45636,100,5,Low
45637,14,1,Low
45638,109,3,Low
45639,74,1,Low
45640,174,5,Low
45641,5,1,Low
45642,97,6,Low
45643,282,1,High
45644,151,2,Low
45645,42,1,Low
45646,19,4,Low
45648,19,3,Low
45649,204,2,High
45650,87,2,Low
45651,51,2,Low
45653,153,1,Low
45654,28,3,Low
45655,81,4,Low
45656,1,5,Low
45658,63,4,Low
45660,42,2,Low
45661,159,2,Low
45662,120,1,Low
45663,100,2,Low
45664,63,2,Low
45665,4,6,Low
45666,187,1,Low
45668,12,2,Low
45669,210,1,High
45670,48,1,Low
45671,60,4,Low
45672,14,2,Low
45674,112,2,Low
45675,56,5,Low
45676,3,2,Low
45677,178,2,Low
45678,118,3,Low
45679,76,1,Low
45680,83,2,Low
45681,54,1,Low
45682,36,2,Low
45683,92,2,Low
45686,12,3,Low
45687,71,2,Low
45688,58,2,Low
45689,52,4,Low
45690,12,2,Low
45692,76,3,Low
45693,110,1,Low
45694,51,2,Low
45695,35,2,Low
45696,274,2,High
45697,309,3,High
45698,11,2,Low
45699,19,2,Low
45700,8,2,Low
45702,134,4,Low
45703,167,2,Low
45706,164,2,Low
45707,57,2,Low
45708,90,2,Low
45709,81,3,Low
45710,258,2,High
45711,190,2,Low
45712,67,2,Low
45713,126,4,Low
45714,243,2,High
45716,204,4,High
45717,65,3,Low
45718,88,5,Low
45719,70,2,Low
45721,29,2,Low
45722,52,4,Low
45723,27,2,Low
45724,10,2,Low
45725,180,4,Low
45726,125,3,Low
45727,134,4,Low
45728,21,1,Low
45731,71,3,Low
45732,154,2,Low
45733,108,1,Low
45734,122,2,Low
45735,53,2,Low
45736,89,2,Low
45737,141,5,Low
45738,51,2,Low
45740,27,2,Low
45741,143,3,Low
45742,129,4,Low
45743,138,2,Low
45744,227,2,High
45745,318,2,High
45747,139,2,Low
45748,179,1,Low
45749,18,2,Low
45750,174,3,Low
45751,31,4,Low
45752,323,1,High
45754,51,2,Low
45755,244,2,High
45756,3,3,Low
45757,27,1,Low
45758,23,3,Low
45759,32,2,Low
45760,90,1,Low
45761,55,4,Low
45762,44,4,Low
45763,142,5,Low
45764,337,2,High
45766,129,2,Low
45767,11,4,Low
45768,113,2,Low
45769,183,4,Low
45770,283,1,High
45772,161,1,Low
45773,206,3,High
45774,60,3,Low
45775,4,2,Low
45776,130,2,Low
45779,30,4,Low
45780,137,1,Low
45781,275,1,High
45782,141,3,Low
45783,91,2,Low
45785,39,3,Low
45786,311,1,High
45787,174,4,Low
45788,208,1,High
45789,45,7,Low
45790,32,3,Low
45791,11,4,Low
45792,110,7,Low
45793,142,1,Low
45796,248,2,High
45797,20,2,Low
45798,103,2,Low
45799,109,4,Low
45800,149,2,Low
45801,61,2,Low
45802,212,1,High
45803,118,1,Low
45804,113,3,Low
45805,73,4,Low
45806,49,2,Low
45807,117,4,Low
45808,74,4,Low
45809,28,2,Low
45810,94,3,Low
45811,32,3,Low
45812,84,1,Low
45813,267,2,High
45814,21,3,Low
45815,327,1,High
45816,20,4,Low
45817,316,1,High
45819,62,4,Low
45820,231,6,High
45822,203,1,High
45823,158,4,Low
45824,159,3,Low
45825,30,2,Low
45826,12,2,Low
45827,224,1,High
45828,143,2,Low
45829,31,3,Low
45830,54,1,Low
45831,160,2,Low
45832,132,4,Low
45833,326,1,High
45834,138,3,Low
45836,179,3,Low
45837,318,2,High
45838,84,1,Low
45840,272,1,High
45841,82,2,Low
45842,34,2,Low
45843,44,2,Low
45844,247,1,High
45845,87,3,Low
45846,246,1,High
45848,162,2,Low
45849,9,3,Low
45850,60,4,Low
45851,70,1,Low
45852,74,4,Low
45853,157,1,Low
45854,77,4,Low
45855,296,3,High
45856,63,3,Low
45857,14,1,Low
45858,131,3,Low
45859,356,1,High
45860,95,4,Low
45861,203,1,High
45862,138,3,Low
45863,64,2,Low
45864,148,3,Low
45865,21,2,Low
45866,95,2,Low
45867,58,2,Low
45868,246,2,High
45870,21,3,Low
45873,89,2,Low
45874,39,1,Low
45875,310,1,High
45876,177,3,Low
45878,134,4,Low
45879,75,1,Low
45880,232,1,High
45881,74,2,Low
45882,158,2,Low
45884,157,4,Low
45885,146,2,Low
45886,246,1,High
45888,60,2,Low
45889,325,1,High
45890,331,2,High
45891,30,2,Low
45894,276,2,High
45895,109,4,Low
45897,134,2,Low
45898,12,2,Low
45899,12,2,Low
45900,348,1,High
45901,129,2,Low
45904,154,3,Low
45906,200,1,High
45907,109,1,Low
45908,10,7,Low
45909,17,4,Low
45910,18,5,Low
45911,68,2,Low
45912,2,2,Low
45914,199,1,High
45915,14,5,Low
45916,13,3,Low
45917,49,4,Low
45918,93,2,Low
45919,32,3,Low
45920,26,5,Low
45921,133,2,Low
45922,312,1,High
45923,300,1,High
45925,185,1,Low
45927,195,2,High
45928,153,2,Low
45929,287,2,High
45930,81,3,Low
45931,93,5,Low
45933,54,3,Low
45934,64,2,Low
45935,229,2,High
45936,190,1,Low
45938,243,1,High
45940,34,1,Low
45941,6,4,Low
45942,3,4,Low
45943,95,2,Low
45944,17,4,Low
45945,73,3,Low
45946,282,2,High
45947,146,1,Low
45948,300,2,High
45949,86,2,Low
45951,21,3,Low
45952,134,5,Low
45953,247,2,High
45954,139,1,Low
45955,199,4,High
45956,131,3,Low
45958,295,2,High
45959,301,1,High
45960,7,3,Low
45962,265,3,High
45963,44,5,Low
45964,250,1,High
45965,323,1,High
45967,167,1,Low
45968,175,3,Low
45969,25,3,Low
45970,154,1,Low
45971,22,5,Low
45973,114,3,Low
45974,98,1,Low
45975,46,2,Low
45977,198,2,High
45978,245,1,High
45979,214,1,High
45980,191,1,Low
45981,191,1,Low
45983,234,2,High
45984,13,2,Low
45985,155,1,Low
45986,337,1,High
45988,299,2,High
45990,61,2,Low
45992,45,2,Low
45993,46,3,Low
45994,5,2,Low
45995,285,1,High
45996,66,2,Low
45997,41,1,Low
45998,95,3,Low
46000,175,2,Low
46001,171,1,Low
46002,140,1,Low
46003,55,3,Low
46004,251,1,High
46005,338,1,High
46006,181,2,Low
46007,43,1,Low
46008,304,2,High
46009,32,1,Low
46010,42,1,Low
46011,11,5,Low
46013,255,4,High
46014,144,2,Low
46015,196,1,High
46016,15,4,Low
46017,138,4,Low
46018,202,1,High
46020,20,2,Low
46021,296,1,High
46023,147,2,Low
46024,72,3,Low
46025,113,3,Low
46026,53,2,Low
46027,171,3,Low
46028,36,2,Low
46030,181,3,Low
46031,16,4,Low
46032,136,3,Low
46033,347,1,High
46034,6,2,Low
46036,41,2,Low
46037,76,4,Low
46039,120,2,Low
46040,216,2,High
46041,197,3,High
46042,317,1,High
46043,307,1,High
46045,39,4,Low
46047,303,1,High
46048,64,2,Low
46049,175,4,Low
46050,68,1,Low
46051,59,3,Low
46052,227,2,High
46053,232,3,High
46054,58,3,Low
46055,26,2,Low
46056,243,2,High
46057,312,2,High
46058,20,6,Low
46059,253,1,High
46060,247,2,High
46062,44,1,Low
46063,101,4,Low
46066,56,2,Low
46067,141,2,Low
46068,3,3,Low
46069,179,1,Low
46070,62,3,Low
46071,54,2,Low
46072,262,3,High
46073,229,1,High
46075,315,1,High
46076,278,2,High
46078,130,1,Low
46079,186,1,Low
46080,354,1,High
46081,32,3,Low
46083,281,1,High
46084,274,1,High
46085,131,3,Low
46086,41,3,Low
46087,34,3,Low
46089,65,2,Low
46091,275,3,High
46092,354,1,High
46093,329,1,High
46094,163,3,Low
46095,88,3,Low
46097,266,2,High
46098,78,2,Low
46099,176,2,Low
46101,339,1,High
46102,344,1,High
46103,30,1,Low
46104,219,2,High
46105,81,1,Low
46106,55,4,Low
46108,192,1,Low
46109,117,3,Low
46110,49,2,Low
46111,173,1,Low
46112,49,1,Low
46113,125,2,Low
46114,116,4,Low
46115,23,3,Low
46116,41,1,Low
46117,146,3,Low
46118,82,1,Low
46120,65,3,Low
46121,121,3,Low
46122,165,2,Low
46124,90,2,Low
46125,71,2,Low
46126,141,1,Low
46127,268,1,High
46128,126,4,Low
46130,49,4,Low
46131,66,2,Low
46133,36,4,Low
46134,335,1,High
46135,211,1,High
46136,3,4,Low
46137,69,2,Low
46138,5,3,Low
46139,365,1,High
46140,2,2,Low
46142,195,2,High
46143,297,2,High
46144,10,3,Low
46145,53,1,Low
46146,1,3,Low
46147,74,3,Low
46148,38,6,Low
46149,208,1,High
46150,233,1,High
46151,23,1,Low
46152,115,1,Low
46153,152,1,Low
46154,123,2,Low
46155,50,2,Low
46156,190,2,Low
46157,182,3,Low
46158,318,1,High
46159,21,4,Low
46162,126,1,Low
46163,9,5,Low
46164,146,3,Low
46166,7,2,Low
46167,348,1,High
46169,104,3,Low
46170,158,1,Low
46171,155,1,Low
46172,81,4,Low
46173,113,2,Low
46174,3,1,Low
46175,2,4,Low
46176,101,3,Low
46177,318,2,High
46178,14,2,Low
46180,104,2,Low
46181,256,2,High
46182,45,2,Low
46184,137,2,Low
46186,75,5,Low
46187,95,3,Low
46188,220,1,High
46189,98,2,Low
46190,193,1,Low
46191,84,2,Low
46192,127,1,Low
46193,22,4,Low
46194,227,1,High
46196,288,1,High
46197,8,3,Low
46198,167,2,Low
46200,146,1,Low
46202,323,1,High
46203,25,1,Low
46204,135,4,Low
46207,62,3,Low
46208,16,7,Low
46209,33,2,Low
46210,353,1,High
46211,81,1,Low
46212,48,2,Low
46214,66,4,Low
46215,72,2,Low
46218,40,1,Low
46219,209,3,High
46220,67,2,Low
46224,79,1,Low
46225,185,2,Low
46226,120,3,Low
46227,52,3,Low
46228,146,2,Low
46229,50,1,Low
46230,80,2,Low
46231,60,2,Low
46232,84,1,Low
46233,46,3,Low
46234,275,1,High
46235,81,1,Low
46236,83,2,Low
46237,96,6,Low
46238,34,2,Low
46239,237,2,High
46240,114,2,Low
46241,241,2,High
46242,24,1,Low
46243,20,4,Low
46244,188,2,Low
46248,51,4,Low
46249,204,2,High
46250,40,3,Low
46251,310,2,High
46252,363,1,High
46255,109,3,Low
46256,1,4,Low
46257,98,3,Low
46258,146,2,Low
46259,83,1,Low
46260,82,4,Low
46261,204,2,High
46262,75,2,Low
46265,295,2,High
46266,263,2,High
46267,217,1,High
46268,246,3,High
46269,15,5,Low
46270,101,3,Low
46271,124,2,Low
46272,189,5,Low
46273,74,4,Low
46274,205,3,High
46276,114,3,Low
46277,105,1,Low
46278,270,1,High
46279,72,6,Low
46280,204,1,High
46281,130,3,Low
46282,270,3,High
46283,59,1,Low
46284,268,1,High
46286,34,2,Low
46287,35,3,Low
46288,135,2,Low
46289,47,2,Low
46290,78,4,Low
46291,30,4,Low
46292,35,1,Low
46293,79,2,Low
46294,141,5,Low
46295,55,3,Low
46296,340,1,High
46297,9,2,Low
46299,63,2,Low
46301,120,1,Low
46302,14,3,Low
46303,234,2,High
46304,121,3,Low
46305,229,1,High
46308,282,1,High
46309,151,4,Low
46310,136,4,Low
46311,78,2,Low
46312,30,4,Low
46313,273,1,High
46314,8,3,Low
46315,3,3,Low
46316,168,3,Low
46317,2,3,Low
46318,35,3,Low
46319,129,2,Low
46320,195,2,High
46321,27,3,Low
46322,130,1,Low
46323,133,4,Low
46324,316,2,High
46325,259,4,High
46328,20,3,Low
46329,171,1,Low
46331,9,5,Low
46332,203,2,High
46333,54,1,Low
46335,95,1,Low
46336,158,1,Low
46337,96,1,Low
46338,21,1,Low
46339,178,2,Low
46340,44,4,Low
46342,35,2,Low
46343,48,3,Low
46344,11,3,Low
46345,304,1,High
46346,30,4,Low
46347,124,1,Low
46349,136,5,Low
46350,171,3,Low
46351,345,1,High
46352,7,3,Low
46353,202,2,High
46354,81,3,Low
46355,227,2,High
46357,75,2,Low
46358,11,5,Low
46359,142,2,Low
46360,53,3,Low
46361,74,2,Low
46362,112,3,Low
46363,3,3,Low
46364,143,2,Low
46365,59,2,Low
46367,219,1,High
46368,32,1,Low
46369,262,1,High
46370,58,3,Low
46371,247,1,High
46372,228,1,High
46373,227,1,High
46374,128,3,Low
46375,123,3,Low
46376,19,3,Low
46377,308,2,High
46378,289,2,High
46380,298,1,High
46381,108,2,Low
46382,285,4,High
46384,28,1,Low
46385,52,2,Low
46386,91,2,Low
46387,3,2,Low
46388,36,3,Low
46391,217,1,High
46392,77,3,Low
46393,119,2,Low
46394,115,3,Low
46395,359,1,High
46397,215,1,High
46398,26,3,Low
46401,97,4,Low
46403,107,2,Low
46404,16,2,Low
46405,332,1,High
46407,130,2,Low
46408,41,1,Low
46409,30,3,Low
46410,124,1,Low
46411,65,6,Low
46412,220,1,High
46413,286,1,High
46414,1,3,Low
46415,336,1,High
46416,97,5,Low
46417,282,1,High
46418,18,8,Low
46420,119,3,Low
46421,97,6,Low
46422,184,2,Low
46424,55,5,Low
46425,9,2,Low
46426,31,4,Low
46427,243,1,High
46429,305,1,High
46431,163,2,Low
46432,10,3,Low
46433,197,4,High
46434,72,3,Low
46435,152,3,Low
46436,49,2,Low
46437,64,2,Low
46438,87,3,Low
46440,69,1,Low
46441,104,6,Low
46443,192,1,Low
46444,241,1,High
46446,50,2,Low
46447,127,2,Low
46448,294,1,High
46449,169,2,Low
46450,18,2,Low
46451,46,2,Low
46452,38,2,Low
46453,349,1,High
46455,214,1,High
46456,170,1,Low
46457,56,2,Low
46458,84,3,Low
46460,49,4,Low
46461,198,1,High
46462,118,2,Low
46463,8,3,Low
46465,101,4,Low
46467,181,3,Low
46468,98,5,Low
46469,13,2,Low
46470,188,4,Low
46471,58,4,Low
46472,51,6,Low
46473,29,4,Low
46474,14,4,Low
46475,3,1,Low
46476,84,2,Low
46478,165,4,Low
46479,205,3,High
46480,27,6,Low
46481,104,2,Low
46482,228,1,High
46483,315,1,High
46485,310,1,High
46486,28,1,Low
46487,124,3,Low
46488,21,3,Low
46489,121,2,Low
46490,294,1,High
46491,279,1,High
46492,173,1,Low
46494,15,3,Low
46495,166,2,Low
46496,6,3,Low
46497,52,4,Low
46498,217,2,High
46500,237,1,High
46501,37,2,Low
46504,7,5,Low
46505,10,3,Low
46506,338,1,High
46507,242,1,High
46508,65,4,Low
46509,114,5,Low
46510,130,2,Low
46511,50,4,Low
46512,81,1,Low
46513,101,4,Low
46514,336,2,High
46515,35,1,Low
46516,182,2,Low
46518,114,2,Low
46520,354,1,High
46522,53,2,Low
46523,93,3,Low
46524,34,3,Low
46525,62,2,Low
46526,163,2,Low
46527,193,2,Low
46529,261,1,High
46530,259,2,High
46531,214,2,High
46532,127,3,Low
46533,151,2,Low
46534,46,3,Low
46536,12,4,Low
46538,48,4,Low
46539,2,1,Low
46541,307,2,High
46542,241,3,High
46543,31,3,Low
46544,150,1,Low
46545,63,2,Low
46546,149,2,Low
46547,31,4,Low
46548,42,2,Low
46549,63,1,Low
46551,109,1,Low
46552,14,2,Low
46553,185,1,Low
46555,15,5,Low
46556,108,2,Low
46557,117,6,Low
46558,270,2,High
46559,18,2,Low
46560,267,2,High
46561,81,2,Low
46562,41,1,Low
46564,150,3,Low
46567,245,1,High
46568,65,3,Low
46569,74,5,Low
46570,141,3,Low
46571,29,3,Low
46572,249,1,High
46573,35,4,Low
46574,71,2,Low
46575,130,1,Low
46576,16,2,Low
46577,30,3,Low
46578,276,1,High
46579,268,1,High
46581,203,1,High
46582,7,5,Low
46583,89,3,Low
46584,133,2,Low
46586,6,3,Low
46587,170,1,Low
46588,26,2,Low
46589,106,1,Low
46590,319,1,High
46591,32,3,Low
46592,3,1,Low
46593,57,4,Low
46594,41,2,Low
46595,4,2,Low
46596,97,1,Low
46597,75,4,Low
46599,57,3,Low
46601,147,1,Low
46602,9,4,Low
46603,255,1,High
46604,88,2,Low
46605,90,3,Low
46607,25,3,Low
46608,266,1,High
46609,114,3,Low
46610,3,3,Low
46611,124,3,Low
46612,237,2,High
46613,197,1,High
46614,63,2,Low
46615,99,4,Low
46616,130,3,Low
46617,127,2,Low
46618,73,2,Low
46619,134,7,Low
46620,99,2,Low
46621,88,2,Low
46622,213,4,High
46624,131,1,Low
46625,232,2,High
46626,43,3,Low
46627,311,1,High
46628,211,1,High
46629,58,4,Low
46630,25,4,Low
46631,61,3,Low
46632,37,2,Low
46634,97,5,Low
46636,23,2,Low
46637,79,4,Low
46638,28,4,Low
46639,21,3,Low
46640,44,2,Low
46641,85,3,Low
46642,180,3,Low
46643,129,2,Low
46644,338,1,High
46645,49,4,Low
46646,157,2,Low
46647,256,1,High
46648,153,1,Low
46650,142,4,Low
46652,211,2,High
46653,23,4,Low
46654,357,1,High
46655,19,3,Low
46656,178,4,Low
46657,22,1,Low
46658,343,1,High
46660,276,1,High
46661,134,2,Low
46663,62,3,Low
46664,200,1,High
46665,6,3,Low
46666,152,2,Low
46667,46,4,Low
46668,231,1,High
46669,129,3,Low
46670,133,3,Low
46671,15,3,Low
46672,67,2,Low
46673,37,2,Low
46674,221,3,High
46675,270,3,High
46676,326,1,High
46677,133,2,Low
46678,38,4,Low
46680,117,2,Low
46681,350,1,High
46682,33,2,Low
46683,35,2,Low
46685,193,1,Low
46686,27,2,Low
46688,167,2,Low
46689,22,2,Low
46690,237,2,High
46691,81,2,Low
46692,150,2,Low
46693,179,2,Low
46695,28,5,Low
46696,79,2,Low
46697,309,1,High
46698,331,1,High
46699,118,2,Low
46700,239,2,High
46701,105,4,Low
46702,67,2,Low
46703,70,3,Low
46704,94,1,Low
46706,56,2,Low
46707,193,2,Low
46708,165,1,Low
46709,6,3,Low
46710,248,1,High
46711,98,2,Low
46712,227,2,High
46713,78,1,Low
46714,311,1,High
46715,203,2,High
46716,70,4,Low
46717,272,2,High
46718,250,1,High
46719,269,1,High
46720,26,2,Low
46721,108,3,Low
46722,225,1,High
46724,97,2,Low
46725,2,2,Low
46727,38,2,Low
46728,342,1,High
46729,65,1,Low
46730,52,3,Low
46732,40,1,Low
46733,88,3,Low
46734,44,2,Low
46735,220,1,High
46736,10,3,Low
46737,234,1,High
46738,108,2,Low
46739,353,1,High
46740,115,3,Low
46741,264,2,High
46742,343,1,High
46743,137,3,Low
46744,314,1,High
46745,63,2,Low
46746,162,1,Low
46747,58,4,Low
46748,36,1,Low
46749,8,3,Low
46750,242,3,High
46751,59,3,Low
46752,43,1,Low
46754,159,1,Low
46755,95,4,Low
46756,137,2,Low
46757,108,2,Low
46758,21,2,Low
46759,137,1,Low
46760,159,5,Low
46762,159,4,Low
46763,81,5,Low
46765,273,1,High
46766,110,2,Low
46767,195,2,High
46768,139,2,Low
46769,88,1,Low
46770,58,2,Low
46771,89,3,Low
46772,44,4,Low
46773,324,1,High
46774,358,1,High
46775,58,4,Low
46776,170,2,Low
46778,92,1,Low
46780,282,2,High
46781,237,2,High
46782,31,4,Low
46783,325,1,High
46784,12,1,Low
46785,74,3,Low
46786,162,1,Low
46787,42,6,Low
46788,153,1,Low
46790,55,4,Low
46791,205,3,High
46792,126,3,Low
46794,126,1,Low
46795,157,1,Low
46796,135,1,Low
46797,52,1,Low
46798,323,1,High
46799,7,4,Low
46800,71,4,Low
46801,92,3,Low
46802,57,3,Low
46805,335,1,High
46807,158,2,Low
46808,78,3,Low
46809,48,4,Low
46810,10,1,Low
46812,168,4,Low
46813,11,2,Low
46814,213,2,High
46815,27,2,Low
46816,256,2,High
46817,86,4,Low
46818,65,1,Low
46819,3,2,Low
46821,65,3,Low
46822,84,2,Low
46823,65,4,Low
46824,48,2,Low
46825,235,2,High
46826,75,4,Low
46827,128,1,Low
46828,160,1,Low
46829,119,2,Low
46830,39,3,Low
46831,173,1,Low
46832,45,3,Low
46833,90,1,Low
46834,2,5,Low
46835,60,2,Low
46836,254,2,High
46837,173,2,Low
46838,56,1,Low
46839,179,2,Low
46840,50,2,Low
46841,21,1,Low
46842,69,2,Low
46843,87,1,Low
46844,43,3,Low
46845,77,3,Low
46846,65,3,Low
46847,42,2,Low
46848,88,3,Low
46849,286,3,High
46850,28,3,Low
46851,53,3,Low
46852,29,3,Low
46853,326,1,High
46854,41,4,Low
46855,66,3,Low
46857,103,2,Low
46858,69,2,Low
46860,6,2,Low
46861,320,2,High
46862,26,6,Low
46863,184,1,Low
46864,39,1,Low
46865,198,2,High
46866,72,4,Low
46867,33,4,Low
46868,3,1,Low
46869,138,2,Low
46870,193,4,Low
46871,68,5,Low
46872,266,1,High
46873,307,2,High
46874,296,1,High
46875,88,2,Low
46877,117,1,Low
46878,112,1,Low
46879,61,1,Low
46880,113,1,Low
46881,88,3,Low
46882,78,1,Low
46883,159,2,Low
46884,245,1,High
46885,238,1,High
46886,293,2,High
46887,55,2,Low
46889,316,2,High
46890,3,2,Low
46891,3,8,Low
46893,274,1,High
46894,103,4,Low
46895,341,1,High
46896,362,1,High
46897,33,5,Low
46898,38,3,Low
46899,120,5,Low
46900,64,1,Low
46901,40,1,Low
46902,233,1,High
46903,19,3,Low
46904,246,2,High
46906,44,2,Low
46907,62,2,Low
46908,48,3,Low
46910,151,1,Low
46912,100,1,Low
46913,47,2,Low
46915,30,3,Low
46916,335,1,High
46917,26,3,Low
46918,3,2,Low
46919,46,2,Low
46920,4,1,Low
46921,165,3,Low
46922,197,1,High
46924,134,1,Low
46925,87,1,Low
46926,61,3,Low
46927,46,2,Low
46928,11,3,Low
46929,217,2,High
46930,316,1,High
46931,50,1,Low
46932,109,2,Low
46933,41,4,Low
46934,59,3,Low
46935,17,3,Low
46936,52,3,Low
46937,58,2,Low
46939,47,4,Low
46940,78,4,Low
46941,326,2,High
46942,113,1,Low
46943,22,5,Low
46944,184,1,Low
46945,48,2,Low
46946,199,3,High
46947,26,2,Low
46948,241,2,High
46949,120,1,Low
46950,330,1,High
46952,221,1,High
46953,168,1,Low
46954,103,5,Low
46956,226,3,High
46957,228,2,High
46958,12,5,Low
46959,90,2,Low
46960,52,1,Low
46961,202,2,High
46962,25,3,Low
46963,54,2,Low
46964,260,3,High
46965,9,3,Low
46966,3,2,Low
46967,21,1,Low
46968,93,2,Low
46969,161,3,Low
46970,97,1,Low
46971,121,2,Low
46972,172,2,Low
46973,322,1,High
46974,4,4,Low
46975,194,2,High
46977,16,4,Low
46978,87,1,Low
46979,36,5,Low
46980,15,7,Low
46981,52,3,Low
46982,110,3,Low
46984,326,1,High
46987,84,2,Low
46989,26,3,Low
46990,201,3,High
46991,177,1,Low
46993,240,1,High
46995,24,3,Low
46996,25,1,Low
46998,153,1,Low
46999,161,1,Low
47000,101,5,Low
47001,33,3,Low
47002,125,3,Low
47005,25,5,Low
47006,170,2,Low
47009,210,1,High
47010,50,1,Low
47012,166,3,Low
47013,161,2,Low
47014,360,1,High
47015,166,4,Low
47016,63,3,Low
47017,38,2,Low
47018,71,4,Low
47019,18,3,Low
47021,57,3,Low
47022,298,1,High
47023,108,1,Low
47024,101,4,Low
47025,11,3,Low
47026,6,4,Low
47027,96,3,Low
47028,2,1,Low
47029,126,1,Low
47030,137,2,Low
47031,197,4,High
47032,80,3,Low
47033,361,2,High
47034,328,1,High
47037,58,5,Low
47038,21,2,Low
47039,48,4,Low
47040,158,2,Low
47041,9,2,Low
47042,153,3,Low
47043,144,2,Low
47044,224,2,High
47045,106,2,Low
47046,224,3,High
47047,94,1,Low
47048,53,1,Low
47049,121,5,Low
47050,116,2,Low
47051,36,2,Low
47052,36,1,Low
47053,37,1,Low
47054,33,1,Low
47055,46,5,Low
47056,41,4,Low
47057,365,1,High
47058,101,2,Low
47059,3,2,Low
47060,5,3,Low
47061,28,2,Low
47062,42,2,Low
47063,41,2,Low
47064,69,2,Low
47065,217,3,High
47066,272,1,High
47067,63,1,Low
47068,4,3,Low
47070,301,1,High
47071,190,2,Low
47072,227,3,High
47073,186,4,Low
47074,67,2,Low
47076,70,4,Low
47077,29,5,Low
47078,128,1,Low
47079,73,3,Low
47080,328,1,High
47081,32,3,Low
47082,304,1,High
47083,285,2,High
47084,183,1,Low
47085,44,1,Low
47086,127,3,Low
47087,228,1,High
47088,245,2,High
47089,50,6,Low
47090,119,3,Low
47091,253,1,High
47092,138,1,Low
47093,62,2,Low
47094,21,4,Low
47095,226,1,High
47096,135,1,Low
47098,193,2,Low
47099,167,2,Low
47100,57,2,Low
47101,69,4,Low
47102,125,2,Low
47103,193,2,Low
47104,356,1,High
47106,98,3,Low
47107,184,3,Low
47108,36,3,Low
47109,124,4,Low
47110,42,1,Low
47111,157,1,Low
47112,52,2,Low
47113,43,7,Low
47114,116,1,Low
47115,112,3,Low
47116,73,3,Low
47118,45,2,Low
47119,329,1,High
47120,136,1,Low
47121,110,3,Low
47122,213,4,High
47123,113,1,Low
47125,7,3,Low
47126,103,1,Low
47127,148,2,Low
47128,209,2,High
47129,110,6,Low
47130,104,4,Low
47131,57,6,Low
47132,22,4,Low
47133,323,1,High
47134,21,1,Low
47135,63,2,Low
47136,227,2,High
47137,49,2,Low
47138,241,4,High
47140,39,1,Low
47141,9,3,Low
47142,90,2,Low
47143,148,1,Low
47145,184,2,Low
47146,14,2,Low
47149,80,3,Low
47150,203,4,High
47151,46,2,Low
47152,176,2,Low
47154,15,3,Low
47155,7,3,Low
47156,242,1,High
47157,209,2,High
47158,55,2,Low
47159,5,2,Low
47160,149,3,Low
47161,2,2,Low
47162,232,1,High
47163,133,3,Low
47164,75,2,Low
47165,153,2,Low
47166,120,1,Low
47168,33,1,Low
47170,1,5,Low
47171,70,1,Low
47172,359,1,High
47173,213,2,High
47175,358,2,High
47178,94,1,Low
47179,85,4,Low
47181,128,3,Low
47182,177,2,Low
47183,107,2,Low
47184,97,4,Low
47185,215,1,High
47186,235,2,High
47187,91,1,Low
47188,131,3,Low
47189,287,1,High
47190,81,2,Low
47191,146,1,Low
47192,213,1,High
47193,106,2,Low
47194,237,1,High
47195,119,2,Low
47196,17,4,Low
47197,90,1,Low
47199,124,3,Low
47200,153,2,Low
47201,10,2,Low
47203,91,1,Low
47204,20,5,Low
47206,256,1,High
47207,9,3,Low
47208,259,2,High
47209,78,2,Low
47210,44,3,Low
47211,119,1,Low
47212,61,2,Low
47213,111,2,Low
47214,95,3,Low
47215,165,3,Low
47217,33,1,Low
47218,31,5,Low
47219,103,2,Low
47220,83,4,Low
47221,74,1,Low
47222,12,2,Low
47223,213,3,High
47224,62,3,Low
47225,190,1,Low
47226,15,2,Low
47227,197,4,High
47228,110,2,Low
47229,99,5,Low
47230,140,2,Low
47231,171,2,Low
47232,139,2,Low
47233,206,2,High
47234,204,3,High
47235,3,5,Low
47236,19,4,Low
47237,264,3,High
47238,253,1,High
47239,16,2,Low
47240,57,2,Low
47242,97,4,Low
47243,123,5,Low
47245,255,2,High
47246,4,2,Low
47247,90,2,Low
47249,208,2,High
47250,106,2,Low
47251,266,1,High
47252,364,1,High
47253,206,2,High
47254,6,3,Low
47255,56,3,Low
47257,176,1,Low
47258,226,1,High
47259,8,1,Low
47260,168,1,Low
47261,128,2,Low
47262,275,2,High
47263,1,2,Low
47264,201,2,High
47265,178,1,Low
47267,113,2,Low
47268,182,1,Low
47269,222,2,High
47270,10,3,Low
47272,26,3,Low
47273,98,3,Low
47274,29,2,Low
47275,250,1,High
47276,176,2,Low
47277,21,3,Low
47278,288,1,High
47279,24,3,Low
47280,32,3,Low
47281,128,2,Low
47283,86,4,Low
47284,73,3,Low
47286,148,1,Low
47287,201,4,High
47288,294,1,High
47289,161,2,Low
47290,229,1,High
47291,64,1,Low
47293,202,1,High
47294,236,2,High
47295,80,3,Low
47296,283,2,High
47297,120,2,Low
47298,152,2,Low
47299,126,1,Low
47300,323,1,High
47301,174,3,Low
47302,206,2,High
47303,189,2,Low
47304,6,4,Low
47305,188,1,Low
47307,102,2,Low
47308,25,2,Low
47309,51,4,Low
47311,135,2,Low
47312,4,1,Low
47313,91,2,Low
47314,137,2,Low
47315,256,1,High
47316,105,4,Low
47317,301,1,High
47318,151,4,Low
47319,100,5,Low
47320,288,1,High
47321,10,1,Low
47323,2,1,Low
47324,69,2,Low
47325,139,2,Low
47326,165,4,Low
47327,165,4,Low
47328,269,1,High
47329,90,3,Low
47330,144,3,Low
47331,81,2,Low
47332,202,2,High
47333,106,2,Low
47335,107,4,Low
47336,5,4,Low
47337,139,4,Low
47338,59,2,Low
47339,95,3,Low
47341,363,1,High
47342,45,3,Low
47343,34,3,Low
47344,308,1,High
47345,54,3,Low
47346,298,1,High
47347,129,4,Low
47348,15,1,Low
47349,125,4,Low
47350,147,3,Low
47352,91,1,Low
47353,337,1,High
47354,188,3,Low
47355,290,3,High
47356,23,1,Low
47357,259,2,High
47358,188,2,Low
47359,17,1,Low
47360,56,3,Low
47362,78,2,Low
47363,255,1,High
47364,162,1,Low
47365,49,1,Low
47366,291,2,High
47367,137,3,Low
47368,194,1,High
47369,26,5,Low
47370,1,4,Low
47371,35,4,Low
47372,135,3,Low
47373,114,4,Low
47375,37,1,Low
47376,47,2,Low
47377,297,2,High
47378,212,3,High
47379,17,2,Low
47380,79,2,Low
47381,13,3,Low
47382,123,2,Low
47384,223,2,High
47385,131,5,Low
47386,148,2,Low
47387,149,2,Low
47388,74,2,Low
47389,101,2,Low
47390,284,1,High
47391,57,2,Low
47392,319,1,High
47393,328,1,High
47394,100,3,Low
47395,197,2,High
47397,187,2,Low
47398,133,5,Low
47400,302,1,High
47401,124,4,Low
47402,116,2,Low
47404,6,2,Low
47405,45,3,Low
47406,52,4,Low
47407,48,3,Low
47408,26,2,Low
47409,100,4,Low
47410,133,2,Low
47411,11,2,Low
47412,150,2,Low
47413,318,1,High
47414,22,4,Low
47415,106,2,Low
47417,21,3,Low
47418,121,1,Low
47419,239,1,High
47420,354,1,High
47422,181,3,Low
47423,20,2,Low
47424,146,3,Low
47425,113,3,Low
47426,35,6,Low
47427,196,1,High
47428,17,2,Low
47429,84,3,Low
47430,47,3,Low
47431,47,3,Low
47432,234,1,High
47433,61,2,Low
47434,9,1,Low
47435,62,1,Low
47436,342,1,High
47437,241,2,High
47438,20,4,Low
47440,84,3,Low
47441,54,4,Low
47442,25,2,Low
47443,110,1,Low
47444,231,2,High
47445,58,4,Low
47446,212,2,High
47449,321,1,High
47451,244,2,High
47452,19,3,Low
47454,139,2,Low
47455,314,1,High
47456,183,1,Low
47457,7,4,Low
47458,283,1,High
47459,31,2,Low
47462,225,1,High
47463,237,2,High
47465,295,1,High
47466,175,3,Low
47467,150,3,Low
47468,16,4,Low
47469,70,2,Low
47471,268,1,High
47473,213,1,High
47476,157,3,Low
47477,240,2,High
47478,56,2,Low
47480,67,2,Low
47481,107,4,Low
47482,300,2,High
47483,187,1,Low
47484,189,2,Low
47486,108,2,Low
47487,58,3,Low
47488,213,2,High
47489,189,5,Low
47490,253,2,High
47491,34,1,Low
47494,76,5,Low
47495,38,3,Low
47496,175,2,Low
47497,65,5,Low
47498,240,1,High
47499,305,1,High
47500,95,3,Low
47501,211,3,High
47503,127,2,Low
47505,46,1,Low
47506,7,5,Low
47507,200,4,High
47508,90,4,Low
47509,11,4,Low
47510,340,1,High
47511,49,3,Low
47512,10,3,Low
47513,43,2,Low
47514,174,2,Low
47516,20,2,Low
47517,5,1,Low
47518,12,3,Low
47519,99,1,Low
47520,169,4,Low
47521,159,3,Low
47523,108,1,Low
47524,222,1,High
47526,282,2,High
47527,75,4,Low
47528,105,3,Low
47529,15,4,Low
47530,77,1,Low
47531,286,2,High
47532,67,3,Low
47533,222,1,High
47534,136,2,Low
47536,61,5,Low
47537,30,2,Low
47538,96,2,Low
47539,19,5,Low
47540,262,1,High
47541,282,1,High
47542,252,3,High
47543,56,2,Low
47544,22,1,Low
47546,122,5,Low
47547,285,1,High
47548,58,4,Low
47550,309,1,High
47551,152,2,Low
47552,54,3,Low
47553,147,1,Low
47554,239,3,High
47555,283,1,High
47556,317,2,High
47557,208,1,High
47558,23,2,Low
47559,153,3,Low
47561,62,2,Low
47562,273,1,High
47564,282,2,High
47565,197,2,High
47566,17,5,Low
47567,70,1,Low
47568,172,1,Low
47569,41,2,Low
47570,264,1,High
47571,39,3,Low
47572,235,3,High
47573,46,1,Low
47574,265,1,High
47576,27,4,Low
47578,140,2,Low
47579,247,1,High
47580,106,3,Low
47581,225,1,High
47582,151,1,Low
47583,323,2,High
47584,140,2,Low
47585,46,2,Low
47586,57,4,Low
47587,21,3,Low
47588,146,3,Low
47589,141,2,Low
47590,150,2,Low
47591,62,2,Low
47592,16,2,Low
47593,19,1,Low
47594,131,2,Low
47595,92,5,Low
47596,85,2,Low
47598,184,1,Low
47599,5,3,Low
47600,2,4,Low
47601,178,1,Low
47602,120,3,Low
47603,99,2,Low
47604,80,2,Low
47605,119,2,Low
47606,223,2,High
47607,147,2,Low
47610,72,2,Low
47611,163,3,Low
47612,329,1,High
47613,143,1,Low
47615,50,1,Low
47616,206,1,High
47617,33,1,Low
47618,252,1,High
47619,168,1,Low
47620,58,1,Low
47621,56,2,Low
47622,300,1,High
47623,131,3,Low
47624,79,3,Low
47625,114,2,Low
47626,115,2,Low
47627,187,1,Low
47628,171,2,Low
47630,158,3,Low
47632,213,1,High
47633,76,2,Low
47634,202,2,High
47635,298,1,High
47636,304,1,High
47637,106,2,Low
47638,192,1,Low
47640,186,1,Low
47641,250,2,High
47642,48,2,Low
47643,32,4,Low
47645,234,2,High
47647,33,2,Low
47649,45,3,Low
47650,138,1,Low
47651,300,1,High
47652,8,6,Low
47654,144,2,Low
47655,113,4,Low
47656,26,2,Low
47657,110,3,Low
47658,208,2,High
47659,186,2,Low
47660,88,3,Low
47661,309,2,High
47662,50,1,Low
47663,79,2,Low
47664,311,1,High
47665,98,3,Low
47666,35,5,Low
47667,78,4,Low
47668,53,1,Low
47669,53,4,Low
47670,28,4,Low
47671,147,2,Low
47672,219,3,High
47673,188,2,Low
47676,41,2,Low
47677,132,3,Low
47678,149,2,Low
47679,165,2,Low
47680,29,4,Low
47681,82,6,Low
47682,127,2,Low
47683,101,1,Low
47684,52,3,Low
47685,143,1,Low
47686,59,3,Low
47689,205,2,High
47692,363,1,High
47693,12,3,Low
47694,62,1,Low
47695,47,3,Low
47696,146,3,Low
47697,182,1,Low
47698,22,2,Low
47699,59,3,Low
47700,224,1,High
47701,215,1,High
47702,94,2,Low
47703,21,3,Low
47704,3,2,Low
47705,254,1,High
47706,14,5,Low
47708,89,1,Low
47710,37,1,Low
47712,57,2,Low
47714,339,1,High
47715,217,4,High
47716,79,4,Low
47717,173,2,Low
47718,64,1,Low
47720,26,4,Low
47721,355,1,High
47722,65,4,Low
47724,357,1,High
47725,196,1,High
47726,23,6,Low
47727,59,3,Low
47728,307,2,High
47729,33,4,Low
47730,162,2,Low
47731,159,2,Low
47732,31,5,Low
47733,191,1,Low
47734,282,1,High
47735,76,4,Low
47736,198,2,High
47737,19,3,Low
47738,127,1,Low
47740,4,2,Low
47741,99,1,Low
47742,168,2,Low
47743,70,2,Low
47744,214,1,High
47745,224,1,High
47746,206,1,High
47747,136,2,Low
47748,71,3,Low
47751,194,2,High
47752,83,4,Low
47753,114,2,Low
47754,352,1,High
47755,316,1,High
47757,43,2,Low
47759,3,2,Low
47760,336,1,High
47761,85,4,Low
47762,9,1,Low
47764,108,2,Low
47765,131,2,Low
47766,62,1,Low
47767,66,6,Low
47768,129,1,Low
47769,77,4,Low
47770,129,1,Low
47772,10,2,Low
47773,138,2,Low
47774,13,5,Low
47775,172,3,Low
47777,121,2,Low
47778,69,4,Low
47779,66,1,Low
47780,139,2,Low
47782,157,1,Low
47784,64,2,Low
47785,184,1,Low
47786,117,1,Low
47787,1,3,Low
47789,110,2,Low
47790,174,3,Low
47791,227,3,High
47792,29,3,Low
47793,302,1,High
47794,29,3,Low
47796,182,4,Low
47797,270,1,High
47798,327,1,High
47799,146,2,Low
47800,194,2,High
47801,96,2,Low
47802,39,1,Low
47803,143,3,Low
47804,24,2,Low
47805,234,1,High
47806,68,2,Low
47807,150,1,Low
47808,74,1,Low
47810,158,2,Low
47813,183,3,Low
47814,87,5,Low
47815,168,1,Low
47816,210,2,High
47817,355,2,High
47818,214,2,High
47819,34,1,Low
47820,31,2,Low
47821,133,2,Low
47822,182,2,Low
47823,110,4,Low
47824,161,3,Low
47825,65,4,Low
47826,52,6,Low
47827,91,2,Low
47834,24,5,Low
47835,10,3,Low
47836,68,3,Low
47838,63,1,Low
47839,105,3,Low
47841,60,3,Low
47842,106,1,Low
47843,8,5,Low
47844,22,3,Low
47845,115,3,Low
47846,314,1,High
47847,356,2,High
47848,354,1,High
47849,199,3,High
47850,195,1,High
47851,12,2,Low
47852,129,2,Low
47854,21,3,Low
47855,132,2,Low
47858,305,1,High
47859,41,2,Low
47860,308,1,High
47861,350,1,High
47862,199,2,High
47864,67,6,Low
47865,2,4,Low
47866,108,2,Low
47867,39,3,Low
47868,217,1,High
47869,360,1,High
47870,100,2,Low
47871,97,3,Low
47872,186,2,Low
47873,275,2,High
47874,19,2,Low
47875,206,1,High
47876,200,1,High
47877,82,1,Low
47878,124,3,Low
47879,299,1,High
47880,152,2,Low
47881,16,4,Low
47882,19,3,Low
47883,9,3,Low
47884,68,2,Low
47885,168,3,Low
47886,317,1,High
47887,303,1,High
47888,340,1,High
47889,13,2,Low
47891,271,1,High
47892,251,1,High
47893,349,1,High
47895,339,1,High
47896,54,4,Low
47897,73,3,Low
47899,142,2,Low
47900,67,1,Low
47901,54,2,Low
47902,89,1,Low
47903,135,4,Low
47904,52,1,Low
47905,99,2,Low
47906,264,3,High
47909,84,4,Low
47910,18,2,Low
47911,18,2,Low
47912,30,4,Low
47913,71,1,Low
47914,204,2,High
47915,84,1,Low
47916,212,1,High
47917,11,2,Low
47918,310,2,High
47919,184,1,Low
47921,105,2,Low
47923,5,5,Low
47924,182,4,Low
47925,132,2,Low
47926,37,5,Low
47927,112,2,Low
47928,307,1,High
47929,250,3,High
47930,267,2,High
47931,39,3,Low
47932,142,1,Low
47933,148,1,Low
47934,13,5,Low
47935,15,2,Low
47937,33,1,Low
47938,88,3,Low
47939,74,2,Low
47940,185,4,Low
47941,140,1,Low
47942,262,3,High
47944,246,2,High
47945,344,1,High
47946,38,3,Low
47948,17,3,Low
47949,125,3,Low
47950,252,2,High
47951,42,3,Low
47955,52,4,Low
47956,167,4,Low
47957,231,3,High
47959,3,3,Low
47960,50,2,Low
47961,44,3,Low
47962,158,2,Low
47964,84,2,Low
47965,3,3,Low
47966,45,2,Low
47967,88,4,Low
47969,14,2,Low
47970,197,3,High
47971,54,2,Low
47972,351,1,High
47973,35,3,Low
47974,314,1,High
47975,43,2,Low
47976,272,1,High
47979,277,1,High
47980,9,1,Low
47981,149,1,Low
47983,30,1,Low
47984,182,1,Low
47985,84,1,Low
47986,108,2,Low
47987,28,4,Low
47988,326,1,High
47989,129,2,Low
47990,196,2,High
47991,60,1,Low
47992,148,2,Low
47993,10,4,Low
47994,29,3,Low
47995,66,2,Low
47997,140,2,Low
47998,29,2,Low
47999,128,2,Low
48000,19,3,Low
48001,159,1,Low
48002,307,1,High
48003,29,3,Low
48006,133,1,Low
48008,134,1,Low
48009,115,1,Low
48010,59,2,Low
48011,253,2,High
48012,141,1,Low
48013,337,1,High
48014,222,3,High
48017,176,2,Low
48018,91,7,Low
48020,83,2,Low
48021,247,1,High
48022,17,3,Low
48023,177,1,Low
48024,81,1,Low
48026,24,2,Low
48028,198,3,High
48029,120,2,Low
48030,75,2,Low
48031,166,2,Low
48032,183,1,Low
48034,128,2,Low
48035,143,1,Low
48036,69,3,Low
48037,80,2,Low
48038,26,2,Low
48040,194,2,High
48043,130,1,Low
48044,14,2,Low
48045,101,2,Low
48046,91,2,Low
48047,362,1,High
48048,132,3,Low
48049,59,2,Low
48051,241,1,High
48052,42,4,Low
48054,135,1,Low
48055,84,2,Low
48056,147,2,Low
48057,217,1,High
48058,165,2,Low
48060,129,2,Low
48061,62,2,Low
48062,141,5,Low
48063,232,3,High
48065,3,6,Low
48066,76,3,Low
48067,14,2,Low
48069,122,2,Low
48071,190,1,Low
48073,28,2,Low
48074,69,2,Low
48076,153,1,Low
48077,59,1,Low
48078,233,1,High
48079,84,2,Low
48080,8,2,Low
48084,347,1,High
48085,316,1,High
48086,298,3,High
48087,22,2,Low
48088,243,1,High
48089,197,4,High
48090,180,1,Low
48093,200,2,High
48094,207,1,High
48095,260,1,High
48096,164,1,Low
48097,85,3,Low
48098,245,1,High
48099,64,3,Low
48102,118,1,Low
48104,89,2,Low
48105,124,2,Low
48107,288,1,High
48108,240,2,High
48109,204,1,High
48110,127,5,Low
48111,87,1,Low
48112,215,2,High
48113,95,3,Low
48114,14,3,Low
48115,36,2,Low
48116,146,4,Low
48118,20,1,Low
48119,260,2,High
48120,14,2,Low
48122,283,2,High
48124,180,3,Low
48126,77,2,Low
48127,269,2,High
48128,14,3,Low
48129,269,3,High
48130,59,2,Low
48131,37,1,Low
48132,59,1,Low
48133,9,3,Low
48134,105,2,Low
48135,273,2,High
48136,122,1,Low
48138,278,1,High
48139,32,1,Low
48140,315,1,High
48143,20,3,Low
48144,55,3,Low
48145,30,5,Low
48146,31,1,Low
48148,25,3,Low
48149,176,2,Low
48150,111,2,Low
48152,161,3,Low
48153,27,2,Low
48154,9,4,Low
48155,58,6,Low
48156,62,5,Low
48157,250,1,High
48158,62,2,Low
48159,118,2,Low
48161,38,4,Low
48162,61,3,Low
48163,53,2,Low
48164,42,3,Low
48165,62,2,Low
48166,116,1,Low
48167,75,5,Low
48168,227,2,High
48169,280,1,High
48170,123,4,Low
48171,52,2,Low
48173,37,3,Low
48174,39,2,Low
48175,120,5,Low
48176,45,3,Low
48177,318,2,High
48178,188,1,Low
48180,56,1,Low
48181,268,1,High
48182,39,1,Low
48184,97,1,Low
48185,38,2,Low
48186,66,2,Low
48188,225,2,High
48189,15,2,Low
48190,30,2,Low
48192,201,2,High
48193,150,4,Low
48195,7,5,Low
48196,255,1,High
48197,213,1,High
48198,114,2,Low
48200,112,2,Low
48201,137,3,Low
48205,123,1,Low
48207,7,5,Low
48208,206,1,High
48209,135,1,Low
48210,261,2,High
48211,3,1,Low
48212,61,5,Low
48213,45,4,Low
48214,54,2,Low
48215,82,2,Low
48217,212,1,High
48218,59,4,Low
48219,175,3,Low
48220,16,2,Low
48221,9,6,Low
48222,238,1,High
48223,198,2,High
48224,20,2,Low
48225,208,2,High
48226,258,2,High
48227,121,4,Low
48228,46,2,Low
48229,33,1,Low
48231,365,1,High
48233,99,2,Low
48234,14,3,Low
48236,171,1,Low
48237,235,1,High
48238,66,2,Low
48239,64,2,Low
48240,21,4,Low
48241,7,4,Low
48242,50,1,Low
48244,74,2,Low
48245,305,2,High
48246,166,3,Low
48247,223,3,High
48248,20,4,Low
48249,83,1,Low
48250,78,5,Low
48251,55,3,Low
48252,280,2,High
48253,50,4,Low
48255,81,3,Low
48258,24,4,Low
48259,40,3,Low
48260,81,4,Low
48261,221,1,High
48262,51,4,Low
48263,27,4,Low
48264,35,2,Low
48265,11,3,Low
48266,354,1,High
48267,129,1,Low
48268,13,2,Low
48269,98,2,Low
48270,9,3,Low
48271,66,3,Low
48272,68,2,Low
48273,122,3,Low
48274,40,2,Low
48275,288,1,High
48277,205,1,High
48278,96,3,Low
48279,38,3,Low
48280,4,3,Low
48282,89,6,Low
48283,60,4,Low
48284,4,3,Low
48285,119,3,Low
48286,66,3,Low
48287,47,3,Low
48288,26,2,Low
48289,171,2,Low
48290,250,3,High
48291,58,3,Low
48292,51,2,Low
48293,71,3,Low
48294,159,2,Low
48295,230,1,High
48296,32,4,Low
48297,270,1,High
48298,132,5,Low
48301,41,4,Low
48302,360,1,High
48303,230,2,High
48305,20,2,Low
48306,78,3,Low
48307,55,3,Low
48308,144,2,Low
48309,335,1,High
48310,48,2,Low
48311,264,1,High
48312,147,1,Low
48314,23,7,Low
48315,135,3,Low
48316,25,2,Low
48317,16,2,Low
48318,134,2,Low
48319,193,2,Low
48320,18,3,Low
48321,15,7,Low
48322,117,1,Low
48323,30,4,Low
48324,194,1,High
48326,249,2,High
48328,74,5,Low
48330,307,1,High
48331,137,3,Low
48332,33,4,Low
48333,62,3,Low
48334,126,2,Low
48335,340,1,High
48336,26,2,Low
48337,97,2,Low
48338,331,1,High
48339,26,4,Low
48341,26,2,Low
48342,133,2,Low
48343,71,3,Low
48345,37,1,Low
48346,213,2,High
48347,46,1,Low
48348,276,1,High
48349,48,3,Low
48350,25,3,Low
48351,92,2,Low
48352,119,1,Low
48353,175,1,Low
48354,361,1,High
48355,106,2,Low
48356,16,2,Low
48357,91,2,Low
48358,269,1,High
48360,71,2,Low
48361,63,2,Low
48363,35,3,Low
48364,11,1,Low
48365,105,2,Low
48366,209,4,High
48367,145,4,Low
48369,191,3,Low
48370,122,4,Low
48371,69,1,Low
48372,64,2,Low
48373,143,3,Low
48374,2,1,Low
48375,17,6,Low
48376,10,3,Low
48377,48,3,Low
48378,277,2,High
48379,40,3,Low
48380,166,1,Low
48382,36,1,Low
48383,130,3,Low
48384,38,6,Low
48385,276,1,High
48387,139,1,Low
48388,77,1,Low
48389,5,7,Low
48390,128,2,Low
48391,21,2,Low
48392,175,2,Low
48393,120,3,Low
48394,5,2,Low
48395,205,2,High
48396,105,2,Low
48397,6,2,Low
48398,215,1,High
48399,133,3,Low
48400,98,1,Low
48401,105,1,Low
48402,64,2,Low
48403,96,2,Low
48405,19,2,Low
48406,108,1,Low
48407,114,4,Low
48409,3,2,Low
48411,152,2,Low
48412,25,2,Low
48413,28,4,Low
48414,221,3,High
48415,117,1,Low
48416,74,3,Low
48417,204,1,High
48419,162,1,Low
48421,49,1,Low
48422,79,1,Low
48423,11,2,Low
48425,345,1,High
48427,57,2,Low
48428,217,4,High
48429,25,1,Low
48430,362,1,High
48431,103,2,Low
48432,122,2,Low
48433,262,2,High
48436,140,3,Low
48437,256,2,High
48438,163,1,Low
48439,211,1,High
48440,24,4,Low
48442,254,1,High
48443,51,4,Low
48444,18,6,Low
48445,55,3,Low
48446,28,3,Low
48447,1,4,Low
48448,216,1,High
48449,110,2,Low
48450,126,1,Low
48451,102,4,Low
48452,8,2,Low
48453,58,1,Low
48454,32,6,Low
48455,171,3,Low
48456,31,3,Low
48457,82,1,Low
48458,5,2,Low
48459,12,5,Low
48460,70,2,Low
48461,13,3,Low
48462,228,1,High
48463,255,1,High
48464,69,2,Low
48465,56,4,Low
48466,64,5,Low
48467,3,1,Low
48468,155,3,Low
48469,202,1,High
48470,153,1,Low
48472,98,2,Low
48473,153,2,Low
48474,70,1,Low
48475,329,1,High
48476,45,5,Low
48477,207,3,High
48478,54,1,Low
48479,144,2,Low
48480,95,2,Low
48481,24,6,Low
48483,298,1,High
48484,222,3,High
48485,14,1,Low
48486,358,1,High
48488,55,2,Low
48489,22,2,Low
48490,287,1,High
48491,193,2,Low
48492,125,1,Low
48493,47,3,Low
48495,214,1,High
48496,52,3,Low
48497,131,4,Low
48498,68,1,Low
48499,120,3,Low
48500,6,1,Low
48501,354,1,High
48502,28,3,Low
48503,72,1,Low
48504,49,1,Low
48506,74,2,Low
48509,149,2,Low
48510,63,2,Low
48511,32,2,Low
48512,132,5,Low
48513,17,2,Low
48514,251,2,High
48515,98,2,Low
48516,41,4,Low
48518,320,1,High
48521,208,2,High
48522,212,2,High
48524,19,1,Low
48525,99,2,Low
48526,37,2,Low
48527,19,2,Low
48528,167,4,Low
48529,38,4,Low
48530,115,1,Low
48531,53,4,Low
48532,121,4,Low
48533,165,2,Low
48534,104,1,Low
48535,32,5,Low
48536,146,3,Low
48538,42,2,Low
48539,41,5,Low
48540,164,3,Low
48542,218,2,High
48544,337,1,High
48545,3,3,Low
48546,154,3,Low
48547,129,3,Low
48548,170,1,Low
48551,299,4,High
48552,64,1,Low
48553,144,1,Low
48554,304,1,High
48555,286,1,High
48556,263,1,High
48557,74,1,Low
48558,145,2,Low
48560,52,3,Low
48561,102,2,Low
48562,30,3,Low
48563,335,1,High
48564,117,3,Low
48565,54,4,Low
48566,219,3,High
48567,106,1,Low
48568,14,4,Low
48569,48,3,Low
48571,109,3,Low
48572,48,2,Low
48573,8,1,Low
48574,65,4,Low
48575,356,1,High
48576,231,4,High
48577,52,1,Low
48578,124,1,Low
48579,148,1,Low
48580,216,1,High
48582,17,1,Low
48583,319,3,High
48584,8,6,Low
48586,362,1,High
48587,250,1,High
48588,138,1,Low
48589,87,5,Low
48593,91,1,Low
48594,108,1,Low
48595,212,1,High
48596,108,3,Low
48597,71,1,Low
48598,14,3,Low
48600,57,2,Low
48603,327,1,High
48604,140,1,Low
48605,10,4,Low
48606,247,2,High
48608,117,1,Low
48609,12,4,Low
48611,16,4,Low
48612,172,2,Low
48614,280,1,High
48615,18,5,Low
48616,72,2,Low
48617,84,3,Low
48618,47,6,Low
48620,180,3,Low
48621,155,1,Low
48623,92,5,Low
48624,164,2,Low
48625,139,3,Low
48627,45,2,Low
48628,344,1,High
48629,73,2,Low
48631,58,1,Low
48633,73,2,Low
48634,148,1,Low
48635,240,1,High
48637,189,3,Low
48638,24,2,Low
48639,240,1,High
48640,37,3,Low
48641,62,1,Low
48642,125,3,Low
48643,208,2,High
48644,88,1,Low
48646,45,2,Low
48647,37,4,Low
48648,45,2,Low
48649,203,1,High
48650,155,1,Low
48651,109,3,Low
48652,222,1,High
48654,77,4,Low
48655,48,1,Low
48656,45,2,Low
48657,198,3,High
48658,166,2,Low
48659,155,2,Low
48661,155,2,Low
48662,140,2,Low
48663,13,1,Low
48664,19,3,Low
48667,34,3,Low
48668,103,6,Low
48670,300,1,High
48671,51,3,Low
48672,158,4,Low
48673,10,2,Low
48674,142,3,Low
48675,37,2,Low
48677,114,2,Low
48678,317,1,High
48679,161,2,Low
48680,292,1,High
48681,29,1,Low
48682,32,2,Low
48683,340,1,High
48684,290,1,High
48686,3,3,Low
48688,174,2,Low
48689,20,3,Low
48691,156,3,Low
48692,331,1,High
48693,287,1,High
48694,171,3,Low
48695,146,2,Low
48697,339,3,High
48699,2,4,Low
48700,92,2,Low
48701,168,3,Low
48703,171,2,Low
48705,126,4,Low
48706,154,1,Low
48707,326,1,High
48708,107,2,Low
48709,18,2,Low
48711,337,2,High
48714,297,1,High
48715,48,2,Low
48716,335,2,High
48717,41,4,Low
48719,302,1,High
48720,119,2,Low
48721,4,1,Low
48722,239,1,High
48723,117,1,Low
48724,81,2,Low
48725,261,2,High
48726,55,4,Low
48730,122,1,Low
48731,177,2,Low
48732,72,1,Low
48733,337,1,High
48735,77,1,Low
48737,175,2,Low
48738,97,1,Low
48739,15,2,Low
48740,105,4,Low
48742,73,1,Low
48744,242,2,High
48745,334,2,High
48746,151,4,Low
48747,197,1,High
48752,120,2,Low
48753,272,1,High
48754,211,4,High
48755,220,1,High
48756,4,2,Low
48757,121,1,Low
48759,84,4,Low
48760,358,1,High
48761,116,2,Low
48762,276,2,High
48763,157,3,Low
48764,19,3,Low
48765,172,2,Low
48766,63,3,Low
48767,252,3,High
48768,66,2,Low
48769,336,1,High
48770,95,1,Low
48772,155,4,Low
48773,129,5,Low
48774,357,1,High
48775,225,1,High
48776,237,2,High
48777,228,5,High
48778,5,1,Low
48779,186,1,Low
48780,8,1,Low
48781,342,1,High
48782,47,2,Low
48783,128,1,Low
48786,189,3,Low
48787,218,3,High
48788,3,2,Low
48789,70,2,Low
48790,41,2,Low
48791,9,2,Low
48792,206,1,High
48793,288,1,High
48795,206,2,High
48796,199,2,High
48797,61,3,Low
48799,110,3,Low
48800,84,2,Low
48801,37,3,Low
48802,26,3,Low
48803,99,2,Low
48804,39,6,Low
48805,14,5,Low
48806,28,3,Low
48807,106,4,Low
48808,21,2,Low
48809,79,6,Low
48810,235,1,High
48811,182,1,Low
48812,340,1,High
48813,202,3,High
48814,18,2,Low
48815,341,1,High
48816,145,2,Low
48818,158,5,Low
48819,44,4,Low
48820,93,2,Low
48822,28,1,Low
48823,115,4,Low
48824,124,5,Low
48825,334,2,High
48826,49,2,Low
48828,237,1,High
48829,34,1,Low
48830,233,2,High
48831,215,2,High
48832,62,2,Low
48833,249,2,High
48835,76,3,Low
48836,255,1,High
48837,48,2,Low
48838,360,1,High
48839,43,2,Low
48840,49,2,Low
48841,46,1,Low
48842,6,3,Low
48843,69,4,Low
48844,171,2,Low
48845,4,4,Low
48846,247,1,High
48848,109,2,Low
48849,176,1,Low
48850,212,1,High
48851,65,3,Low
48852,85,5,Low
48853,214,2,High
48854,164,2,Low
48855,8,4,Low
48857,294,4,High
48859,270,1,High
48860,10,2,Low
48861,65,4,Low
48862,52,2,Low
48863,129,2,Low
48864,177,3,Low
48865,118,2,Low
48866,39,4,Low
48867,23,3,Low
48868,254,2,High
48869,40,3,Low
48870,27,1,Low
48871,11,3,Low
48872,23,5,Low
48875,282,2,High
48876,110,1,Low
48877,305,1,High
48878,82,2,Low
48879,248,2,High
48880,223,1,High
48881,106,2,Low
48882,152,2,Low
48883,335,1,High
48884,46,3,Low
48886,89,2,Low
48887,270,1,High
48889,34,5,Low
48890,66,3,Low
48891,39,2,Low
48892,104,2,Low
48894,129,1,Low
48895,19,4,Low
48897,70,1,Low
48898,185,3,Low
48899,105,2,Low
48900,16,2,Low
48901,96,3,Low
48902,252,2,High
48903,153,2,Low
48904,184,3,Low
48905,159,3,Low
48906,223,1,High
48907,65,3,Low
48908,302,1,High
48909,112,3,Low
48910,91,2,Low
48911,96,5,Low
48912,49,3,Low
48913,90,3,Low
48914,206,1,High
48915,173,3,Low
48916,198,2,High
48917,107,1,Low
48919,28,2,Low
48921,86,1,Low
48922,2,4,Low
48923,96,3,Low
48924,178,2,Low
48925,154,2,Low
48926,20,2,Low
48927,9,2,Low
48928,64,2,Low
48929,13,2,Low
48931,17,2,Low
48932,12,3,Low
48933,86,1,Low
48934,22,2,Low
48935,49,5,Low
48939,30,2,Low
48940,39,1,Low
48941,76,2,Low
48942,113,1,Low
48943,203,2,High
48944,95,3,Low
48945,256,2,High
48946,31,3,Low
48947,323,1,High
48948,37,5,Low
48949,97,1,Low
48950,111,2,Low
48951,166,2,Low
48953,75,5,Low
48954,116,2,Low
48955,54,1,Low
48956,87,4,Low
48957,5,1,Low
48958,49,3,Low
48959,131,3,Low
48960,32,2,Low
48962,12,7,Low
48964,61,1,Low
48966,20,3,Low
48969,9,3,Low
48970,10,3,Low
48971,18,2,Low
48972,60,2,Low
48973,80,2,Low
48974,93,1,Low
48975,102,4,Low
48976,133,3,Low
48977,223,2,High
48978,156,2,Low
48979,239,1,High
48981,225,2,High
48982,2,5,Low
48983,45,2,Low
48984,160,2,Low
48985,17,3,Low
48986,21,6,Low
48987,91,1,Low
48988,185,3,Low
48989,134,2,Low
48990,255,1,High
48991,16,2,Low
48992,45,5,Low
48993,97,3,Low
48995,5,3,Low
48996,129,4,Low
48998,233,1,High
48999,121,2,Low
49000,12,2,Low
49001,194,1,High
49002,245,2,High
49003,42,4,Low
49005,155,1,Low
49006,27,4,Low
49007,144,1,Low
49008,134,1,Low
49009,168,1,Low
49011,352,1,High
49013,185,3,Low
49015,10,3,Low
49016,6,4,Low
49017,154,2,Low
49019,216,1,High
49020,64,3,Low
49021,328,2,High
49022,121,2,Low
49023,16,6,Low
49024,156,2,Low
49025,220,3,High
49026,53,4,Low
49027,134,1,Low
49029,48,3,Low
49030,14,2,Low
49032,38,3,Low
49033,11,4,Low
49034,236,1,High
49035,242,1,High
49036,33,2,Low
49037,132,2,Low
49038,118,2,Low
49039,275,1,High
49040,107,4,Low
49041,52,2,Low
49042,160,3,Low
49043,168,2,Low
49044,86,4,Low
49045,277,3,High
49046,50,6,Low
49050,44,3,Low
49052,102,3,Low
49053,117,4,Low
49054,21,5,Low
49055,48,3,Low
49057,33,2,Low
49060,230,3,High
49061,329,1,High
49063,143,4,Low
49064,121,1,Low
49065,76,4,Low
49066,40,3,Low
49067,70,1,Low
49068,14,1,Low
49069,82,1,Low
49071,61,3,Low
49072,203,2,High
49073,216,1,High
49075,148,1,Low
49076,19,3,Low
49077,273,1,High
49078,5,3,Low
49079,299,1,High
49080,127,3,Low
49081,166,3,Low
49082,44,4,Low
49083,284,1,High
49085,28,6,Low
49087,72,3,Low
49088,337,1,High
49089,13,2,Low
49091,37,6,Low
49092,25,1,Low
49093,23,2,Low
49094,114,3,Low
49095,318,1,High
49096,16,3,Low
49098,188,1,Low
49099,125,1,Low
49100,314,1,High
49101,107,1,Low
49102,42,3,Low
49104,90,4,Low
49106,10,5,Low
49107,13,2,Low
49108,141,3,Low
49109,364,1,High
49110,25,4,Low
49111,357,1,High
49112,245,1,High
49113,158,1,Low
49114,16,5,Low
49115,36,5,Low
49116,72,3,Low
49117,38,5,Low
49118,113,1,Low
49119,18,3,Low
49120,166,3,Low
49121,114,3,Low
49123,346,1,High
49124,30,2,Low
49125,116,5,Low
49126,40,4,Low
49127,22,1,Low
49128,75,2,Low
49130,129,2,Low
49132,248,2,High
49133,100,1,Low
49134,181,1,Low
49135,67,4,Low
49136,201,3,High
49138,17,2,Low
49139,188,2,Low
49140,40,2,Low
49141,331,1,High
49142,114,3,Low
49143,326,1,High
49144,36,2,Low
49145,26,1,Low
49146,169,2,Low
49147,125,2,Low
49148,133,1,Low
49149,76,3,Low
49150,276,2,High
49151,6,3,Low
49152,97,1,Low
49153,183,2,Low
49155,103,2,Low
49156,31,3,Low
49157,160,1,Low
49158,94,3,Low
49159,57,1,Low
49160,185,4,Low
49161,44,5,Low
49162,331,1,High
49163,280,1,High
49164,222,4,High
49166,89,2,Low
49167,92,1,Low
49168,54,1,Low
49169,121,2,Low
49170,102,2,Low
49171,158,2,Low
49172,21,1,Low
49173,88,3,Low
49174,25,4,Low
49175,133,1,Low
49178,99,3,Low
49179,142,2,Low
49180,104,1,Low
49181,107,2,Low
49182,54,3,Low
49183,140,1,Low
49184,71,3,Low
49185,41,3,Low
49187,318,1,High
49188,194,4,High
49189,156,1,Low
49190,143,2,Low
49191,42,2,Low
49192,7,2,Low
49193,136,2,Low
49194,13,3,Low
49195,172,1,Low
49196,101,2,Low
49197,37,2,Low
49198,197,1,High
49199,288,1,High
49200,124,1,Low
49201,166,2,Low
49202,1,4,Low
49203,137,1,Low
49204,6,2,Low
49205,51,4,Low
49206,214,3,High
49207,43,2,Low
49209,341,1,High
49210,117,3,Low
49211,105,1,Low
49212,173,3,Low
49213,162,2,Low
49214,64,3,Low
49215,163,4,Low
49216,331,1,High
49217,170,3,Low
49218,38,2,Low
49219,214,2,High
49220,106,1,Low
49221,114,3,Low
49222,4,1,Low
49223,32,5,Low
49224,43,3,Low
49225,184,2,Low
49227,118,3,Low
49228,149,1,Low
49229,147,1,Low
49230,93,2,Low
49231,148,2,Low
49232,63,4,Low
49234,10,2,Low
49235,54,1,Low
49236,295,2,High
49237,86,4,Low
49239,103,2,Low
49240,91,2,Low
49241,241,3,High
49242,120,2,Low
49244,339,1,High
49246,36,1,Low
49247,7,4,Low
49248,106,4,Low
49249,44,2,Low
49251,25,2,Low
49252,102,1,Low
49253,189,2,Low
49254,47,3,Low
49255,33,3,Low
49256,86,1,Low
49258,139,3,Low
49260,3,2,Low
49261,77,2,Low
49262,126,5,Low
49263,90,1,Low
49265,15,5,Low
49267,179,2,Low
49268,22,2,Low
49270,141,2,Low
49271,130,2,Low
49272,180,3,Low
49273,53,5,Low
49274,1,3,Low
49275,79,3,Low
49276,271,2,High
49277,152,3,Low
49278,34,2,Low
49279,101,2,Low
49280,39,3,Low
49281,26,3,Low
49282,190,1,Low
49283,40,2,Low
49284,156,2,Low
49285,1,2,Low
49286,33,3,Low
49287,202,2,High
49288,115,1,Low
49289,219,2,High
49290,13,2,Low
49292,72,1,Low
49293,189,3,Low
49294,22,1,Low
49295,74,3,Low
49296,118,7,Low
49297,104,2,Low
49299,329,2,High
49300,20,3,Low
49301,152,2,Low
49302,23,2,Low
49303,45,2,Low
49305,56,1,Low
49306,248,1,High
49307,87,1,Low
49308,44,1,Low
49309,94,5,Low
49310,217,2,High
49312,33,3,Low
49313,54,3,Low
49314,291,2,High
49315,365,1,High
49317,318,2,High
49320,7,3,Low
49321,84,2,Low
49322,38,1,Low
49323,169,1,Low
49324,208,3,High
49325,227,2,High
49326,275,3,High
49327,106,3,Low
49328,250,1,High
49329,132,1,Low
49330,48,4,Low
49331,249,1,High
49332,179,1,Low
49334,110,3,Low
49335,170,1,Low
49336,60,2,Low
49337,53,2,Low
49338,28,3,Low
49339,25,2,Low
49341,3,2,Low
49342,152,1,Low
49343,128,2,Low
49345,97,2,Low
49346,42,7,Low
49347,44,2,Low
49348,90,2,Low
49349,229,2,High
49350,120,5,Low
49351,229,1,High
49352,61,3,Low
49353,346,1,High
49354,214,3,High
49356,92,5,Low
49357,110,2,Low
49358,323,2,High
49360,362,1,High
49361,170,1,Low
49362,217,2,High
49363,200,1,High
49364,191,1,Low
49365,118,3,Low
49366,24,1,Low
49367,117,1,Low
49368,185,2,Low
49369,63,2,Low
49370,7,4,Low
49371,191,2,Low
49372,326,2,High
49374,116,2,Low
49375,207,1,High
49376,1,2,Low
49377,142,1,Low
49379,9,4,Low
49381,364,1,High
49383,147,1,Low
49384,95,3,Low
49385,85,2,Low
49386,82,2,Low
49387,104,2,Low
49388,211,5,High
49389,15,4,Low
49390,50,1,Low
49392,3,3,Low
49393,182,2,Low
49394,190,1,Low
49395,155,2,Low
49396,24,2,Low
49397,264,1,High
49398,68,2,Low
49399,4,2,Low
49400,74,3,Low
49401,352,1,High
49402,28,1,Low
49403,189,1,Low
49404,147,3,Low
49405,117,4,Low
49406,114,2,Low
49408,21,2,Low
49409,157,1,Low
49410,165,4,Low
49412,64,1,Low
49413,7,5,Low
49414,252,1,High
49415,123,2,Low
49416,138,1,Low
49417,43,9,Low
49419,261,1,High
49423,304,1,High
49424,148,2,Low
49426,244,1,High
49427,3,4,Low
49428,213,1,High
49429,88,2,Low
49430,2,3,Low
49431,135,1,Low
49432,6,1,Low
49434,37,4,Low
49435,63,1,Low
49437,117,1,Low
49438,184,3,Low
49439,57,3,Low
49440,105,4,Low
49442,16,3,Low
49443,258,2,High
49444,218,2,High
49445,279,1,High
49446,142,1,Low
49447,210,1,High
49449,11,6,Low
49450,5,1,Low
49451,308,2,High
49452,116,3,Low
49453,118,3,Low
49454,251,2,High
49455,169,2,Low
49456,233,2,High
49458,317,1,High
49459,209,4,High
49461,10,2,Low
49462,146,3,Low
49463,255,2,High
49464,171,1,Low
49465,159,3,Low
49466,70,5,Low
49467,157,2,Low
49468,24,5,Low
49469,37,3,Low
49470,79,3,Low
49471,131,1,Low
49472,2,2,Low
49473,63,3,Low
49474,363,1,High
49475,95,2,Low
49476,141,3,Low
49477,166,1,Low
49478,194,1,High
49479,86,2,Low
49480,185,2,Low
49481,221,2,High
49482,91,1,Low
49485,5,1,Low
49486,171,2,Low
49487,271,2,High
49488,38,3,Low
49489,1,5,Low
49491,213,3,High
49492,116,4,Low
49493,175,2,Low
49494,49,5,Low
49495,116,3,Low
49496,62,1,Low
49499,46,2,Low
49500,146,1,Low
49501,37,4,Low
49502,142,2,Low
49503,29,3,Low
49504,112,2,Low
49505,234,2,High
49506,265,2,High
49508,220,1,High
49509,161,1,Low
49510,88,1,Low
49511,152,3,Low
49512,62,3,Low
49513,350,1,High
49514,94,1,Low
49515,7,5,Low
49516,286,1,High
49517,60,1,Low
49518,97,3,Low
49519,179,2,Low
49520,123,3,Low
49521,92,2,Low
49522,333,1,High
49523,159,1,Low
49524,311,2,High
49525,172,2,Low
49526,235,2,High
49527,187,2,Low
49528,7,2,Low
49529,42,2,Low
49530,129,1,Low
49531,88,3,Low
49532,90,1,Low
49533,76,1,Low
49534,155,1,Low
49535,153,3,Low
49536,137,1,Low
49537,28,1,Low
49538,89,5,Low
49541,116,1,Low
49542,33,5,Low
49543,338,1,High
49545,58,1,Low
49546,90,1,Low
49547,265,1,High
49548,271,1,High
49549,142,2,Low
49550,224,3,High
49551,207,1,High
49552,287,1,High
49553,359,1,High
49554,174,2,Low
49556,225,1,High
49557,27,3,Low
49558,29,3,Low
49559,42,3,Low
49560,128,5,Low
49561,321,1,High
49562,90,1,Low
49563,220,3,High
49564,111,3,Low
49565,150,1,Low
49566,269,1,High
49567,7,3,Low
49568,223,1,High
49569,139,3,Low
49570,239,1,High
49572,20,1,Low
49573,99,6,Low
49574,118,2,Low
49575,48,3,Low
49576,68,1,Low
49577,294,3,High
49578,68,3,Low
49579,89,3,Low
49580,170,1,Low
49581,39,2,Low
49582,84,1,Low
49583,180,1,Low
49584,181,2,Low
49585,290,2,High
49586,317,2,High
49587,74,3,Low
49588,57,3,Low
49589,4,5,Low
49591,7,5,Low
49592,67,1,Low
49593,152,2,Low
49594,13,1,Low
49595,62,3,Low
49596,217,2,High
49598,69,1,Low
49599,1,4,Low
49600,150,3,Low
49601,304,2,High
49603,184,1,Low
49604,210,4,High
49606,96,2,Low
49607,41,2,Low
49608,136,1,Low
49609,201,1,High
49610,7,2,Low
49611,72,3,Low
49612,47,2,Low
49613,10,1,Low
49614,54,1,Low
49616,338,1,High
49618,221,1,High
49619,77,3,Low
49620,22,1,Low
49622,41,4,Low
49623,49,4,Low
49624,239,1,High
49625,143,1,Low
49626,28,2,Low
49627,187,1,Low
49628,29,2,Low
49629,292,2,High
49630,60,1,Low
49634,5,1,Low
49635,349,1,High
49636,2,3,Low
49637,127,2,Low
49638,178,1,Low
49639,349,1,High
49640,87,3,Low
49641,10,2,Low
49642,32,3,Low
49643,202,1,High
49645,119,1,Low
49646,197,1,High
49647,165,1,Low
49648,213,2,High
49649,155,3,Low
49650,130,5,Low
49651,313,1,High
49652,21,2,Low
49653,39,4,Low
49654,191,3,Low
49655,90,2,Low
49656,202,1,High
49657,25,3,Low
49658,159,1,Low
49659,226,1,High
49660,29,1,Low
49661,325,1,High
49662,45,1,Low
49663,237,1,High
49664,77,7,Low
49665,103,4,Low
49666,169,2,Low
49667,303,1,High
49669,99,5,Low
49670,58,3,Low
49672,3,3,Low
49673,53,2,Low
49674,255,1,High
49675,40,1,Low
49676,49,1,Low
49677,261,1,High
49678,221,2,High
49679,207,1,High
49681,24,5,Low
49682,126,3,Low
49685,227,1,High
49686,137,3,Low
49687,99,2,Low
49688,27,1,Low
49689,56,2,Low
49690,121,3,Low
49691,70,1,Low
49693,99,4,Low
49694,160,2,Low
49696,157,4,Low
49697,283,1,High
49698,8,4,Low
49699,271,3,High
49700,14,4,Low
49701,192,2,Low
49702,10,3,Low
49703,21,3,Low
49704,114,2,Low
49705,111,1,Low
49706,112,4,Low
49707,169,4,Low
49709,232,1,High
49710,82,4,Low
49711,328,1,High
49712,125,1,Low
49713,129,3,Low
49714,42,2,Low
49715,223,2,High
49716,16,2,Low
49717,106,2,Low
49718,82,4,Low
49720,6,3,Low
49721,314,3,High
49722,168,2,Low
49723,8,5,Low
49724,45,2,Low
49725,82,2,Low
49726,37,2,Low
49727,73,2,Low
49728,49,4,Low
49729,49,3,Low
49730,6,4,Low
49732,86,2,Low
49733,24,7,Low
49734,155,2,Low
49735,119,1,Low
49737,63,1,Low
49739,2,3,Low
49740,59,1,Low
49741,159,2,Low
49742,54,6,Low
49743,259,1,High
49744,45,3,Low
49745,166,1,Low
49746,30,1,Low
49747,49,3,Low
49748,63,1,Low
49749,5,5,Low
49750,167,3,Low
49751,5,5,Low
49752,100,3,Low
49754,267,2,High
49755,320,2,High
49757,265,2,High
49758,124,2,Low
49759,60,1,Low
49761,52,2,Low
49762,105,3,Low
49763,139,2,Low
49764,165,1,Low
49766,294,2,High
49767,47,3,Low
49768,279,2,High
49769,28,2,Low
49770,13,2,Low
49771,42,2,Low
49774,33,6,Low
49775,3,2,Low
49776,304,1,High
49777,206,2,High
49778,136,3,Low
49779,91,4,Low
49780,68,4,Low
49781,183,1,Low
49782,3,2,Low
49783,112,2,Low
49784,126,1,Low
49785,307,1,High
49786,8,1,Low
49787,225,3,High
49788,63,5,Low
49790,319,1,High
49791,332,1,High
49792,112,2,Low
49793,72,2,Low
49794,121,2,Low
49795,110,2,Low
49797,158,2,Low
49798,126,1,Low
49799,229,2,High
49801,233,2,High
49802,41,4,Low
49803,2,5,Low
49805,270,2,High
49807,62,1,Low
49808,27,2,Low
49810,106,2,Low
49811,91,3,Low
49812,68,2,Low
49813,229,2,High
49814,134,2,Low
49815,102,2,Low
49817,87,2,Low
49818,236,1,High
49820,157,1,Low
49821,60,1,Low
49822,234,2,High
49823,63,2,Low
49824,107,3,Low
49825,129,5,Low
49827,230,3,High
49829,63,2,Low
49831,304,1,High
49832,193,1,Low
49833,85,1,Low
49834,18,2,Low
49835,105,3,Low
49836,6,2,Low
49837,16,3,Low
49838,243,1,High
49840,103,1,Low
49842,96,3,Low
49843,178,1,Low
49844,206,1,High
49845,16,3,Low
49846,53,1,Low
49847,98,3,Low
49848,59,1,Low
49849,59,2,Low
49850,247,1,High
49852,101,2,Low
49853,36,3,Low
49854,353,1,High
49856,55,1,Low
49857,240,1,High
49858,74,4,Low
49859,177,1,Low
49860,186,1,Low
49861,179,1,Low
49862,2,3,Low
49863,79,2,Low
49864,157,1,Low
49865,62,2,Low
49866,31,3,Low
49867,199,4,High
49868,55,2,Low
49869,17,1,Low
49870,133,3,Low
49871,171,1,Low
49872,81,2,Low
49873,227,2,High
49874,115,1,Low
49875,107,4,Low
49876,219,1,High
49877,232,1,High
49878,147,1,Low
49880,41,1,Low
49881,15,3,Low
49882,98,2,Low
49883,250,1,High
49884,27,3,Low
49885,54,3,Low
49886,99,2,Low
49887,41,4,Low
49888,5,5,Low
49890,134,2,Low
49891,10,3,Low
49892,107,1,Low
49895,148,3,Low
49896,201,3,High
49897,50,2,Low
49898,157,2,Low
49900,127,1,Low
49901,90,4,Low
49904,140,2,Low
49905,25,3,Low
49906,105,3,Low
49907,14,4,Low
49908,320,1,High
49909,23,5,Low
49911,9,7,Low
49912,42,1,Low
49913,234,1,High
49914,52,2,Low
49915,123,2,Low
49916,7,2,Low
49917,261,1,High
49918,40,2,Low
49919,13,2,Low
49921,99,2,Low
49922,334,1,High
49923,140,4,Low
49924,73,4,Low
49925,209,1,High
49927,40,1,Low
49928,306,1,High
49929,304,1,High
49930,202,2,High
49931,144,2,Low
49932,10,6,Low
49933,118,1,Low
49934,325,1,High
49935,311,2,High
49936,118,2,Low
49937,31,5,Low
49938,28,2,Low
49939,136,2,Low
49942,137,3,Low
49943,42,2,Low
49944,153,1,Low
49945,225,2,High
49946,66,1,Low
49947,105,3,Low
49948,112,1,Low
49949,203,3,High
49951,6,2,Low
49952,197,1,High
49953,26,2,Low
49954,89,3,Low
49955,89,1,Low
49956,52,2,Low
49957,184,3,Low
49958,36,3,Low
49959,308,2,High
49961,116,3,Low
49962,60,1,Low
49963,93,3,Low
49964,64,3,Low
49965,94,1,Low
49967,81,2,Low
49968,246,1,High
49969,227,2,High
49970,84,5,Low
49971,68,2,Low
49972,124,1,Low
49974,103,2,Low
49975,27,2,Low
49976,260,1,High
49977,82,2,Low
49978,57,4,Low
49979,82,1,Low
49980,90,2,Low
49981,189,3,Low
49982,108,2,Low
49984,288,1,High
49985,109,3,Low
49986,298,2,High
49987,221,2,High
49988,304,1,High
49989,117,2,Low
49990,11,4,Low
49991,186,2,Low
49992,18,5,Low
49993,55,2,Low
49995,12,1,Low
49996,66,2,Low
49997,55,2,Low
49998,178,1,Low
50000,36,1,Low
