Location_ID,Item_ID,Total_Quantity_Sold,Total_Revenue,Item_Name,Cost,Total_Cost,Total_Profit,Profit_Pct,Performance_Class,City
1,1,396,568240.2000000001,Evidence Classic,564.03,223355.87999999998,344884.32000000007,60.69,Hidden Opportunity,Karachi
1,2,474,440151.66000000003,Much Special,678.43,321575.81999999995,118575.84000000008,26.94,Volume Driver,Karachi
1,3,444,913601.0399999999,Wish Combo,791.49,351421.56,562179.48,61.53,Profit Driver,Karachi
1,4,378,452647.44,We Deluxe,775.58,293169.24,159478.2,35.23,Low Performer,Karachi
1,5,395,621248.1,Hundred Platter,676.37,267166.15,354081.94999999995,57.0,Hidden Opportunity,Karachi
1,6,398,365352.06,Particularly Combo,550.6,219138.80000000002,146213.25999999998,40.02,Low Performer,Karachi
1,7,413,812994.63,Property Special,844.04,348588.51999999996,464406.11000000004,57.12,Hidden Opportunity,Karachi
1,8,424,510110.16,Join Platter,732.0,310368.0,199742.15999999997,39.16,Low Performer,Karachi
1,9,440,234511.2,Summer Classic,199.64,87841.59999999999,146669.60000000003,62.54,Profit Driver,Karachi
1,10,421,579994.86,Level Combo,524.42,220780.81999999998,359214.04000000004,61.93,Hidden Opportunity,Karachi
1,11,436,312838.72,Star Deluxe,334.97,146046.92,166791.79999999996,53.32,Hidden Opportunity,Karachi
1,12,465,503613.6,Claim Special,587.65,273257.25,230356.34999999998,45.74,Volume Driver,Karachi
1,13,498,925184.4,West Special,716.84,356986.32,568198.0800000001,61.41,Profit Driver,Karachi
1,14,417,271496.19,Nothing Combo,466.62,194580.54,76915.65,28.33,Low Performer,Karachi
1,15,430,352711.8,Wide Platter,546.84,235141.2,117570.59999999998,33.33,Low Performer,Karachi
1,16,405,380606.85,Later Deluxe,552.73,223855.65,156751.19999999998,41.18,Low Performer,Karachi
1,17,432,174065.76,Until Deluxe,268.62,116043.84,58021.92000000001,33.33,Low Performer,Karachi
1,18,450,348619.5,Door Deluxe,530.76,238842.0,109777.5,31.49,Volume Driver,Karachi
1,19,422,272903.18000000005,Again Classic,264.63,111673.86,161229.32000000007,59.08,Hidden Opportunity,Karachi
1,20,413,503091.82000000007,Tell Platter,599.21,247473.73,255618.09000000005,50.81,Hidden Opportunity,Karachi
1,21,460,626878.8,Industry Platter,773.75,355925.0,270953.80000000005,43.22,Volume Driver,Karachi
1,22,411,505032.69,Plan Combo,860.21,353546.31,151486.38,30.0,Low Performer,Karachi
1,23,489,400026.44999999995,Raise Combo,549.53,268720.17,131306.27999999997,32.82,Volume Driver,Karachi
1,24,377,454688.38999999996,Control Special,545.76,205751.52,248936.86999999997,54.75,Hidden Opportunity,Karachi
1,25,474,749559.8999999999,Before Combo,667.4,316347.6,433212.29999999993,57.8,Profit Driver,Karachi
1,26,404,322117.28,Court Special,538.18,217424.71999999997,104692.56000000006,32.5,Low Performer,Karachi
1,27,455,442569.39999999997,Service Special,591.23,269009.65,173559.74999999994,39.22,Volume Driver,Karachi
1,28,427,437414.53,Role Platter,623.33,266161.91000000003,171252.62,39.15,Low Performer,Karachi
1,29,427,323106.63,Scientist Special,328.5,140269.5,182837.13,56.59,Hidden Opportunity,Karachi
1,30,408,749340.96,Member Combo,851.64,347469.12,401871.83999999997,53.63,Hidden Opportunity,Karachi
1,31,451,540352.12,Country Platter,755.62,340784.62,199567.5,36.93,Volume Driver,Karachi
1,32,411,488970.81,Trouble Platter,458.33,188373.63,300597.18,61.48,Hidden Opportunity,Karachi
1,33,436,759084.72,Attention Platter,696.16,303525.76,455558.95999999996,60.01,Hidden Opportunity,Karachi
1,34,459,382801.41000000003,Open Special,552.21,253464.39,129337.02000000002,33.79,Volume Driver,Karachi
1,35,409,465744.66000000003,Pressure Classic,805.86,329596.74,136147.92000000004,29.23,Low Performer,Karachi
1,36,464,1065928.6400000001,Recent Platter,899.46,417349.44,648579.2000000002,60.85,Profit Driver,Karachi
1,37,504,420018.48,Phone Combo,514.23,259171.92,160846.55999999997,38.3,Volume Driver,Karachi
1,38,412,117790.79999999999,Recently Combo,151.62,62467.44,55323.359999999986,46.97,Low Performer,Karachi
1,39,448,1086135.68,Company Classic,867.99,388859.52,697276.1599999999,64.2,Profit Driver,Karachi
1,40,419,429726.39999999997,Expert Classic,372.53,156090.06999999998,273636.32999999996,63.68,Hidden Opportunity,Karachi
1,41,401,212421.73,Traditional Combo,385.2,154465.19999999998,57956.53000000003,27.28,Low Performer,Karachi
1,42,451,342593.13,Pay Classic,548.34,247301.34000000003,95291.78999999998,27.81,Volume Driver,Karachi
1,43,420,118582.79999999999,Fight Special,201.39,84583.79999999999,33999.0,28.67,Low Performer,Karachi
1,44,443,604712.72,Ability Classic,817.72,362249.96,242462.75999999995,40.1,Volume Driver,Karachi
1,45,459,463750.65,Up Classic,464.42,213168.78,250581.87000000002,54.03,Profit Driver,Karachi
1,46,473,340493.78,While Special,303.19,143408.87,197084.91000000003,57.88,Profit Driver,Karachi
1,47,435,497679.14999999997,Mr Deluxe,653.77,284389.95,213289.19999999995,42.86,Low Performer,Karachi
1,48,403,532254.1900000001,Skin Platter,615.87,248195.61000000002,284058.5800000001,53.37,Hidden Opportunity,Karachi
1,49,419,332442.98,Tend Deluxe,529.41,221822.78999999998,110620.19,33.27,Low Performer,Karachi
1,50,434,284864.58,Might Classic,427.15,185383.09999999998,99481.48000000004,34.92,Low Performer,Karachi
1,51,465,944424.2999999999,True Platter,890.42,414045.3,530379.0,56.16,Profit Driver,Karachi
1,52,420,736591.7999999999,Material Special,647.54,271966.8,464624.99999999994,63.08,Hidden Opportunity,Karachi
1,53,424,207955.03999999998,Black Deluxe,230.28,97638.72,110316.31999999998,53.05,Hidden Opportunity,Karachi
1,54,397,438625.44999999995,Price Deluxe,688.21,273219.37,165406.07999999996,37.71,Low Performer,Karachi
1,55,451,960553.33,Turn Platter,829.0,373879.0,586674.33,61.08,Profit Driver,Karachi
1,56,405,133483.94999999998,Life Special,183.07,74143.34999999999,59340.59999999999,44.46,Low Performer,Karachi
1,57,417,473436.77999999997,Child Classic,481.38,200735.46,272701.31999999995,57.6,Hidden Opportunity,Karachi
1,58,410,822701.8999999999,Effect Special,858.79,352103.89999999997,470597.99999999994,57.2,Hidden Opportunity,Karachi
1,59,435,395328.0,Coach Combo,426.91,185705.85,209622.15,53.02,Hidden Opportunity,Karachi
1,60,418,477886.86,Enough Platter,423.49,177018.82,300868.04,62.96,Hidden Opportunity,Karachi
1,61,450,220626.0,Themselves Classic,337.15,151717.5,68908.5,31.23,Volume Driver,Karachi
1,62,418,800306.98,Few Special,712.11,297661.98,502645.0,62.81,Hidden Opportunity,Karachi
1,63,455,904439.9,This Platter,758.08,344926.4,559513.5,61.86,Profit Driver,Karachi
1,64,455,489657.35000000003,Sign Special,399.14,181608.69999999998,308048.65,62.91,Profit Driver,Karachi
1,65,416,526913.9199999999,History Platter,675.96,281199.36,245714.55999999994,46.63,Low Performer,Karachi
1,66,432,655603.2,Bag Deluxe,762.44,329374.08,326229.11999999994,49.76,Hidden Opportunity,Karachi
1,67,425,520221.25,Onto Deluxe,645.02,274133.5,246087.75,47.3,Low Performer,Karachi
1,68,392,318660.72,Pull Combo,359.34,140861.28,177799.43999999997,55.8,Hidden Opportunity,Karachi
1,69,486,216989.28,Than Deluxe,170.7,82960.2,134029.08000000002,61.77,Profit Driver,Karachi
1,70,407,490394.30000000005,Central Classic,887.66,361277.62,129116.68000000005,26.33,Low Performer,Karachi
1,71,433,626139.65,Bit Classic,739.82,320342.06,305797.59,48.84,Low Performer,Karachi
1,72,425,416376.75,Hold Combo,582.44,247537.00000000003,168839.74999999997,40.55,Low Performer,Karachi
1,73,411,722985.99,Against Special,754.88,310255.68,412730.31,57.09,Hidden Opportunity,Karachi
1,74,433,1000338.25,Southern Classic,861.66,373098.77999999997,627239.47,62.7,Hidden Opportunity,Karachi
1,75,477,307765.17000000004,Success Classic,243.47,116135.19,191629.98000000004,62.26,Profit Driver,Karachi
1,76,415,245663.40000000002,Admit Classic,394.64,163775.6,81887.80000000002,33.33,Low Performer,Karachi
1,77,491,595209.84,High Special,648.7,318511.7,276698.13999999996,46.49,Volume Driver,Karachi
1,78,431,499701.4,Measure Deluxe,454.56,195915.36000000002,303786.04000000004,60.79,Hidden Opportunity,Karachi
1,79,430,702572.7000000001,Probably Deluxe,739.32,317907.60000000003,384665.10000000003,54.75,Hidden Opportunity,Karachi
1,80,433,587702.24,Specific Special,656.72,284359.76,303342.48,51.61,Hidden Opportunity,Karachi
1,81,460,664276.7999999999,House Platter,647.89,298029.39999999997,366247.39999999997,55.13,Profit Driver,Karachi
1,82,438,223007.69999999998,Hotel Platter,318.48,139494.24000000002,83513.45999999996,37.45,Low Performer,Karachi
1,83,416,542318.4,Reduce Platter,506.35,210641.6,331676.80000000005,61.16,Hidden Opportunity,Karachi
1,84,387,383331.24,Box Combo,622.32,240837.84000000003,142493.39999999997,37.17,Low Performer,Karachi
1,85,425,258298.0,Positive Platter,260.68,110789.0,147509.0,57.11,Hidden Opportunity,Karachi
1,86,418,737820.1599999999,Others Combo,753.08,314787.44,423032.7199999999,57.34,Hidden Opportunity,Karachi
1,87,432,536587.2,Forget Special,838.1,362059.2,174527.99999999994,32.53,Low Performer,Karachi
1,88,422,824566.9,Language Combo,890.92,375968.24,448598.66000000003,54.4,Hidden Opportunity,Karachi
1,89,426,676909.74,Foot Classic,819.02,348902.52,328007.22,48.46,Low Performer,Karachi
1,90,421,599495.5800000001,Speak Deluxe,707.74,297958.54,301537.0400000001,50.3,Hidden Opportunity,Karachi
1,91,432,381438.72000000003,No Combo,357.98,154647.36000000002,226791.36000000002,59.46,Hidden Opportunity,Karachi
1,92,484,174114.16,Will Deluxe,208.11,100725.24,73388.92,42.15,Volume Driver,Karachi
1,93,433,362360.38,Building Special,555.11,240362.63,121997.75,33.67,Low Performer,Karachi
1,94,403,382547.75,Either Combo,679.81,273963.43,108584.32,28.38,Low Performer,Karachi
1,95,469,348776.54,Mrs Combo,461.83,216598.27,132178.27,37.9,Volume Driver,Karachi
1,96,439,604937.61,Establish Classic,588.06,258158.33999999997,346779.27,57.32,Hidden Opportunity,Karachi
1,97,420,629189.4,Majority Combo,857.06,359965.19999999995,269224.20000000007,42.79,Low Performer,Karachi
1,98,441,772768.71,Letter Special,700.98,309132.18,463636.52999999997,60.0,Profit Driver,Karachi
1,99,418,299003.75999999995,Possible Deluxe,476.88,199335.84,99667.91999999995,33.33,Low Performer,Karachi
1,100,411,859351.68,City Classic,780.38,320736.18,538615.5,62.68,Hidden Opportunity,Karachi
1,101,441,421750.35000000003,Race Platter,445.52,196474.31999999998,225276.03000000006,53.41,Profit Driver,Karachi
1,102,421,211198.86000000002,Whose Platter,251.77,105995.17,105203.69000000002,49.81,Hidden Opportunity,Karachi
1,103,432,238788.0,Resource Combo,308.75,133380.0,105408.0,44.14,Low Performer,Karachi
1,104,444,576751.56,Hard Platter,773.94,343629.36000000004,233122.2,40.42,Volume Driver,Karachi
1,105,448,695605.12,Strong Deluxe,554.56,248442.87999999998,447162.24,64.28,Profit Driver,Karachi
1,106,413,692249.9500000001,Affect Platter,735.92,303934.95999999996,388314.9900000001,56.09,Hidden Opportunity,Karachi
1,107,417,105359.22,Story Special,165.29,68925.93,36433.29000000001,34.58,Low Performer,Karachi
1,108,416,387799.36,Under Deluxe,572.98,238359.68,149439.68,38.54,Low Performer,Karachi
1,109,400,586524.0,Popular Platter,605.44,242176.00000000003,344348.0,58.71,Hidden Opportunity,Karachi
1,110,428,132376.12000000002,Daughter Deluxe,231.07,98897.95999999999,33478.16000000003,25.29,Low Performer,Karachi
1,111,422,694628.88,Decision Special,868.63,366561.86,328067.02,47.23,Low Performer,Karachi
1,112,383,492679.70999999996,Explain Deluxe,772.93,296032.19,196647.51999999996,39.91,Low Performer,Karachi
1,113,400,642236.0,Morning Platter,747.17,298868.0,343368.0,53.46,Hidden Opportunity,Karachi
1,114,419,379957.58,Certain Deluxe,646.14,270732.66,109224.92000000004,28.75,Low Performer,Karachi
1,115,441,493108.56000000006,List Deluxe,766.75,338136.75,154971.81000000006,31.43,Volume Driver,Karachi
1,116,418,478283.96,Kind Deluxe,476.62,199227.16,279056.80000000005,58.35,Hidden Opportunity,Karachi
1,117,430,482133.2,Keep Combo,553.63,238060.9,244072.30000000002,50.62,Hidden Opportunity,Karachi
1,118,481,965997.11,Movement Platter,788.78,379403.18,586593.9299999999,60.72,Profit Driver,Karachi
1,119,475,315789.5,Body Classic,332.9,158127.5,157662.0,49.93,Profit Driver,Karachi
1,120,469,436554.58,Talk Combo,520.73,244222.37,192332.21000000002,44.06,Volume Driver,Karachi
1,121,446,263626.14,Analysis Classic,343.76,153316.96,110309.18000000002,41.84,Volume Driver,Karachi
1,122,467,398229.58,Statement Special,537.47,250998.49000000002,147231.09,36.97,Volume Driver,Karachi
1,123,436,731882.68,Six Combo,718.62,313318.32,418564.36000000004,57.19,Hidden Opportunity,Karachi
1,124,465,166832.69999999998,Bar Special,219.79,102202.34999999999,64630.34999999999,38.74,Volume Driver,Karachi
1,125,439,399099.29,Road Deluxe,426.77,187352.03,211747.25999999998,53.06,Hidden Opportunity,Karachi
1,126,392,403219.04,Public Combo,562.79,220613.68,182605.36,45.29,Low Performer,Karachi
1,127,389,299187.68,Audience Deluxe,322.9,125608.09999999999,173579.58000000002,58.02,Hidden Opportunity,Karachi
1,128,426,858683.9400000001,Hot Special,863.16,367706.16,490977.7800000001,57.18,Hidden Opportunity,Karachi
1,129,470,366896.1,Impact Classic,357.37,167963.9,198932.19999999998,54.22,Profit Driver,Karachi
1,130,412,147759.68,Consider Special,225.39,92860.68,54899.0,37.15,Low Performer,Karachi
1,131,413,139375.11000000002,Seek Deluxe,160.61,66331.93000000001,73043.18000000001,52.41,Hidden Opportunity,Karachi
1,132,439,372065.67,Agree Special,565.02,248043.78,124021.88999999998,33.33,Low Performer,Karachi
1,133,426,117090.36,Serve Combo,159.2,67819.2,49271.16,42.08,Low Performer,Karachi
1,134,399,585492.6000000001,Unit Combo,874.12,348773.88,236718.7200000001,40.43,Low Performer,Karachi
1,135,434,275915.5,Security Platter,450.53,195530.02,80385.48000000001,29.13,Low Performer,Karachi
1,136,394,395780.88,Car Special,572.13,225419.22,170361.66,43.04,Low Performer,Karachi
1,137,458,464412.0,That Classic,462.13,211655.54,252756.46,54.43,Profit Driver,Karachi
1,138,421,487955.83999999997,Owner Deluxe,435.28,183252.87999999998,304702.95999999996,62.44,Hidden Opportunity,Karachi
1,139,447,378090.48,Long Classic,379.04,169430.88,208659.59999999998,55.19,Profit Driver,Karachi
1,140,482,238300.8,Charge Platter,305.84,147414.87999999998,90885.92000000001,38.14,Volume Driver,Karachi
1,141,437,378271.57,Effort Combo,563.99,246463.63,131807.94,34.84,Low Performer,Karachi
1,142,439,297536.64,Teach Deluxe,502.43,220566.77,76969.87000000002,25.87,Low Performer,Karachi
1,143,429,490535.76,Believe Deluxe,490.52,210433.08,280102.68000000005,57.1,Hidden Opportunity,Karachi
1,144,460,757868.4,Many Classic,850.25,391115.0,366753.4,48.39,Volume Driver,Karachi
1,145,398,840369.04,Institution Platter,831.31,330861.38,509507.66000000003,60.63,Hidden Opportunity,Karachi
1,146,368,339527.83999999997,South Classic,380.71,140101.28,199426.55999999997,58.74,Hidden Opportunity,Karachi
1,147,382,336442.68,Decide Combo,501.52,191580.63999999998,144862.04,43.06,Low Performer,Karachi
1,148,450,332658.0,Position Platter,520.35,234157.5,98500.5,29.61,Volume Driver,Karachi
1,149,385,310698.85,Firm Special,602.79,232074.15,78624.69999999998,25.31,Low Performer,Karachi
1,150,428,173404.19999999998,Matter Deluxe,165.56,70859.68000000001,102544.51999999997,59.14,Hidden Opportunity,Karachi
2,1,450,645727.5,Evidence Classic,564.03,253813.5,391914.0,60.69,Profit Driver,Faisalabad
2,2,441,409508.19,Much Special,678.43,299187.63,110320.56,26.94,Volume Driver,Faisalabad
2,3,430,884793.7999999999,Wish Combo,791.49,340340.7,544453.0999999999,61.53,Hidden Opportunity,Faisalabad
2,4,462,553235.76,We Deluxe,775.58,358317.96,194917.8,35.23,Volume Driver,Faisalabad
2,5,395,621248.1,Hundred Platter,676.37,267166.15,354081.94999999995,57.0,Hidden Opportunity,Faisalabad
2,6,436,400234.92,Particularly Combo,550.6,240061.6,160173.31999999998,40.02,Low Performer,Faisalabad
2,7,401,789372.51,Property Special,844.04,338460.04,450912.47000000003,57.12,Hidden Opportunity,Faisalabad
2,8,455,547405.95,Join Platter,732.0,333060.0,214345.94999999995,39.16,Volume Driver,Faisalabad
2,9,427,227582.46000000002,Summer Classic,199.64,85246.28,142336.18000000002,62.54,Hidden Opportunity,Faisalabad
2,10,485,668165.1000000001,Level Combo,524.42,254343.69999999998,413821.40000000014,61.93,Profit Driver,Faisalabad
2,11,399,286290.48,Star Deluxe,334.97,133653.03,152637.44999999998,53.32,Hidden Opportunity,Faisalabad
2,12,434,470039.36,Claim Special,587.65,255040.09999999998,214999.26,45.74,Low Performer,Faisalabad
2,13,443,823005.4,West Special,716.84,317560.12,505445.28,61.41,Profit Driver,Faisalabad
2,14,460,299492.2,Nothing Combo,466.62,214645.2,84847.0,28.33,Volume Driver,Faisalabad
2,15,421,345329.45999999996,Wide Platter,546.84,230219.64,115109.81999999995,33.33,Low Performer,Faisalabad
2,16,438,411619.26,Later Deluxe,552.73,242095.74000000002,169523.52,41.18,Low Performer,Faisalabad
2,17,402,161977.86000000002,Until Deluxe,268.62,107985.24,53992.62000000001,33.33,Low Performer,Faisalabad
2,18,384,297488.64,Door Deluxe,530.76,203811.84,93676.80000000002,31.49,Low Performer,Faisalabad
2,19,441,285190.29000000004,Again Classic,264.63,116701.83,168488.46000000002,59.08,Profit Driver,Faisalabad
2,20,416,506746.24000000005,Tell Platter,599.21,249271.36000000002,257474.88000000003,50.81,Hidden Opportunity,Faisalabad
2,21,494,673213.32,Industry Platter,773.75,382232.5,290980.81999999995,43.22,Volume Driver,Faisalabad
2,22,452,555413.08,Plan Combo,860.21,388814.92000000004,166598.15999999992,30.0,Volume Driver,Faisalabad
2,23,419,342762.94999999995,Raise Combo,549.53,230253.06999999998,112509.87999999998,32.82,Low Performer,Faisalabad
2,24,459,553586.13,Control Special,545.76,250503.84,303082.29000000004,54.75,Profit Driver,Faisalabad
2,25,429,678399.1499999999,Before Combo,667.4,286314.6,392084.54999999993,57.8,Hidden Opportunity,Faisalabad
2,26,497,396268.04000000004,Court Special,538.18,267475.45999999996,128792.58000000007,32.5,Volume Driver,Faisalabad
2,27,436,424088.48,Service Special,591.23,257776.28,166312.19999999998,39.22,Low Performer,Faisalabad
2,28,412,422048.68000000005,Role Platter,623.33,256811.96000000002,165236.72000000003,39.15,Low Performer,Faisalabad
2,29,424,320836.56,Scientist Special,328.5,139284.0,181552.56,56.59,Hidden Opportunity,Faisalabad
2,30,409,751177.58,Member Combo,851.64,348320.76,402856.81999999995,53.63,Hidden Opportunity,Faisalabad
2,31,473,566710.7599999999,Country Platter,755.62,357408.26,209302.49999999988,36.93,Volume Driver,Faisalabad
2,32,468,556784.28,Trouble Platter,458.33,214498.44,342285.84,61.48,Profit Driver,Faisalabad
2,33,484,842653.6799999999,Attention Platter,696.16,336941.44,505712.23999999993,60.01,Profit Driver,Faisalabad
2,34,434,361951.66000000003,Open Special,552.21,239659.14,122292.52000000002,33.79,Low Performer,Faisalabad
2,35,485,552288.9,Pressure Classic,805.86,390842.10000000003,161446.8,29.23,Volume Driver,Faisalabad
2,36,412,946471.1200000001,Recent Platter,899.46,370577.52,575893.6000000001,60.85,Hidden Opportunity,Faisalabad
2,37,440,366682.8,Phone Combo,514.23,226261.2,140421.59999999998,38.3,Volume Driver,Faisalabad
2,38,425,121507.49999999999,Recently Combo,151.62,64438.5,57068.999999999985,46.97,Low Performer,Faisalabad
2,39,425,1030374.2499999999,Company Classic,867.99,368895.75,661478.4999999999,64.2,Hidden Opportunity,Faisalabad
2,40,448,459468.79999999993,Expert Classic,372.53,166893.44,292575.3599999999,63.68,Profit Driver,Faisalabad
2,41,471,249502.83000000002,Traditional Combo,385.2,181429.19999999998,68073.63000000003,27.28,Volume Driver,Faisalabad
2,42,439,333477.57,Pay Classic,548.34,240721.26,92756.31,27.81,Low Performer,Faisalabad
2,43,395,111524.29999999999,Fight Special,201.39,79549.04999999999,31975.25,28.67,Low Performer,Faisalabad
2,44,451,615633.04,Ability Classic,817.72,368791.72000000003,246841.32,40.1,Volume Driver,Faisalabad
2,45,440,444554.0,Up Classic,464.42,204344.80000000002,240209.19999999998,54.03,Profit Driver,Faisalabad
2,46,388,279305.68,While Special,303.19,117637.72,161667.96,57.88,Hidden Opportunity,Faisalabad
2,47,430,491958.69999999995,Mr Deluxe,653.77,281121.1,210837.59999999998,42.86,Low Performer,Faisalabad
2,48,479,632629.67,Skin Platter,615.87,295001.73,337627.94000000006,53.37,Profit Driver,Faisalabad
2,49,528,418925.75999999995,Tend Deluxe,529.41,279528.48,139397.27999999997,33.27,Volume Driver,Faisalabad
2,50,464,304555.68,Might Classic,427.15,198197.59999999998,106358.08000000002,34.92,Volume Driver,Faisalabad
2,51,440,893648.7999999999,True Platter,890.42,391784.8,501863.99999999994,56.16,Profit Driver,Faisalabad
2,52,441,773421.39,Material Special,647.54,285565.13999999996,487856.25000000006,63.08,Profit Driver,Faisalabad
2,53,432,211878.72,Black Deluxe,230.28,99480.96,112397.76,53.05,Hidden Opportunity,Faisalabad
2,54,440,486133.99999999994,Price Deluxe,688.21,302812.4,183321.59999999992,37.71,Volume Driver,Faisalabad
2,55,455,969072.65,Turn Platter,829.0,377195.0,591877.65,61.08,Profit Driver,Faisalabad
2,56,486,160180.74,Life Special,183.07,88972.01999999999,71208.72,44.46,Volume Driver,Faisalabad
2,57,486,551775.24,Child Classic,481.38,233950.68,317824.56,57.6,Profit Driver,Faisalabad
2,58,453,908985.2699999999,Effect Special,858.79,389031.87,519953.3999999999,57.2,Profit Driver,Faisalabad
2,59,406,368972.8,Coach Combo,426.91,173325.46000000002,195647.33999999997,53.02,Hidden Opportunity,Faisalabad
2,60,459,524760.9299999999,Enough Platter,423.49,194381.91,330379.0199999999,62.96,Profit Driver,Faisalabad
2,61,460,225528.8,Themselves Classic,337.15,155089.0,70439.79999999999,31.23,Volume Driver,Faisalabad
2,62,422,807965.4199999999,Few Special,712.11,300510.42,507454.99999999994,62.81,Hidden Opportunity,Faisalabad
2,63,405,805050.9,This Platter,758.08,307022.4,498028.5,61.86,Hidden Opportunity,Faisalabad
2,64,467,502571.39,Sign Special,399.14,186398.38,316173.01,62.91,Profit Driver,Faisalabad
2,65,451,571245.62,History Platter,675.96,304857.96,266387.66,46.63,Volume Driver,Faisalabad
2,66,449,681402.3999999999,Bag Deluxe,762.44,342335.56,339066.8399999999,49.76,Profit Driver,Faisalabad
2,67,433,530013.65,Onto Deluxe,645.02,279293.66,250719.99000000005,47.3,Low Performer,Faisalabad
2,68,428,347925.48,Pull Combo,359.34,153797.52,194127.96,55.8,Hidden Opportunity,Faisalabad
2,69,428,191093.44,Than Deluxe,170.7,73059.59999999999,118033.84000000001,61.77,Hidden Opportunity,Faisalabad
2,70,404,486779.60000000003,Central Classic,887.66,358614.64,128164.96000000002,26.33,Low Performer,Faisalabad
2,71,434,627585.7,Bit Classic,739.82,321081.88,306503.81999999995,48.84,Low Performer,Faisalabad
2,72,461,451646.31,Hold Combo,582.44,268504.84,183141.46999999997,40.55,Volume Driver,Faisalabad
2,73,417,733540.5299999999,Against Special,754.88,314784.96,418755.5699999999,57.09,Hidden Opportunity,Faisalabad
2,74,376,868654.0,Southern Classic,861.66,323984.16,544669.8400000001,62.7,Hidden Opportunity,Faisalabad
2,75,447,288408.87,Success Classic,243.47,108831.09,179577.78,62.26,Profit Driver,Faisalabad
2,76,430,254542.80000000002,Admit Classic,394.64,169695.19999999998,84847.60000000003,33.33,Low Performer,Faisalabad
2,77,433,524899.92,High Special,648.7,280887.10000000003,244012.82,46.49,Low Performer,Faisalabad
2,78,440,510136.00000000006,Measure Deluxe,454.56,200006.4,310129.6000000001,60.79,Profit Driver,Faisalabad
2,79,394,643752.66,Probably Deluxe,739.32,291292.08,352460.58,54.75,Hidden Opportunity,Faisalabad
2,80,436,591774.08,Specific Special,656.72,286329.92,305444.16,51.61,Hidden Opportunity,Faisalabad
2,81,491,709043.2799999999,House Platter,647.89,318113.99,390929.2899999999,55.13,Profit Driver,Faisalabad
2,82,405,206205.75,Hotel Platter,318.48,128984.40000000001,77221.34999999999,37.45,Low Performer,Faisalabad
2,83,443,577516.9500000001,Reduce Platter,506.35,224313.05000000002,353203.9,61.16,Profit Driver,Faisalabad
2,84,430,425923.6,Box Combo,622.32,267597.60000000003,158325.99999999994,37.17,Low Performer,Faisalabad
2,85,390,237026.4,Positive Platter,260.68,101665.2,135361.2,57.11,Hidden Opportunity,Faisalabad
2,86,492,868439.0399999999,Others Combo,753.08,370515.36000000004,497923.6799999999,57.34,Profit Driver,Faisalabad
2,87,479,594965.8999999999,Forget Special,838.1,401449.9,193515.99999999988,32.53,Volume Driver,Faisalabad
2,88,457,892955.15,Language Combo,890.92,407150.44,485804.71,54.4,Profit Driver,Faisalabad
2,89,454,721401.46,Foot Classic,819.02,371835.08,349566.37999999995,48.46,Volume Driver,Faisalabad
2,90,414,589527.72,Speak Deluxe,707.74,293004.36,296523.36,50.3,Hidden Opportunity,Faisalabad
2,91,448,395566.08,No Combo,357.98,160375.04,235191.04,59.46,Profit Driver,Faisalabad
2,92,434,156127.16,Will Deluxe,208.11,90319.74,65807.42,42.15,Low Performer,Faisalabad
2,93,452,378260.72000000003,Building Special,555.11,250909.72,127351.00000000003,33.67,Volume Driver,Faisalabad
2,94,407,386344.75,Either Combo,679.81,276682.67,109662.08000000002,28.38,Low Performer,Faisalabad
2,95,471,350263.86,Mrs Combo,461.83,217521.93,132741.93,37.9,Volume Driver,Faisalabad
2,96,490,675215.1,Establish Classic,588.06,288149.39999999997,387065.7,57.32,Profit Driver,Faisalabad
2,97,451,675629.57,Majority Combo,857.06,386534.06,289095.50999999995,42.79,Volume Driver,Faisalabad
2,98,436,764007.16,Letter Special,700.98,305627.28,458379.88,60.0,Hidden Opportunity,Faisalabad
2,99,416,297573.12,Possible Deluxe,476.88,198382.08,99191.04000000001,33.33,Low Performer,Faisalabad
2,100,410,857260.8,City Classic,780.38,319955.8,537305.0,62.68,Hidden Opportunity,Faisalabad
2,101,453,433226.55,Race Platter,445.52,201820.56,231405.99,53.41,Profit Driver,Faisalabad
2,102,460,230763.6,Whose Platter,251.77,115814.20000000001,114949.4,49.81,Profit Driver,Faisalabad
2,103,469,259239.75,Resource Combo,308.75,144803.75,114436.0,44.14,Volume Driver,Faisalabad
2,104,410,532585.9,Hard Platter,773.94,317315.4,215270.5,40.42,Low Performer,Faisalabad
2,105,406,630392.14,Strong Deluxe,554.56,225151.36,405240.78,64.28,Hidden Opportunity,Faisalabad
2,106,493,826341.9500000001,Affect Platter,735.92,362808.56,463533.3900000001,56.09,Profit Driver,Faisalabad
2,107,453,114454.98,Story Special,165.29,74876.37,39578.61,34.58,Volume Driver,Faisalabad
2,108,455,424155.55,Under Deluxe,572.98,260705.9,163449.65,38.54,Volume Driver,Faisalabad
2,109,399,585057.69,Popular Platter,605.44,241570.56000000003,343487.1299999999,58.71,Hidden Opportunity,Faisalabad
2,110,442,136706.18000000002,Daughter Deluxe,231.07,102132.94,34573.24000000002,25.29,Volume Driver,Faisalabad
2,111,428,704505.12,Decision Special,868.63,371773.64,332731.48,47.23,Low Performer,Faisalabad
2,112,463,595589.3099999999,Explain Deluxe,772.93,357866.58999999997,237722.71999999997,39.91,Volume Driver,Faisalabad
2,113,391,627785.69,Morning Platter,747.17,292143.47,335642.22,53.46,Hidden Opportunity,Faisalabad
2,114,421,381771.22000000003,Certain Deluxe,646.14,272024.94,109746.28000000003,28.75,Low Performer,Faisalabad
2,115,422,471863.52,List Deluxe,766.75,323568.5,148295.02000000002,31.43,Low Performer,Faisalabad
2,116,523,598427.06,Kind Deluxe,476.62,249272.26,349154.80000000005,58.35,Profit Driver,Faisalabad
2,117,451,505679.24,Keep Combo,553.63,249687.13,255992.11,50.62,Profit Driver,Faisalabad
2,118,374,751107.94,Movement Platter,788.78,295003.72,456104.22,60.72,Hidden Opportunity,Faisalabad
2,119,470,312465.4,Body Classic,332.9,156463.0,156002.40000000002,49.93,Profit Driver,Faisalabad
2,120,438,407699.16000000003,Talk Combo,520.73,228079.74000000002,179619.42,44.06,Low Performer,Faisalabad
2,121,477,281949.93,Analysis Classic,343.76,163973.52,117976.41,41.84,Volume Driver,Faisalabad
2,122,404,344506.96,Statement Special,537.47,217137.88,127369.08000000002,36.97,Low Performer,Faisalabad
2,123,417,699988.7100000001,Six Combo,718.62,299664.54,400324.1700000001,57.19,Hidden Opportunity,Faisalabad
2,124,476,170779.28,Bar Special,219.79,104620.04,66159.24,38.74,Volume Driver,Faisalabad
2,125,455,413645.05,Road Deluxe,426.77,194180.35,219464.69999999998,53.06,Profit Driver,Faisalabad
2,126,484,497852.07999999996,Public Combo,562.79,272390.36,225461.71999999997,45.29,Volume Driver,Faisalabad
2,127,535,411479.2,Audience Deluxe,322.9,172751.5,238727.7,58.02,Profit Driver,Faisalabad
2,128,455,917138.95,Hot Special,863.16,392737.8,524401.1499999999,57.18,Profit Driver,Faisalabad
2,129,427,333329.01,Impact Classic,357.37,152596.99,180732.02000000002,54.22,Hidden Opportunity,Faisalabad
2,130,492,176450.88,Consider Special,225.39,110891.87999999999,65559.00000000001,37.15,Volume Driver,Faisalabad
2,131,462,155911.14,Seek Deluxe,160.61,74201.82,81709.32,52.41,Profit Driver,Faisalabad
2,132,462,391558.86,Agree Special,565.02,261039.24,130519.62,33.33,Volume Driver,Faisalabad
2,133,467,128359.62000000001,Serve Combo,159.2,74346.4,54013.220000000016,42.08,Volume Driver,Faisalabad
2,134,389,570818.6000000001,Unit Combo,874.12,340032.68,230785.9200000001,40.43,Low Performer,Faisalabad
2,135,446,283544.5,Security Platter,450.53,200936.37999999998,82608.12000000002,29.13,Volume Driver,Faisalabad
2,136,473,475137.95999999996,Car Special,572.13,270617.49,204520.46999999997,43.04,Volume Driver,Faisalabad
2,137,451,457314.0,That Classic,462.13,208420.63,248893.37,54.43,Profit Driver,Faisalabad
2,138,439,508818.56,Owner Deluxe,435.28,191087.91999999998,317730.64,62.44,Hidden Opportunity,Faisalabad
2,139,491,415307.44,Long Classic,379.04,186108.64,229198.8,55.19,Profit Driver,Faisalabad
2,140,444,219513.59999999998,Charge Platter,305.84,135792.96,83720.63999999998,38.14,Volume Driver,Faisalabad
2,141,415,359228.15,Effort Combo,563.99,234055.85,125172.30000000002,34.84,Low Performer,Faisalabad
2,142,451,305669.76,Teach Deluxe,502.43,226595.93,79073.83000000002,25.87,Volume Driver,Faisalabad
2,143,480,548851.2000000001,Believe Deluxe,490.52,235449.59999999998,313401.6000000001,57.1,Profit Driver,Faisalabad
2,144,454,747983.16,Many Classic,850.25,386013.5,361969.66000000003,48.39,Volume Driver,Faisalabad
2,145,392,827700.16,Institution Platter,831.31,325873.51999999996,501826.6400000001,60.63,Hidden Opportunity,Faisalabad
2,146,438,404111.94,South Classic,380.71,166750.97999999998,237360.96000000002,58.74,Hidden Opportunity,Faisalabad
2,147,467,411305.58,Decide Combo,501.52,234209.84,177095.74000000002,43.06,Volume Driver,Faisalabad
2,148,496,366663.04000000004,Position Platter,520.35,258093.6,108569.44000000003,29.61,Volume Driver,Faisalabad
2,149,442,356698.42,Firm Special,602.79,266433.18,90265.23999999999,25.31,Volume Driver,Faisalabad
2,150,368,149095.19999999998,Matter Deluxe,165.56,60926.08,88169.11999999998,59.14,Hidden Opportunity,Faisalabad
3,1,460,660077.0,Evidence Classic,564.03,259453.8,400623.2,60.69,Profit Driver,Islamabad
3,2,420,390007.8,Much Special,678.43,284940.6,105067.20000000001,26.94,Low Performer,Islamabad
3,3,441,907428.0599999999,Wish Combo,791.49,349047.09,558380.97,61.53,Profit Driver,Islamabad
3,4,417,499349.16000000003,We Deluxe,775.58,323416.86000000004,175932.3,35.23,Low Performer,Islamabad
3,5,493,775380.54,Hundred Platter,676.37,333450.41,441930.13000000006,57.0,Profit Driver,Islamabad
3,6,443,406660.71,Particularly Combo,550.6,243915.80000000002,162744.91,40.02,Volume Driver,Islamabad
3,7,433,852364.83,Property Special,844.04,365469.32,486895.50999999995,57.12,Hidden Opportunity,Islamabad
3,8,419,504094.70999999996,Join Platter,732.0,306708.0,197386.70999999996,39.16,Low Performer,Islamabad
3,9,453,241439.94,Summer Classic,199.64,90436.92,151003.02000000002,62.54,Profit Driver,Islamabad
3,10,423,582750.18,Level Combo,524.42,221829.65999999997,360920.5200000001,61.93,Hidden Opportunity,Islamabad
3,11,504,361630.08,Star Deluxe,334.97,168824.88,192805.2,53.32,Profit Driver,Islamabad
3,12,441,477620.63999999996,Claim Special,587.65,259153.65,218466.98999999996,45.74,Volume Driver,Islamabad
3,13,412,765413.6,West Special,716.84,295338.08,470075.51999999996,61.41,Hidden Opportunity,Islamabad
3,14,450,292981.5,Nothing Combo,466.62,209979.0,83002.5,28.33,Volume Driver,Islamabad
3,15,436,357633.36,Wide Platter,546.84,238422.24000000002,119211.11999999997,33.33,Low Performer,Islamabad
3,16,443,416318.11,Later Deluxe,552.73,244859.39,171458.71999999997,41.18,Volume Driver,Islamabad
3,17,470,189377.1,Until Deluxe,268.62,126251.40000000001,63125.7,33.33,Volume Driver,Islamabad
3,18,442,342421.82,Door Deluxe,530.76,234595.91999999998,107825.90000000002,31.49,Volume Driver,Islamabad
3,19,431,278723.39,Again Classic,264.63,114055.53,164667.86000000002,59.08,Hidden Opportunity,Islamabad
3,20,433,527454.62,Tell Platter,599.21,259457.93000000002,267996.68999999994,50.81,Hidden Opportunity,Islamabad
3,21,419,571004.82,Industry Platter,773.75,324201.25,246803.56999999995,43.22,Low Performer,Islamabad
3,22,450,552955.5,Plan Combo,860.21,387094.5,165861.0,30.0,Volume Driver,Islamabad
3,23,428,350125.39999999997,Raise Combo,549.53,235198.84,114926.55999999997,32.82,Low Performer,Islamabad
3,24,390,470367.3,Control Special,545.76,212846.4,257520.9,54.75,Hidden Opportunity,Islamabad
3,25,462,730583.7,Before Combo,667.4,308338.8,422244.89999999997,57.8,Profit Driver,Islamabad
3,26,455,362780.60000000003,Court Special,538.18,244871.89999999997,117908.70000000007,32.5,Volume Driver,Islamabad
3,27,422,410470.95999999996,Service Special,591.23,249499.06,160971.89999999997,39.22,Low Performer,Islamabad
3,28,410,419999.9,Role Platter,623.33,255565.30000000002,164434.6,39.15,Low Performer,Islamabad
3,29,411,310999.59,Scientist Special,328.5,135013.5,175986.09000000003,56.59,Hidden Opportunity,Islamabad
3,30,440,808112.7999999999,Member Combo,851.64,374721.6,433391.19999999995,53.63,Profit Driver,Islamabad
3,31,411,492427.31999999995,Country Platter,755.62,310559.82,181867.49999999994,36.93,Low Performer,Islamabad
3,32,454,540128.34,Trouble Platter,458.33,208081.82,332046.51999999996,61.48,Profit Driver,Islamabad
3,33,472,821761.44,Attention Platter,696.16,328587.51999999996,493173.92,60.01,Profit Driver,Islamabad
3,34,400,333596.0,Open Special,552.21,220884.0,112712.0,33.79,Low Performer,Islamabad
3,35,415,472577.10000000003,Pressure Classic,805.86,334431.9,138145.2,29.23,Low Performer,Islamabad
3,36,406,932687.56,Recent Platter,899.46,365180.76,567506.8,60.85,Hidden Opportunity,Islamabad
3,37,468,390017.16000000003,Phone Combo,514.23,240659.64,149357.52000000002,38.3,Volume Driver,Islamabad
3,38,445,127225.49999999999,Recently Combo,151.62,67470.90000000001,59754.59999999998,46.97,Volume Driver,Islamabad
3,39,465,1127350.65,Company Classic,867.99,403615.35,723735.2999999999,64.2,Profit Driver,Islamabad
3,40,411,421521.6,Expert Classic,372.53,153109.83,268411.77,63.68,Hidden Opportunity,Islamabad
3,41,426,225664.98,Traditional Combo,385.2,164095.19999999998,61569.78000000003,27.28,Low Performer,Islamabad
3,42,466,353987.58,Pay Classic,548.34,255526.44,98461.14000000001,27.81,Volume Driver,Islamabad
3,43,400,112935.99999999999,Fight Special,201.39,80556.0,32379.999999999985,28.67,Low Performer,Islamabad
3,44,427,582872.08,Ability Classic,817.72,349166.44,233705.63999999996,40.1,Low Performer,Islamabad
3,45,473,477895.55,Up Classic,464.42,219670.66,258224.88999999998,54.03,Profit Driver,Islamabad
3,46,460,331135.6,While Special,303.19,139467.4,191668.19999999998,57.88,Profit Driver,Islamabad
3,47,454,519416.86,Mr Deluxe,653.77,296811.58,222605.27999999997,42.86,Volume Driver,Islamabad
3,48,424,559989.52,Skin Platter,615.87,261128.88,298860.64,53.37,Hidden Opportunity,Islamabad
3,49,411,326095.62,Tend Deluxe,529.41,217587.50999999998,108508.11000000002,33.27,Low Performer,Islamabad
3,50,473,310463.01,Might Classic,427.15,202041.94999999998,108421.06000000003,34.92,Volume Driver,Islamabad
3,51,387,786004.74,True Platter,890.42,344592.54,441412.2,56.16,Hidden Opportunity,Islamabad
3,52,423,741853.17,Material Special,647.54,273909.42,467943.75000000006,63.08,Hidden Opportunity,Islamabad
3,53,407,199617.22,Black Deluxe,230.28,93723.96,105893.26,53.05,Hidden Opportunity,Islamabad
3,54,430,475085.49999999994,Price Deluxe,688.21,295930.3,179155.19999999995,37.71,Low Performer,Islamabad
3,55,418,890268.94,Turn Platter,829.0,346522.0,543746.94,61.08,Hidden Opportunity,Islamabad
3,56,465,153259.34999999998,Life Special,183.07,85127.55,68131.79999999997,44.46,Volume Driver,Islamabad
3,57,474,538151.1599999999,Child Classic,481.38,228174.12,309977.0399999999,57.6,Profit Driver,Islamabad
3,58,450,902965.5,Effect Special,858.79,386455.5,516510.0,57.2,Profit Driver,Islamabad
3,59,433,393510.39999999997,Coach Combo,426.91,184852.03,208658.36999999997,53.02,Hidden Opportunity,Islamabad
3,60,443,506468.61,Enough Platter,423.49,187606.07,318862.54,62.96,Profit Driver,Islamabad
3,61,448,219645.44,Themselves Classic,337.15,151043.19999999998,68602.24000000002,31.23,Volume Driver,Islamabad
3,62,454,869232.94,Few Special,712.11,323297.94,545935.0,62.81,Profit Driver,Islamabad
3,63,404,803063.12,This Platter,758.08,306264.32,496798.8,61.86,Hidden Opportunity,Islamabad
3,64,382,411096.94,Sign Special,399.14,152471.47999999998,258625.46000000002,62.91,Hidden Opportunity,Islamabad
3,65,473,599111.2599999999,History Platter,675.96,319729.08,279382.1799999999,46.63,Volume Driver,Islamabad
3,66,413,626768.7999999999,Bag Deluxe,762.44,314887.72000000003,311881.0799999999,49.76,Hidden Opportunity,Islamabad
3,67,471,576527.5499999999,Onto Deluxe,645.02,303804.42,272723.12999999995,47.3,Volume Driver,Islamabad
3,68,404,328415.64,Pull Combo,359.34,145173.36,183242.28000000003,55.8,Hidden Opportunity,Islamabad
3,69,441,196897.68000000002,Than Deluxe,170.7,75278.7,121618.98000000003,61.77,Profit Driver,Islamabad
3,70,431,519311.9,Central Classic,887.66,382581.45999999996,136730.44000000006,26.33,Low Performer,Islamabad
3,71,468,676751.4,Bit Classic,739.82,346235.76,330515.64,48.84,Volume Driver,Islamabad
3,72,472,462423.12,Hold Combo,582.44,274911.68000000005,187511.43999999994,40.55,Volume Driver,Islamabad
3,73,443,779276.87,Against Special,754.88,334411.84,444865.02999999997,57.09,Profit Driver,Islamabad
3,74,453,1046543.25,Southern Classic,861.66,390331.98,656211.27,62.7,Profit Driver,Islamabad
3,75,423,272923.83,Success Classic,243.47,102987.81,169936.02000000002,62.26,Hidden Opportunity,Islamabad
3,76,446,264014.16000000003,Admit Classic,394.64,176009.44,88004.72000000003,33.33,Volume Driver,Islamabad
3,77,421,510353.04000000004,High Special,648.7,273102.7,237250.34000000003,46.49,Low Performer,Islamabad
3,78,442,512454.80000000005,Measure Deluxe,454.56,200915.52,311539.28,60.79,Profit Driver,Islamabad
3,79,416,679698.24,Probably Deluxe,739.32,307557.12,372141.12,54.75,Hidden Opportunity,Islamabad
3,80,463,628420.64,Specific Special,656.72,304061.36,324359.28,51.61,Profit Driver,Islamabad
3,81,434,626730.72,House Platter,647.89,281184.26,345546.45999999996,55.13,Hidden Opportunity,Islamabad
3,82,411,209260.65,Hotel Platter,318.48,130895.28000000001,78365.36999999998,37.45,Low Performer,Islamabad
3,83,408,531889.2000000001,Reduce Platter,506.35,206590.80000000002,325298.4,61.16,Hidden Opportunity,Islamabad
3,84,443,438800.36,Box Combo,622.32,275687.76,163112.59999999998,37.17,Volume Driver,Islamabad
3,85,425,258298.0,Positive Platter,260.68,110789.0,147509.0,57.11,Hidden Opportunity,Islamabad
3,86,452,797834.24,Others Combo,753.08,340392.16000000003,457442.07999999996,57.34,Profit Driver,Islamabad
3,87,443,550250.2999999999,Forget Special,838.1,371278.3,178971.99999999994,32.53,Volume Driver,Islamabad
3,88,489,955481.55,Language Combo,890.92,435659.88,519821.67000000004,54.4,Profit Driver,Islamabad
3,89,454,721401.46,Foot Classic,819.02,371835.08,349566.37999999995,48.46,Volume Driver,Islamabad
3,90,448,637943.04,Speak Deluxe,707.74,317067.52,320875.52,50.3,Profit Driver,Islamabad
3,91,440,388502.4,No Combo,357.98,157511.2,230991.2,59.46,Profit Driver,Islamabad
3,92,421,151450.54,Will Deluxe,208.11,87614.31000000001,63836.229999999996,42.15,Low Performer,Islamabad
3,93,380,318006.8,Building Special,555.11,210941.80000000002,107064.99999999997,33.67,Low Performer,Islamabad
3,94,488,463234.0,Either Combo,679.81,331747.27999999997,131486.72000000003,28.38,Volume Driver,Islamabad
3,95,493,366624.38,Mrs Combo,461.83,227682.19,138942.19,37.9,Volume Driver,Islamabad
3,96,414,570487.86,Establish Classic,588.06,243456.83999999997,327031.02,57.32,Hidden Opportunity,Islamabad
3,97,416,623197.12,Majority Combo,857.06,356536.95999999996,266660.16000000003,42.79,Low Performer,Islamabad
3,98,470,823585.7,Letter Special,700.98,329460.60000000003,494125.0999999999,60.0,Profit Driver,Islamabad
3,99,484,346214.88,Possible Deluxe,476.88,230809.91999999998,115404.96000000002,33.33,Volume Driver,Islamabad
3,100,412,861442.56,City Classic,780.38,321516.56,539926.0,62.68,Hidden Opportunity,Islamabad
3,101,384,367238.4,Race Platter,445.52,171079.68,196158.72000000003,53.41,Hidden Opportunity,Islamabad
3,102,427,214208.82,Whose Platter,251.77,107505.79000000001,106703.03,49.81,Hidden Opportunity,Islamabad
3,103,403,222758.25,Resource Combo,308.75,124426.25,98332.0,44.14,Low Performer,Islamabad
3,104,473,614422.27,Hard Platter,773.94,366073.62000000005,248348.64999999997,40.42,Volume Driver,Islamabad
3,105,452,701815.88,Strong Deluxe,554.56,250661.11999999997,451154.76,64.28,Profit Driver,Islamabad
3,106,450,754267.5,Affect Platter,735.92,331164.0,423103.5,56.09,Profit Driver,Islamabad
3,107,415,104853.9,Story Special,165.29,68595.34999999999,36258.55,34.58,Low Performer,Islamabad
3,108,400,372884.0,Under Deluxe,572.98,229192.0,143692.0,38.54,Low Performer,Islamabad
3,109,410,601187.1,Popular Platter,605.44,248230.40000000002,352956.69999999995,58.71,Hidden Opportunity,Islamabad
3,110,428,132376.12000000002,Daughter Deluxe,231.07,98897.95999999999,33478.16000000003,25.29,Low Performer,Islamabad
3,111,432,711089.28,Decision Special,868.63,375248.16,335841.12000000005,47.23,Low Performer,Islamabad
3,112,439,564716.4299999999,Explain Deluxe,772.93,339316.26999999996,225400.15999999997,39.91,Low Performer,Islamabad
3,113,446,716093.14,Morning Platter,747.17,333237.82,382855.32,53.46,Profit Driver,Islamabad
3,114,467,423484.94,Certain Deluxe,646.14,301747.38,121737.56,28.75,Volume Driver,Islamabad
3,115,398,445027.68000000005,List Deluxe,766.75,305166.5,139861.18000000005,31.43,Low Performer,Islamabad
3,116,475,543504.5,Kind Deluxe,476.62,226394.5,317110.0,58.35,Profit Driver,Islamabad
3,117,464,520255.36,Keep Combo,553.63,256884.32,263371.04,50.62,Profit Driver,Islamabad
3,118,410,823407.1,Movement Platter,788.78,323399.8,500007.3,60.72,Hidden Opportunity,Islamabad
3,119,478,317783.96,Body Classic,332.9,159126.19999999998,158657.76000000004,49.93,Profit Driver,Islamabad
3,120,431,401183.42000000004,Talk Combo,520.73,224434.63,176748.79000000004,44.06,Low Performer,Islamabad
3,121,456,269537.04000000004,Analysis Classic,343.76,156754.56,112782.48000000004,41.84,Volume Driver,Islamabad
3,122,429,365825.46,Statement Special,537.47,230574.63,135250.83000000002,36.97,Low Performer,Islamabad
3,123,449,753704.87,Six Combo,718.62,322660.38,431044.49,57.19,Profit Driver,Islamabad
3,124,460,165038.8,Bar Special,219.79,101103.4,63935.399999999994,38.74,Volume Driver,Islamabad
3,125,413,375462.43,Road Deluxe,426.77,176256.00999999998,199206.42,53.06,Hidden Opportunity,Islamabad
3,126,445,457735.89999999997,Public Combo,562.79,250441.55,207294.34999999998,45.29,Volume Driver,Islamabad
3,127,468,359948.16000000003,Audience Deluxe,322.9,151117.19999999998,208830.96000000005,58.02,Profit Driver,Islamabad
3,128,511,1030017.59,Hot Special,863.16,441074.76,588942.83,57.18,Profit Driver,Islamabad
3,129,435,339574.05,Impact Classic,357.37,155455.95,184118.09999999998,54.22,Hidden Opportunity,Islamabad
3,130,426,152780.63999999998,Consider Special,225.39,96016.14,56764.499999999985,37.15,Low Performer,Islamabad
3,131,453,152873.91,Seek Deluxe,160.61,72756.33,80117.58,52.41,Profit Driver,Islamabad
3,132,424,359352.72,Agree Special,565.02,239568.47999999998,119784.23999999999,33.33,Low Performer,Islamabad
3,133,436,119838.96,Serve Combo,159.2,69411.2,50427.76000000001,42.08,Low Performer,Islamabad
3,134,453,664732.2000000001,Unit Combo,874.12,395976.36,268755.8400000001,40.43,Volume Driver,Islamabad
3,135,416,264472.0,Security Platter,450.53,187420.47999999998,77051.52000000002,29.13,Low Performer,Islamabad
3,136,438,439979.76,Car Special,572.13,250592.94,189386.82,43.04,Low Performer,Islamabad
3,137,426,431964.0,That Classic,462.13,196867.38,235096.62,54.43,Hidden Opportunity,Islamabad
3,138,436,505341.44,Owner Deluxe,435.28,189782.08,315559.36,62.44,Hidden Opportunity,Islamabad
3,139,384,324802.56,Long Classic,379.04,145551.36000000002,179251.19999999998,55.19,Hidden Opportunity,Islamabad
3,140,417,206164.8,Charge Platter,305.84,127535.27999999998,78629.52,38.14,Low Performer,Islamabad
3,141,413,357496.93,Effort Combo,563.99,232927.87,124569.06,34.84,Low Performer,Islamabad
3,142,436,295503.36,Teach Deluxe,502.43,219059.48,76443.87999999998,25.87,Low Performer,Islamabad
3,143,387,442511.28,Believe Deluxe,490.52,189831.24,252680.04000000004,57.1,Hidden Opportunity,Islamabad
3,144,395,650778.2999999999,Many Classic,850.25,335848.75,314929.54999999993,48.39,Low Performer,Islamabad
3,145,437,922716.76,Institution Platter,831.31,363282.47,559434.29,60.63,Hidden Opportunity,Islamabad
3,146,434,400421.42,South Classic,380.71,165228.13999999998,235193.28,58.74,Hidden Opportunity,Islamabad
3,147,451,397213.74,Decide Combo,501.52,226185.52,171028.22,43.06,Volume Driver,Islamabad
3,148,525,388101.0,Position Platter,520.35,273183.75,114917.25,29.61,Volume Driver,Islamabad
3,149,438,353470.38,Firm Special,602.79,264022.01999999996,89448.36000000004,25.31,Low Performer,Islamabad
3,150,413,167326.94999999998,Matter Deluxe,165.56,68376.28,98950.66999999998,59.14,Hidden Opportunity,Islamabad
4,1,456,654337.2000000001,Evidence Classic,564.03,257197.68,397139.5200000001,60.69,Profit Driver,Lahore
4,2,425,394650.75,Much Special,678.43,288332.75,106318.0,26.94,Low Performer,Lahore
4,3,457,940350.6199999999,Wish Combo,791.49,361710.93,578639.69,61.53,Profit Driver,Lahore
4,4,427,511323.96,We Deluxe,775.58,331172.66000000003,180151.3,35.23,Low Performer,Lahore
4,5,458,720333.24,Hundred Platter,676.37,309777.46,410555.77999999997,57.0,Profit Driver,Lahore
4,6,428,392891.16000000003,Particularly Combo,550.6,235656.80000000002,157234.36000000002,40.02,Low Performer,Lahore
4,7,458,901577.58,Property Special,844.04,386570.32,515007.25999999995,57.12,Profit Driver,Lahore
4,8,492,591920.2799999999,Join Platter,732.0,360144.0,231776.2799999999,39.16,Volume Driver,Lahore
4,9,423,225450.54,Summer Classic,199.64,84447.72,141002.82,62.54,Hidden Opportunity,Lahore
4,10,452,622702.3200000001,Level Combo,524.42,237037.83999999997,385664.4800000001,61.93,Profit Driver,Lahore
4,11,468,335799.36,Star Deluxe,334.97,156765.96000000002,179033.39999999997,53.32,Profit Driver,Lahore
4,12,427,462458.07999999996,Claim Special,587.65,250926.55,211531.52999999997,45.74,Low Performer,Lahore
4,13,462,858303.6,West Special,716.84,331180.08,527123.52,61.41,Profit Driver,Lahore
4,14,477,310560.39,Nothing Combo,466.62,222577.74,87982.65000000002,28.33,Volume Driver,Lahore
4,15,470,385522.2,Wide Platter,546.84,257014.80000000002,128507.4,33.33,Volume Driver,Lahore
4,16,444,417257.88,Later Deluxe,552.73,245412.12,171845.76,41.18,Volume Driver,Lahore
4,17,435,175274.55,Until Deluxe,268.62,116849.7,58424.84999999999,33.33,Low Performer,Lahore
4,18,446,345520.66000000003,Door Deluxe,530.76,236718.96,108801.70000000004,31.49,Volume Driver,Lahore
4,19,416,269023.04000000004,Again Classic,264.63,110086.08,158936.96000000002,59.08,Hidden Opportunity,Lahore
4,20,413,503091.82000000007,Tell Platter,599.21,247473.73,255618.09000000005,50.81,Hidden Opportunity,Lahore
4,21,443,603711.54,Industry Platter,773.75,342771.25,260940.29000000004,43.22,Volume Driver,Lahore
4,22,439,539438.8099999999,Plan Combo,860.21,377632.19,161806.61999999994,30.0,Low Performer,Lahore
4,23,431,352579.55,Raise Combo,549.53,236847.43,115732.12,32.82,Low Performer,Lahore
4,24,395,476397.64999999997,Control Special,545.76,215575.19999999998,260822.44999999998,54.75,Hidden Opportunity,Lahore
4,25,512,809651.2,Before Combo,667.4,341708.8,467942.39999999997,57.8,Profit Driver,Lahore
4,26,426,339658.32,Court Special,538.18,229264.68,110393.64000000001,32.5,Low Performer,Lahore
4,27,468,455214.24,Service Special,591.23,276695.64,178518.59999999998,39.22,Volume Driver,Lahore
4,28,438,448682.82000000007,Role Platter,623.33,273018.54000000004,175664.28000000003,39.15,Low Performer,Lahore
4,29,438,331430.22000000003,Scientist Special,328.5,143883.0,187547.22000000003,56.59,Hidden Opportunity,Lahore
4,30,476,874231.12,Member Combo,851.64,405380.64,468850.48,53.63,Profit Driver,Lahore
4,31,465,557125.7999999999,Country Platter,755.62,351363.3,205762.49999999994,36.93,Volume Driver,Lahore
4,32,444,528231.24,Trouble Platter,458.33,203498.52,324732.72,61.48,Profit Driver,Lahore
4,33,407,708595.14,Attention Platter,696.16,283337.12,425258.02,60.01,Hidden Opportunity,Lahore
4,34,387,322754.13,Open Special,552.21,213705.27000000002,109048.85999999999,33.79,Low Performer,Lahore
4,35,415,472577.10000000003,Pressure Classic,805.86,334431.9,138145.2,29.23,Low Performer,Lahore
4,36,472,1084306.7200000002,Recent Platter,899.46,424545.12,659761.6000000002,60.85,Profit Driver,Lahore
4,37,419,349182.03,Phone Combo,514.23,215462.37,133719.66000000003,38.3,Low Performer,Lahore
4,38,416,118934.4,Recently Combo,151.62,63073.92,55860.479999999996,46.97,Low Performer,Lahore
4,39,382,926124.62,Company Classic,867.99,331572.18,594552.44,64.2,Hidden Opportunity,Lahore
4,40,441,452289.6,Expert Classic,372.53,164285.72999999998,288003.87,63.68,Profit Driver,Lahore
4,41,438,232021.74000000002,Traditional Combo,385.2,168717.6,63304.140000000014,27.28,Low Performer,Lahore
4,42,442,335756.46,Pay Classic,548.34,242366.28000000003,93390.18,27.81,Volume Driver,Lahore
4,43,488,137781.91999999998,Fight Special,201.39,98278.31999999999,39503.59999999999,28.67,Volume Driver,Lahore
4,44,431,588332.24,Ability Classic,817.72,352437.32,235894.91999999998,40.1,Low Performer,Lahore
4,45,467,471833.45,Up Classic,464.42,216884.14,254949.31,54.03,Profit Driver,Lahore
4,46,445,320337.7,While Special,303.19,134919.55,185418.15000000002,57.88,Profit Driver,Lahore
4,47,431,493102.79,Mr Deluxe,653.77,281774.87,211327.91999999998,42.86,Low Performer,Lahore
4,48,428,565272.4400000001,Skin Platter,615.87,263592.36,301680.0800000001,53.37,Hidden Opportunity,Lahore
4,49,430,341170.6,Tend Deluxe,529.41,227646.3,113524.29999999999,33.27,Low Performer,Lahore
4,50,456,299304.72000000003,Might Classic,427.15,194780.4,104524.32000000004,34.92,Volume Driver,Lahore
4,51,512,1039882.24,True Platter,890.42,455895.04,583987.2,56.16,Profit Driver,Lahore
4,52,458,803235.82,Material Special,647.54,296573.32,506662.49999999994,63.08,Profit Driver,Lahore
4,53,421,206483.66,Black Deluxe,230.28,96947.88,109535.78,53.05,Hidden Opportunity,Lahore
4,54,474,523698.89999999997,Price Deluxe,688.21,326211.54000000004,197487.35999999993,37.71,Volume Driver,Lahore
4,55,411,875360.13,Turn Platter,829.0,340719.0,534641.13,61.08,Hidden Opportunity,Lahore
4,56,468,154248.12,Life Special,183.07,85676.76,68571.36,44.46,Volume Driver,Lahore
4,57,417,473436.77999999997,Child Classic,481.38,200735.46,272701.31999999995,57.6,Hidden Opportunity,Lahore
4,58,429,860827.11,Effect Special,858.79,368420.91,492406.2,57.2,Hidden Opportunity,Lahore
4,59,465,422592.0,Coach Combo,426.91,198513.15000000002,224078.84999999998,53.02,Profit Driver,Lahore
4,60,424,484746.48,Enough Platter,423.49,179559.76,305186.72,62.96,Hidden Opportunity,Lahore
4,61,410,201014.8,Themselves Classic,337.15,138231.5,62783.29999999999,31.23,Low Performer,Lahore
4,62,430,823282.2999999999,Few Special,712.11,306207.3,517074.99999999994,62.81,Hidden Opportunity,Lahore
4,63,460,914378.8,This Platter,758.08,348716.80000000005,565662.0,61.86,Profit Driver,Lahore
4,64,463,498266.71,Sign Special,399.14,184801.82,313464.89,62.91,Profit Driver,Lahore
4,65,480,607977.6,History Platter,675.96,324460.80000000005,283516.79999999993,46.63,Volume Driver,Lahore
4,66,488,740588.7999999999,Bag Deluxe,762.44,372070.72000000003,368518.0799999999,49.76,Profit Driver,Lahore
4,67,485,593664.25,Onto Deluxe,645.02,312834.7,280829.55,47.3,Volume Driver,Lahore
4,68,464,377190.24,Pull Combo,359.34,166733.75999999998,210456.48,55.8,Profit Driver,Lahore
4,69,437,195111.76,Than Deluxe,170.7,74595.9,120515.86000000002,61.77,Hidden Opportunity,Lahore
4,70,466,561483.4,Central Classic,887.66,413649.56,147833.84000000003,26.33,Volume Driver,Lahore
4,71,417,603002.85,Bit Classic,739.82,308504.94,294497.91,48.84,Low Performer,Lahore
4,72,451,441849.21,Hold Combo,582.44,262680.44,179168.77000000002,40.55,Volume Driver,Lahore
4,73,458,805663.22,Against Special,754.88,345735.04,459928.18,57.09,Profit Driver,Lahore
4,74,434,1002648.5,Southern Classic,861.66,373960.44,628688.06,62.7,Hidden Opportunity,Lahore
4,75,427,275504.67000000004,Success Classic,243.47,103961.69,171542.98000000004,62.26,Hidden Opportunity,Lahore
4,76,489,289468.44,Admit Classic,394.64,192978.96,96489.48000000001,33.33,Volume Driver,Lahore
4,77,472,572177.28,High Special,648.7,306186.4,265990.88,46.49,Volume Driver,Lahore
4,78,430,498542.00000000006,Measure Deluxe,454.56,195460.8,303081.20000000007,60.79,Hidden Opportunity,Lahore
4,79,455,743419.9500000001,Probably Deluxe,739.32,336390.60000000003,407029.35000000003,54.75,Profit Driver,Lahore
4,80,432,586344.96,Specific Special,656.72,283703.04000000004,302641.9199999999,51.61,Hidden Opportunity,Lahore
4,81,475,685938.0,House Platter,647.89,307747.75,378190.25,55.13,Profit Driver,Lahore
4,82,455,231663.25,Hotel Platter,318.48,144908.4,86754.85,37.45,Volume Driver,Lahore
4,83,395,514941.75000000006,Reduce Platter,506.35,200008.25,314933.50000000006,61.16,Hidden Opportunity,Lahore
4,84,417,413046.83999999997,Box Combo,622.32,259507.44000000003,153539.39999999994,37.17,Low Performer,Lahore
4,85,424,257690.24,Positive Platter,260.68,110528.32,147161.91999999998,57.11,Hidden Opportunity,Lahore
4,86,451,796069.12,Others Combo,753.08,339639.08,456430.04,57.34,Profit Driver,Lahore
4,87,452,561429.2,Forget Special,838.1,378821.2,182607.99999999994,32.53,Volume Driver,Lahore
4,88,436,851922.2000000001,Language Combo,890.92,388441.12,463481.0800000001,54.4,Hidden Opportunity,Lahore
4,89,458,727757.42,Foot Classic,819.02,375111.16,352646.26000000007,48.46,Volume Driver,Lahore
4,90,495,704870.1,Speak Deluxe,707.74,350331.3,354538.8,50.3,Profit Driver,Lahore
4,91,470,414991.2,No Combo,357.98,168250.6,246740.6,59.46,Profit Driver,Lahore
4,92,455,163681.7,Will Deluxe,208.11,94690.05,68991.65000000001,42.15,Volume Driver,Lahore
4,93,453,379097.58,Building Special,555.11,251464.83000000002,127632.75,33.67,Volume Driver,Lahore
4,94,426,404380.5,Either Combo,679.81,289599.06,114781.44,28.38,Low Performer,Lahore
4,95,479,356213.14,Mrs Combo,461.83,221216.56999999998,134996.57000000004,37.9,Volume Driver,Lahore
4,96,472,650411.28,Establish Classic,588.06,277564.31999999995,372846.9600000001,57.32,Profit Driver,Lahore
4,97,441,660648.87,Majority Combo,857.06,377963.45999999996,282685.41000000003,42.79,Volume Driver,Lahore
4,98,433,758750.23,Letter Special,700.98,303524.34,455225.88999999996,60.0,Hidden Opportunity,Lahore
4,99,466,333339.12,Possible Deluxe,476.88,222226.08,111113.04000000001,33.33,Volume Driver,Lahore
4,100,446,932532.4800000001,City Classic,780.38,348049.48,584483.0000000001,62.68,Profit Driver,Lahore
4,101,484,462873.4,Race Platter,445.52,215631.68,247241.72000000003,53.41,Profit Driver,Lahore
4,102,467,234275.22,Whose Platter,251.77,117576.59000000001,116698.62999999999,49.81,Profit Driver,Lahore
4,103,453,250395.75,Resource Combo,308.75,139863.75,110532.0,44.14,Volume Driver,Lahore
4,104,459,596236.41,Hard Platter,773.94,355238.46,240997.95,40.42,Volume Driver,Lahore
4,105,432,670762.08,Strong Deluxe,554.56,239569.91999999998,431192.16,64.28,Hidden Opportunity,Lahore
4,106,407,682193.05,Affect Platter,735.92,299519.44,382673.61000000004,56.09,Hidden Opportunity,Lahore
4,107,417,105359.22,Story Special,165.29,68925.93,36433.29000000001,34.58,Low Performer,Lahore
4,108,430,400850.3,Under Deluxe,572.98,246381.4,154468.9,38.54,Low Performer,Lahore
4,109,453,664238.4299999999,Popular Platter,605.44,274264.32,389974.1099999999,58.71,Profit Driver,Lahore
4,110,463,143201.27000000002,Daughter Deluxe,231.07,106985.41,36215.860000000015,25.29,Volume Driver,Lahore
4,111,455,748948.2,Decision Special,868.63,395226.65,353721.54999999993,47.23,Volume Driver,Lahore
4,112,471,605880.2699999999,Explain Deluxe,772.93,364050.02999999997,241830.23999999993,39.91,Volume Driver,Lahore
4,113,389,624574.51,Morning Platter,747.17,290649.13,333925.38,53.46,Hidden Opportunity,Lahore
4,114,489,443434.98000000004,Certain Deluxe,646.14,315962.46,127472.52000000002,28.75,Volume Driver,Lahore
4,115,482,538953.12,List Deluxe,766.75,369573.5,169379.62,31.43,Volume Driver,Lahore
4,116,503,575542.66,Kind Deluxe,476.62,239739.86000000002,335802.80000000005,58.35,Profit Driver,Lahore
4,117,442,495588.08,Keep Combo,553.63,244704.46,250883.62000000002,50.62,Profit Driver,Lahore
4,118,483,970013.73,Movement Platter,788.78,380980.74,589032.99,60.72,Profit Driver,Lahore
4,119,420,279224.4,Body Classic,332.9,139818.0,139406.40000000002,49.93,Hidden Opportunity,Lahore
4,120,414,385359.48000000004,Talk Combo,520.73,215582.22,169777.26000000004,44.06,Low Performer,Lahore
4,121,449,265399.41000000003,Analysis Classic,343.76,154348.24,111051.17000000004,41.84,Volume Driver,Lahore
4,122,447,381174.78,Statement Special,537.47,240249.09000000003,140925.69,36.97,Volume Driver,Lahore
4,123,438,735239.9400000001,Six Combo,718.62,314755.56,420484.38000000006,57.19,Hidden Opportunity,Lahore
4,124,443,158939.53999999998,Bar Special,219.79,97366.97,61572.56999999998,38.74,Volume Driver,Lahore
4,125,430,390917.3,Road Deluxe,426.77,183511.1,207406.19999999998,53.06,Hidden Opportunity,Lahore
4,126,461,474193.81999999995,Public Combo,562.79,259446.18999999997,214747.62999999998,45.29,Volume Driver,Lahore
4,127,473,363793.76,Audience Deluxe,322.9,152731.69999999998,211062.06000000003,58.02,Profit Driver,Lahore
4,128,438,882872.22,Hot Special,863.16,378064.07999999996,504808.14,57.18,Hidden Opportunity,Lahore
4,129,490,382508.7,Impact Classic,357.37,175111.3,207397.40000000002,54.22,Profit Driver,Lahore
4,130,420,150628.8,Consider Special,225.39,94663.79999999999,55965.0,37.15,Low Performer,Lahore
4,131,463,156248.61000000002,Seek Deluxe,160.61,74362.43000000001,81886.18000000001,52.41,Profit Driver,Lahore
4,132,480,406814.39999999997,Agree Special,565.02,271209.6,135604.8,33.33,Volume Driver,Lahore
4,133,435,119564.1,Serve Combo,159.2,69252.0,50312.100000000006,42.08,Low Performer,Lahore
4,134,415,608971.0,Unit Combo,874.12,362759.8,246211.2,40.43,Low Performer,Lahore
4,135,434,275915.5,Security Platter,450.53,195530.02,80385.48000000001,29.13,Low Performer,Lahore
4,136,456,458061.12,Car Special,572.13,260891.28,197169.84,43.04,Volume Driver,Lahore
4,137,443,449202.0,That Classic,462.13,204723.59,244478.41,54.43,Profit Driver,Lahore
4,138,455,527363.2,Owner Deluxe,435.28,198052.4,329310.79999999993,62.44,Profit Driver,Lahore
4,139,441,373015.44,Long Classic,379.04,167156.64,205858.8,55.19,Profit Driver,Lahore
4,140,409,202209.59999999998,Charge Platter,305.84,125088.55999999998,77121.04,38.14,Low Performer,Lahore
4,141,388,335856.68,Effort Combo,563.99,218828.12,117028.56,34.84,Low Performer,Lahore
4,142,426,288725.76,Teach Deluxe,502.43,214035.18,74690.58000000002,25.87,Low Performer,Lahore
4,143,475,543134.0,Believe Deluxe,490.52,232997.0,310137.0,57.1,Profit Driver,Lahore
4,144,400,659016.0,Many Classic,850.25,340100.0,318916.0,48.39,Low Performer,Lahore
4,145,386,815031.28,Institution Platter,831.31,320885.66,494145.62000000005,60.63,Hidden Opportunity,Lahore
4,146,437,403189.31,South Classic,380.71,166370.27,236819.04,58.74,Hidden Opportunity,Lahore
4,147,418,368149.32,Decide Combo,501.52,209635.36,158513.96000000002,43.06,Low Performer,Lahore
4,148,457,337832.68,Position Platter,520.35,237799.95,100032.72999999998,29.61,Volume Driver,Lahore
4,149,461,372031.61,Firm Special,602.79,277886.19,94145.41999999998,25.31,Volume Driver,Lahore
4,150,415,168137.25,Matter Deluxe,165.56,68707.4,99429.85,59.14,Hidden Opportunity,Lahore
5,1,472,677296.4,Evidence Classic,564.03,266222.16,411074.24000000005,60.69,Profit Driver,Karachi
5,2,432,401150.88,Much Special,678.43,293081.75999999995,108069.12000000005,26.94,Low Performer,Karachi
5,3,425,874505.4999999999,Wish Combo,791.49,336383.25,538122.2499999999,61.53,Hidden Opportunity,Karachi
5,4,442,529286.16,We Deluxe,775.58,342806.36000000004,186479.8,35.23,Volume Driver,Karachi
5,5,495,778526.1,Hundred Platter,676.37,334803.15,443722.94999999995,57.0,Profit Driver,Karachi
5,6,409,375449.73,Particularly Combo,550.6,225195.40000000002,150254.32999999996,40.02,Low Performer,Karachi
5,7,452,889766.52,Property Special,844.04,381506.07999999996,508260.44000000006,57.12,Profit Driver,Karachi
5,8,495,595529.5499999999,Join Platter,732.0,362340.0,233189.54999999993,39.16,Volume Driver,Karachi
5,9,502,267555.96,Summer Classic,199.64,100219.28,167336.68000000002,62.54,Profit Driver,Karachi
5,10,440,606170.4,Level Combo,524.42,230744.8,375425.60000000003,61.93,Profit Driver,Karachi
5,11,409,293465.68,Star Deluxe,334.97,137002.73,156462.94999999998,53.32,Hidden Opportunity,Karachi
5,12,499,540436.96,Claim Special,587.65,293237.35,247199.61,45.74,Volume Driver,Karachi
5,13,414,769129.2,West Special,716.84,296771.76,472357.43999999994,61.41,Hidden Opportunity,Karachi
5,14,416,270845.12,Nothing Combo,466.62,194113.92,76731.19999999998,28.33,Low Performer,Karachi
5,15,435,356813.1,Wide Platter,546.84,237875.40000000002,118937.69999999995,33.33,Low Performer,Karachi
5,16,468,439812.36,Later Deluxe,552.73,258677.64,181134.71999999997,41.18,Volume Driver,Karachi
5,17,506,203882.58,Until Deluxe,268.62,135921.72,67960.85999999999,33.33,Volume Driver,Karachi
5,18,457,354042.47000000003,Door Deluxe,530.76,242557.32,111485.15000000002,31.49,Volume Driver,Karachi
5,19,426,275489.94,Again Classic,264.63,112732.38,162757.56,59.08,Hidden Opportunity,Karachi
5,20,478,582270.92,Tell Platter,599.21,286422.38,295848.54000000004,50.81,Profit Driver,Karachi
5,21,438,596897.64,Industry Platter,773.75,338902.5,257995.14,43.22,Low Performer,Karachi
5,22,474,582446.46,Plan Combo,860.21,407739.54000000004,174706.91999999993,30.0,Volume Driver,Karachi
5,23,411,336218.55,Raise Combo,549.53,225856.83,110361.72,32.82,Low Performer,Karachi
5,24,434,523434.38,Control Special,545.76,236859.84,286574.54000000004,54.75,Hidden Opportunity,Karachi
5,25,478,755885.2999999999,Before Combo,667.4,319017.2,436868.0999999999,57.8,Profit Driver,Karachi
5,26,470,374740.4,Court Special,538.18,252944.59999999998,121795.80000000005,32.5,Volume Driver,Karachi
5,27,458,445487.44,Service Special,591.23,270783.34,174704.09999999998,39.22,Volume Driver,Karachi
5,28,474,485560.86000000004,Role Platter,623.33,295458.42000000004,190102.44,39.15,Volume Driver,Karachi
5,29,450,340510.5,Scientist Special,328.5,147825.0,192685.5,56.59,Profit Driver,Karachi
5,30,471,865048.0199999999,Member Combo,851.64,401122.44,463925.5799999999,53.63,Profit Driver,Karachi
5,31,419,502012.27999999997,Country Platter,755.62,316604.78,185407.49999999994,36.93,Low Performer,Karachi
5,32,501,596044.71,Trouble Platter,458.33,229623.33,366421.38,61.48,Profit Driver,Karachi
5,33,454,790423.08,Attention Platter,696.16,316056.64,474366.43999999994,60.01,Profit Driver,Karachi
5,34,466,388639.34,Open Special,552.21,257329.86000000002,131309.48,33.79,Volume Driver,Karachi
5,35,442,503323.08,Pressure Classic,805.86,356190.12,147132.96000000002,29.23,Volume Driver,Karachi
5,36,463,1063631.3800000001,Recent Platter,899.46,416449.98000000004,647181.4000000001,60.85,Profit Driver,Karachi
5,37,451,375849.87,Phone Combo,514.23,231917.73,143932.13999999998,38.3,Volume Driver,Karachi
5,38,471,134658.9,Recently Combo,151.62,71413.02,63245.87999999999,46.97,Volume Driver,Karachi
5,39,462,1120077.42,Company Classic,867.99,401011.38,719066.0399999999,64.2,Profit Driver,Karachi
5,40,436,447161.6,Expert Classic,372.53,162423.08,284738.52,63.68,Hidden Opportunity,Karachi
5,41,467,247383.91,Traditional Combo,385.2,179888.4,67495.51000000001,27.28,Volume Driver,Karachi
5,42,435,330439.05,Pay Classic,548.34,238527.90000000002,91911.14999999997,27.81,Low Performer,Karachi
5,43,463,130723.41999999998,Fight Special,201.39,93243.56999999999,37479.84999999999,28.67,Volume Driver,Karachi
5,44,473,645663.9199999999,Ability Classic,817.72,386781.56,258882.35999999993,40.1,Volume Driver,Karachi
5,45,405,409191.75,Up Classic,464.42,188090.1,221101.65,54.03,Hidden Opportunity,Karachi
5,46,426,306660.36,While Special,303.19,129158.94,177501.41999999998,57.88,Hidden Opportunity,Karachi
5,47,489,559460.01,Mr Deluxe,653.77,319693.52999999997,239766.48000000004,42.86,Volume Driver,Karachi
5,48,464,612818.72,Skin Platter,615.87,285763.68,327055.04,53.37,Profit Driver,Karachi
5,49,458,363386.36,Tend Deluxe,529.41,242469.78,120916.57999999999,33.27,Volume Driver,Karachi
5,50,481,315713.97000000003,Might Classic,427.15,205459.15,110254.82000000004,34.92,Volume Driver,Karachi
5,51,457,928176.14,True Platter,890.42,406921.94,521254.2,56.16,Profit Driver,Karachi
5,52,473,829542.6699999999,Material Special,647.54,306286.42,523256.24999999994,63.08,Profit Driver,Karachi
5,53,446,218745.16,Black Deluxe,230.28,102704.88,116040.28,53.05,Profit Driver,Karachi
5,54,421,465141.85,Price Deluxe,688.21,289736.41000000003,175405.43999999994,37.71,Low Performer,Karachi
5,55,449,956293.6699999999,Turn Platter,829.0,372221.0,584072.6699999999,61.08,Profit Driver,Karachi
5,56,436,143701.24,Life Special,183.07,79818.52,63882.71999999999,44.46,Low Performer,Karachi
5,57,485,550639.8999999999,Child Classic,481.38,233469.3,317170.5999999999,57.6,Profit Driver,Karachi
5,58,384,770530.5599999999,Effect Special,858.79,329775.36,440755.19999999995,57.2,Hidden Opportunity,Karachi
5,59,468,425318.39999999997,Coach Combo,426.91,199793.88,225524.51999999996,53.02,Profit Driver,Karachi
5,60,424,484746.48,Enough Platter,423.49,179559.76,305186.72,62.96,Hidden Opportunity,Karachi
5,61,472,231412.15999999997,Themselves Classic,337.15,159134.8,72277.35999999999,31.23,Volume Driver,Karachi
5,62,439,840513.7899999999,Few Special,712.11,312616.29,527897.5,62.81,Hidden Opportunity,Karachi
5,63,433,860708.74,This Platter,758.08,328248.64,532460.1,61.86,Hidden Opportunity,Karachi
5,64,443,476743.31000000006,Sign Special,399.14,176819.02,299924.29000000004,62.91,Profit Driver,Karachi
5,65,403,510447.8599999999,History Platter,675.96,272411.88,238035.97999999992,46.63,Low Performer,Karachi
5,66,437,663191.2,Bag Deluxe,762.44,333186.28,330004.9199999999,49.76,Hidden Opportunity,Karachi
5,67,487,596112.35,Onto Deluxe,645.02,314124.74,281987.61,47.3,Volume Driver,Karachi
5,68,459,373125.69,Pull Combo,359.34,164937.06,208188.63,55.8,Profit Driver,Karachi
5,69,447,199576.56,Than Deluxe,170.7,76302.9,123273.66,61.77,Profit Driver,Karachi
5,70,447,538590.3,Central Classic,887.66,396784.01999999996,141806.2800000001,26.33,Volume Driver,Karachi
5,71,492,711456.6,Bit Classic,739.82,363991.44,347465.16,48.84,Volume Driver,Karachi
5,72,480,470260.80000000005,Hold Combo,582.44,279571.2,190689.60000000003,40.55,Volume Driver,Karachi
5,73,452,795108.6799999999,Against Special,754.88,341205.76,453902.9199999999,57.09,Profit Driver,Karachi
5,74,464,1071956.0,Southern Classic,861.66,399810.24,672145.76,62.7,Profit Driver,Karachi
5,75,458,295506.18,Success Classic,243.47,111509.26,183996.91999999998,62.26,Profit Driver,Karachi
5,76,507,300123.72000000003,Admit Classic,394.64,200082.47999999998,100041.24000000005,33.33,Volume Driver,Karachi
5,77,420,509140.8,High Special,648.7,272454.0,236686.8,46.49,Low Performer,Karachi
5,78,492,570424.8,Measure Deluxe,454.56,223643.52,346781.28,60.79,Profit Driver,Karachi
5,79,449,733616.61,Probably Deluxe,739.32,331954.68000000005,401661.92999999993,54.75,Profit Driver,Karachi
5,80,480,651494.4,Specific Special,656.72,315225.60000000003,336268.8,51.61,Profit Driver,Karachi
5,81,428,618066.24,House Platter,647.89,277296.92,340769.32,55.13,Hidden Opportunity,Karachi
5,82,457,232681.55,Hotel Platter,318.48,145545.36000000002,87136.18999999997,37.45,Volume Driver,Karachi
5,83,473,616626.4500000001,Reduce Platter,506.35,239503.55000000002,377122.9,61.16,Profit Driver,Karachi
5,84,406,402151.12,Box Combo,622.32,252661.92,149489.19999999998,37.17,Low Performer,Karachi
5,85,442,268629.92,Positive Platter,260.68,115220.56,153409.36,57.11,Profit Driver,Karachi
5,86,452,797834.24,Others Combo,753.08,340392.16000000003,457442.07999999996,57.34,Profit Driver,Karachi
5,87,476,591239.6,Forget Special,838.1,398935.60000000003,192303.99999999994,32.53,Volume Driver,Karachi
5,88,507,990652.65,Language Combo,890.92,451696.44,538956.21,54.4,Profit Driver,Karachi
5,89,468,743647.3200000001,Foot Classic,819.02,383301.36,360345.9600000001,48.46,Volume Driver,Karachi
5,90,487,693478.26,Speak Deluxe,707.74,344669.38,348808.88,50.3,Profit Driver,Karachi
5,91,467,412342.32,No Combo,357.98,167176.66,245165.66,59.46,Profit Driver,Karachi
5,92,478,171955.72,Will Deluxe,208.11,99476.58,72479.14,42.15,Volume Driver,Karachi
5,93,450,376587.0,Building Special,555.11,249799.5,126787.5,33.67,Volume Driver,Karachi
5,94,446,423365.5,Either Combo,679.81,303195.25999999995,120170.24000000005,28.38,Volume Driver,Karachi
5,95,521,387446.86,Mrs Combo,461.83,240613.43,146833.43,37.9,Volume Driver,Karachi
5,96,439,604937.61,Establish Classic,588.06,258158.33999999997,346779.27,57.32,Hidden Opportunity,Karachi
5,97,440,659150.7999999999,Majority Combo,857.06,377106.39999999997,282044.39999999997,42.79,Volume Driver,Karachi
5,98,458,802557.98,Letter Special,700.98,321048.84,481509.13999999996,60.0,Profit Driver,Karachi
5,99,464,331908.48,Possible Deluxe,476.88,221272.32,110636.15999999997,33.33,Volume Driver,Karachi
5,100,459,959713.92,City Classic,780.38,358194.42,601519.5,62.68,Profit Driver,Karachi
5,101,435,416012.25,Race Platter,445.52,193801.19999999998,222211.05000000002,53.41,Hidden Opportunity,Karachi
5,102,462,231766.92,Whose Platter,251.77,116317.74,115449.18000000001,49.81,Profit Driver,Karachi
5,103,456,252054.0,Resource Combo,308.75,140790.0,111264.0,44.14,Volume Driver,Karachi
5,104,450,584545.5,Hard Platter,773.94,348273.0,236272.5,40.42,Volume Driver,Karachi
5,105,458,711132.02,Strong Deluxe,554.56,253988.47999999998,457143.54000000004,64.28,Profit Driver,Karachi
5,106,471,789466.65,Affect Platter,735.92,346618.32,442848.33,56.09,Profit Driver,Karachi
5,107,417,105359.22,Story Special,165.29,68925.93,36433.29000000001,34.58,Low Performer,Karachi
5,108,438,408307.98000000004,Under Deluxe,572.98,250965.24000000002,157342.74000000002,38.54,Low Performer,Karachi
5,109,458,671569.98,Popular Platter,605.44,277291.52,394278.45999999996,58.71,Profit Driver,Karachi
5,110,470,145366.30000000002,Daughter Deluxe,231.07,108602.9,36763.40000000002,25.29,Volume Driver,Karachi
5,111,467,768700.6799999999,Decision Special,868.63,405650.21,363050.4699999999,47.23,Volume Driver,Karachi
5,112,436,560857.32,Explain Deluxe,772.93,336997.48,223859.83999999997,39.91,Low Performer,Karachi
5,113,469,753021.71,Morning Platter,747.17,350422.73,402598.98,53.46,Profit Driver,Karachi
5,114,413,374516.66000000003,Certain Deluxe,646.14,266855.82,107660.84000000003,28.75,Low Performer,Karachi
5,115,502,561316.3200000001,List Deluxe,766.75,384908.5,176407.82000000007,31.43,Volume Driver,Karachi
5,116,454,519475.88,Kind Deluxe,476.62,216385.48,303090.4,58.35,Profit Driver,Karachi
5,117,470,526982.8,Keep Combo,553.63,260206.1,266776.70000000007,50.62,Profit Driver,Karachi
5,118,477,957963.87,Movement Platter,788.78,376248.06,581715.81,60.72,Profit Driver,Karachi
5,119,428,284542.96,Body Classic,332.9,142481.19999999998,142061.76000000004,49.93,Hidden Opportunity,Karachi
5,120,441,410491.62,Talk Combo,520.73,229641.93000000002,180849.68999999997,44.06,Volume Driver,Karachi
5,121,406,239982.54,Analysis Classic,343.76,139566.56,100415.98000000001,41.84,Low Performer,Karachi
5,122,409,348770.66000000003,Statement Special,537.47,219825.23,128945.43000000002,36.97,Low Performer,Karachi
5,123,472,792313.3600000001,Six Combo,718.62,339188.64,453124.7200000001,57.19,Profit Driver,Karachi
5,124,481,172573.18,Bar Special,219.79,105718.98999999999,66854.19,38.74,Volume Driver,Karachi
5,125,438,398190.18,Road Deluxe,426.77,186925.25999999998,211264.92,53.06,Hidden Opportunity,Karachi
5,126,448,460821.75999999995,Public Combo,562.79,252129.91999999998,208691.83999999997,45.29,Volume Driver,Karachi
5,127,439,337643.68,Audience Deluxe,322.9,141753.09999999998,195890.58000000002,58.02,Hidden Opportunity,Karachi
5,128,472,951405.68,Hot Special,863.16,407411.51999999996,543994.1600000001,57.18,Profit Driver,Karachi
5,129,472,368457.36,Impact Classic,357.37,168678.64,199778.71999999997,54.22,Profit Driver,Karachi
5,130,464,166408.96,Consider Special,225.39,104580.95999999999,61828.0,37.15,Volume Driver,Karachi
5,131,475,160298.25,Seek Deluxe,160.61,76289.75,84008.5,52.41,Profit Driver,Karachi
5,132,480,406814.39999999997,Agree Special,565.02,271209.6,135604.8,33.33,Volume Driver,Karachi
5,133,455,125061.3,Serve Combo,159.2,72436.0,52625.3,42.08,Volume Driver,Karachi
5,134,427,626579.8,Unit Combo,874.12,373249.24,253330.56000000006,40.43,Low Performer,Karachi
5,135,440,279730.0,Security Platter,450.53,198233.19999999998,81496.80000000002,29.13,Volume Driver,Karachi
5,136,445,447011.39999999997,Car Special,572.13,254597.85,192413.54999999996,43.04,Volume Driver,Karachi
5,137,452,458328.0,That Classic,462.13,208882.76,249445.24,54.43,Profit Driver,Karachi
5,138,447,518090.88,Owner Deluxe,435.28,194570.15999999997,323520.72000000003,62.44,Profit Driver,Karachi
5,139,437,369632.08,Long Classic,379.04,165640.48,203991.6,55.19,Hidden Opportunity,Karachi
5,140,401,198254.4,Charge Platter,305.84,122641.84,75612.56,38.14,Low Performer,Karachi
5,141,465,402508.65,Effort Combo,563.99,262255.35,140253.30000000005,34.84,Volume Driver,Karachi
5,142,425,288048.0,Teach Deluxe,502.43,213532.75,74515.25,25.87,Low Performer,Karachi
5,143,463,529412.72,Believe Deluxe,490.52,227110.75999999998,302301.95999999996,57.1,Profit Driver,Karachi
5,144,494,813884.76,Many Classic,850.25,420023.5,393861.26,48.39,Volume Driver,Karachi
5,145,450,950166.0,Institution Platter,831.31,374089.5,576076.5,60.63,Profit Driver,Karachi
5,146,482,444707.66,South Classic,380.71,183502.22,261205.43999999997,58.74,Profit Driver,Karachi
5,147,474,417470.76,Decide Combo,501.52,237720.47999999998,179750.28000000003,43.06,Volume Driver,Karachi
5,148,454,335614.96,Position Platter,520.35,236238.90000000002,99376.06,29.61,Volume Driver,Karachi
5,149,463,373645.63,Firm Special,602.79,279091.76999999996,94553.86000000004,25.31,Volume Driver,Karachi
5,150,460,186369.0,Matter Deluxe,165.56,76157.6,110211.4,59.14,Profit Driver,Karachi
6,1,418,599809.1,Evidence Classic,564.03,235764.53999999998,364044.56,60.69,Hidden Opportunity,Lahore
6,2,486,451294.74,Much Special,678.43,329716.98,121577.76000000001,26.94,Volume Driver,Lahore
6,3,478,983561.48,Wish Combo,791.49,378332.22000000003,605229.26,61.53,Profit Driver,Lahore
6,4,472,565210.56,We Deluxe,775.58,366073.76,199136.80000000005,35.23,Volume Driver,Lahore
6,5,454,714042.12,Hundred Platter,676.37,307071.98,406970.14,57.0,Profit Driver,Lahore
6,6,466,427774.02,Particularly Combo,550.6,256579.6,171194.42,40.02,Volume Driver,Lahore
6,7,474,933073.74,Property Special,844.04,400074.95999999996,532998.78,57.12,Profit Driver,Lahore
6,8,457,549812.13,Join Platter,732.0,334524.0,215288.13,39.16,Volume Driver,Lahore
6,9,440,234511.2,Summer Classic,199.64,87841.59999999999,146669.60000000003,62.54,Profit Driver,Lahore
6,10,395,544175.7000000001,Level Combo,524.42,207145.9,337029.80000000005,61.93,Hidden Opportunity,Lahore
6,11,446,320013.92,Star Deluxe,334.97,149396.62000000002,170617.29999999996,53.32,Profit Driver,Lahore
6,12,432,467873.27999999997,Claim Special,587.65,253864.8,214008.47999999998,45.74,Low Performer,Lahore
6,13,443,823005.4,West Special,716.84,317560.12,505445.28,61.41,Profit Driver,Lahore
6,14,429,279309.03,Nothing Combo,466.62,200179.98,79129.05000000002,28.33,Low Performer,Lahore
6,15,482,395365.32,Wide Platter,546.84,263576.88,131788.44,33.33,Volume Driver,Lahore
6,16,392,368389.83999999997,Later Deluxe,552.73,216670.16,151719.67999999996,41.18,Low Performer,Lahore
6,17,421,169633.53,Until Deluxe,268.62,113089.02,56544.509999999995,33.33,Low Performer,Lahore
6,18,475,367987.25,Door Deluxe,530.76,252111.0,115876.25,31.49,Volume Driver,Lahore
6,19,418,270316.42000000004,Again Classic,264.63,110615.34,159701.08000000005,59.08,Hidden Opportunity,Lahore
6,20,455,554253.7000000001,Tell Platter,599.21,272640.55,281613.1500000001,50.81,Profit Driver,Lahore
6,21,391,532846.98,Industry Platter,773.75,302536.25,230310.72999999998,43.22,Low Performer,Lahore
6,22,451,554184.29,Plan Combo,860.21,387954.71,166229.58000000002,30.0,Volume Driver,Lahore
6,23,448,366486.39999999997,Raise Combo,549.53,246189.44,120296.95999999996,32.82,Volume Driver,Lahore
6,24,453,546349.71,Control Special,545.76,247229.28,299120.42999999993,54.75,Profit Driver,Lahore
6,25,429,678399.1499999999,Before Combo,667.4,286314.6,392084.54999999993,57.8,Hidden Opportunity,Lahore
6,26,443,353212.76,Court Special,538.18,238413.74,114799.02000000002,32.5,Volume Driver,Lahore
6,27,439,427006.51999999996,Service Special,591.23,259549.97,167456.54999999996,39.22,Low Performer,Lahore
6,28,476,487609.64,Role Platter,623.33,296705.08,190904.56,39.15,Volume Driver,Lahore
6,29,443,335213.67000000004,Scientist Special,328.5,145525.5,189688.17000000004,56.59,Profit Driver,Lahore
6,30,412,756687.44,Member Combo,851.64,350875.68,405811.75999999995,53.63,Hidden Opportunity,Lahore
6,31,464,555927.6799999999,Country Platter,755.62,350607.68,205319.99999999994,36.93,Volume Driver,Lahore
6,32,434,516334.14,Trouble Platter,458.33,198915.22,317418.92000000004,61.48,Hidden Opportunity,Lahore
6,33,455,792164.1,Attention Platter,696.16,316752.8,475411.3,60.01,Profit Driver,Lahore
6,34,425,354445.75,Open Special,552.21,234689.25000000003,119756.49999999997,33.79,Low Performer,Lahore
6,35,447,509016.78,Pressure Classic,805.86,360219.42,148797.36000000004,29.23,Volume Driver,Lahore
6,36,401,921201.2600000001,Recent Platter,899.46,360683.46,560517.8,60.85,Hidden Opportunity,Lahore
6,37,421,350848.77,Phone Combo,514.23,216490.83000000002,134357.94,38.3,Low Performer,Lahore
6,38,411,117504.9,Recently Combo,151.62,62315.82,55189.079999999994,46.97,Low Performer,Lahore
6,39,414,1003705.74,Company Classic,867.99,359347.86,644357.88,64.2,Hidden Opportunity,Lahore
6,40,369,378446.39999999997,Expert Classic,372.53,137463.56999999998,240982.83,63.68,Hidden Opportunity,Lahore
6,41,454,240497.42,Traditional Combo,385.2,174880.8,65616.62000000002,27.28,Volume Driver,Lahore
6,42,450,341833.5,Pay Classic,548.34,246753.0,95080.5,27.81,Volume Driver,Lahore
6,43,434,122535.56,Fight Special,201.39,87403.26,35132.3,28.67,Low Performer,Lahore
6,44,424,578776.96,Ability Classic,817.72,346713.28,232063.67999999993,40.1,Low Performer,Lahore
6,45,423,427378.05,Up Classic,464.42,196449.66,230928.38999999998,54.03,Hidden Opportunity,Lahore
6,46,438,315298.68,While Special,303.19,132797.22,182501.46,57.88,Hidden Opportunity,Lahore
6,47,460,526281.3999999999,Mr Deluxe,653.77,300734.2,225547.1999999999,42.86,Volume Driver,Lahore
6,48,433,571876.09,Skin Platter,615.87,266671.71,305204.37999999995,53.37,Hidden Opportunity,Lahore
6,49,426,337996.92,Tend Deluxe,529.41,225528.65999999997,112468.26000000001,33.27,Low Performer,Lahore
6,50,440,288802.8,Might Classic,427.15,187946.0,100856.79999999999,34.92,Volume Driver,Lahore
6,51,448,909896.96,True Platter,890.42,398908.16,510988.8,56.16,Profit Driver,Lahore
6,52,442,775175.1799999999,Material Special,647.54,286212.68,488962.49999999994,63.08,Profit Driver,Lahore
6,53,424,207955.03999999998,Black Deluxe,230.28,97638.72,110316.31999999998,53.05,Hidden Opportunity,Lahore
6,54,428,472875.8,Price Deluxe,688.21,294553.88,178321.91999999998,37.71,Low Performer,Lahore
6,55,385,819984.5499999999,Turn Platter,829.0,319165.0,500819.54999999993,61.08,Hidden Opportunity,Lahore
6,56,429,141394.11,Life Special,183.07,78537.03,62857.07999999999,44.46,Low Performer,Lahore
6,57,430,488196.19999999995,Child Classic,481.38,206993.4,281202.79999999993,57.6,Hidden Opportunity,Lahore
6,58,436,874873.24,Effect Special,858.79,374432.44,500440.8,57.2,Hidden Opportunity,Lahore
6,59,378,343526.39999999997,Coach Combo,426.91,161371.98,182154.41999999995,53.02,Hidden Opportunity,Lahore
6,60,457,522474.39,Enough Platter,423.49,193534.93,328939.46,62.96,Profit Driver,Lahore
6,61,423,207388.44,Themselves Classic,337.15,142614.44999999998,64773.99000000002,31.23,Low Performer,Lahore
6,62,445,852001.45,Few Special,712.11,316888.95,535112.5,62.81,Profit Driver,Lahore
6,63,453,900464.34,This Platter,758.08,343410.24,557054.1,61.86,Profit Driver,Lahore
6,64,460,495038.2,Sign Special,399.14,183604.4,311433.80000000005,62.91,Profit Driver,Lahore
6,65,478,605444.36,History Platter,675.96,323108.88,282335.48,46.63,Volume Driver,Lahore
6,66,457,693543.2,Bag Deluxe,762.44,348435.08,345108.11999999994,49.76,Profit Driver,Lahore
6,67,427,522669.35,Onto Deluxe,645.02,275423.54,247245.81,47.3,Low Performer,Lahore
6,68,449,364996.58999999997,Pull Combo,359.34,161343.65999999997,203652.93,55.8,Profit Driver,Lahore
6,69,430,191986.4,Than Deluxe,170.7,73401.0,118585.4,61.77,Hidden Opportunity,Lahore
6,70,460,554254.0,Central Classic,887.66,408323.6,145930.40000000002,26.33,Volume Driver,Lahore
6,71,442,639154.1,Bit Classic,739.82,327000.44,312153.66,48.84,Volume Driver,Lahore
6,72,407,398741.97000000003,Hold Combo,582.44,237053.08000000002,161688.89,40.55,Low Performer,Lahore
6,73,464,816217.76,Against Special,754.88,350264.32,465953.44,57.09,Profit Driver,Lahore
6,74,426,984166.5,Southern Classic,861.66,367067.16,617099.3400000001,62.7,Hidden Opportunity,Lahore
6,75,435,280666.35000000003,Success Classic,243.47,105909.45,174756.90000000002,62.26,Hidden Opportunity,Lahore
6,76,438,259278.48,Admit Classic,394.64,172852.32,86426.16,33.33,Low Performer,Lahore
6,77,439,532173.36,High Special,648.7,284779.30000000005,247394.05999999994,46.49,Low Performer,Lahore
6,78,429,497382.60000000003,Measure Deluxe,454.56,195006.24,302376.36000000004,60.79,Hidden Opportunity,Lahore
6,79,447,730348.8300000001,Probably Deluxe,739.32,330476.04000000004,399872.79000000004,54.75,Profit Driver,Lahore
6,80,438,594488.64,Specific Special,656.72,287643.36,306845.28,51.61,Hidden Opportunity,Lahore
6,81,456,658500.48,House Platter,647.89,295437.83999999997,363062.64,55.13,Profit Driver,Lahore
6,82,451,229626.65,Hotel Platter,318.48,143634.48,85992.16999999998,37.45,Volume Driver,Lahore
6,83,431,561873.15,Reduce Platter,506.35,218236.85,343636.30000000005,61.16,Hidden Opportunity,Lahore
6,84,462,457620.24,Box Combo,622.32,287511.84,170108.39999999997,37.17,Volume Driver,Lahore
6,85,475,288686.0,Positive Platter,260.68,123823.0,164863.0,57.11,Profit Driver,Lahore
6,86,428,755471.36,Others Combo,753.08,322318.24,433153.12,57.34,Hidden Opportunity,Lahore
6,87,462,573850.2,Forget Special,838.1,387202.2,186647.99999999994,32.53,Volume Driver,Lahore
6,88,472,922264.4,Language Combo,890.92,420514.24,501750.16000000003,54.4,Profit Driver,Lahore
6,89,453,719812.47,Foot Classic,819.02,371016.06,348796.41,48.46,Volume Driver,Lahore
6,90,456,649334.88,Speak Deluxe,707.74,322729.44,326605.44,50.3,Profit Driver,Lahore
6,91,471,415874.16000000003,No Combo,357.98,168608.58000000002,247265.58000000002,59.46,Profit Driver,Lahore
6,92,426,153249.24,Will Deluxe,208.11,88654.86,64594.37999999999,42.15,Low Performer,Lahore
6,93,457,382445.02,Building Special,555.11,253685.27000000002,128759.75,33.67,Volume Driver,Lahore
6,94,414,392989.5,Either Combo,679.81,281441.33999999997,111548.16000000003,28.38,Low Performer,Lahore
6,95,409,304156.94,Mrs Combo,461.83,188888.47,115268.47,37.9,Low Performer,Lahore
6,96,453,624229.47,Establish Classic,588.06,266391.18,357838.29,57.32,Profit Driver,Lahore
6,97,376,563274.32,Majority Combo,857.06,322254.56,241019.75999999995,42.79,Low Performer,Lahore
6,98,446,781530.26,Letter Special,700.98,312637.08,468893.18,60.0,Profit Driver,Lahore
6,99,416,297573.12,Possible Deluxe,476.88,198382.08,99191.04000000001,33.33,Low Performer,Lahore
6,100,453,947168.64,City Classic,780.38,353512.14,593656.5,62.68,Profit Driver,Lahore
6,101,434,415055.9,Race Platter,445.52,193355.68,221700.22000000003,53.41,Hidden Opportunity,Lahore
6,102,446,223740.36000000002,Whose Platter,251.77,112289.42,111450.94000000002,49.81,Profit Driver,Lahore
6,103,421,232707.75,Resource Combo,308.75,129983.75,102724.0,44.14,Low Performer,Lahore
6,104,404,524791.96,Hard Platter,773.94,312671.76,212120.19999999995,40.42,Low Performer,Lahore
6,105,418,649024.42,Strong Deluxe,554.56,231806.08,417218.3400000001,64.28,Hidden Opportunity,Lahore
6,106,454,760972.1000000001,Affect Platter,735.92,334107.68,426864.4200000001,56.09,Profit Driver,Lahore
6,107,473,119508.18,Story Special,165.29,78182.17,41326.009999999995,34.58,Volume Driver,Lahore
6,108,437,407375.77,Under Deluxe,572.98,250392.26,156983.51,38.54,Low Performer,Lahore
6,109,435,637844.85,Popular Platter,605.44,263366.4,374478.44999999995,58.71,Hidden Opportunity,Lahore
6,110,466,144129.14,Daughter Deluxe,231.07,107678.62,36450.52000000002,25.29,Volume Driver,Lahore
6,111,438,720965.52,Decision Special,868.63,380459.94,340505.58,47.23,Low Performer,Lahore
6,112,477,613598.49,Explain Deluxe,772.93,368687.61,244910.88,39.91,Volume Driver,Lahore
6,113,436,700037.24,Morning Platter,747.17,325766.12,374271.12,53.46,Hidden Opportunity,Lahore
6,114,426,386305.32,Certain Deluxe,646.14,275255.64,111049.68,28.75,Low Performer,Lahore
6,115,454,507644.6400000001,List Deluxe,766.75,348104.5,159540.14000000007,31.43,Volume Driver,Lahore
6,116,471,538927.62,Kind Deluxe,476.62,224488.02,314439.6,58.35,Profit Driver,Lahore
6,117,478,535952.72,Keep Combo,553.63,264635.14,271317.57999999996,50.62,Profit Driver,Lahore
6,118,439,881648.09,Movement Platter,788.78,346274.42,535373.6699999999,60.72,Hidden Opportunity,Lahore
6,119,442,293850.44,Body Classic,332.9,147141.8,146708.64,49.93,Profit Driver,Lahore
6,120,446,415145.72000000003,Talk Combo,520.73,232245.58000000002,182900.14,44.06,Volume Driver,Lahore
6,121,435,257124.15000000002,Analysis Classic,343.76,149535.6,107588.55000000002,41.84,Low Performer,Lahore
6,122,471,401640.54000000004,Statement Special,537.47,253148.37000000002,148492.17,36.97,Volume Driver,Lahore
6,123,438,735239.9400000001,Six Combo,718.62,314755.56,420484.38000000006,57.19,Hidden Opportunity,Lahore
6,124,390,139924.19999999998,Bar Special,219.79,85718.09999999999,54206.09999999999,38.74,Low Performer,Lahore
6,125,419,380917.09,Road Deluxe,426.77,178816.63,202100.46000000002,53.06,Hidden Opportunity,Lahore
6,126,483,496823.45999999996,Public Combo,562.79,271827.57,224995.88999999996,45.29,Volume Driver,Lahore
6,127,467,359179.04,Audience Deluxe,322.9,150794.3,208384.74,58.02,Profit Driver,Lahore
6,128,448,903029.12,Hot Special,863.16,386695.68,516333.44,57.18,Profit Driver,Lahore
6,129,462,360651.06,Impact Classic,357.37,165104.94,195546.12,54.22,Profit Driver,Lahore
6,130,420,150628.8,Consider Special,225.39,94663.79999999999,55965.0,37.15,Low Performer,Lahore
6,131,447,150849.09000000003,Seek Deluxe,160.61,71792.67000000001,79056.42000000001,52.41,Profit Driver,Lahore
6,132,386,327146.58,Agree Special,565.02,218097.72,109048.86000000002,33.33,Low Performer,Lahore
6,133,435,119564.1,Serve Combo,159.2,69252.0,50312.100000000006,42.08,Low Performer,Lahore
6,134,421,617775.4,Unit Combo,874.12,368004.52,249770.88,40.43,Low Performer,Lahore
6,135,456,289902.0,Security Platter,450.53,205441.68,84460.32,29.13,Volume Driver,Lahore
6,136,436,437970.72,Car Special,572.13,249448.68,188522.03999999998,43.04,Low Performer,Lahore
6,137,426,431964.0,That Classic,462.13,196867.38,235096.62,54.43,Hidden Opportunity,Lahore
6,138,440,509977.6,Owner Deluxe,435.28,191523.19999999998,318454.4,62.44,Profit Driver,Lahore
6,139,449,379782.16000000003,Long Classic,379.04,170188.96000000002,209593.2,55.19,Profit Driver,Lahore
6,140,461,227918.4,Charge Platter,305.84,140992.24,86926.16,38.14,Volume Driver,Lahore
6,141,411,355765.71,Effort Combo,563.99,231799.89,123965.82,34.84,Low Performer,Lahore
6,142,445,301603.2,Teach Deluxe,502.43,223581.35,78021.85,25.87,Volume Driver,Lahore
6,143,439,501970.16000000003,Believe Deluxe,490.52,215338.28,286631.88,57.1,Hidden Opportunity,Lahore
6,144,456,751278.24,Many Classic,850.25,387714.0,363564.24,48.39,Volume Driver,Lahore
6,145,485,1024067.8,Institution Platter,831.31,403185.35,620882.4500000001,60.63,Profit Driver,Lahore
6,146,460,424409.8,South Classic,380.71,175126.59999999998,249283.2,58.74,Profit Driver,Lahore
6,147,527,464149.98000000004,Decide Combo,501.52,264301.04,199848.94000000006,43.06,Volume Driver,Lahore
6,148,459,339311.16000000003,Position Platter,520.35,238840.65000000002,100470.51000000001,29.61,Volume Driver,Lahore
6,149,438,353470.38,Firm Special,602.79,264022.01999999996,89448.36000000004,25.31,Low Performer,Lahore
6,150,447,181102.05,Matter Deluxe,165.56,74005.32,107096.72999999998,59.14,Profit Driver,Lahore
7,1,450,645727.5,Evidence Classic,564.03,253813.5,391914.0,60.69,Profit Driver,Faisalabad
7,2,477,442937.43,Much Special,678.43,323611.11,119326.32,26.94,Volume Driver,Faisalabad
7,3,433,890966.7799999999,Wish Combo,791.49,342715.17,548251.6099999999,61.53,Hidden Opportunity,Faisalabad
7,4,451,540063.48,We Deluxe,775.58,349786.58,190276.89999999997,35.23,Volume Driver,Faisalabad
7,5,448,704605.44,Hundred Platter,676.37,303013.76,401591.67999999993,57.0,Profit Driver,Faisalabad
7,6,429,393809.13,Particularly Combo,550.6,236207.40000000002,157601.72999999998,40.02,Low Performer,Faisalabad
7,7,439,864175.89,Property Special,844.04,370533.56,493642.33,57.12,Hidden Opportunity,Faisalabad
7,8,453,544999.7699999999,Join Platter,732.0,331596.0,213403.7699999999,39.16,Volume Driver,Faisalabad
7,9,430,229181.4,Summer Classic,199.64,85845.2,143336.2,62.54,Hidden Opportunity,Faisalabad
7,10,463,637856.5800000001,Level Combo,524.42,242806.46,395050.1200000001,61.93,Profit Driver,Faisalabad
7,11,406,291313.12,Star Deluxe,334.97,135997.82,155315.3,53.32,Hidden Opportunity,Faisalabad
7,12,492,532855.6799999999,Claim Special,587.65,289123.8,243731.87999999995,45.74,Volume Driver,Faisalabad
7,13,451,837867.7999999999,West Special,716.84,323294.84,514572.9599999999,61.41,Profit Driver,Faisalabad
7,14,421,274100.47000000003,Nothing Combo,466.62,196447.02,77653.45000000004,28.33,Low Performer,Faisalabad
7,15,432,354352.32,Wide Platter,546.84,236234.88,118117.44,33.33,Low Performer,Faisalabad
7,16,433,406920.41,Later Deluxe,552.73,239332.09,167588.31999999998,41.18,Low Performer,Faisalabad
7,17,416,167618.88,Until Deluxe,268.62,111745.92,55872.96000000001,33.33,Low Performer,Faisalabad
7,18,486,376509.06,Door Deluxe,530.76,257949.36,118559.70000000001,31.49,Volume Driver,Faisalabad
7,19,447,289070.43000000005,Again Classic,264.63,118289.61,170780.82000000007,59.08,Profit Driver,Faisalabad
7,20,429,522582.06000000006,Tell Platter,599.21,257061.09000000003,265520.97000000003,50.81,Hidden Opportunity,Faisalabad
7,21,424,577818.72,Industry Platter,773.75,328070.0,249748.71999999997,43.22,Low Performer,Faisalabad
7,22,445,546811.5499999999,Plan Combo,860.21,382793.45,164018.09999999992,30.0,Volume Driver,Faisalabad
7,23,473,386937.64999999997,Raise Combo,549.53,259927.68999999997,127009.95999999999,32.82,Volume Driver,Faisalabad
7,24,418,504137.25999999995,Control Special,545.76,228127.68,276009.57999999996,54.75,Hidden Opportunity,Faisalabad
7,25,414,654678.8999999999,Before Combo,667.4,276303.6,378375.29999999993,57.8,Hidden Opportunity,Faisalabad
7,26,456,363577.92000000004,Court Special,538.18,245410.08,118167.84000000005,32.5,Volume Driver,Faisalabad
7,27,469,456186.92,Service Special,591.23,277286.87,178900.05,39.22,Volume Driver,Faisalabad
7,28,409,418975.51,Role Platter,623.33,254941.97000000003,164033.53999999998,39.15,Low Performer,Faisalabad
7,29,490,370778.10000000003,Scientist Special,328.5,160965.0,209813.10000000003,56.59,Profit Driver,Faisalabad
7,30,456,837498.72,Member Combo,851.64,388347.83999999997,449150.88,53.63,Profit Driver,Faisalabad
7,31,465,557125.7999999999,Country Platter,755.62,351363.3,205762.49999999994,36.93,Volume Driver,Faisalabad
7,32,458,544887.18,Trouble Platter,458.33,209915.13999999998,334972.04000000004,61.48,Profit Driver,Faisalabad
7,33,477,830466.54,Attention Platter,696.16,332068.32,498398.22000000003,60.01,Profit Driver,Faisalabad
7,34,440,366955.60000000003,Open Special,552.21,242972.40000000002,123983.20000000001,33.79,Volume Driver,Faisalabad
7,35,473,538624.02,Pressure Classic,805.86,381171.78,157452.24,29.23,Volume Driver,Faisalabad
7,36,422,969443.7200000001,Recent Platter,899.46,379572.12,589871.6000000001,60.85,Hidden Opportunity,Faisalabad
7,37,441,367516.17,Phone Combo,514.23,226775.43000000002,140740.73999999996,38.3,Volume Driver,Faisalabad
7,38,436,124652.4,Recently Combo,151.62,66106.32,58546.07999999999,46.97,Low Performer,Faisalabad
7,39,472,1144321.52,Company Classic,867.99,409691.28,734630.24,64.2,Profit Driver,Faisalabad
7,40,428,438956.8,Expert Classic,372.53,159442.84,279513.95999999996,63.68,Hidden Opportunity,Faisalabad
7,41,402,212951.46000000002,Traditional Combo,385.2,154850.4,58101.06000000003,27.28,Low Performer,Faisalabad
7,42,410,311448.3,Pay Classic,548.34,224819.40000000002,86628.89999999997,27.81,Low Performer,Faisalabad
7,43,418,118018.12,Fight Special,201.39,84181.01999999999,33837.100000000006,28.67,Low Performer,Faisalabad
7,44,429,585602.16,Ability Classic,817.72,350801.88,234800.28000000003,40.1,Low Performer,Faisalabad
7,45,481,485978.35000000003,Up Classic,464.42,223386.02000000002,262592.33,54.03,Profit Driver,Faisalabad
7,46,411,295862.46,While Special,303.19,124611.09,171251.37000000002,57.88,Hidden Opportunity,Faisalabad
7,47,447,511408.23,Mr Deluxe,653.77,292235.19,219173.03999999998,42.86,Volume Driver,Faisalabad
7,48,436,575838.28,Skin Platter,615.87,268519.32,307318.96,53.37,Hidden Opportunity,Faisalabad
7,49,426,337996.92,Tend Deluxe,529.41,225528.65999999997,112468.26000000001,33.27,Low Performer,Faisalabad
7,50,433,284208.21,Might Classic,427.15,184955.94999999998,99252.26000000004,34.92,Low Performer,Faisalabad
7,51,519,1054099.38,True Platter,890.42,462127.98,591971.3999999999,56.16,Profit Driver,Faisalabad
7,52,412,722561.48,Material Special,647.54,266786.48,455775.0,63.08,Hidden Opportunity,Faisalabad
7,53,418,205012.28,Black Deluxe,230.28,96257.04,108755.24,53.05,Hidden Opportunity,Faisalabad
7,54,417,460722.44999999995,Price Deluxe,688.21,286983.57,173738.87999999995,37.71,Low Performer,Faisalabad
7,55,415,883879.45,Turn Platter,829.0,344035.0,539844.45,61.08,Hidden Opportunity,Faisalabad
7,56,482,158862.37999999998,Life Special,183.07,88239.73999999999,70622.63999999998,44.46,Volume Driver,Faisalabad
7,57,438,497278.92,Child Classic,481.38,210844.44,286434.48,57.6,Hidden Opportunity,Faisalabad
7,58,400,802636.0,Effect Special,858.79,343516.0,459120.0,57.2,Hidden Opportunity,Faisalabad
7,59,474,430771.19999999995,Coach Combo,426.91,202355.34000000003,228415.85999999993,53.02,Profit Driver,Faisalabad
7,60,421,481316.67,Enough Platter,423.49,178289.29,303027.38,62.96,Hidden Opportunity,Faisalabad
7,61,504,247101.12,Themselves Classic,337.15,169923.59999999998,77177.52000000002,31.23,Volume Driver,Faisalabad
7,62,499,955390.39,Few Special,712.11,355342.89,600047.5,62.81,Profit Driver,Faisalabad
7,63,466,926305.48,This Platter,758.08,353265.28,573040.2,61.86,Profit Driver,Faisalabad
7,64,452,486428.84,Sign Special,399.14,180411.28,306017.56000000006,62.91,Profit Driver,Faisalabad
7,65,489,619377.1799999999,History Platter,675.96,330544.44,288832.73999999993,46.63,Volume Driver,Faisalabad
7,66,436,661673.6,Bag Deluxe,762.44,332423.84,329249.75999999995,49.76,Hidden Opportunity,Faisalabad
7,67,482,589992.1,Onto Deluxe,645.02,310899.64,279092.45999999996,47.3,Volume Driver,Faisalabad
7,68,477,387758.07,Pull Combo,359.34,171405.18,216352.89,55.8,Profit Driver,Faisalabad
7,69,476,212524.48,Than Deluxe,170.7,81253.2,131271.28000000003,61.77,Profit Driver,Faisalabad
7,70,451,543409.9,Central Classic,887.66,400334.66,143075.24000000005,26.33,Volume Driver,Faisalabad
7,71,433,626139.65,Bit Classic,739.82,320342.06,305797.59,48.84,Low Performer,Faisalabad
7,72,472,462423.12,Hold Combo,582.44,274911.68000000005,187511.43999999994,40.55,Volume Driver,Faisalabad
7,73,464,816217.76,Against Special,754.88,350264.32,465953.44,57.09,Profit Driver,Faisalabad
7,74,488,1127402.0,Southern Classic,861.66,420490.07999999996,706911.92,62.7,Profit Driver,Faisalabad
7,75,419,270342.99,Success Classic,243.47,102013.93,168329.06,62.26,Hidden Opportunity,Faisalabad
7,76,495,293020.2,Admit Classic,394.64,195346.8,97673.40000000002,33.33,Volume Driver,Faisalabad
7,77,453,549144.72,High Special,648.7,293861.10000000003,255283.61999999994,46.49,Volume Driver,Faisalabad
7,78,435,504339.00000000006,Measure Deluxe,454.56,197733.6,306605.4,60.79,Hidden Opportunity,Faisalabad
7,79,401,655189.89,Probably Deluxe,739.32,296467.32,358722.57,54.75,Hidden Opportunity,Faisalabad
7,80,454,616205.12,Specific Special,656.72,298150.88,318054.24,51.61,Profit Driver,Faisalabad
7,81,480,693158.3999999999,House Platter,647.89,310987.2,382171.1999999999,55.13,Profit Driver,Faisalabad
7,82,455,231663.25,Hotel Platter,318.48,144908.4,86754.85,37.45,Volume Driver,Faisalabad
7,83,446,581427.9,Reduce Platter,506.35,225832.1,355595.80000000005,61.16,Profit Driver,Faisalabad
7,84,419,415027.88,Box Combo,622.32,260752.08000000002,154275.8,37.17,Low Performer,Faisalabad
7,85,420,255259.19999999998,Positive Platter,260.68,109485.6,145773.59999999998,57.11,Hidden Opportunity,Faisalabad
7,86,459,810190.08,Others Combo,753.08,345663.72000000003,464526.3599999999,57.34,Profit Driver,Faisalabad
7,87,409,508018.89999999997,Forget Special,838.1,342782.9,165235.99999999994,32.53,Low Performer,Faisalabad
7,88,486,949619.7000000001,Language Combo,890.92,432987.12,516632.5800000001,54.4,Profit Driver,Faisalabad
7,89,450,715045.5,Foot Classic,819.02,368559.0,346486.5,48.46,Volume Driver,Faisalabad
7,90,430,612311.4,Speak Deluxe,707.74,304328.2,307983.2,50.3,Hidden Opportunity,Faisalabad
7,91,476,420288.96,No Combo,357.98,170398.48,249890.48,59.46,Profit Driver,Faisalabad
7,92,444,159724.56,Will Deluxe,208.11,92400.84000000001,67323.71999999999,42.15,Volume Driver,Faisalabad
7,93,510,426798.6,Building Special,555.11,283106.10000000003,143692.49999999994,33.67,Volume Driver,Faisalabad
7,94,433,411025.25,Either Combo,679.81,294357.73,116667.52000000002,28.38,Low Performer,Faisalabad
7,95,456,339108.95999999996,Mrs Combo,461.83,210594.47999999998,128514.47999999998,37.9,Volume Driver,Faisalabad
7,96,464,639387.36,Establish Classic,588.06,272859.83999999997,366527.52,57.32,Profit Driver,Faisalabad
7,97,451,675629.57,Majority Combo,857.06,386534.06,289095.50999999995,42.79,Volume Driver,Faisalabad
7,98,430,753493.2999999999,Letter Special,700.98,301421.4,452071.8999999999,60.0,Hidden Opportunity,Faisalabad
7,99,445,318317.39999999997,Possible Deluxe,476.88,212211.6,106105.79999999996,33.33,Volume Driver,Faisalabad
7,100,454,949259.52,City Classic,780.38,354292.52,594967.0,62.68,Profit Driver,Faisalabad
7,101,471,450440.85000000003,Race Platter,445.52,209839.91999999998,240600.93000000005,53.41,Profit Driver,Faisalabad
7,102,496,248823.36000000002,Whose Platter,251.77,124877.92,123945.44000000002,49.81,Profit Driver,Faisalabad
7,103,422,233260.5,Resource Combo,308.75,130292.5,102968.0,44.14,Low Performer,Faisalabad
7,104,485,630010.15,Hard Platter,773.94,375360.9,254649.25,40.42,Volume Driver,Faisalabad
7,105,463,718895.47,Strong Deluxe,554.56,256761.27999999997,462134.19,64.28,Profit Driver,Faisalabad
7,106,502,841427.3,Affect Platter,735.92,369431.83999999997,471995.4600000001,56.09,Profit Driver,Faisalabad
7,107,437,110412.42,Story Special,165.29,72231.73,38180.69,34.58,Low Performer,Faisalabad
7,108,445,414833.45,Under Deluxe,572.98,254976.1,159857.35,38.54,Volume Driver,Faisalabad
7,109,476,697963.5599999999,Popular Platter,605.44,288189.44,409774.11999999994,58.71,Profit Driver,Faisalabad
7,110,462,142891.98,Daughter Deluxe,231.07,106754.34,36137.640000000014,25.29,Volume Driver,Faisalabad
7,111,458,753886.32,Decision Special,868.63,397832.54,356053.77999999997,47.23,Volume Driver,Faisalabad
7,112,480,617457.6,Explain Deluxe,772.93,371006.39999999997,246451.2,39.91,Volume Driver,Faisalabad
7,113,434,696826.0599999999,Morning Platter,747.17,324271.77999999997,372554.27999999997,53.46,Hidden Opportunity,Faisalabad
7,114,454,411696.28,Certain Deluxe,646.14,293347.56,118348.72000000003,28.75,Volume Driver,Faisalabad
7,115,421,470745.36000000004,List Deluxe,766.75,322801.75,147943.61000000004,31.43,Low Performer,Faisalabad
7,116,449,513754.78,Kind Deluxe,476.62,214002.38,299752.4,58.35,Profit Driver,Faisalabad
7,117,405,454102.2,Keep Combo,553.63,224220.15,229882.05000000002,50.62,Hidden Opportunity,Faisalabad
7,118,395,793282.45,Movement Platter,788.78,311568.1,481714.35,60.72,Hidden Opportunity,Faisalabad
7,119,450,299169.0,Body Classic,332.9,149805.0,149364.0,49.93,Profit Driver,Faisalabad
7,120,451,419799.82,Talk Combo,520.73,234849.23,184950.59,44.06,Volume Driver,Faisalabad
7,121,458,270719.22000000003,Analysis Classic,343.76,157442.08,113277.14000000004,41.84,Volume Driver,Faisalabad
7,122,418,356445.32,Statement Special,537.47,224662.46000000002,131782.86,36.97,Low Performer,Faisalabad
7,123,500,839315.0,Six Combo,718.62,359310.0,480005.0,57.19,Profit Driver,Faisalabad
7,124,496,177954.87999999998,Bar Special,219.79,109015.84,68939.03999999998,38.74,Volume Driver,Faisalabad
7,125,467,424554.37,Road Deluxe,426.77,199301.59,225252.78,53.06,Profit Driver,Faisalabad
7,126,473,486537.25999999995,Public Combo,562.79,266199.67,220337.58999999997,45.29,Volume Driver,Faisalabad
7,127,441,339181.92,Audience Deluxe,322.9,142398.9,196783.02,58.02,Profit Driver,Faisalabad
7,128,418,842558.42,Hot Special,863.16,360800.88,481757.54000000004,57.18,Hidden Opportunity,Faisalabad
7,129,443,345819.08999999997,Impact Classic,357.37,158314.91,187504.17999999996,54.22,Profit Driver,Faisalabad
7,130,463,166050.32,Consider Special,225.39,104355.56999999999,61694.750000000015,37.15,Volume Driver,Faisalabad
7,131,425,143424.75,Seek Deluxe,160.61,68259.25,75165.5,52.41,Hidden Opportunity,Faisalabad
7,132,449,380540.97,Agree Special,565.02,253693.97999999998,126846.98999999999,33.33,Volume Driver,Faisalabad
7,133,424,116540.64,Serve Combo,159.2,67500.79999999999,49039.84000000001,42.08,Low Performer,Faisalabad
7,134,457,670601.8,Unit Combo,874.12,399472.84,271128.96,40.43,Volume Driver,Faisalabad
7,135,470,298802.5,Security Platter,450.53,211749.09999999998,87053.40000000002,29.13,Volume Driver,Faisalabad
7,136,439,440984.27999999997,Car Special,572.13,251165.07,189819.20999999996,43.04,Low Performer,Faisalabad
7,137,421,426894.0,That Classic,462.13,194556.73,232337.27,54.43,Hidden Opportunity,Faisalabad
7,138,454,526204.16,Owner Deluxe,435.28,197617.12,328587.04000000004,62.44,Profit Driver,Faisalabad
7,139,445,376398.8,Long Classic,379.04,168672.80000000002,207725.99999999997,55.19,Profit Driver,Faisalabad
7,140,373,184411.19999999998,Charge Platter,305.84,114078.31999999999,70332.87999999999,38.14,Low Performer,Faisalabad
7,141,433,374809.13,Effort Combo,563.99,244207.67,130601.45999999999,34.84,Low Performer,Faisalabad
7,142,445,301603.2,Teach Deluxe,502.43,223581.35,78021.85,25.87,Volume Driver,Faisalabad
7,143,476,544277.4400000001,Believe Deluxe,490.52,233487.52,310789.92000000004,57.1,Profit Driver,Faisalabad
7,144,458,754573.32,Many Classic,850.25,389414.5,365158.81999999995,48.39,Volume Driver,Faisalabad
7,145,449,948054.52,Institution Platter,831.31,373258.19,574796.3300000001,60.63,Profit Driver,Faisalabad
7,146,423,390272.49,South Classic,380.71,161040.33,229232.16,58.74,Hidden Opportunity,Faisalabad
7,147,451,397213.74,Decide Combo,501.52,226185.52,171028.22,43.06,Volume Driver,Faisalabad
7,148,457,337832.68,Position Platter,520.35,237799.95,100032.72999999998,29.61,Volume Driver,Faisalabad
7,149,470,379294.7,Firm Special,602.79,283311.3,95983.40000000002,25.31,Volume Driver,Faisalabad
7,150,435,176240.25,Matter Deluxe,165.56,72018.6,104221.65,59.14,Hidden Opportunity,Faisalabad
8,1,419,601244.05,Evidence Classic,564.03,236328.56999999998,364915.4800000001,60.69,Hidden Opportunity,Faisalabad
8,2,412,382579.08,Much Special,678.43,279513.16,103065.92000000004,26.94,Low Performer,Faisalabad
8,3,455,936235.2999999999,Wish Combo,791.49,360127.95,576107.3499999999,61.53,Profit Driver,Faisalabad
8,4,431,516113.88,We Deluxe,775.58,334274.98000000004,181838.89999999997,35.23,Low Performer,Faisalabad
8,5,426,670004.28,Hundred Platter,676.37,288133.62,381870.66000000003,57.0,Hidden Opportunity,Faisalabad
8,6,474,435117.78,Particularly Combo,550.6,260984.40000000002,174133.38,40.02,Volume Driver,Faisalabad
8,7,445,875986.95,Property Special,844.04,375597.8,500389.14999999997,57.12,Profit Driver,Faisalabad
8,8,402,483642.17999999993,Join Platter,732.0,294264.0,189378.17999999993,39.16,Low Performer,Faisalabad
8,9,405,215856.9,Summer Classic,199.64,80854.2,135002.7,62.54,Hidden Opportunity,Faisalabad
8,10,426,586883.16,Level Combo,524.42,223402.91999999998,363480.24000000005,61.93,Hidden Opportunity,Faisalabad
8,11,445,319296.39999999997,Star Deluxe,334.97,149061.65000000002,170234.74999999994,53.32,Profit Driver,Faisalabad
8,12,451,488451.04,Claim Special,587.65,265030.14999999997,223420.89,45.74,Volume Driver,Faisalabad
8,13,416,772844.7999999999,West Special,716.84,298205.44,474639.3599999999,61.41,Hidden Opportunity,Faisalabad
8,14,450,292981.5,Nothing Combo,466.62,209979.0,83002.5,28.33,Volume Driver,Faisalabad
8,15,404,331385.04,Wide Platter,546.84,220923.36000000002,110461.67999999996,33.33,Low Performer,Faisalabad
8,16,479,450149.83,Later Deluxe,552.73,264757.67,185392.16000000003,41.18,Volume Driver,Faisalabad
8,17,488,196629.84,Until Deluxe,268.62,131086.56,65543.28,33.33,Volume Driver,Faisalabad
8,18,430,333125.3,Door Deluxe,530.76,228226.8,104898.5,31.49,Low Performer,Faisalabad
8,19,428,276783.32,Again Classic,264.63,113261.64,163521.68,59.08,Hidden Opportunity,Faisalabad
8,20,464,565216.9600000001,Tell Platter,599.21,278033.44,287183.5200000001,50.81,Profit Driver,Faisalabad
8,21,407,554651.46,Industry Platter,773.75,314916.25,239735.20999999996,43.22,Low Performer,Faisalabad
8,22,421,517320.58999999997,Plan Combo,860.21,362148.41000000003,155172.17999999993,30.0,Low Performer,Faisalabad
8,23,469,383665.44999999995,Raise Combo,549.53,257729.56999999998,125935.87999999998,32.82,Volume Driver,Faisalabad
8,24,444,535495.08,Control Special,545.76,242317.44,293177.63999999996,54.75,Profit Driver,Faisalabad
8,25,476,752722.6,Before Combo,667.4,317682.39999999997,435040.2,57.8,Profit Driver,Faisalabad
8,26,432,344442.24,Court Special,538.18,232493.75999999998,111948.48000000001,32.5,Low Performer,Faisalabad
8,27,436,424088.48,Service Special,591.23,257776.28,166312.19999999998,39.22,Low Performer,Faisalabad
8,28,443,453804.77,Role Platter,623.33,276135.19,177669.58000000002,39.15,Volume Driver,Faisalabad
8,29,427,323106.63,Scientist Special,328.5,140269.5,182837.13,56.59,Hidden Opportunity,Faisalabad
8,30,402,738321.24,Member Combo,851.64,342359.27999999997,395961.96,53.63,Hidden Opportunity,Faisalabad
8,31,437,523578.43999999994,Country Platter,755.62,330205.94,193372.49999999994,36.93,Low Performer,Faisalabad
8,32,471,560353.41,Trouble Platter,458.33,215873.43,344479.98000000004,61.48,Profit Driver,Faisalabad
8,33,412,717300.24,Attention Platter,696.16,286817.92,430482.32,60.01,Hidden Opportunity,Faisalabad
8,34,430,358615.7,Open Special,552.21,237450.30000000002,121165.4,33.79,Low Performer,Faisalabad
8,35,406,462328.44,Pressure Classic,805.86,327179.16000000003,135149.27999999997,29.23,Low Performer,Faisalabad
8,36,427,980930.0200000001,Recent Platter,899.46,384069.42000000004,596860.6000000001,60.85,Hidden Opportunity,Faisalabad
8,37,452,376683.24,Phone Combo,514.23,232431.96000000002,144251.27999999997,38.3,Volume Driver,Faisalabad
8,38,402,114931.79999999999,Recently Combo,151.62,60951.240000000005,53980.55999999998,46.97,Low Performer,Faisalabad
8,39,428,1037647.48,Company Classic,867.99,371499.72000000003,666147.76,64.2,Hidden Opportunity,Faisalabad
8,40,377,386651.19999999995,Expert Classic,372.53,140443.81,246207.38999999996,63.68,Hidden Opportunity,Faisalabad
8,41,437,231492.01,Traditional Combo,385.2,168332.4,63159.610000000015,27.28,Low Performer,Faisalabad
8,42,450,341833.5,Pay Classic,548.34,246753.0,95080.5,27.81,Volume Driver,Faisalabad
8,43,471,132982.13999999998,Fight Special,201.39,94854.68999999999,38127.45,28.67,Volume Driver,Faisalabad
8,44,414,565126.5599999999,Ability Classic,817.72,338536.08,226590.47999999992,40.1,Low Performer,Faisalabad
8,45,442,446574.7,Up Classic,464.42,205273.64,241301.06,54.03,Profit Driver,Faisalabad
8,46,437,314578.82,While Special,303.19,132494.03,182084.79,57.88,Hidden Opportunity,Faisalabad
8,47,454,519416.86,Mr Deluxe,653.77,296811.58,222605.27999999997,42.86,Volume Driver,Faisalabad
8,48,404,533574.92,Skin Platter,615.87,248811.48,284763.44000000006,53.37,Hidden Opportunity,Faisalabad
8,49,433,343550.86,Tend Deluxe,529.41,229234.53,114316.32999999999,33.27,Low Performer,Faisalabad
8,50,447,293397.39,Might Classic,427.15,190936.05,102461.34000000003,34.92,Volume Driver,Faisalabad
8,51,403,818501.0599999999,True Platter,890.42,358839.26,459661.79999999993,56.16,Hidden Opportunity,Faisalabad
8,52,404,708531.16,Material Special,647.54,261606.15999999997,446925.00000000006,63.08,Hidden Opportunity,Faisalabad
8,53,416,204031.36,Black Deluxe,230.28,95796.48,108234.87999999999,53.05,Hidden Opportunity,Faisalabad
8,54,410,452988.49999999994,Price Deluxe,688.21,282166.10000000003,170822.3999999999,37.71,Low Performer,Faisalabad
8,55,464,988241.12,Turn Platter,829.0,384656.0,603585.12,61.08,Profit Driver,Faisalabad
8,56,455,149963.44999999998,Life Special,183.07,83296.84999999999,66666.59999999999,44.46,Volume Driver,Faisalabad
8,57,427,484790.17999999993,Child Classic,481.38,205549.26,279240.9199999999,57.6,Hidden Opportunity,Faisalabad
8,58,383,768523.97,Effect Special,858.79,328916.57,439607.39999999997,57.2,Hidden Opportunity,Faisalabad
8,59,412,374425.6,Coach Combo,426.91,175886.92,198538.67999999996,53.02,Hidden Opportunity,Faisalabad
8,60,418,477886.86,Enough Platter,423.49,177018.82,300868.04,62.96,Hidden Opportunity,Faisalabad
8,61,457,224057.96,Themselves Classic,337.15,154077.55,69980.41,31.23,Volume Driver,Faisalabad
8,62,412,788819.32,Few Special,712.11,293389.32,495429.99999999994,62.81,Hidden Opportunity,Faisalabad
8,63,480,954134.4,This Platter,758.08,363878.4,590256.0,61.86,Profit Driver,Faisalabad
8,64,449,483200.33,Sign Special,399.14,179213.86,303986.47000000003,62.91,Profit Driver,Faisalabad
8,65,425,538313.5,History Platter,675.96,287283.0,251030.5,46.63,Low Performer,Faisalabad
8,66,408,619180.7999999999,Bag Deluxe,762.44,311075.52,308105.2799999999,49.76,Hidden Opportunity,Faisalabad
8,67,425,520221.25,Onto Deluxe,645.02,274133.5,246087.75,47.3,Low Performer,Faisalabad
8,68,454,369061.14,Pull Combo,359.34,163140.36,205920.78000000003,55.8,Profit Driver,Faisalabad
8,69,436,194665.28,Than Deluxe,170.7,74425.2,120240.08,61.77,Hidden Opportunity,Faisalabad
8,70,418,503648.2,Central Classic,887.66,371041.88,132606.32,26.33,Low Performer,Faisalabad
8,71,419,605894.95,Bit Classic,739.82,309984.58,295910.36999999994,48.84,Low Performer,Faisalabad
8,72,430,421275.3,Hold Combo,582.44,250449.2,170826.09999999998,40.55,Low Performer,Faisalabad
8,73,417,733540.5299999999,Against Special,754.88,314784.96,418755.5699999999,57.09,Hidden Opportunity,Faisalabad
8,74,426,984166.5,Southern Classic,861.66,367067.16,617099.3400000001,62.7,Hidden Opportunity,Faisalabad
8,75,447,288408.87,Success Classic,243.47,108831.09,179577.78,62.26,Profit Driver,Faisalabad
8,76,414,245071.44,Admit Classic,394.64,163380.96,81690.48000000001,33.33,Low Performer,Faisalabad
8,77,458,555205.92,High Special,648.7,297104.60000000003,258101.32,46.49,Volume Driver,Faisalabad
8,78,471,546077.4,Measure Deluxe,454.56,214097.76,331979.64,60.79,Profit Driver,Faisalabad
8,79,446,728714.9400000001,Probably Deluxe,739.32,329736.72000000003,398978.22000000003,54.75,Profit Driver,Faisalabad
8,80,386,523910.08,Specific Special,656.72,253493.92,270416.16000000003,51.61,Hidden Opportunity,Faisalabad
8,81,476,687382.08,House Platter,647.89,308395.64,378986.43999999994,55.13,Profit Driver,Faisalabad
8,82,434,220971.09999999998,Hotel Platter,318.48,138220.32,82750.77999999997,37.45,Low Performer,Faisalabad
8,83,456,594464.4,Reduce Platter,506.35,230895.6,363568.80000000005,61.16,Profit Driver,Faisalabad
8,84,455,450686.6,Box Combo,622.32,283155.60000000003,167530.99999999994,37.17,Volume Driver,Faisalabad
8,85,455,276530.8,Positive Platter,260.68,118609.40000000001,157921.39999999997,57.11,Profit Driver,Faisalabad
8,86,401,707813.12,Others Combo,753.08,301985.08,405828.04,57.34,Hidden Opportunity,Faisalabad
8,87,411,510503.1,Forget Special,838.1,344459.10000000003,166043.99999999994,32.53,Low Performer,Faisalabad
8,88,458,894909.1,Language Combo,890.92,408041.36,486867.74,54.4,Profit Driver,Faisalabad
8,89,419,665786.81,Foot Classic,819.02,343169.38,322617.43000000005,48.46,Low Performer,Faisalabad
8,90,393,559624.14,Speak Deluxe,707.74,278141.82,281482.32,50.3,Hidden Opportunity,Faisalabad
8,91,409,361130.64,No Combo,357.98,146413.82,214716.82,59.46,Hidden Opportunity,Faisalabad
8,92,390,140298.6,Will Deluxe,208.11,81162.90000000001,59135.7,42.15,Low Performer,Faisalabad
8,93,440,368218.4,Building Special,555.11,244248.4,123970.00000000003,33.67,Volume Driver,Faisalabad
8,94,474,449944.5,Either Combo,679.81,322229.94,127714.56,28.38,Volume Driver,Faisalabad
8,95,417,310106.22,Mrs Combo,461.83,192583.11,117523.10999999999,37.9,Low Performer,Faisalabad
8,96,471,649033.29,Establish Classic,588.06,276976.25999999995,372057.0300000001,57.32,Profit Driver,Faisalabad
8,97,464,695104.48,Majority Combo,857.06,397675.83999999997,297428.64,42.79,Volume Driver,Faisalabad
8,98,409,716694.79,Letter Special,700.98,286700.82,429993.97000000003,60.0,Hidden Opportunity,Faisalabad
8,99,448,320463.36,Possible Deluxe,476.88,213642.24,106821.12,33.33,Volume Driver,Faisalabad
8,100,419,876078.7200000001,City Classic,780.38,326979.22,549099.5000000001,62.68,Hidden Opportunity,Faisalabad
8,101,365,349067.75,Race Platter,445.52,162614.8,186452.95,53.41,Hidden Opportunity,Faisalabad
8,102,412,206683.92,Whose Platter,251.77,103729.24,102954.68000000001,49.81,Hidden Opportunity,Faisalabad
8,103,418,231049.5,Resource Combo,308.75,129057.5,101992.0,44.14,Low Performer,Faisalabad
8,104,374,485822.26,Hard Platter,773.94,289453.56,196368.7,40.42,Low Performer,Faisalabad
8,105,398,617970.62,Strong Deluxe,554.56,220714.87999999998,397255.74,64.28,Hidden Opportunity,Faisalabad
8,106,447,749239.05,Affect Platter,735.92,328956.24,420282.81000000006,56.09,Profit Driver,Faisalabad
8,107,430,108643.8,Story Special,165.29,71074.7,37569.100000000006,34.58,Low Performer,Faisalabad
8,108,427,398053.67000000004,Under Deluxe,572.98,244662.46000000002,153391.21000000002,38.54,Low Performer,Faisalabad
8,109,461,675968.91,Popular Platter,605.44,279107.84,396861.07,58.71,Profit Driver,Faisalabad
8,110,419,129592.51000000001,Daughter Deluxe,231.07,96818.33,32774.18000000001,25.29,Low Performer,Faisalabad
8,111,415,683106.6,Decision Special,868.63,360481.45,322625.14999999997,47.23,Low Performer,Faisalabad
8,112,486,625175.82,Explain Deluxe,772.93,375643.98,249531.83999999997,39.91,Volume Driver,Faisalabad
8,113,385,618152.1499999999,Morning Platter,747.17,287660.45,330491.6999999999,53.46,Hidden Opportunity,Faisalabad
8,114,449,407162.18,Certain Deluxe,646.14,290116.86,117045.32,28.75,Volume Driver,Faisalabad
8,115,388,433846.08,List Deluxe,766.75,297499.0,136347.08000000002,31.43,Low Performer,Faisalabad
8,116,405,463409.10000000003,Kind Deluxe,476.62,193031.1,270378.0,58.35,Hidden Opportunity,Faisalabad
8,117,442,495588.08,Keep Combo,553.63,244704.46,250883.62000000002,50.62,Profit Driver,Faisalabad
8,118,463,929847.53,Movement Platter,788.78,365205.14,564642.39,60.72,Profit Driver,Faisalabad
8,119,481,319778.42000000004,Body Classic,332.9,160124.9,159653.52000000005,49.93,Profit Driver,Faisalabad
8,120,446,415145.72000000003,Talk Combo,520.73,232245.58000000002,182900.14,44.06,Volume Driver,Faisalabad
8,121,420,248257.80000000002,Analysis Classic,343.76,144379.19999999998,103878.60000000003,41.84,Low Performer,Faisalabad
8,122,454,387143.96,Statement Special,537.47,244011.38,143132.58000000002,36.97,Volume Driver,Faisalabad
8,123,393,659701.5900000001,Six Combo,718.62,282417.66,377283.9300000001,57.19,Hidden Opportunity,Faisalabad
8,124,413,148176.13999999998,Bar Special,219.79,90773.26999999999,57402.869999999995,38.74,Low Performer,Faisalabad
8,125,406,369098.66,Road Deluxe,426.77,173268.62,195830.03999999998,53.06,Hidden Opportunity,Faisalabad
8,126,426,438192.11999999994,Public Combo,562.79,239748.53999999998,198443.57999999996,45.29,Low Performer,Faisalabad
8,127,406,312262.72000000003,Audience Deluxe,322.9,131097.4,181165.32000000004,58.02,Hidden Opportunity,Faisalabad
8,128,365,735726.85,Hot Special,863.16,315053.39999999997,420673.45,57.18,Hidden Opportunity,Faisalabad
8,129,387,302103.81,Impact Classic,357.37,138302.19,163801.62,54.22,Hidden Opportunity,Faisalabad
8,130,414,148476.96,Consider Special,225.39,93311.45999999999,55165.5,37.15,Low Performer,Faisalabad
8,131,384,129588.48000000001,Seek Deluxe,160.61,61674.240000000005,67914.24,52.41,Hidden Opportunity,Faisalabad
8,132,422,357657.66,Agree Special,565.02,238438.44,119219.21999999997,33.33,Low Performer,Faisalabad
8,133,409,112417.74,Serve Combo,159.2,65112.799999999996,47304.94000000001,42.08,Low Performer,Faisalabad
8,134,416,610438.4,Unit Combo,874.12,363633.92,246804.48000000004,40.43,Low Performer,Faisalabad
8,135,445,282908.75,Security Platter,450.53,200485.84999999998,82422.90000000002,29.13,Volume Driver,Faisalabad
8,136,421,422902.92,Car Special,572.13,240866.73,182036.18999999997,43.04,Low Performer,Faisalabad
8,137,470,476580.0,That Classic,462.13,217201.1,259378.9,54.43,Profit Driver,Faisalabad
8,138,475,550544.0,Owner Deluxe,435.28,206758.0,343786.0,62.44,Profit Driver,Faisalabad
8,139,423,357790.32,Long Classic,379.04,160333.92,197456.4,55.19,Hidden Opportunity,Faisalabad
8,140,429,212097.59999999998,Charge Platter,305.84,131205.36,80892.23999999999,38.14,Low Performer,Faisalabad
8,141,450,389524.5,Effort Combo,563.99,253795.5,135729.0,34.84,Volume Driver,Faisalabad
8,142,450,304992.0,Teach Deluxe,502.43,226093.5,78898.5,25.87,Volume Driver,Faisalabad
8,143,421,481388.24000000005,Believe Deluxe,490.52,206508.91999999998,274879.32000000007,57.1,Hidden Opportunity,Faisalabad
8,144,410,675491.4,Many Classic,850.25,348602.5,326888.9,48.39,Low Performer,Faisalabad
8,145,399,842480.52,Institution Platter,831.31,331692.69,510787.83,60.63,Hidden Opportunity,Faisalabad
8,146,436,402266.68,South Classic,380.71,165989.56,236277.12,58.74,Hidden Opportunity,Faisalabad
8,147,497,437727.78,Decide Combo,501.52,249255.44,188472.34000000003,43.06,Volume Driver,Faisalabad
8,148,380,280911.2,Position Platter,520.35,197733.0,83178.20000000001,29.61,Low Performer,Faisalabad
8,149,455,367189.55,Firm Special,602.79,274269.45,92920.09999999998,25.31,Volume Driver,Faisalabad
8,150,399,161654.84999999998,Matter Deluxe,165.56,66058.44,95596.40999999997,59.14,Hidden Opportunity,Faisalabad
9,1,418,599809.1,Evidence Classic,564.03,235764.53999999998,364044.56,60.69,Hidden Opportunity,Faisalabad
9,2,428,397436.52,Much Special,678.43,290368.04,107068.48000000004,26.94,Low Performer,Faisalabad
9,3,461,948581.2599999999,Wish Combo,791.49,364876.89,583704.3699999999,61.53,Profit Driver,Faisalabad
9,4,484,579580.3200000001,We Deluxe,775.58,375380.72000000003,204199.60000000003,35.23,Volume Driver,Faisalabad
9,5,448,704605.44,Hundred Platter,676.37,303013.76,401591.67999999993,57.0,Profit Driver,Faisalabad
9,6,504,462656.88,Particularly Combo,550.6,277502.4,185154.47999999998,40.02,Volume Driver,Faisalabad
9,7,413,812994.63,Property Special,844.04,348588.51999999996,464406.11000000004,57.12,Hidden Opportunity,Faisalabad
9,8,479,576280.11,Join Platter,732.0,350628.0,225652.11,39.16,Volume Driver,Faisalabad
9,9,470,250500.6,Summer Classic,199.64,93830.79999999999,156669.80000000002,62.54,Profit Driver,Faisalabad
9,10,417,574484.2200000001,Level Combo,524.42,218683.13999999998,355801.0800000001,61.93,Hidden Opportunity,Faisalabad
9,11,499,358042.48,Star Deluxe,334.97,167150.03000000003,190892.44999999995,53.32,Profit Driver,Faisalabad
9,12,464,502530.56,Claim Special,587.65,272669.6,229860.96000000002,45.74,Volume Driver,Faisalabad
9,13,423,785849.4,West Special,716.84,303223.32,482626.08,61.41,Hidden Opportunity,Faisalabad
9,14,432,281262.24,Nothing Combo,466.62,201579.84,79682.4,28.33,Low Performer,Faisalabad
9,15,421,345329.45999999996,Wide Platter,546.84,230219.64,115109.81999999995,33.33,Low Performer,Faisalabad
9,16,469,440752.13,Later Deluxe,552.73,259230.37,181521.76,41.18,Volume Driver,Faisalabad
9,17,453,182527.29,Until Deluxe,268.62,121684.86,60842.43000000001,33.33,Volume Driver,Faisalabad
9,18,435,336998.85000000003,Door Deluxe,530.76,230880.6,106118.25000000003,31.49,Low Performer,Faisalabad
9,19,448,289717.12,Again Classic,264.63,118554.23999999999,171162.88,59.08,Profit Driver,Faisalabad
9,20,448,545726.7200000001,Tell Platter,599.21,268446.08,277280.6400000001,50.81,Profit Driver,Faisalabad
9,21,495,674576.1,Industry Platter,773.75,383006.25,291569.85,43.22,Volume Driver,Faisalabad
9,22,521,640199.59,Plan Combo,860.21,448169.41000000003,192030.17999999993,30.0,Volume Driver,Faisalabad
9,23,408,333764.39999999997,Raise Combo,549.53,224208.24,109556.15999999997,32.82,Low Performer,Faisalabad
9,24,429,517404.02999999997,Control Special,545.76,234131.04,283272.99,54.75,Hidden Opportunity,Faisalabad
9,25,473,747978.5499999999,Before Combo,667.4,315680.2,432298.3499999999,57.8,Profit Driver,Faisalabad
9,26,472,376335.04000000004,Court Special,538.18,254020.95999999996,122314.08000000007,32.5,Volume Driver,Faisalabad
9,27,474,461050.32,Service Special,591.23,280243.02,180807.3,39.22,Volume Driver,Faisalabad
9,28,459,470195.01,Role Platter,623.33,286108.47000000003,184086.53999999998,39.15,Volume Driver,Faisalabad
9,29,465,351860.85000000003,Scientist Special,328.5,152752.5,199108.35000000003,56.59,Profit Driver,Faisalabad
9,30,448,822805.76,Member Combo,851.64,381534.72,441271.04000000004,53.63,Profit Driver,Faisalabad
9,31,438,524776.5599999999,Country Platter,755.62,330961.56,193814.99999999994,36.93,Low Performer,Faisalabad
9,32,472,561543.12,Trouble Platter,458.33,216331.75999999998,345211.36,61.48,Profit Driver,Faisalabad
9,33,521,907071.4199999999,Attention Platter,696.16,362699.36,544372.0599999999,60.01,Profit Driver,Faisalabad
9,34,449,374461.51,Open Special,552.21,247942.29,126519.22,33.79,Volume Driver,Faisalabad
9,35,468,532930.3200000001,Pressure Classic,805.86,377142.48,155787.84000000008,29.23,Volume Driver,Faisalabad
9,36,432,992416.3200000001,Recent Platter,899.46,388566.72000000003,603849.6000000001,60.85,Hidden Opportunity,Faisalabad
9,37,455,379183.35000000003,Phone Combo,514.23,233974.65,145208.70000000004,38.3,Volume Driver,Faisalabad
9,38,484,138375.59999999998,Recently Combo,151.62,73384.08,64991.519999999975,46.97,Volume Driver,Faisalabad
9,39,478,1158867.98,Company Classic,867.99,414899.22000000003,743968.76,64.2,Profit Driver,Faisalabad
9,40,438,449212.8,Expert Classic,372.53,163168.13999999998,286044.66000000003,63.68,Hidden Opportunity,Faisalabad
9,41,463,245264.99000000002,Traditional Combo,385.2,178347.6,66917.39000000001,27.28,Volume Driver,Faisalabad
9,42,394,299294.22,Pay Classic,548.34,216045.96000000002,83248.25999999995,27.81,Low Performer,Faisalabad
9,43,422,119147.48,Fight Special,201.39,84986.57999999999,34160.90000000001,28.67,Low Performer,Faisalabad
9,44,455,621093.2,Ability Classic,817.72,372062.60000000003,249030.59999999992,40.1,Volume Driver,Faisalabad
9,45,413,417274.55,Up Classic,464.42,191805.46000000002,225469.08999999997,54.03,Hidden Opportunity,Faisalabad
9,46,434,312419.24,While Special,303.19,131584.46,180834.78,57.88,Hidden Opportunity,Faisalabad
9,47,412,471365.07999999996,Mr Deluxe,653.77,269353.24,202011.83999999997,42.86,Low Performer,Faisalabad
9,48,418,552065.14,Skin Platter,615.87,257433.66,294631.48,53.37,Hidden Opportunity,Faisalabad
9,49,455,361006.1,Tend Deluxe,529.41,240881.55,120124.54999999999,33.27,Volume Driver,Faisalabad
9,50,447,293397.39,Might Classic,427.15,190936.05,102461.34000000003,34.92,Volume Driver,Faisalabad
9,51,439,891617.78,True Platter,890.42,390894.38,500723.4,56.16,Hidden Opportunity,Faisalabad
9,52,440,771667.6,Material Special,647.54,284917.6,486750.0,63.08,Profit Driver,Faisalabad
9,53,483,236892.18,Black Deluxe,230.28,111225.24,125666.93999999999,53.05,Profit Driver,Faisalabad
9,54,428,472875.8,Price Deluxe,688.21,294553.88,178321.91999999998,37.71,Low Performer,Faisalabad
9,55,431,917956.73,Turn Platter,829.0,357299.0,560657.73,61.08,Hidden Opportunity,Faisalabad
9,56,452,148974.68,Life Special,183.07,82747.64,66227.04,44.46,Volume Driver,Faisalabad
9,57,463,525662.4199999999,Child Classic,481.38,222878.94,302783.4799999999,57.6,Profit Driver,Faisalabad
9,58,496,995268.6399999999,Effect Special,858.79,425959.83999999997,569308.7999999999,57.2,Profit Driver,Faisalabad
9,59,466,423500.8,Coach Combo,426.91,198940.06,224560.74,53.02,Profit Driver,Faisalabad
9,60,430,491606.1,Enough Platter,423.49,182100.7,309505.39999999997,62.96,Hidden Opportunity,Faisalabad
9,61,472,231412.15999999997,Themselves Classic,337.15,159134.8,72277.35999999999,31.23,Volume Driver,Faisalabad
9,62,481,920927.4099999999,Few Special,712.11,342524.91000000003,578402.4999999999,62.81,Profit Driver,Faisalabad
9,63,411,816977.58,This Platter,758.08,311570.88,505406.69999999995,61.86,Hidden Opportunity,Faisalabad
9,64,441,474590.97000000003,Sign Special,399.14,176020.74,298570.23000000004,62.91,Profit Driver,Faisalabad
9,65,426,539580.12,History Platter,675.96,287958.96,251621.15999999997,46.63,Low Performer,Faisalabad
9,66,462,701131.2,Bag Deluxe,762.44,352247.28,348883.9199999999,49.76,Profit Driver,Faisalabad
9,67,411,503084.55,Onto Deluxe,645.02,265103.22,237981.33000000002,47.3,Low Performer,Faisalabad
9,68,481,391009.70999999996,Pull Combo,359.34,172842.53999999998,218167.16999999998,55.8,Profit Driver,Faisalabad
9,69,395,176359.6,Than Deluxe,170.7,67426.5,108933.1,61.77,Hidden Opportunity,Faisalabad
9,70,493,594015.7000000001,Central Classic,887.66,437616.38,156399.32000000007,26.33,Volume Driver,Faisalabad
9,71,489,707118.45,Bit Classic,739.82,361771.98000000004,345346.4699999999,48.84,Volume Driver,Faisalabad
9,72,477,467321.67000000004,Hold Combo,582.44,277823.88,189497.79000000004,40.55,Volume Driver,Faisalabad
9,73,414,728263.26,Against Special,754.88,312520.32,415742.94,57.09,Hidden Opportunity,Faisalabad
9,74,404,933341.0,Southern Classic,861.66,348110.64,585230.36,62.7,Hidden Opportunity,Faisalabad
9,75,435,280666.35000000003,Success Classic,243.47,105909.45,174756.90000000002,62.26,Hidden Opportunity,Faisalabad
9,76,432,255726.72000000003,Admit Classic,394.64,170484.47999999998,85242.24000000005,33.33,Low Performer,Faisalabad
9,77,452,547932.48,High Special,648.7,293212.4,254720.07999999996,46.49,Volume Driver,Faisalabad
9,78,456,528686.4,Measure Deluxe,454.56,207279.36000000002,321407.04000000004,60.79,Profit Driver,Faisalabad
9,79,426,696037.14,Probably Deluxe,739.32,314950.32,381086.82,54.75,Hidden Opportunity,Faisalabad
9,80,428,580915.84,Specific Special,656.72,281076.16000000003,299839.67999999993,51.61,Hidden Opportunity,Faisalabad
9,81,441,636839.2799999999,House Platter,647.89,285719.49,351119.7899999999,55.13,Profit Driver,Faisalabad
9,82,439,223516.84999999998,Hotel Platter,318.48,139812.72,83704.12999999998,37.45,Low Performer,Faisalabad
9,83,454,591857.1000000001,Reduce Platter,506.35,229882.90000000002,361974.20000000007,61.16,Profit Driver,Faisalabad
9,84,446,441771.92,Box Combo,622.32,277554.72000000003,164217.19999999995,37.17,Volume Driver,Faisalabad
9,85,479,291117.04,Positive Platter,260.68,124865.72,166251.31999999998,57.11,Profit Driver,Faisalabad
9,86,428,755471.36,Others Combo,753.08,322318.24,433153.12,57.34,Hidden Opportunity,Faisalabad
9,87,423,525408.2999999999,Forget Special,838.1,354516.3,170891.99999999994,32.53,Low Performer,Faisalabad
9,88,480,937896.0,Language Combo,890.92,427641.6,510254.4,54.4,Profit Driver,Faisalabad
9,89,416,661019.84,Foot Classic,819.02,340712.32,320307.51999999996,48.46,Low Performer,Faisalabad
9,90,446,635095.0800000001,Speak Deluxe,707.74,315652.04,319443.0400000001,50.3,Profit Driver,Faisalabad
9,91,446,393800.16000000003,No Combo,357.98,159659.08000000002,234141.08000000002,59.46,Profit Driver,Faisalabad
9,92,440,158285.6,Will Deluxe,208.11,91568.40000000001,66717.2,42.15,Volume Driver,Faisalabad
9,93,442,369892.12,Building Special,555.11,245358.62,124533.5,33.67,Volume Driver,Faisalabad
9,94,451,428111.75,Either Combo,679.81,306594.31,121517.44,28.38,Volume Driver,Faisalabad
9,95,409,304156.94,Mrs Combo,461.83,188888.47,115268.47,37.9,Low Performer,Faisalabad
9,96,404,556707.96,Establish Classic,588.06,237576.24,319131.72,57.32,Hidden Opportunity,Faisalabad
9,97,499,747536.9299999999,Majority Combo,857.06,427672.93999999994,319863.99,42.79,Volume Driver,Faisalabad
9,98,424,742979.44,Letter Special,700.98,297215.52,445763.9199999999,60.0,Hidden Opportunity,Faisalabad
9,99,432,309018.24,Possible Deluxe,476.88,206012.16,103006.07999999999,33.33,Low Performer,Faisalabad
9,100,449,938805.12,City Classic,780.38,350390.62,588414.5,62.68,Profit Driver,Faisalabad
9,101,426,407405.10000000003,Race Platter,445.52,189791.52,217613.58000000005,53.41,Hidden Opportunity,Faisalabad
9,102,415,208188.90000000002,Whose Platter,251.77,104484.55,103704.35000000002,49.81,Hidden Opportunity,Faisalabad
9,103,420,232155.0,Resource Combo,308.75,129675.0,102480.0,44.14,Low Performer,Faisalabad
9,104,392,509204.08,Hard Platter,773.94,303384.48000000004,205819.59999999998,40.42,Low Performer,Faisalabad
9,105,426,661445.9400000001,Strong Deluxe,554.56,236242.55999999997,425203.3800000001,64.28,Hidden Opportunity,Faisalabad
9,106,450,754267.5,Affect Platter,735.92,331164.0,423103.5,56.09,Profit Driver,Faisalabad
9,107,436,110159.76,Story Special,165.29,72066.44,38093.31999999999,34.58,Low Performer,Faisalabad
9,108,467,435342.07,Under Deluxe,572.98,267581.66000000003,167760.40999999997,38.54,Volume Driver,Faisalabad
9,109,449,658373.19,Popular Platter,605.44,271842.56,386530.62999999995,58.71,Profit Driver,Faisalabad
9,110,480,148459.2,Daughter Deluxe,231.07,110913.59999999999,37545.60000000002,25.29,Volume Driver,Faisalabad
9,111,453,745656.12,Decision Special,868.63,393489.39,352166.73,47.23,Volume Driver,Faisalabad
9,112,389,500397.92999999993,Explain Deluxe,772.93,300669.76999999996,199728.15999999997,39.91,Low Performer,Faisalabad
9,113,464,744993.76,Morning Platter,747.17,346686.88,398306.88,53.46,Profit Driver,Faisalabad
9,114,468,424391.76,Certain Deluxe,646.14,302393.52,121998.23999999999,28.75,Volume Driver,Faisalabad
9,115,471,526653.36,List Deluxe,766.75,361139.25,165514.11,31.43,Volume Driver,Faisalabad
9,116,432,494303.04,Kind Deluxe,476.62,205899.84,288403.19999999995,58.35,Hidden Opportunity,Faisalabad
9,117,414,464193.36,Keep Combo,553.63,229202.82,234990.53999999998,50.62,Hidden Opportunity,Faisalabad
9,118,399,801315.69,Movement Platter,788.78,314723.22,486592.47,60.72,Hidden Opportunity,Faisalabad
9,119,472,313795.04000000004,Body Classic,332.9,157128.8,156666.24000000005,49.93,Profit Driver,Faisalabad
9,120,476,443070.32,Talk Combo,520.73,247867.48,195202.84,44.06,Volume Driver,Faisalabad
9,121,483,285496.47000000003,Analysis Classic,343.76,166036.08,119460.39000000004,41.84,Volume Driver,Faisalabad
9,122,408,347917.92,Statement Special,537.47,219287.76,128630.15999999997,36.97,Low Performer,Faisalabad
9,123,437,733561.31,Six Combo,718.62,314036.94,419524.37000000005,57.19,Hidden Opportunity,Faisalabad
9,124,453,162527.34,Bar Special,219.79,99564.87,62962.47,38.74,Volume Driver,Faisalabad
9,125,464,421827.04,Road Deluxe,426.77,198021.28,223805.75999999998,53.06,Profit Driver,Faisalabad
9,126,426,438192.11999999994,Public Combo,562.79,239748.53999999998,198443.57999999996,45.29,Low Performer,Faisalabad
9,127,422,324568.64,Audience Deluxe,322.9,136263.8,188304.84000000003,58.02,Hidden Opportunity,Faisalabad
9,128,470,947374.3,Hot Special,863.16,405685.2,541689.1000000001,57.18,Profit Driver,Faisalabad
9,129,428,334109.64,Impact Classic,357.37,152954.36000000002,181155.28,54.22,Hidden Opportunity,Faisalabad
9,130,444,159236.16,Consider Special,225.39,100073.15999999999,59163.000000000015,37.15,Volume Driver,Faisalabad
9,131,474,159960.78,Seek Deluxe,160.61,76129.14,83831.64,52.41,Profit Driver,Faisalabad
9,132,454,384778.62,Agree Special,565.02,256519.08,128259.54000000001,33.33,Volume Driver,Faisalabad
9,133,438,120388.68000000001,Serve Combo,159.2,69729.59999999999,50659.080000000016,42.08,Low Performer,Faisalabad
9,134,454,666199.6000000001,Unit Combo,874.12,396850.48,269349.1200000001,40.43,Volume Driver,Faisalabad
9,135,455,289266.25,Security Platter,450.53,204991.15,84275.1,29.13,Volume Driver,Faisalabad
9,136,436,437970.72,Car Special,572.13,249448.68,188522.03999999998,43.04,Low Performer,Faisalabad
9,137,448,454272.0,That Classic,462.13,207034.24,247237.76,54.43,Profit Driver,Faisalabad
9,138,500,579520.0,Owner Deluxe,435.28,217640.0,361880.0,62.44,Profit Driver,Faisalabad
9,139,439,371323.76,Long Classic,379.04,166398.56,204925.2,55.19,Hidden Opportunity,Faisalabad
9,140,424,209625.59999999998,Charge Platter,305.84,129676.15999999999,79949.43999999999,38.14,Low Performer,Faisalabad
9,141,476,412030.36,Effort Combo,563.99,268459.24,143571.12,34.84,Volume Driver,Faisalabad
9,142,444,300925.44,Teach Deluxe,502.43,223078.92,77846.51999999999,25.87,Volume Driver,Faisalabad
9,143,413,472240.72000000003,Believe Deluxe,490.52,202584.75999999998,269655.9600000001,57.1,Hidden Opportunity,Faisalabad
9,144,480,790819.2,Many Classic,850.25,408120.0,382699.19999999995,48.39,Volume Driver,Faisalabad
9,145,417,880487.16,Institution Platter,831.31,346656.26999999996,533830.8900000001,60.63,Hidden Opportunity,Faisalabad
9,146,393,362593.58999999997,South Classic,380.71,149619.03,212974.55999999997,58.74,Hidden Opportunity,Faisalabad
9,147,377,332038.98,Decide Combo,501.52,189073.03999999998,142965.94,43.06,Low Performer,Faisalabad
9,148,440,325265.60000000003,Position Platter,520.35,228954.0,96311.60000000003,29.61,Volume Driver,Faisalabad
9,149,408,329260.08,Firm Special,602.79,245938.31999999998,83321.76000000004,25.31,Low Performer,Faisalabad
9,150,441,178671.15,Matter Deluxe,165.56,73011.96,105659.18999999999,59.14,Profit Driver,Faisalabad
10,1,467,670121.65,Evidence Classic,564.03,263402.01,406719.64,60.69,Profit Driver,Rawalpindi
10,2,440,408579.60000000003,Much Special,678.43,298509.19999999995,110070.40000000008,26.94,Volume Driver,Rawalpindi
10,3,470,967100.2,Wish Combo,791.49,372000.3,595099.8999999999,61.53,Profit Driver,Rawalpindi
10,4,461,552038.28,We Deluxe,775.58,357542.38,194495.90000000002,35.23,Volume Driver,Rawalpindi
10,5,422,663713.16,Hundred Platter,676.37,285428.14,378285.02,57.0,Hidden Opportunity,Rawalpindi
10,6,488,447969.36,Particularly Combo,550.6,268692.8,179276.56,40.02,Volume Driver,Rawalpindi
10,7,455,895672.05,Property Special,844.04,384038.2,511633.85000000003,57.12,Profit Driver,Rawalpindi
10,8,414,498079.25999999995,Join Platter,732.0,303048.0,195031.25999999995,39.16,Low Performer,Rawalpindi
10,9,414,220653.72,Summer Classic,199.64,82650.95999999999,138002.76,62.54,Hidden Opportunity,Rawalpindi
10,10,441,607548.06,Level Combo,524.42,231269.21999999997,376278.8400000001,61.93,Profit Driver,Rawalpindi
10,11,408,292748.16,Star Deluxe,334.97,136667.76,156080.39999999997,53.32,Hidden Opportunity,Rawalpindi
10,12,400,433216.0,Claim Special,587.65,235060.0,198156.0,45.74,Low Performer,Rawalpindi
10,13,429,796996.2,West Special,716.84,307524.36,489471.83999999997,61.41,Hidden Opportunity,Rawalpindi
10,14,459,298841.13,Nothing Combo,466.62,214178.58000000002,84662.54999999999,28.33,Volume Driver,Rawalpindi
10,15,463,379780.38,Wide Platter,546.84,253186.92,126593.45999999999,33.33,Volume Driver,Rawalpindi
10,16,431,405040.87,Later Deluxe,552.73,238226.63,166814.24,41.18,Low Performer,Rawalpindi
10,17,498,200659.14,Until Deluxe,268.62,133772.76,66886.38,33.33,Volume Driver,Rawalpindi
10,18,467,361789.57,Door Deluxe,530.76,247864.91999999998,113924.65000000002,31.49,Volume Driver,Rawalpindi
10,19,483,312351.27,Again Classic,264.63,127816.29,184534.98000000004,59.08,Profit Driver,Rawalpindi
10,20,407,495782.98000000004,Tell Platter,599.21,243878.47,251904.51000000004,50.81,Hidden Opportunity,Rawalpindi
10,21,430,585995.4,Industry Platter,773.75,332712.5,253282.90000000002,43.22,Low Performer,Rawalpindi
10,22,471,578760.09,Plan Combo,860.21,405158.91000000003,173601.17999999993,30.0,Volume Driver,Rawalpindi
10,23,425,347671.25,Raise Combo,549.53,233550.25,114121.0,32.82,Low Performer,Rawalpindi
10,24,446,537907.22,Control Special,545.76,243408.96,294498.26,54.75,Profit Driver,Rawalpindi
10,25,415,656260.25,Before Combo,667.4,276971.0,379289.25,57.8,Hidden Opportunity,Rawalpindi
10,26,424,338063.68,Court Special,538.18,228188.31999999998,109875.36000000002,32.5,Low Performer,Rawalpindi
10,27,483,469804.44,Service Special,591.23,285564.09,184240.34999999998,39.22,Volume Driver,Rawalpindi
10,28,405,414877.95,Role Platter,623.33,252448.65000000002,162429.3,39.15,Low Performer,Rawalpindi
10,29,456,345050.64,Scientist Special,328.5,149796.0,195254.64,56.59,Profit Driver,Rawalpindi
10,30,438,804439.5599999999,Member Combo,851.64,373018.32,431421.23999999993,53.63,Hidden Opportunity,Rawalpindi
10,31,402,481644.23999999993,Country Platter,755.62,303759.24,177884.99999999994,36.93,Low Performer,Rawalpindi
10,32,452,537748.92,Trouble Platter,458.33,207165.16,330583.76,61.48,Profit Driver,Rawalpindi
10,33,434,755602.6799999999,Attention Platter,696.16,302133.44,453469.23999999993,60.01,Hidden Opportunity,Rawalpindi
10,34,469,391141.31,Open Special,552.21,258986.49000000002,132154.81999999998,33.79,Volume Driver,Rawalpindi
10,35,402,457773.48,Pressure Classic,805.86,323955.72000000003,133817.75999999995,29.23,Low Performer,Rawalpindi
10,36,431,990119.06,Recent Platter,899.46,387667.26,602451.8,60.85,Hidden Opportunity,Rawalpindi
10,37,451,375849.87,Phone Combo,514.23,231917.73,143932.13999999998,38.3,Volume Driver,Rawalpindi
10,38,422,120649.79999999999,Recently Combo,151.62,63983.64,56666.15999999999,46.97,Low Performer,Rawalpindi
10,39,452,1095833.3199999998,Company Classic,867.99,392331.48,703501.8399999999,64.2,Profit Driver,Rawalpindi
10,40,448,459468.79999999993,Expert Classic,372.53,166893.44,292575.3599999999,63.68,Profit Driver,Rawalpindi
10,41,401,212421.73,Traditional Combo,385.2,154465.19999999998,57956.53000000003,27.28,Low Performer,Rawalpindi
10,42,412,312967.56,Pay Classic,548.34,225916.08000000002,87051.47999999998,27.81,Low Performer,Rawalpindi
10,43,383,108136.21999999999,Fight Special,201.39,77132.37,31003.84999999999,28.67,Low Performer,Rawalpindi
10,44,441,601982.64,Ability Classic,817.72,360614.52,241368.12,40.1,Volume Driver,Rawalpindi
10,45,432,436471.2,Up Classic,464.42,200629.44,235841.76,54.03,Hidden Opportunity,Rawalpindi
10,46,444,319617.84,While Special,303.19,134616.36,185001.48000000004,57.88,Profit Driver,Rawalpindi
10,47,443,506831.86999999994,Mr Deluxe,653.77,289620.11,217211.75999999995,42.86,Volume Driver,Rawalpindi
10,48,437,577159.01,Skin Platter,615.87,269135.19,308023.82,53.37,Hidden Opportunity,Rawalpindi
10,49,398,315781.16,Tend Deluxe,529.41,210705.18,105075.97999999998,33.27,Low Performer,Rawalpindi
10,50,445,292084.65,Might Classic,427.15,190081.75,102002.90000000002,34.92,Volume Driver,Rawalpindi
10,51,467,948486.34,True Platter,890.42,415826.13999999996,532660.2,56.16,Profit Driver,Rawalpindi
10,52,432,757637.28,Material Special,647.54,279737.27999999997,477900.00000000006,63.08,Hidden Opportunity,Rawalpindi
10,53,483,236892.18,Black Deluxe,230.28,111225.24,125666.93999999999,53.05,Profit Driver,Rawalpindi
10,54,473,522594.04999999993,Price Deluxe,688.21,325523.33,197070.7199999999,37.71,Volume Driver,Rawalpindi
10,55,425,905177.75,Turn Platter,829.0,352325.0,552852.75,61.08,Hidden Opportunity,Rawalpindi
10,56,423,139416.56999999998,Life Special,183.07,77438.61,61977.95999999998,44.46,Low Performer,Rawalpindi
10,57,420,476842.8,Child Classic,481.38,202179.6,274663.19999999995,57.6,Hidden Opportunity,Rawalpindi
10,58,404,810662.36,Effect Special,858.79,346951.16,463711.2,57.2,Hidden Opportunity,Rawalpindi
10,59,412,374425.6,Coach Combo,426.91,175886.92,198538.67999999996,53.02,Hidden Opportunity,Rawalpindi
10,60,480,548769.6,Enough Platter,423.49,203275.2,345494.39999999997,62.96,Profit Driver,Rawalpindi
10,61,429,210330.12,Themselves Classic,337.15,144637.34999999998,65692.77000000002,31.23,Low Performer,Rawalpindi
10,62,453,867318.33,Few Special,712.11,322585.83,544732.5,62.81,Profit Driver,Rawalpindi
10,63,443,880586.54,This Platter,758.08,335829.44,544757.1000000001,61.86,Profit Driver,Rawalpindi
10,64,426,458448.42000000004,Sign Special,399.14,170033.63999999998,288414.78,62.91,Hidden Opportunity,Rawalpindi
10,65,414,524380.6799999999,History Platter,675.96,279847.44,244533.23999999993,46.63,Low Performer,Rawalpindi
10,66,433,657120.7999999999,Bag Deluxe,762.44,330136.52,326984.2799999999,49.76,Hidden Opportunity,Rawalpindi
10,67,404,494516.19999999995,Onto Deluxe,645.02,260588.08,233928.11999999997,47.3,Low Performer,Rawalpindi
10,68,422,343048.02,Pull Combo,359.34,151641.47999999998,191406.54000000004,55.8,Hidden Opportunity,Rawalpindi
10,69,493,220114.64,Than Deluxe,170.7,84155.09999999999,135959.54000000004,61.77,Profit Driver,Rawalpindi
10,70,436,525336.4,Central Classic,887.66,387019.76,138316.64,26.33,Low Performer,Rawalpindi
10,71,462,668075.1,Bit Classic,739.82,341796.84,326278.25999999995,48.84,Volume Driver,Rawalpindi
10,72,436,427153.56,Hold Combo,582.44,253943.84000000003,173209.71999999997,40.55,Low Performer,Rawalpindi
10,73,459,807422.3099999999,Against Special,754.88,346489.92,460932.38999999996,57.09,Profit Driver,Rawalpindi
10,74,408,942582.0,Southern Classic,861.66,351557.27999999997,591024.72,62.7,Hidden Opportunity,Rawalpindi
10,75,529,341316.09,Success Classic,243.47,128795.63,212520.46000000002,62.26,Profit Driver,Rawalpindi
10,76,432,255726.72000000003,Admit Classic,394.64,170484.47999999998,85242.24000000005,33.33,Low Performer,Rawalpindi
10,77,445,539446.8,High Special,648.7,288671.5,250775.30000000005,46.49,Volume Driver,Rawalpindi
10,78,407,471875.80000000005,Measure Deluxe,454.56,185005.92,286869.88,60.79,Hidden Opportunity,Rawalpindi
10,79,411,671528.79,Probably Deluxe,739.32,303860.52,367668.27,54.75,Hidden Opportunity,Rawalpindi
10,80,437,593131.36,Specific Special,656.72,286986.64,306144.72,51.61,Hidden Opportunity,Rawalpindi
10,81,445,642615.6,House Platter,647.89,288311.05,354304.55,55.13,Profit Driver,Rawalpindi
10,82,429,218425.34999999998,Hotel Platter,318.48,136627.92,81797.42999999996,37.45,Low Performer,Rawalpindi
10,83,449,585338.8500000001,Reduce Platter,506.35,227351.15000000002,357987.70000000007,61.16,Profit Driver,Rawalpindi
10,84,434,429885.68,Box Combo,622.32,270086.88,159798.8,37.17,Low Performer,Rawalpindi
10,85,425,258298.0,Positive Platter,260.68,110789.0,147509.0,57.11,Hidden Opportunity,Rawalpindi
10,86,430,759001.6,Others Combo,753.08,323824.4,435177.19999999995,57.34,Hidden Opportunity,Rawalpindi
10,87,455,565155.5,Forget Special,838.1,381335.5,183820.0,32.53,Volume Driver,Rawalpindi
10,88,385,752270.75,Language Combo,890.92,343004.2,409266.55,54.4,Hidden Opportunity,Rawalpindi
10,89,437,694388.63,Foot Classic,819.02,357911.74,336476.89,48.46,Low Performer,Rawalpindi
10,90,408,580983.84,Speak Deluxe,707.74,288757.92,292225.92,50.3,Hidden Opportunity,Rawalpindi
10,91,429,378789.84,No Combo,357.98,153573.42,225216.42,59.46,Hidden Opportunity,Rawalpindi
10,92,455,163681.7,Will Deluxe,208.11,94690.05,68991.65000000001,42.15,Volume Driver,Rawalpindi
10,93,403,337254.58,Building Special,555.11,223709.33000000002,113545.25,33.67,Low Performer,Rawalpindi
10,94,459,435705.75,Either Combo,679.81,312032.79,123672.96000000002,28.38,Volume Driver,Rawalpindi
10,95,417,310106.22,Mrs Combo,461.83,192583.11,117523.10999999999,37.9,Low Performer,Rawalpindi
10,96,451,621473.49,Establish Classic,588.06,265215.06,356258.43,57.32,Profit Driver,Rawalpindi
10,97,421,630687.47,Majority Combo,857.06,360822.25999999995,269865.21,42.79,Low Performer,Rawalpindi
10,98,407,713190.17,Letter Special,700.98,285298.86,427891.31000000006,60.0,Hidden Opportunity,Rawalpindi
10,99,419,299719.07999999996,Possible Deluxe,476.88,199812.72,99906.35999999996,33.33,Low Performer,Rawalpindi
10,100,437,913714.56,City Classic,780.38,341026.06,572688.5,62.68,Hidden Opportunity,Rawalpindi
10,101,435,416012.25,Race Platter,445.52,193801.19999999998,222211.05000000002,53.41,Hidden Opportunity,Rawalpindi
10,102,445,223238.7,Whose Platter,251.77,112037.65000000001,111201.05,49.81,Profit Driver,Rawalpindi
10,103,444,245421.0,Resource Combo,308.75,137085.0,108336.0,44.14,Volume Driver,Rawalpindi
10,104,444,576751.56,Hard Platter,773.94,343629.36000000004,233122.2,40.42,Volume Driver,Rawalpindi
10,105,490,760818.1,Strong Deluxe,554.56,271734.39999999997,489083.7,64.28,Profit Driver,Rawalpindi
10,106,431,722420.65,Affect Platter,735.92,317181.51999999996,405239.13000000006,56.09,Hidden Opportunity,Rawalpindi
10,107,435,109907.1,Story Special,165.29,71901.15,38005.95000000001,34.58,Low Performer,Rawalpindi
10,108,408,380341.68,Under Deluxe,572.98,233775.84,146565.84,38.54,Low Performer,Rawalpindi
10,109,460,674502.6,Popular Platter,605.44,278502.4,396000.19999999995,58.71,Profit Driver,Rawalpindi
10,110,402,124334.58000000002,Daughter Deluxe,231.07,92890.14,31444.440000000017,25.29,Low Performer,Rawalpindi
10,111,399,656769.96,Decision Special,868.63,346583.37,310186.58999999997,47.23,Low Performer,Rawalpindi
10,112,433,556998.21,Explain Deluxe,772.93,334678.69,222319.51999999996,39.91,Low Performer,Rawalpindi
10,113,458,735360.22,Morning Platter,747.17,342203.86,393156.36,53.46,Profit Driver,Rawalpindi
10,114,430,389932.60000000003,Certain Deluxe,646.14,277840.2,112092.40000000002,28.75,Low Performer,Rawalpindi
10,115,413,461800.08,List Deluxe,766.75,316667.75,145132.33000000002,31.43,Low Performer,Rawalpindi
10,116,420,480572.4,Kind Deluxe,476.62,200180.4,280392.0,58.35,Hidden Opportunity,Rawalpindi
10,117,468,524740.3200000001,Keep Combo,553.63,259098.84,265641.4800000001,50.62,Profit Driver,Rawalpindi
10,118,422,847506.82,Movement Platter,788.78,332865.16,514641.66,60.72,Hidden Opportunity,Rawalpindi
10,119,415,275900.3,Body Classic,332.9,138153.5,137746.8,49.93,Hidden Opportunity,Rawalpindi
10,120,422,392806.04000000004,Talk Combo,520.73,219748.06,173057.98000000004,44.06,Low Performer,Rawalpindi
10,121,421,248848.89,Analysis Classic,343.76,144722.96,104125.93000000002,41.84,Low Performer,Rawalpindi
10,122,434,370089.16000000003,Statement Special,537.47,233261.98,136827.18000000002,36.97,Low Performer,Rawalpindi
10,123,422,708381.8600000001,Six Combo,718.62,303257.64,405124.2200000001,57.19,Hidden Opportunity,Rawalpindi
10,124,390,139924.19999999998,Bar Special,219.79,85718.09999999999,54206.09999999999,38.74,Low Performer,Rawalpindi
10,125,426,387280.86,Road Deluxe,426.77,181804.02,205476.84,53.06,Hidden Opportunity,Rawalpindi
10,126,408,419676.95999999996,Public Combo,562.79,229618.31999999998,190058.63999999998,45.29,Low Performer,Rawalpindi
10,127,456,350718.72000000003,Audience Deluxe,322.9,147242.4,203476.32000000004,58.02,Profit Driver,Rawalpindi
10,128,435,876825.15,Hot Special,863.16,375474.6,501350.55000000005,57.18,Hidden Opportunity,Rawalpindi
10,129,443,345819.08999999997,Impact Classic,357.37,158314.91,187504.17999999996,54.22,Profit Driver,Rawalpindi
10,130,422,151346.08,Consider Special,225.39,95114.57999999999,56231.5,37.15,Low Performer,Rawalpindi
10,131,445,150174.15000000002,Seek Deluxe,160.61,71471.45000000001,78702.70000000001,52.41,Profit Driver,Rawalpindi
10,132,375,317823.75,Agree Special,565.02,211882.5,105941.25,33.33,Low Performer,Rawalpindi
10,133,485,133307.1,Serve Combo,159.2,77212.0,56095.100000000006,42.08,Volume Driver,Rawalpindi
10,134,454,666199.6000000001,Unit Combo,874.12,396850.48,269349.1200000001,40.43,Volume Driver,Rawalpindi
10,135,399,253664.25,Security Platter,450.53,179761.47,73902.78,29.13,Low Performer,Rawalpindi
10,136,458,460070.16,Car Special,572.13,262035.54,198034.61999999997,43.04,Volume Driver,Rawalpindi
10,137,436,442104.0,That Classic,462.13,201488.68,240615.32,54.43,Hidden Opportunity,Rawalpindi
10,138,472,547066.88,Owner Deluxe,435.28,205452.15999999997,341614.72000000003,62.44,Profit Driver,Rawalpindi
10,139,438,370477.92,Long Classic,379.04,166019.52000000002,204458.39999999997,55.19,Hidden Opportunity,Rawalpindi
10,140,483,238795.19999999998,Charge Platter,305.84,147720.72,91074.47999999998,38.14,Volume Driver,Rawalpindi
10,141,448,387793.28,Effort Combo,563.99,252667.52000000002,135125.76,34.84,Volume Driver,Rawalpindi
10,142,430,291436.8,Teach Deluxe,502.43,216044.9,75391.9,25.87,Low Performer,Rawalpindi
10,143,408,466523.52,Believe Deluxe,490.52,200132.16,266391.36,57.1,Hidden Opportunity,Rawalpindi
10,144,494,813884.76,Many Classic,850.25,420023.5,393861.26,48.39,Volume Driver,Rawalpindi
10,145,433,914270.84,Institution Platter,831.31,359957.23,554313.61,60.63,Hidden Opportunity,Rawalpindi
10,146,439,405034.57,South Classic,380.71,167131.69,237902.88,58.74,Hidden Opportunity,Rawalpindi
10,147,426,375195.24,Decide Combo,501.52,213647.52,161547.72,43.06,Low Performer,Rawalpindi
10,148,448,331179.52,Position Platter,520.35,233116.80000000002,98062.72,29.61,Volume Driver,Rawalpindi
10,149,420,338944.2,Firm Special,602.79,253171.8,85772.40000000002,25.31,Low Performer,Rawalpindi
10,150,419,169757.84999999998,Matter Deluxe,165.56,69369.64,100388.20999999998,59.14,Hidden Opportunity,Rawalpindi
11,1,395,566805.25,Evidence Classic,564.03,222791.84999999998,344013.4,60.69,Hidden Opportunity,Islamabad
11,2,417,387222.03,Much Special,678.43,282905.31,104316.72000000003,26.94,Low Performer,Islamabad
11,3,401,825121.6599999999,Wish Combo,791.49,317387.49,507734.1699999999,61.53,Hidden Opportunity,Islamabad
11,4,436,522101.28,We Deluxe,775.58,338152.88,183948.40000000002,35.23,Low Performer,Islamabad
11,5,446,701459.88,Hundred Platter,676.37,301661.02,399798.86,57.0,Profit Driver,Islamabad
11,6,455,417676.35000000003,Particularly Combo,550.6,250523.0,167153.35000000003,40.02,Volume Driver,Islamabad
11,7,396,779529.96,Property Special,844.04,334239.83999999997,445290.12,57.12,Hidden Opportunity,Islamabad
11,8,449,540187.4099999999,Join Platter,732.0,328668.0,211519.40999999992,39.16,Volume Driver,Islamabad
11,9,396,211060.08000000002,Summer Classic,199.64,79057.43999999999,132002.64,62.54,Hidden Opportunity,Islamabad
11,10,408,562085.28,Level Combo,524.42,213963.36,348121.92000000004,61.93,Hidden Opportunity,Islamabad
11,11,447,320731.44,Star Deluxe,334.97,149731.59000000003,170999.84999999998,53.32,Profit Driver,Islamabad
11,12,403,436465.12,Claim Special,587.65,236822.94999999998,199642.17,45.74,Low Performer,Islamabad
11,13,425,789565.0,West Special,716.84,304657.0,484908.0,61.41,Hidden Opportunity,Islamabad
11,14,416,270845.12,Nothing Combo,466.62,194113.92,76731.19999999998,28.33,Low Performer,Islamabad
11,15,450,369117.0,Wide Platter,546.84,246078.0,123039.0,33.33,Volume Driver,Islamabad
11,16,465,436993.05,Later Deluxe,552.73,257019.45,179973.59999999998,41.18,Volume Driver,Islamabad
11,17,475,191391.75,Until Deluxe,268.62,127594.5,63797.25,33.33,Volume Driver,Islamabad
11,18,442,342421.82,Door Deluxe,530.76,234595.91999999998,107825.90000000002,31.49,Volume Driver,Islamabad
11,19,405,261909.45,Again Classic,264.63,107175.15,154734.30000000002,59.08,Hidden Opportunity,Islamabad
11,20,467,568871.38,Tell Platter,599.21,279831.07,289040.31,50.81,Profit Driver,Islamabad
11,21,418,569642.04,Industry Platter,773.75,323427.5,246214.54000000004,43.22,Low Performer,Islamabad
11,22,472,579988.88,Plan Combo,860.21,406019.12,173969.76,30.0,Volume Driver,Islamabad
11,23,489,400026.44999999995,Raise Combo,549.53,268720.17,131306.27999999997,32.82,Volume Driver,Islamabad
11,24,445,536701.15,Control Special,545.76,242863.19999999998,293837.95000000007,54.75,Profit Driver,Islamabad
11,25,430,679980.5,Before Combo,667.4,286982.0,392998.5,57.8,Hidden Opportunity,Islamabad
11,26,453,361185.96,Court Special,538.18,243795.53999999998,117390.42000000004,32.5,Volume Driver,Islamabad
11,27,456,443542.07999999996,Service Special,591.23,269600.88,173941.19999999995,39.22,Volume Driver,Islamabad
11,28,398,407707.22000000003,Role Platter,623.33,248085.34000000003,159621.88,39.15,Low Performer,Islamabad
11,29,423,320079.87,Scientist Special,328.5,138955.5,181124.37,56.59,Hidden Opportunity,Islamabad
11,30,403,740157.86,Member Combo,851.64,343210.92,396946.94,53.63,Hidden Opportunity,Islamabad
11,31,402,481644.23999999993,Country Platter,755.62,303759.24,177884.99999999994,36.93,Low Performer,Islamabad
11,32,426,506816.46,Trouble Platter,458.33,195248.58,311567.88,61.48,Hidden Opportunity,Islamabad
11,33,439,764307.78,Attention Platter,696.16,305614.24,458693.54000000004,60.01,Hidden Opportunity,Islamabad
11,34,440,366955.60000000003,Open Special,552.21,242972.40000000002,123983.20000000001,33.79,Volume Driver,Islamabad
11,35,421,479409.54,Pressure Classic,805.86,339267.06,140142.47999999998,29.23,Low Performer,Islamabad
11,36,472,1084306.7200000002,Recent Platter,899.46,424545.12,659761.6000000002,60.85,Profit Driver,Islamabad
11,37,441,367516.17,Phone Combo,514.23,226775.43000000002,140740.73999999996,38.3,Volume Driver,Islamabad
11,38,434,124080.59999999999,Recently Combo,151.62,65803.08,58277.51999999999,46.97,Low Performer,Islamabad
11,39,400,969764.0,Company Classic,867.99,347196.0,622568.0,64.2,Hidden Opportunity,Islamabad
11,40,440,451263.99999999994,Expert Classic,372.53,163913.19999999998,287350.79999999993,63.68,Profit Driver,Islamabad
11,41,426,225664.98,Traditional Combo,385.2,164095.19999999998,61569.78000000003,27.28,Low Performer,Islamabad
11,42,405,307650.14999999997,Pay Classic,548.34,222077.7,85572.44999999995,27.81,Low Performer,Islamabad
11,43,397,112088.98,Fight Special,201.39,79951.83,32137.149999999994,28.67,Low Performer,Islamabad
11,44,427,582872.08,Ability Classic,817.72,349166.44,233705.63999999996,40.1,Low Performer,Islamabad
11,45,426,430409.10000000003,Up Classic,464.42,197842.92,232566.18000000002,54.03,Hidden Opportunity,Islamabad
11,46,480,345532.8,While Special,303.19,145531.2,200001.59999999998,57.88,Profit Driver,Islamabad
11,47,485,554883.6499999999,Mr Deluxe,653.77,317078.45,237805.1999999999,42.86,Volume Driver,Islamabad
11,48,400,528292.0,Skin Platter,615.87,246348.0,281944.0,53.37,Hidden Opportunity,Islamabad
11,49,407,322921.94,Tend Deluxe,529.41,215469.87,107452.07,33.27,Low Performer,Islamabad
11,50,421,276331.77,Might Classic,427.15,179830.15,96501.62000000002,34.92,Low Performer,Islamabad
11,51,447,907865.94,True Platter,890.42,398017.74,509848.19999999995,56.16,Profit Driver,Islamabad
11,52,443,776928.97,Material Special,647.54,286860.22,490068.75,63.08,Profit Driver,Islamabad
11,53,428,209916.87999999998,Black Deluxe,230.28,98559.84,111357.03999999998,53.05,Hidden Opportunity,Islamabad
11,54,448,494972.79999999993,Price Deluxe,688.21,308318.08,186654.7199999999,37.71,Volume Driver,Islamabad
11,55,400,851932.0,Turn Platter,829.0,331600.0,520332.0,61.08,Hidden Opportunity,Islamabad
11,56,448,147656.31999999998,Life Special,183.07,82015.36,65640.95999999998,44.46,Volume Driver,Islamabad
11,57,407,462083.37999999995,Child Classic,481.38,195921.66,266161.72,57.6,Hidden Opportunity,Islamabad
11,58,425,852800.75,Effect Special,858.79,364985.75,487815.0,57.2,Hidden Opportunity,Islamabad
11,59,411,373516.8,Coach Combo,426.91,175460.01,198056.78999999998,53.02,Hidden Opportunity,Islamabad
11,60,412,471027.24,Enough Platter,423.49,174477.88,296549.36,62.96,Hidden Opportunity,Islamabad
11,61,426,208859.28,Themselves Classic,337.15,143625.9,65233.380000000005,31.23,Low Performer,Islamabad
11,62,449,859659.89,Few Special,712.11,319737.39,539922.5,62.81,Profit Driver,Islamabad
11,63,415,824928.7,This Platter,758.08,314603.2,510325.49999999994,61.86,Hidden Opportunity,Islamabad
11,64,410,441229.7,Sign Special,399.14,163647.4,277582.30000000005,62.91,Hidden Opportunity,Islamabad
11,65,472,597844.6399999999,History Platter,675.96,319053.12,278791.5199999999,46.63,Volume Driver,Islamabad
11,66,456,692025.6,Bag Deluxe,762.44,347672.64,344352.95999999996,49.76,Profit Driver,Islamabad
11,67,510,624265.5,Onto Deluxe,645.02,328960.2,295305.3,47.3,Volume Driver,Islamabad
11,68,437,355241.67,Pull Combo,359.34,157031.58,198210.09,55.8,Hidden Opportunity,Islamabad
11,69,436,194665.28,Than Deluxe,170.7,74425.2,120240.08,61.77,Hidden Opportunity,Islamabad
11,70,425,512082.50000000006,Central Classic,887.66,377255.5,134827.00000000006,26.33,Low Performer,Islamabad
11,71,441,637708.0499999999,Bit Classic,739.82,326260.62,311447.42999999993,48.84,Volume Driver,Islamabad
11,72,389,381107.19,Hold Combo,582.44,226569.16000000003,154538.02999999997,40.55,Low Performer,Islamabad
11,73,437,768722.33,Against Special,754.88,329882.56,438839.76999999996,57.09,Hidden Opportunity,Islamabad
11,74,383,884825.75,Southern Classic,861.66,330015.77999999997,554809.97,62.7,Hidden Opportunity,Islamabad
11,75,431,278085.51,Success Classic,243.47,104935.56999999999,173149.94,62.26,Hidden Opportunity,Islamabad
11,76,452,267565.92000000004,Admit Classic,394.64,178377.28,89188.64000000004,33.33,Volume Driver,Islamabad
11,77,377,457014.48,High Special,648.7,244559.90000000002,212454.57999999996,46.49,Low Performer,Islamabad
11,78,463,536802.2000000001,Measure Deluxe,454.56,210461.28,326340.92000000004,60.79,Profit Driver,Islamabad
11,79,383,625779.87,Probably Deluxe,739.32,283159.56,342620.31,54.75,Hidden Opportunity,Islamabad
11,80,432,586344.96,Specific Special,656.72,283703.04000000004,302641.9199999999,51.61,Hidden Opportunity,Islamabad
11,81,438,632507.0399999999,House Platter,647.89,283775.82,348731.2199999999,55.13,Hidden Opportunity,Islamabad
11,82,450,229117.5,Hotel Platter,318.48,143316.0,85801.5,37.45,Volume Driver,Islamabad
11,83,451,587946.15,Reduce Platter,506.35,228363.85,359582.30000000005,61.16,Profit Driver,Islamabad
11,84,388,384321.76,Box Combo,622.32,241460.16000000003,142861.59999999998,37.17,Low Performer,Islamabad
11,85,454,275923.04,Positive Platter,260.68,118348.72,157574.31999999998,57.11,Profit Driver,Islamabad
11,86,427,753706.24,Others Combo,753.08,321565.16000000003,432141.07999999996,57.34,Hidden Opportunity,Islamabad
11,87,427,530376.7,Forget Special,838.1,357868.7,172507.99999999994,32.53,Low Performer,Islamabad
11,88,419,818705.05,Language Combo,890.92,373295.48,445409.57000000007,54.4,Hidden Opportunity,Islamabad
11,89,446,708689.54,Foot Classic,819.02,365282.92,343406.62000000005,48.46,Volume Driver,Islamabad
11,90,405,576711.9,Speak Deluxe,707.74,286634.7,290077.2,50.3,Hidden Opportunity,Islamabad
11,91,425,375258.0,No Combo,357.98,152141.5,223116.5,59.46,Hidden Opportunity,Islamabad
11,92,401,144255.74,Will Deluxe,208.11,83452.11,60803.62999999999,42.15,Low Performer,Islamabad
11,93,399,333907.14,Building Special,555.11,221488.89,112418.25,33.67,Low Performer,Islamabad
11,94,395,374953.75,Either Combo,679.81,268524.94999999995,106428.80000000005,28.38,Low Performer,Islamabad
11,95,434,322748.44,Mrs Combo,461.83,200434.22,122314.22,37.9,Low Performer,Islamabad
11,96,394,542928.06,Establish Classic,588.06,231695.63999999998,311232.42000000004,57.32,Hidden Opportunity,Islamabad
11,97,444,665143.08,Majority Combo,857.06,380534.63999999996,284608.44,42.79,Volume Driver,Islamabad
11,98,450,788539.5,Letter Special,700.98,315441.0,473098.5,60.0,Profit Driver,Islamabad
11,99,413,295427.16,Possible Deluxe,476.88,196951.44,98475.71999999997,33.33,Low Performer,Islamabad
11,100,476,995258.88,City Classic,780.38,371460.88,623798.0,62.68,Profit Driver,Islamabad
11,101,406,388278.10000000003,Race Platter,445.52,180881.12,207396.98000000004,53.41,Hidden Opportunity,Islamabad
11,102,431,216215.46000000002,Whose Platter,251.77,108512.87000000001,107702.59000000001,49.81,Hidden Opportunity,Islamabad
11,103,451,249290.25,Resource Combo,308.75,139246.25,110044.0,44.14,Volume Driver,Islamabad
11,104,425,552070.75,Hard Platter,773.94,328924.5,223146.25,40.42,Low Performer,Islamabad
11,105,394,611759.86,Strong Deluxe,554.56,218496.63999999998,393263.22,64.28,Hidden Opportunity,Islamabad
11,106,429,719068.3500000001,Affect Platter,735.92,315709.68,403358.6700000001,56.09,Hidden Opportunity,Islamabad
11,107,459,115970.94,Story Special,165.29,75868.11,40102.83,34.58,Volume Driver,Islamabad
11,108,420,391528.2,Under Deluxe,572.98,240651.6,150876.6,38.54,Low Performer,Islamabad
11,109,446,653974.26,Popular Platter,605.44,270026.24000000005,383948.01999999996,58.71,Profit Driver,Islamabad
11,110,428,132376.12000000002,Daughter Deluxe,231.07,98897.95999999999,33478.16000000003,25.29,Low Performer,Islamabad
11,111,416,684752.64,Decision Special,868.63,361350.08,323402.56,47.23,Low Performer,Islamabad
11,112,402,517120.73999999993,Explain Deluxe,772.93,310717.86,206402.87999999995,39.91,Low Performer,Islamabad
11,113,464,744993.76,Morning Platter,747.17,346686.88,398306.88,53.46,Profit Driver,Islamabad
11,114,422,382678.04000000004,Certain Deluxe,646.14,272671.08,110006.96000000002,28.75,Low Performer,Islamabad
11,115,443,495344.88000000006,List Deluxe,766.75,339670.25,155674.63000000006,31.43,Volume Driver,Islamabad
11,116,460,526341.2,Kind Deluxe,476.62,219245.2,307095.99999999994,58.35,Profit Driver,Islamabad
11,117,428,479890.72000000003,Keep Combo,553.63,236953.63999999998,242937.08000000005,50.62,Hidden Opportunity,Islamabad
11,118,383,769182.73,Movement Platter,788.78,302102.74,467079.99,60.72,Hidden Opportunity,Islamabad
11,119,447,297174.54000000004,Body Classic,332.9,148806.3,148368.24000000005,49.93,Profit Driver,Islamabad
11,120,415,386290.3,Talk Combo,520.73,216102.95,170187.34999999998,44.06,Low Performer,Islamabad
11,121,433,255941.97,Analysis Classic,343.76,148848.08,107093.89000000001,41.84,Low Performer,Islamabad
11,122,448,382027.52,Statement Special,537.47,240786.56,141240.96000000002,36.97,Volume Driver,Islamabad
11,123,424,711739.12,Six Combo,718.62,304694.88,407044.24,57.19,Hidden Opportunity,Islamabad
11,124,471,168985.37999999998,Bar Special,219.79,103521.09,65464.28999999998,38.74,Volume Driver,Islamabad
11,125,427,388189.97000000003,Road Deluxe,426.77,182230.78999999998,205959.18000000005,53.06,Hidden Opportunity,Islamabad
11,126,449,461850.37999999995,Public Combo,562.79,252692.71,209157.66999999995,45.29,Volume Driver,Islamabad
11,127,424,326106.88,Audience Deluxe,322.9,136909.59999999998,189197.28000000003,58.02,Hidden Opportunity,Islamabad
11,128,443,892950.67,Hot Special,863.16,382379.88,510570.79000000004,57.18,Profit Driver,Islamabad
11,129,423,330206.49,Impact Classic,357.37,151167.51,179038.97999999998,54.22,Hidden Opportunity,Islamabad
11,130,401,143814.63999999998,Consider Special,225.39,90381.39,53433.249999999985,37.15,Low Performer,Islamabad
11,131,429,144774.63,Seek Deluxe,160.61,68901.69,75872.94,52.41,Hidden Opportunity,Islamabad
11,132,412,349182.36,Agree Special,565.02,232788.24,116394.12,33.33,Low Performer,Islamabad
11,133,414,113792.04000000001,Serve Combo,159.2,65908.79999999999,47883.24000000002,42.08,Low Performer,Islamabad
11,134,428,628047.2000000001,Unit Combo,874.12,374123.36,253923.84000000008,40.43,Low Performer,Islamabad
11,135,467,296895.25,Security Platter,450.53,210397.50999999998,86497.74000000002,29.13,Volume Driver,Islamabad
11,136,410,411853.2,Car Special,572.13,234573.3,177279.90000000002,43.04,Low Performer,Islamabad
11,137,423,428922.0,That Classic,462.13,195480.99,233441.01,54.43,Hidden Opportunity,Islamabad
11,138,427,494910.07999999996,Owner Deluxe,435.28,185864.56,309045.51999999996,62.44,Hidden Opportunity,Islamabad
11,139,451,381473.84,Long Classic,379.04,170947.04,210526.80000000002,55.19,Profit Driver,Islamabad
11,140,426,210614.4,Charge Platter,305.84,130287.84,80326.56,38.14,Low Performer,Islamabad
11,141,370,320275.7,Effort Combo,563.99,208676.30000000002,111599.4,34.84,Low Performer,Islamabad
11,142,422,286014.72,Teach Deluxe,502.43,212025.46,73989.25999999998,25.87,Low Performer,Islamabad
11,143,424,484818.56,Believe Deluxe,490.52,207980.47999999998,276838.08,57.1,Hidden Opportunity,Islamabad
11,144,442,728212.6799999999,Many Classic,850.25,375810.5,352402.17999999993,48.39,Volume Driver,Islamabad
11,145,400,844592.0,Institution Platter,831.31,332524.0,512068.0,60.63,Hidden Opportunity,Islamabad
11,146,466,429945.58,South Classic,380.71,177410.86,252534.72000000003,58.74,Profit Driver,Islamabad
11,147,418,368149.32,Decide Combo,501.52,209635.36,158513.96000000002,43.06,Low Performer,Islamabad
11,148,415,306784.60000000003,Position Platter,520.35,215945.25,90839.35000000003,29.61,Low Performer,Islamabad
11,149,432,348628.32,Firm Special,602.79,260405.27999999997,88223.04000000004,25.31,Low Performer,Islamabad
11,150,447,181102.05,Matter Deluxe,165.56,74005.32,107096.72999999998,59.14,Profit Driver,Islamabad
12,1,446,639987.7000000001,Evidence Classic,564.03,251557.37999999998,388430.32000000007,60.69,Profit Driver,Multan
12,2,443,411365.37,Much Special,678.43,300544.49,110820.88,26.94,Volume Driver,Multan
12,3,486,1000022.7599999999,Wish Combo,791.49,384664.14,615358.6199999999,61.53,Profit Driver,Multan
12,4,398,476597.04,We Deluxe,775.58,308680.84,167916.19999999995,35.23,Low Performer,Multan
12,5,429,674722.62,Hundred Platter,676.37,290162.73,384559.89,57.0,Hidden Opportunity,Multan
12,6,430,394727.1,Particularly Combo,550.6,236758.0,157969.09999999998,40.02,Low Performer,Multan
12,7,480,944884.8,Property Special,844.04,405139.19999999995,539745.6000000001,57.12,Profit Driver,Multan
12,8,395,475220.55,Join Platter,732.0,289140.0,186080.55,39.16,Low Performer,Multan
12,9,462,246236.76,Summer Classic,199.64,92233.68,154003.08000000002,62.54,Profit Driver,Multan
12,10,461,635101.26,Level Combo,524.42,241757.62,393343.64,61.93,Profit Driver,Multan
12,11,438,314273.76,Star Deluxe,334.97,146716.86000000002,167556.9,53.32,Hidden Opportunity,Multan
12,12,438,474371.51999999996,Claim Special,587.65,257390.69999999998,216980.81999999998,45.74,Low Performer,Multan
12,13,459,852730.2,West Special,716.84,329029.56,523700.63999999996,61.41,Profit Driver,Multan
12,14,451,293632.57,Nothing Combo,466.62,210445.62,83186.95000000001,28.33,Volume Driver,Multan
12,15,445,365015.7,Wide Platter,546.84,243343.80000000002,121671.9,33.33,Volume Driver,Multan
12,16,501,470824.77,Later Deluxe,552.73,276917.73,193907.04000000004,41.18,Volume Driver,Multan
12,17,438,176483.34,Until Deluxe,268.62,117655.56,58827.78,33.33,Low Performer,Multan
12,18,498,385805.58,Door Deluxe,530.76,264318.48,121487.10000000003,31.49,Volume Driver,Multan
12,19,489,316231.41000000003,Again Classic,264.63,129404.06999999999,186827.34000000003,59.08,Profit Driver,Multan
12,20,464,565216.9600000001,Tell Platter,599.21,278033.44,287183.5200000001,50.81,Profit Driver,Multan
12,21,449,611888.22,Industry Platter,773.75,347413.75,264474.47,43.22,Volume Driver,Multan
12,22,467,573844.9299999999,Plan Combo,860.21,401718.07,172126.85999999993,30.0,Volume Driver,Multan
12,23,460,376303.0,Raise Combo,549.53,252783.8,123519.20000000001,32.82,Volume Driver,Multan
12,24,417,502931.19,Control Special,545.76,227581.91999999998,275349.27,54.75,Hidden Opportunity,Multan
12,25,441,697375.35,Before Combo,667.4,294323.39999999997,403051.95,57.8,Profit Driver,Multan
12,26,454,361983.28,Court Special,538.18,244333.71999999997,117649.56000000006,32.5,Volume Driver,Multan
12,27,492,478558.56,Service Special,591.23,290885.16000000003,187673.39999999997,39.22,Volume Driver,Multan
12,28,423,433316.97000000003,Role Platter,623.33,263668.59,169648.38,39.15,Low Performer,Multan
12,29,450,340510.5,Scientist Special,328.5,147825.0,192685.5,56.59,Profit Driver,Multan
12,30,431,791583.22,Member Combo,851.64,367056.83999999997,424526.38,53.63,Hidden Opportunity,Multan
12,31,440,527172.7999999999,Country Platter,755.62,332472.8,194699.99999999994,36.93,Volume Driver,Multan
12,32,436,518713.56,Trouble Platter,458.33,199831.88,318881.68,61.48,Hidden Opportunity,Multan
12,33,434,755602.6799999999,Attention Platter,696.16,302133.44,453469.23999999993,60.01,Hidden Opportunity,Multan
12,34,431,359449.69,Open Special,552.21,238002.51,121447.18,33.79,Low Performer,Multan
12,35,413,470299.62,Pressure Classic,805.86,332820.18,137479.44,29.23,Low Performer,Multan
12,36,433,994713.5800000001,Recent Platter,899.46,389466.18,605247.4000000001,60.85,Hidden Opportunity,Multan
12,37,397,330847.89,Phone Combo,514.23,204149.31,126698.58000000002,38.3,Low Performer,Multan
12,38,481,137517.9,Recently Combo,151.62,72929.22,64588.67999999999,46.97,Volume Driver,Multan
12,39,397,962490.7699999999,Company Classic,867.99,344592.03,617898.7399999999,64.2,Hidden Opportunity,Multan
12,40,432,443059.19999999995,Expert Classic,372.53,160932.96,282126.24,63.68,Hidden Opportunity,Multan
12,41,453,239967.69,Traditional Combo,385.2,174495.6,65472.09,27.28,Volume Driver,Multan
12,42,480,364622.4,Pay Classic,548.34,263203.2,101419.20000000001,27.81,Volume Driver,Multan
12,43,421,118865.13999999998,Fight Special,201.39,84785.18999999999,34079.95,28.67,Low Performer,Multan
12,44,418,570586.72,Ability Classic,817.72,341806.96,228779.75999999995,40.1,Low Performer,Multan
12,45,456,460719.60000000003,Up Classic,464.42,211775.52000000002,248944.08000000002,54.03,Profit Driver,Multan
12,46,430,309539.8,While Special,303.19,130371.7,179168.09999999998,57.88,Hidden Opportunity,Multan
12,47,467,534290.0299999999,Mr Deluxe,653.77,305310.58999999997,228979.43999999994,42.86,Volume Driver,Multan
12,48,445,587724.85,Skin Platter,615.87,274062.15,313662.69999999995,53.37,Profit Driver,Multan
12,49,467,370527.13999999996,Tend Deluxe,529.41,247234.46999999997,123292.66999999998,33.27,Volume Driver,Multan
12,50,445,292084.65,Might Classic,427.15,190081.75,102002.90000000002,34.92,Volume Driver,Multan
12,51,438,889586.76,True Platter,890.42,390003.95999999996,499582.80000000005,56.16,Hidden Opportunity,Multan
12,52,439,769913.8099999999,Material Special,647.54,284270.06,485643.74999999994,63.08,Hidden Opportunity,Multan
12,53,513,251605.97999999998,Black Deluxe,230.28,118133.64,133472.33999999997,53.05,Profit Driver,Multan
12,54,470,519279.49999999994,Price Deluxe,688.21,323458.7,195820.79999999993,37.71,Volume Driver,Multan
12,55,397,845542.51,Turn Platter,829.0,329113.0,516429.51,61.08,Hidden Opportunity,Multan
12,56,457,150622.63,Life Special,183.07,83662.98999999999,66959.64000000001,44.46,Volume Driver,Multan
12,57,414,470030.75999999995,Child Classic,481.38,199291.32,270739.43999999994,57.6,Hidden Opportunity,Multan
12,58,467,937077.5299999999,Effect Special,858.79,401054.93,536022.5999999999,57.2,Profit Driver,Multan
12,59,439,398963.19999999995,Coach Combo,426.91,187413.49000000002,211549.70999999993,53.02,Hidden Opportunity,Multan
12,60,454,519044.58,Enough Platter,423.49,192264.46,326780.12,62.96,Profit Driver,Multan
12,61,406,199053.68,Themselves Classic,337.15,136882.9,62170.78,31.23,Low Performer,Multan
12,62,441,844343.01,Few Special,712.11,314040.51,530302.5,62.81,Profit Driver,Multan
12,63,425,844806.5,This Platter,758.08,322184.0,522622.5,61.86,Hidden Opportunity,Multan
12,64,445,478895.65,Sign Special,399.14,177617.3,301278.35000000003,62.91,Profit Driver,Multan
12,65,442,559846.0399999999,History Platter,675.96,298774.32,261071.7199999999,46.63,Volume Driver,Multan
12,66,427,648015.2,Bag Deluxe,762.44,325561.88,322453.31999999995,49.76,Hidden Opportunity,Multan
12,67,438,536133.9,Onto Deluxe,645.02,282518.76,253615.14,47.3,Low Performer,Multan
12,68,496,403203.36,Pull Combo,359.34,178232.63999999998,224970.72,55.8,Profit Driver,Multan
12,69,407,181717.36000000002,Than Deluxe,170.7,69474.9,112242.46000000002,61.77,Hidden Opportunity,Multan
12,70,481,579556.9,Central Classic,887.66,426964.45999999996,152592.44000000006,26.33,Volume Driver,Multan
12,71,465,672413.25,Bit Classic,739.82,344016.30000000005,328396.94999999995,48.84,Volume Driver,Multan
12,72,421,412457.91000000003,Hold Combo,582.44,245207.24000000002,167250.67,40.55,Low Performer,Multan
12,73,457,803904.13,Against Special,754.88,344980.16,458923.97000000003,57.09,Profit Driver,Multan
12,74,499,1152814.75,Southern Classic,861.66,429968.33999999997,722846.41,62.7,Profit Driver,Multan
12,75,432,278730.72000000003,Success Classic,243.47,105179.04,173551.68000000005,62.26,Hidden Opportunity,Multan
12,76,384,227312.64,Admit Classic,394.64,151541.76,75770.88,33.33,Low Performer,Multan
12,77,442,535810.08,High Special,648.7,286725.4,249084.67999999993,46.49,Volume Driver,Multan
12,78,472,547236.8,Measure Deluxe,454.56,214552.32,332684.48000000004,60.79,Profit Driver,Multan
12,79,462,754857.18,Probably Deluxe,739.32,341565.84,413291.34,54.75,Profit Driver,Multan
12,80,446,605346.88,Specific Special,656.72,292897.12,312449.76,51.61,Profit Driver,Multan
12,81,451,651280.08,House Platter,647.89,292198.39,359081.68999999994,55.13,Profit Driver,Multan
12,82,402,204678.3,Hotel Platter,318.48,128028.96,76649.33999999998,37.45,Low Performer,Multan
12,83,460,599679.0,Reduce Platter,506.35,232921.0,366758.0,61.16,Profit Driver,Multan
12,84,424,419980.48,Box Combo,622.32,263863.68,156116.8,37.17,Low Performer,Multan
12,85,468,284431.68,Positive Platter,260.68,121998.24,162433.44,57.11,Profit Driver,Multan
12,86,508,896680.96,Others Combo,753.08,382564.64,514116.31999999995,57.34,Profit Driver,Multan
12,87,436,541555.6,Forget Special,838.1,365411.60000000003,176143.99999999994,32.53,Low Performer,Multan
12,88,495,967205.25,Language Combo,890.92,441005.39999999997,526199.8500000001,54.4,Profit Driver,Multan
12,89,438,695977.62,Foot Classic,819.02,358730.76,337246.86,48.46,Low Performer,Multan
12,90,469,667846.62,Speak Deluxe,707.74,331930.06,335916.56,50.3,Profit Driver,Multan
12,91,410,362013.60000000003,No Combo,357.98,146771.80000000002,215241.80000000002,59.46,Hidden Opportunity,Multan
12,92,417,150011.58000000002,Will Deluxe,208.11,86781.87000000001,63229.71000000001,42.15,Low Performer,Multan
12,93,423,353991.78,Building Special,555.11,234811.53,119180.25000000003,33.67,Low Performer,Multan
12,94,419,397735.75,Either Combo,679.81,284840.38999999996,112895.36000000004,28.38,Low Performer,Multan
12,95,445,330928.7,Mrs Combo,461.83,205514.35,125414.35,37.9,Volume Driver,Multan
12,96,439,604937.61,Establish Classic,588.06,258158.33999999997,346779.27,57.32,Hidden Opportunity,Multan
12,97,428,641173.96,Majority Combo,857.06,366821.68,274352.27999999997,42.79,Low Performer,Multan
12,98,460,806062.6,Letter Special,700.98,322450.8,483611.8,60.0,Profit Driver,Multan
12,99,469,335485.07999999996,Possible Deluxe,476.88,223656.72,111828.35999999996,33.33,Volume Driver,Multan
12,100,422,882351.3600000001,City Classic,780.38,329320.36,553031.0000000001,62.68,Hidden Opportunity,Multan
12,101,470,449484.5,Race Platter,445.52,209394.4,240090.1,53.41,Profit Driver,Multan
12,102,450,225747.0,Whose Platter,251.77,113296.5,112450.5,49.81,Profit Driver,Multan
12,103,399,220547.25,Resource Combo,308.75,123191.25,97356.0,44.14,Low Performer,Multan
12,104,439,570256.61,Hard Platter,773.94,339759.66000000003,230496.94999999995,40.42,Low Performer,Multan
12,105,411,638155.59,Strong Deluxe,554.56,227924.15999999997,410231.43,64.28,Hidden Opportunity,Multan
12,106,442,740858.3,Affect Platter,735.92,325276.63999999996,415581.6600000001,56.09,Profit Driver,Multan
12,107,468,118244.88,Story Special,165.29,77355.72,40889.16,34.58,Volume Driver,Multan
12,108,463,431613.23000000004,Under Deluxe,572.98,265289.74,166323.49000000005,38.54,Volume Driver,Multan
12,109,436,639311.16,Popular Platter,605.44,263971.84,375339.32,58.71,Hidden Opportunity,Multan
12,110,476,147222.04,Daughter Deluxe,231.07,109989.31999999999,37232.720000000016,25.29,Volume Driver,Multan
12,111,439,722611.5599999999,Decision Special,868.63,381328.57,341282.98999999993,47.23,Low Performer,Multan
12,112,379,487534.23,Explain Deluxe,772.93,292940.47,194593.76,39.91,Low Performer,Multan
12,113,456,732149.0399999999,Morning Platter,747.17,340709.51999999996,391439.51999999996,53.46,Profit Driver,Multan
12,114,365,330989.3,Certain Deluxe,646.14,235841.1,95148.19999999998,28.75,Low Performer,Multan
12,115,432,483045.12000000005,List Deluxe,766.75,331236.0,151809.12000000005,31.43,Low Performer,Multan
12,116,353,403909.66000000003,Kind Deluxe,476.62,168246.86000000002,235662.80000000002,58.35,Hidden Opportunity,Multan
12,117,440,493345.60000000003,Keep Combo,553.63,243597.2,249748.40000000002,50.62,Profit Driver,Multan
12,118,401,805332.3099999999,Movement Platter,788.78,316300.77999999997,489031.52999999997,60.72,Hidden Opportunity,Multan
12,119,425,282548.5,Body Classic,332.9,141482.5,141066.0,49.93,Hidden Opportunity,Multan
12,120,463,430969.66000000003,Talk Combo,520.73,241097.99000000002,189871.67,44.06,Volume Driver,Multan
12,121,444,262443.96,Analysis Classic,343.76,152629.44,109814.52000000002,41.84,Volume Driver,Multan
12,122,472,402493.28,Statement Special,537.47,253685.84000000003,148807.44,36.97,Volume Driver,Multan
12,123,410,688238.3,Six Combo,718.62,294634.2,393604.10000000003,57.19,Hidden Opportunity,Multan
12,124,452,162168.56,Bar Special,219.79,99345.08,62823.479999999996,38.74,Volume Driver,Multan
12,125,467,424554.37,Road Deluxe,426.77,199301.59,225252.78,53.06,Profit Driver,Multan
12,126,430,442306.6,Public Combo,562.79,241999.69999999998,200306.9,45.29,Low Performer,Multan
12,127,453,348411.36,Audience Deluxe,322.9,146273.69999999998,202137.66,58.02,Profit Driver,Multan
12,128,432,870778.08,Hot Special,863.16,372885.12,497892.95999999996,57.18,Hidden Opportunity,Multan
12,129,434,338793.42,Impact Classic,357.37,155098.58000000002,183694.83999999997,54.22,Hidden Opportunity,Multan
12,130,432,154932.48,Consider Special,225.39,97368.48,57564.000000000015,37.15,Low Performer,Multan
12,131,430,145112.1,Seek Deluxe,160.61,69062.3,76049.8,52.41,Hidden Opportunity,Multan
12,132,444,376303.32,Agree Special,565.02,250868.88,125434.44,33.33,Volume Driver,Multan
12,133,450,123687.0,Serve Combo,159.2,71640.0,52047.0,42.08,Volume Driver,Multan
12,134,438,642721.2000000001,Unit Combo,874.12,382864.56,259856.64000000007,40.43,Low Performer,Multan
12,135,478,303888.5,Security Platter,450.53,215353.34,88535.16,29.13,Volume Driver,Multan
12,136,432,433952.64,Car Special,572.13,247160.16,186792.48,43.04,Low Performer,Multan
12,137,470,476580.0,That Classic,462.13,217201.1,259378.9,54.43,Profit Driver,Multan
12,138,448,519249.92,Owner Deluxe,435.28,195005.44,324244.48,62.44,Profit Driver,Multan
12,139,450,380628.0,Long Classic,379.04,170568.0,210060.0,55.19,Profit Driver,Multan
12,140,477,235828.8,Charge Platter,305.84,145885.68,89943.12,38.14,Volume Driver,Multan
12,141,446,386062.06,Effort Combo,563.99,251539.54,134522.52,34.84,Volume Driver,Multan
12,142,518,351079.68,Teach Deluxe,502.43,260258.74,90820.94,25.87,Volume Driver,Multan
12,143,465,531699.6,Believe Deluxe,490.52,228091.8,303607.8,57.1,Profit Driver,Multan
12,144,448,738097.9199999999,Many Classic,850.25,380912.0,357185.9199999999,48.39,Volume Driver,Multan
12,145,476,1005064.48,Institution Platter,831.31,395703.56,609360.9199999999,60.63,Profit Driver,Multan
12,146,496,457624.48,South Classic,380.71,188832.16,268792.31999999995,58.74,Profit Driver,Multan
12,147,455,400736.7,Decide Combo,501.52,228191.6,172545.1,43.06,Volume Driver,Multan
12,148,464,343007.36,Position Platter,520.35,241442.40000000002,101564.95999999996,29.61,Volume Driver,Multan
12,149,424,342172.24,Firm Special,602.79,255582.96,86589.28,25.31,Low Performer,Multan
12,150,420,170163.0,Matter Deluxe,165.56,69535.2,100627.8,59.14,Hidden Opportunity,Multan
13,1,404,579719.8,Evidence Classic,564.03,227868.12,351851.68000000005,60.69,Hidden Opportunity,Islamabad
13,2,464,430865.76,Much Special,678.43,314791.51999999996,116074.24000000005,26.94,Volume Driver,Islamabad
13,3,484,995907.44,Wish Combo,791.49,383081.16000000003,612826.2799999999,61.53,Profit Driver,Islamabad
13,4,450,538866.0,We Deluxe,775.58,349011.0,189855.0,35.23,Volume Driver,Islamabad
13,5,453,712469.34,Hundred Platter,676.37,306395.61,406073.73,57.0,Profit Driver,Islamabad
13,6,432,396563.04,Particularly Combo,550.6,237859.2,158703.83999999997,40.02,Low Performer,Islamabad
13,7,403,793309.53,Property Special,844.04,340148.12,453161.41000000003,57.12,Hidden Opportunity,Islamabad
13,8,402,483642.17999999993,Join Platter,732.0,294264.0,189378.17999999993,39.16,Low Performer,Islamabad
13,9,441,235044.18000000002,Summer Classic,199.64,88041.23999999999,147002.94000000003,62.54,Profit Driver,Islamabad
13,10,442,608925.7200000001,Level Combo,524.42,231793.63999999998,377132.0800000001,61.93,Profit Driver,Islamabad
13,11,426,305663.52,Star Deluxe,334.97,142697.22,162966.30000000002,53.32,Hidden Opportunity,Islamabad
13,12,415,449461.6,Claim Special,587.65,243874.75,205586.84999999998,45.74,Low Performer,Islamabad
13,13,470,873166.0,West Special,716.84,336914.8,536251.2,61.41,Profit Driver,Islamabad
13,14,374,243500.18000000002,Nothing Combo,466.62,174515.88,68984.30000000002,28.33,Low Performer,Islamabad
13,15,489,401107.14,Wide Platter,546.84,267404.76,133702.38,33.33,Volume Driver,Islamabad
13,16,408,383426.16,Later Deluxe,552.73,225513.84,157912.31999999998,41.18,Low Performer,Islamabad
13,17,423,170439.39,Until Deluxe,268.62,113626.26,56813.13000000002,33.33,Low Performer,Islamabad
13,18,436,337773.56,Door Deluxe,530.76,231411.36,106362.20000000001,31.49,Low Performer,Islamabad
13,19,453,292950.57,Again Classic,264.63,119877.39,173073.18,59.08,Profit Driver,Islamabad
13,20,421,512836.94000000006,Tell Platter,599.21,252267.41,260569.53000000006,50.81,Hidden Opportunity,Islamabad
13,21,442,602348.76,Industry Platter,773.75,341997.5,260351.26,43.22,Volume Driver,Islamabad
13,22,417,512405.43,Plan Combo,860.21,358707.57,153697.86,30.0,Low Performer,Islamabad
13,23,438,358305.89999999997,Raise Combo,549.53,240694.13999999998,117611.75999999998,32.82,Low Performer,Islamabad
13,24,440,530670.7999999999,Control Special,545.76,240134.4,290536.3999999999,54.75,Profit Driver,Islamabad
13,25,466,736909.1,Before Combo,667.4,311008.39999999997,425900.7,57.8,Profit Driver,Islamabad
13,26,500,398660.0,Court Special,538.18,269090.0,129570.0,32.5,Volume Driver,Islamabad
13,27,441,428951.88,Service Special,591.23,260732.43000000002,168219.44999999998,39.22,Volume Driver,Islamabad
13,28,440,450731.60000000003,Role Platter,623.33,274265.2,176466.40000000002,39.15,Volume Driver,Islamabad
13,29,470,355644.30000000005,Scientist Special,328.5,154395.0,201249.30000000005,56.59,Profit Driver,Islamabad
13,30,391,718118.4199999999,Member Combo,851.64,332991.24,385127.17999999993,53.63,Hidden Opportunity,Islamabad
13,31,394,472059.27999999997,Country Platter,755.62,297714.28,174344.99999999994,36.93,Low Performer,Islamabad
13,32,425,505626.75,Trouble Platter,458.33,194790.25,310836.5,61.48,Hidden Opportunity,Islamabad
13,33,437,760825.74,Attention Platter,696.16,304221.92,456603.82,60.01,Hidden Opportunity,Islamabad
13,34,456,380299.44,Open Special,552.21,251807.76,128491.68,33.79,Volume Driver,Islamabad
13,35,442,503323.08,Pressure Classic,805.86,356190.12,147132.96000000002,29.23,Volume Driver,Islamabad
13,36,439,1008497.1400000001,Recent Platter,899.46,394862.94,613634.2000000002,60.85,Hidden Opportunity,Islamabad
13,37,381,317513.97000000003,Phone Combo,514.23,195921.63,121592.34000000003,38.3,Low Performer,Islamabad
13,38,408,116647.2,Recently Combo,151.62,61860.96,54786.24,46.97,Low Performer,Islamabad
13,39,439,1064315.99,Company Classic,867.99,381047.61,683268.38,64.2,Hidden Opportunity,Islamabad
13,40,410,420495.99999999994,Expert Classic,372.53,152737.3,267758.69999999995,63.68,Hidden Opportunity,Islamabad
13,41,462,244735.26,Traditional Combo,385.2,177962.4,66772.86000000002,27.28,Volume Driver,Islamabad
13,42,438,332717.94,Pay Classic,548.34,240172.92,92545.01999999999,27.81,Low Performer,Islamabad
13,43,438,123664.91999999998,Fight Special,201.39,88208.81999999999,35456.09999999999,28.67,Low Performer,Islamabad
13,44,423,577411.92,Ability Classic,817.72,345895.56,231516.36000000004,40.1,Low Performer,Islamabad
13,45,445,449605.75,Up Classic,464.42,206666.9,242938.85,54.03,Profit Driver,Islamabad
13,46,449,323217.14,While Special,303.19,136132.31,187084.83000000002,57.88,Profit Driver,Islamabad
13,47,416,475941.43999999994,Mr Deluxe,653.77,271968.32,203973.11999999994,42.86,Low Performer,Islamabad
13,48,414,546782.22,Skin Platter,615.87,254970.18,291812.04,53.37,Hidden Opportunity,Islamabad
13,49,434,344344.27999999997,Tend Deluxe,529.41,229763.93999999997,114580.34,33.27,Low Performer,Islamabad
13,50,467,306524.79,Might Classic,427.15,199479.05,107045.73999999999,34.92,Volume Driver,Islamabad
13,51,412,836780.24,True Platter,890.42,366853.04,469927.2,56.16,Hidden Opportunity,Islamabad
13,52,432,757637.28,Material Special,647.54,279737.27999999997,477900.00000000006,63.08,Hidden Opportunity,Islamabad
13,53,441,216292.86,Black Deluxe,230.28,101553.48,114739.37999999999,53.05,Profit Driver,Islamabad
13,54,451,498287.35,Price Deluxe,688.21,310382.71,187904.63999999996,37.71,Volume Driver,Islamabad
13,55,412,877489.96,Turn Platter,829.0,341548.0,535941.96,61.08,Hidden Opportunity,Islamabad
13,56,453,149304.27,Life Special,183.07,82930.70999999999,66373.56,44.46,Volume Driver,Islamabad
13,57,429,487060.86,Child Classic,481.38,206512.02,280548.83999999997,57.6,Hidden Opportunity,Islamabad
13,58,396,794609.64,Effect Special,858.79,340080.83999999997,454528.80000000005,57.2,Hidden Opportunity,Islamabad
13,59,457,415321.6,Coach Combo,426.91,195097.87000000002,220223.72999999995,53.02,Profit Driver,Islamabad
13,60,389,444732.02999999997,Enough Platter,423.49,164737.61000000002,279994.4199999999,62.96,Hidden Opportunity,Islamabad
13,61,471,230921.87999999998,Themselves Classic,337.15,158797.65,72124.22999999998,31.23,Volume Driver,Islamabad
13,62,428,819453.08,Few Special,712.11,304783.08,514669.99999999994,62.81,Hidden Opportunity,Islamabad
13,63,478,950158.84,This Platter,758.08,362362.24,587796.6,61.86,Profit Driver,Islamabad
13,64,385,414325.45,Sign Special,399.14,153668.9,260656.55000000002,62.91,Hidden Opportunity,Islamabad
13,65,411,520580.81999999995,History Platter,675.96,277819.56,242761.25999999995,46.63,Low Performer,Islamabad
13,66,412,625251.2,Bag Deluxe,762.44,314125.28,311125.9199999999,49.76,Hidden Opportunity,Islamabad
13,67,446,545926.2999999999,Onto Deluxe,645.02,287678.92,258247.37999999995,47.3,Volume Driver,Islamabad
13,68,474,385319.33999999997,Pull Combo,359.34,170327.15999999997,214992.18,55.8,Profit Driver,Islamabad
13,69,415,185289.2,Than Deluxe,170.7,70840.5,114448.70000000001,61.77,Hidden Opportunity,Islamabad
13,70,430,518107.00000000006,Central Classic,887.66,381693.8,136413.20000000007,26.33,Low Performer,Islamabad
13,71,431,623247.5499999999,Bit Classic,739.82,318862.42000000004,304385.1299999999,48.84,Low Performer,Islamabad
13,72,437,428133.27,Hold Combo,582.44,254526.28000000003,173606.99,40.55,Low Performer,Islamabad
13,73,471,828531.39,Against Special,754.88,355548.48,472982.91000000003,57.09,Profit Driver,Islamabad
13,74,446,1030371.5,Southern Classic,861.66,384300.36,646071.14,62.7,Profit Driver,Islamabad
13,75,438,282601.98000000004,Success Classic,243.47,106639.86,175962.12000000005,62.26,Hidden Opportunity,Islamabad
13,76,425,251583.00000000003,Admit Classic,394.64,167722.0,83861.00000000003,33.33,Low Performer,Islamabad
13,77,426,516414.24,High Special,648.7,276346.2,240068.03999999998,46.49,Low Performer,Islamabad
13,78,454,526367.6000000001,Measure Deluxe,454.56,206370.24,319997.3600000001,60.79,Profit Driver,Islamabad
13,79,454,741786.06,Probably Deluxe,739.32,335651.28,406134.78,54.75,Profit Driver,Islamabad
13,80,450,610776.0,Specific Special,656.72,295524.0,315252.0,51.61,Profit Driver,Islamabad
13,81,427,616622.1599999999,House Platter,647.89,276649.02999999997,339973.12999999995,55.13,Hidden Opportunity,Islamabad
13,82,466,237263.9,Hotel Platter,318.48,148411.68000000002,88852.21999999997,37.45,Volume Driver,Islamabad
13,83,424,552747.6000000001,Reduce Platter,506.35,214692.40000000002,338055.20000000007,61.16,Hidden Opportunity,Islamabad
13,84,378,374416.56,Box Combo,622.32,235236.96000000002,139179.59999999998,37.17,Low Performer,Islamabad
13,85,459,278961.83999999997,Positive Platter,260.68,119652.12000000001,159309.71999999997,57.11,Profit Driver,Islamabad
13,86,453,799599.36,Others Combo,753.08,341145.24,458454.12,57.34,Profit Driver,Islamabad
13,87,409,508018.89999999997,Forget Special,838.1,342782.9,165235.99999999994,32.53,Low Performer,Islamabad
13,88,442,863645.9,Language Combo,890.92,393786.63999999996,469859.26000000007,54.4,Profit Driver,Islamabad
13,89,400,635596.0,Foot Classic,819.02,327608.0,307988.0,48.46,Low Performer,Islamabad
13,90,382,543960.36,Speak Deluxe,707.74,270356.68,273603.68,50.3,Hidden Opportunity,Islamabad
13,91,447,394683.12,No Combo,357.98,160017.06,234666.06,59.46,Profit Driver,Islamabad
13,92,398,143176.52,Will Deluxe,208.11,82827.78,60348.73999999999,42.15,Low Performer,Islamabad
13,93,398,333070.28,Building Special,555.11,220933.78,112136.50000000003,33.67,Low Performer,Islamabad
13,94,411,390141.75,Either Combo,679.81,279401.91,110739.84000000003,28.38,Low Performer,Islamabad
13,95,400,297464.0,Mrs Combo,461.83,184732.0,112732.0,37.9,Low Performer,Islamabad
13,96,415,571865.85,Establish Classic,588.06,244044.89999999997,327820.95,57.32,Hidden Opportunity,Islamabad
13,97,438,656154.66,Majority Combo,857.06,375392.27999999997,280762.38000000006,42.79,Low Performer,Islamabad
13,98,454,795548.74,Letter Special,700.98,318244.92,477303.82,60.0,Profit Driver,Islamabad
13,99,438,313310.16,Possible Deluxe,476.88,208873.44,104436.71999999997,33.33,Low Performer,Islamabad
13,100,423,884442.24,City Classic,780.38,330100.74,554341.5,62.68,Hidden Opportunity,Islamabad
13,101,435,416012.25,Race Platter,445.52,193801.19999999998,222211.05000000002,53.41,Hidden Opportunity,Islamabad
13,102,433,217218.78,Whose Platter,251.77,109016.41,108202.37,49.81,Hidden Opportunity,Islamabad
13,103,435,240446.25,Resource Combo,308.75,134306.25,106140.0,44.14,Low Performer,Islamabad
13,104,431,559864.6900000001,Hard Platter,773.94,333568.14,226296.55000000005,40.42,Low Performer,Islamabad
13,105,427,662998.63,Strong Deluxe,554.56,236797.11999999997,426201.51,64.28,Hidden Opportunity,Islamabad
13,106,412,690573.8,Affect Platter,735.92,303199.04,387374.76000000007,56.09,Hidden Opportunity,Islamabad
13,107,413,104348.58,Story Special,165.29,68264.76999999999,36083.81000000001,34.58,Low Performer,Islamabad
13,108,395,368222.95,Under Deluxe,572.98,226327.1,141895.85,38.54,Low Performer,Islamabad
13,109,435,637844.85,Popular Platter,605.44,263366.4,374478.44999999995,58.71,Hidden Opportunity,Islamabad
13,110,399,123406.71,Daughter Deluxe,231.07,92196.93,31209.780000000013,25.29,Low Performer,Islamabad
13,111,445,732487.7999999999,Decision Special,868.63,386540.35,345947.44999999995,47.23,Volume Driver,Islamabad
13,112,354,455374.98,Explain Deluxe,772.93,273617.22,181757.76,39.91,Low Performer,Islamabad
13,113,467,749810.5299999999,Morning Platter,747.17,348928.38999999996,400882.13999999996,53.46,Profit Driver,Islamabad
13,114,416,377237.12,Certain Deluxe,646.14,268794.24,108442.88,28.75,Low Performer,Islamabad
13,115,462,516589.92000000004,List Deluxe,766.75,354238.5,162351.42000000004,31.43,Volume Driver,Islamabad
13,116,393,449678.46,Kind Deluxe,476.62,187311.66,262366.80000000005,58.35,Hidden Opportunity,Islamabad
13,117,484,542680.16,Keep Combo,553.63,267956.92,274723.24000000005,50.62,Profit Driver,Islamabad
13,118,396,795290.76,Movement Platter,788.78,312356.88,482933.88,60.72,Hidden Opportunity,Islamabad
13,119,439,291855.98000000004,Body Classic,332.9,146143.09999999998,145712.88000000006,49.93,Hidden Opportunity,Islamabad
13,120,466,433762.12,Talk Combo,520.73,242660.18000000002,191101.93999999997,44.06,Volume Driver,Islamabad
13,121,435,257124.15000000002,Analysis Classic,343.76,149535.6,107588.55000000002,41.84,Low Performer,Islamabad
13,122,496,422959.04000000004,Statement Special,537.47,266585.12,156373.92000000004,36.97,Volume Driver,Islamabad
13,123,440,738597.2000000001,Six Combo,718.62,316192.8,422404.4000000001,57.19,Profit Driver,Islamabad
13,124,438,157145.63999999998,Bar Special,219.79,96268.01999999999,60877.619999999995,38.74,Low Performer,Islamabad
13,125,414,376371.54,Road Deluxe,426.77,176682.78,199688.75999999998,53.06,Hidden Opportunity,Islamabad
13,126,474,487565.87999999995,Public Combo,562.79,266762.45999999996,220803.41999999998,45.29,Volume Driver,Islamabad
13,127,452,347642.24,Audience Deluxe,322.9,145950.8,201691.44,58.02,Profit Driver,Islamabad
13,128,414,834495.66,Hot Special,863.16,357348.24,477147.42000000004,57.18,Hidden Opportunity,Islamabad
13,129,458,357528.54,Impact Classic,357.37,163675.46,193853.08,54.22,Profit Driver,Islamabad
13,130,479,171788.56,Consider Special,225.39,107961.81,63826.75,37.15,Volume Driver,Islamabad
13,131,440,148486.80000000002,Seek Deluxe,160.61,70668.40000000001,77818.40000000001,52.41,Profit Driver,Islamabad
13,132,439,372065.67,Agree Special,565.02,248043.78,124021.88999999998,33.33,Low Performer,Islamabad
13,133,434,119289.24,Serve Combo,159.2,69092.79999999999,50196.44000000002,42.08,Low Performer,Islamabad
13,134,428,628047.2000000001,Unit Combo,874.12,374123.36,253923.84000000008,40.43,Low Performer,Islamabad
13,135,420,267015.0,Security Platter,450.53,189222.59999999998,77792.40000000002,29.13,Low Performer,Islamabad
13,136,464,466097.27999999997,Car Special,572.13,265468.32,200628.95999999996,43.04,Volume Driver,Islamabad
13,137,454,460356.0,That Classic,462.13,209807.02,250548.98,54.43,Profit Driver,Islamabad
13,138,427,494910.07999999996,Owner Deluxe,435.28,185864.56,309045.51999999996,62.44,Hidden Opportunity,Islamabad
13,139,416,351869.44,Long Classic,379.04,157680.64,194188.8,55.19,Hidden Opportunity,Islamabad
13,140,438,216547.19999999998,Charge Platter,305.84,133957.91999999998,82589.28,38.14,Low Performer,Islamabad
13,141,458,396449.38,Effort Combo,563.99,258307.42,138141.96,34.84,Volume Driver,Islamabad
13,142,423,286692.48,Teach Deluxe,502.43,212527.89,74164.58999999997,25.87,Low Performer,Islamabad
13,143,466,532843.04,Believe Deluxe,490.52,228582.31999999998,304260.7200000001,57.1,Profit Driver,Islamabad
13,144,461,759515.94,Many Classic,850.25,391965.25,367550.68999999994,48.39,Volume Driver,Islamabad
13,145,438,924828.24,Institution Platter,831.31,364113.77999999997,560714.46,60.63,Hidden Opportunity,Islamabad
13,146,424,391195.12,South Classic,380.71,161421.03999999998,229774.08000000002,58.74,Hidden Opportunity,Islamabad
13,147,427,376075.98000000004,Decide Combo,501.52,214149.03999999998,161926.94000000006,43.06,Low Performer,Islamabad
13,148,456,337093.44,Position Platter,520.35,237279.6,99813.84,29.61,Volume Driver,Islamabad
13,149,472,380908.72,Firm Special,602.79,284516.88,96391.83999999997,25.31,Volume Driver,Islamabad
13,150,379,153551.84999999998,Matter Deluxe,165.56,62747.24,90804.60999999999,59.14,Hidden Opportunity,Islamabad
14,1,409,586894.55,Evidence Classic,564.03,230688.27,356206.28,60.69,Hidden Opportunity,Multan
14,2,450,417865.5,Much Special,678.43,305293.5,112572.0,26.94,Volume Driver,Multan
14,3,524,1078213.8399999999,Wish Combo,791.49,414740.76,663473.0799999998,61.53,Profit Driver,Multan
14,4,420,502941.60000000003,We Deluxe,775.58,325743.60000000003,177198.0,35.23,Low Performer,Multan
14,5,451,709323.78,Hundred Platter,676.37,305042.87,404280.91000000003,57.0,Profit Driver,Multan
14,6,402,369023.94,Particularly Combo,550.6,221341.2,147682.74,40.02,Low Performer,Multan
14,7,426,838585.26,Property Special,844.04,359561.04,479024.22000000003,57.12,Hidden Opportunity,Multan
14,8,514,618388.2599999999,Join Platter,732.0,376248.0,242140.2599999999,39.16,Volume Driver,Multan
14,9,439,233978.22,Summer Classic,199.64,87641.95999999999,146336.26,62.54,Hidden Opportunity,Multan
14,10,409,563462.9400000001,Level Combo,524.42,214487.77999999997,348975.1600000001,61.93,Hidden Opportunity,Multan
14,11,468,335799.36,Star Deluxe,334.97,156765.96000000002,179033.39999999997,53.32,Profit Driver,Multan
14,12,352,381230.07999999996,Claim Special,587.65,206852.8,174377.27999999997,45.74,Low Performer,Multan
14,13,383,711537.4,West Special,716.84,274549.72000000003,436987.68,61.41,Hidden Opportunity,Multan
14,14,459,298841.13,Nothing Combo,466.62,214178.58000000002,84662.54999999999,28.33,Volume Driver,Multan
14,15,443,363375.18,Wide Platter,546.84,242250.12000000002,121125.05999999997,33.33,Volume Driver,Multan
14,16,505,474583.85,Later Deluxe,552.73,279128.65,195455.19999999995,41.18,Volume Driver,Multan
14,17,435,175274.55,Until Deluxe,268.62,116849.7,58424.84999999999,33.33,Low Performer,Multan
14,18,422,326927.62,Door Deluxe,530.76,223980.72,102946.9,31.49,Low Performer,Multan
14,19,440,284543.60000000003,Again Classic,264.63,116437.2,168106.40000000002,59.08,Profit Driver,Multan
14,20,489,595670.4600000001,Tell Platter,599.21,293013.69,302656.7700000001,50.81,Profit Driver,Multan
14,21,449,611888.22,Industry Platter,773.75,347413.75,264474.47,43.22,Volume Driver,Multan
14,22,466,572616.14,Plan Combo,860.21,400857.86000000004,171758.27999999997,30.0,Volume Driver,Multan
14,23,441,360760.05,Raise Combo,549.53,242342.72999999998,118417.32,32.82,Volume Driver,Multan
14,24,462,557204.34,Control Special,545.76,252141.12,305063.22,54.75,Profit Driver,Multan
14,25,490,774861.4999999999,Before Combo,667.4,327026.0,447835.4999999999,57.8,Profit Driver,Multan
14,26,472,376335.04000000004,Court Special,538.18,254020.95999999996,122314.08000000007,32.5,Volume Driver,Multan
14,27,438,426033.83999999997,Service Special,591.23,258958.74000000002,167075.09999999995,39.22,Low Performer,Multan
14,28,411,421024.29000000004,Role Platter,623.33,256188.63,164835.66000000003,39.15,Low Performer,Multan
14,29,420,317809.80000000005,Scientist Special,328.5,137970.0,179839.80000000005,56.59,Hidden Opportunity,Multan
14,30,445,817295.8999999999,Member Combo,851.64,378979.8,438316.0999999999,53.63,Profit Driver,Multan
14,31,457,547540.84,Country Platter,755.62,345318.34,202222.49999999994,36.93,Volume Driver,Multan
14,32,439,522282.69,Trouble Platter,458.33,201206.87,321075.82,61.48,Hidden Opportunity,Multan
14,33,498,867027.96,Attention Platter,696.16,346687.68,520340.27999999997,60.01,Profit Driver,Multan
14,34,415,346105.85000000003,Open Special,552.21,229167.15000000002,116938.70000000001,33.79,Low Performer,Multan
14,35,434,494213.16000000003,Pressure Classic,805.86,349743.24,144469.92000000004,29.23,Low Performer,Multan
14,36,451,1036064.2600000001,Recent Platter,899.46,405656.46,630407.8,60.85,Profit Driver,Multan
14,37,466,388350.42,Phone Combo,514.23,239631.18000000002,148719.23999999996,38.3,Volume Driver,Multan
14,38,500,142950.0,Recently Combo,151.62,75810.0,67140.0,46.97,Volume Driver,Multan
14,39,439,1064315.99,Company Classic,867.99,381047.61,683268.38,64.2,Hidden Opportunity,Multan
14,40,447,458443.19999999995,Expert Classic,372.53,166520.90999999997,291922.29,63.68,Profit Driver,Multan
14,41,428,226724.44,Traditional Combo,385.2,164865.6,61858.84,27.28,Low Performer,Multan
14,42,437,331958.31,Pay Classic,548.34,239624.58000000002,92333.72999999998,27.81,Low Performer,Multan
14,43,441,124511.93999999999,Fight Special,201.39,88812.98999999999,35698.95,28.67,Volume Driver,Multan
14,44,462,630648.48,Ability Classic,817.72,377786.64,252861.83999999997,40.1,Volume Driver,Multan
14,45,420,424347.0,Up Classic,464.42,195056.4,229290.6,54.03,Hidden Opportunity,Multan
14,46,413,297302.18,While Special,303.19,125217.47,172084.71,57.88,Hidden Opportunity,Multan
14,47,442,505687.77999999997,Mr Deluxe,653.77,288966.33999999997,216721.44,42.86,Volume Driver,Multan
14,48,458,604894.34,Skin Platter,615.87,282068.46,322825.87999999995,53.37,Profit Driver,Multan
14,49,466,369733.72,Tend Deluxe,529.41,246705.06,123028.65999999997,33.27,Volume Driver,Multan
14,50,440,288802.8,Might Classic,427.15,187946.0,100856.79999999999,34.92,Volume Driver,Multan
14,51,423,859121.46,True Platter,890.42,376647.66,482473.8,56.16,Hidden Opportunity,Multan
14,52,453,794466.87,Material Special,647.54,293335.62,501131.25,63.08,Profit Driver,Multan
14,53,466,228554.36,Black Deluxe,230.28,107310.48,121243.87999999999,53.05,Profit Driver,Multan
14,54,427,471770.94999999995,Price Deluxe,688.21,293865.67000000004,177905.2799999999,37.71,Low Performer,Multan
14,55,490,1043616.7,Turn Platter,829.0,406210.0,637406.7,61.08,Profit Driver,Multan
14,56,444,146337.96,Life Special,183.07,81283.08,65054.87999999999,44.46,Volume Driver,Multan
14,57,452,513173.67999999993,Child Classic,481.38,217583.76,295589.9199999999,57.6,Profit Driver,Multan
14,58,446,894939.14,Effect Special,858.79,383020.33999999997,511918.80000000005,57.2,Profit Driver,Multan
14,59,493,448038.39999999997,Coach Combo,426.91,210466.63,237571.76999999996,53.02,Profit Driver,Multan
14,60,473,540766.71,Enough Platter,423.49,200310.77000000002,340455.93999999994,62.96,Profit Driver,Multan
14,61,414,202975.91999999998,Themselves Classic,337.15,139580.09999999998,63395.82000000001,31.23,Low Performer,Multan
14,62,392,750527.12,Few Special,712.11,279147.12,471380.0,62.81,Hidden Opportunity,Multan
14,63,449,892513.22,This Platter,758.08,340377.92000000004,552135.2999999999,61.86,Profit Driver,Multan
14,64,471,506876.07,Sign Special,399.14,187994.94,318881.13,62.91,Profit Driver,Multan
14,65,478,605444.36,History Platter,675.96,323108.88,282335.48,46.63,Volume Driver,Multan
14,66,401,608557.6,Bag Deluxe,762.44,305738.44,302819.16,49.76,Hidden Opportunity,Multan
14,67,459,561838.95,Onto Deluxe,645.02,296064.18,265774.76999999996,47.3,Volume Driver,Multan
14,68,438,356054.58,Pull Combo,359.34,157390.91999999998,198663.66000000003,55.8,Hidden Opportunity,Multan
14,69,458,204487.84,Than Deluxe,170.7,78180.59999999999,126307.24,61.77,Profit Driver,Multan
14,70,476,573532.4,Central Classic,887.66,422526.16,151006.24000000005,26.33,Volume Driver,Multan
14,71,420,607341.0,Bit Classic,739.82,310724.4,296616.6,48.84,Low Performer,Multan
14,72,416,407559.36,Hold Combo,582.44,242295.04000000004,165264.31999999995,40.55,Low Performer,Multan
14,73,439,772240.51,Against Special,754.88,331392.32,440848.19,57.09,Hidden Opportunity,Multan
14,74,454,1048853.5,Southern Classic,861.66,391193.64,657659.86,62.7,Profit Driver,Multan
14,75,397,256148.37000000002,Success Classic,243.47,96657.59,159490.78000000003,62.26,Hidden Opportunity,Multan
14,76,452,267565.92000000004,Admit Classic,394.64,178377.28,89188.64000000004,33.33,Volume Driver,Multan
14,77,437,529748.88,High Special,648.7,283481.9,246266.97999999998,46.49,Low Performer,Multan
14,78,415,481151.00000000006,Measure Deluxe,454.56,188642.4,292508.6000000001,60.79,Hidden Opportunity,Multan
14,79,439,717277.7100000001,Probably Deluxe,739.32,324561.48000000004,392716.23000000004,54.75,Hidden Opportunity,Multan
14,80,476,646065.28,Specific Special,656.72,312598.72000000003,333466.56,51.61,Profit Driver,Multan
14,81,437,631062.96,House Platter,647.89,283127.93,347935.02999999997,55.13,Hidden Opportunity,Multan
14,82,421,214352.15,Hotel Platter,318.48,134080.08000000002,80272.06999999998,37.45,Low Performer,Multan
14,83,393,512334.45,Reduce Platter,506.35,198995.55000000002,313338.9,61.16,Hidden Opportunity,Multan
14,84,411,407103.72,Box Combo,622.32,255773.52000000002,151330.19999999995,37.17,Low Performer,Multan
14,85,452,274707.52,Positive Platter,260.68,117827.36,156880.16000000003,57.11,Profit Driver,Multan
14,86,486,857848.32,Others Combo,753.08,365996.88,491851.43999999994,57.34,Profit Driver,Multan
14,87,427,530376.7,Forget Special,838.1,357868.7,172507.99999999994,32.53,Low Performer,Multan
14,88,419,818705.05,Language Combo,890.92,373295.48,445409.57000000007,54.4,Hidden Opportunity,Multan
14,89,439,697566.61,Foot Classic,819.02,359549.77999999997,338016.83,48.46,Low Performer,Multan
14,90,446,635095.0800000001,Speak Deluxe,707.74,315652.04,319443.0400000001,50.3,Profit Driver,Multan
14,91,454,400863.84,No Combo,357.98,162522.92,238340.92,59.46,Profit Driver,Multan
14,92,423,152170.02,Will Deluxe,208.11,88030.53,64139.48999999999,42.15,Low Performer,Multan
14,93,402,336417.72000000003,Building Special,555.11,223154.22,113263.50000000003,33.67,Low Performer,Multan
14,94,473,448995.25,Either Combo,679.81,321550.12999999995,127445.12000000005,28.38,Volume Driver,Multan
14,95,448,333159.68,Mrs Combo,461.83,206899.84,126259.84,37.9,Volume Driver,Multan
14,96,442,609071.58,Establish Classic,588.06,259922.52,349149.05999999994,57.32,Profit Driver,Multan
14,97,468,701096.76,Majority Combo,857.06,401104.07999999996,299992.68000000005,42.79,Volume Driver,Multan
14,98,448,785034.88,Letter Special,700.98,314039.04000000004,470995.83999999997,60.0,Profit Driver,Multan
14,99,479,342638.27999999997,Possible Deluxe,476.88,228425.52,114212.75999999998,33.33,Volume Driver,Multan
14,100,462,965986.56,City Classic,780.38,360535.56,605451.0,62.68,Profit Driver,Multan
14,101,459,438964.65,Race Platter,445.52,204493.68,234470.97000000003,53.41,Profit Driver,Multan
14,102,477,239291.82,Whose Platter,251.77,120094.29000000001,119197.53,49.81,Profit Driver,Multan
14,103,422,233260.5,Resource Combo,308.75,130292.5,102968.0,44.14,Low Performer,Multan
14,104,462,600133.38,Hard Platter,773.94,357560.28,242573.09999999998,40.42,Volume Driver,Multan
14,105,449,697157.81,Strong Deluxe,554.56,248997.43999999997,448160.3700000001,64.28,Profit Driver,Multan
14,106,418,700630.7000000001,Affect Platter,735.92,307614.56,393016.1400000001,56.09,Hidden Opportunity,Multan
14,107,403,101821.98,Story Special,165.29,66611.87,35210.11,34.58,Low Performer,Multan
14,108,479,446528.59,Under Deluxe,572.98,274457.42,172071.17000000004,38.54,Volume Driver,Multan
14,109,482,706761.42,Popular Platter,605.44,291822.08,414939.34,58.71,Profit Driver,Multan
14,110,391,120932.39000000001,Daughter Deluxe,231.07,90348.37,30584.02000000002,25.29,Low Performer,Multan
14,111,408,671584.32,Decision Special,868.63,354401.04,317183.27999999997,47.23,Low Performer,Multan
14,112,439,564716.4299999999,Explain Deluxe,772.93,339316.26999999996,225400.15999999997,39.91,Low Performer,Multan
14,113,441,708065.19,Morning Platter,747.17,329501.97,378563.22,53.46,Profit Driver,Multan
14,114,432,391746.24,Certain Deluxe,646.14,279132.48,112613.76000000001,28.75,Low Performer,Multan
14,115,425,475218.00000000006,List Deluxe,766.75,325868.75,149349.25000000006,31.43,Low Performer,Multan
14,116,434,496591.48,Kind Deluxe,476.62,206853.08000000002,289738.39999999997,58.35,Hidden Opportunity,Multan
14,117,465,521376.60000000003,Keep Combo,553.63,257437.95,263938.65,50.62,Profit Driver,Multan
14,118,429,861564.99,Movement Platter,788.78,338386.62,523178.37,60.72,Hidden Opportunity,Multan
14,119,500,332410.0,Body Classic,332.9,166450.0,165960.0,49.93,Profit Driver,Multan
14,120,477,444001.14,Talk Combo,520.73,248388.21000000002,195612.93,44.06,Volume Driver,Multan
14,121,458,270719.22000000003,Analysis Classic,343.76,157442.08,113277.14000000004,41.84,Volume Driver,Multan
14,122,452,385438.48,Statement Special,537.47,242936.44,142502.03999999998,36.97,Volume Driver,Multan
14,123,464,778884.3200000001,Six Combo,718.62,333439.68,445444.6400000001,57.19,Profit Driver,Multan
14,124,434,155710.52,Bar Special,219.79,95388.86,60321.65999999999,38.74,Low Performer,Multan
14,125,436,396371.96,Road Deluxe,426.77,186071.72,210300.24000000002,53.06,Hidden Opportunity,Multan
14,126,448,460821.75999999995,Public Combo,562.79,252129.91999999998,208691.83999999997,45.29,Volume Driver,Multan
14,127,425,326876.0,Audience Deluxe,322.9,137232.5,189643.5,58.02,Hidden Opportunity,Multan
14,128,429,864731.01,Hot Special,863.16,370295.64,494435.37,57.18,Hidden Opportunity,Multan
14,129,450,351283.5,Impact Classic,357.37,160816.5,190467.0,54.22,Profit Driver,Multan
14,130,466,167126.24,Consider Special,225.39,105031.73999999999,62094.5,37.15,Volume Driver,Multan
14,131,435,146799.45,Seek Deluxe,160.61,69865.35,76934.1,52.41,Hidden Opportunity,Multan
14,132,547,463598.91,Agree Special,565.02,309065.94,154532.96999999997,33.33,Volume Driver,Multan
14,133,471,129459.06000000001,Serve Combo,159.2,74983.2,54475.860000000015,42.08,Volume Driver,Multan
14,134,457,670601.8,Unit Combo,874.12,399472.84,271128.96,40.43,Volume Driver,Multan
14,135,438,278458.5,Security Platter,450.53,197332.13999999998,81126.36000000002,29.13,Low Performer,Multan
14,136,449,451029.48,Car Special,572.13,256886.37,194143.11,43.04,Volume Driver,Multan
14,137,395,400530.0,That Classic,462.13,182541.35,217988.65,54.43,Hidden Opportunity,Multan
14,138,388,449707.51999999996,Owner Deluxe,435.28,168888.63999999998,280818.88,62.44,Hidden Opportunity,Multan
14,139,439,371323.76,Long Classic,379.04,166398.56,204925.2,55.19,Hidden Opportunity,Multan
14,140,431,213086.4,Charge Platter,305.84,131817.03999999998,81269.36000000002,38.14,Low Performer,Multan
14,141,435,376540.35,Effort Combo,563.99,245335.65,131204.69999999998,34.84,Low Performer,Multan
14,142,464,314480.64,Teach Deluxe,502.43,233127.52,81353.12000000002,25.87,Volume Driver,Multan
14,143,435,497396.4,Believe Deluxe,490.52,213376.19999999998,284020.20000000007,57.1,Hidden Opportunity,Multan
14,144,451,743040.54,Many Classic,850.25,383462.75,359577.79000000004,48.39,Volume Driver,Multan
14,145,457,964946.36,Institution Platter,831.31,379908.67,585037.69,60.63,Profit Driver,Multan
14,146,415,382891.45,South Classic,380.71,157994.65,224896.80000000002,58.74,Hidden Opportunity,Multan
14,147,500,440370.0,Decide Combo,501.52,250760.0,189610.0,43.06,Volume Driver,Multan
14,148,460,340050.4,Position Platter,520.35,239361.0,100689.40000000002,29.61,Volume Driver,Multan
14,149,420,338944.2,Firm Special,602.79,253171.8,85772.40000000002,25.31,Low Performer,Multan
14,150,464,187989.59999999998,Matter Deluxe,165.56,76819.84,111169.75999999998,59.14,Profit Driver,Multan
15,1,451,647162.4500000001,Evidence Classic,564.03,254377.53,392784.92000000004,60.69,Profit Driver,Lahore
15,2,433,402079.47000000003,Much Special,678.43,293760.19,108319.28000000003,26.94,Low Performer,Lahore
15,3,415,853928.8999999999,Wish Combo,791.49,328468.35,525460.5499999999,61.53,Hidden Opportunity,Lahore
15,4,430,514916.4,We Deluxe,775.58,333499.4,181417.0,35.23,Low Performer,Lahore
15,5,426,670004.28,Hundred Platter,676.37,288133.62,381870.66000000003,57.0,Hidden Opportunity,Lahore
15,6,410,376367.7,Particularly Combo,550.6,225746.0,150621.7,40.02,Low Performer,Lahore
15,7,411,809057.61,Property Special,844.04,346900.44,462157.17,57.12,Hidden Opportunity,Lahore
15,8,440,529359.6,Join Platter,732.0,322080.0,207279.59999999998,39.16,Volume Driver,Lahore
15,9,454,241972.92,Summer Classic,199.64,90636.56,151336.36000000002,62.54,Profit Driver,Lahore
15,10,429,591016.14,Level Combo,524.42,224976.18,366039.96,61.93,Hidden Opportunity,Lahore
15,11,465,333646.8,Star Deluxe,334.97,155761.05000000002,177885.74999999997,53.32,Profit Driver,Lahore
15,12,423,458125.92,Claim Special,587.65,248575.94999999998,209549.97,45.74,Low Performer,Lahore
15,13,394,731973.2,West Special,716.84,282434.96,449538.23999999993,61.41,Hidden Opportunity,Lahore
15,14,443,288424.01,Nothing Combo,466.62,206712.66,81711.35,28.33,Volume Driver,Lahore
15,15,477,391264.01999999996,Wide Platter,546.84,260842.68000000002,130421.33999999994,33.33,Volume Driver,Lahore
15,16,429,403161.33,Later Deluxe,552.73,237121.17,166040.16,41.18,Low Performer,Lahore
15,17,464,186959.52,Until Deluxe,268.62,124639.68000000001,62319.83999999998,33.33,Volume Driver,Lahore
15,18,435,336998.85000000003,Door Deluxe,530.76,230880.6,106118.25000000003,31.49,Low Performer,Lahore
15,19,454,293597.26,Again Classic,264.63,120142.02,173455.24,59.08,Profit Driver,Lahore
15,20,466,567653.24,Tell Platter,599.21,279231.86000000004,288421.37999999995,50.81,Profit Driver,Lahore
15,21,452,615976.5599999999,Industry Platter,773.75,349735.0,266241.55999999994,43.22,Volume Driver,Lahore
15,22,428,525922.12,Plan Combo,860.21,368169.88,157752.24,30.0,Low Performer,Lahore
15,23,467,382029.35,Raise Combo,549.53,256630.50999999998,125398.84,32.82,Volume Driver,Lahore
15,24,448,540319.36,Control Special,545.76,244500.47999999998,295818.88,54.75,Profit Driver,Lahore
15,25,363,574030.0499999999,Before Combo,667.4,242266.19999999998,331763.85,57.8,Hidden Opportunity,Lahore
15,26,414,330090.48000000004,Court Special,538.18,222806.52,107283.96000000005,32.5,Low Performer,Lahore
15,27,411,399771.48,Service Special,591.23,242995.53,156775.94999999998,39.22,Low Performer,Lahore
15,28,412,422048.68000000005,Role Platter,623.33,256811.96000000002,165236.72000000003,39.15,Low Performer,Lahore
15,29,454,343537.26,Scientist Special,328.5,149139.0,194398.26,56.59,Profit Driver,Lahore
15,30,393,721791.6599999999,Member Combo,851.64,334694.52,387097.1399999999,53.63,Hidden Opportunity,Lahore
15,31,425,509200.99999999994,Country Platter,755.62,321138.5,188062.49999999994,36.93,Low Performer,Lahore
15,32,419,498488.49,Trouble Platter,458.33,192040.27,306448.22,61.48,Hidden Opportunity,Lahore
15,33,427,743415.54,Attention Platter,696.16,297260.32,446155.22000000003,60.01,Hidden Opportunity,Lahore
15,34,396,330260.04,Open Special,552.21,218675.16,111584.87999999998,33.79,Low Performer,Lahore
15,35,441,502184.34,Pressure Classic,805.86,355384.26,146800.08000000002,29.23,Volume Driver,Lahore
15,36,463,1063631.3800000001,Recent Platter,899.46,416449.98000000004,647181.4000000001,60.85,Profit Driver,Lahore
15,37,447,372516.39,Phone Combo,514.23,229860.81,142655.58000000002,38.3,Volume Driver,Lahore
15,38,498,142378.19999999998,Recently Combo,151.62,75506.76000000001,66871.43999999997,46.97,Volume Driver,Lahore
15,39,461,1117653.01,Company Classic,867.99,400143.39,717509.62,64.2,Profit Driver,Lahore
15,40,491,503569.6,Expert Classic,372.53,182912.22999999998,320657.37,63.68,Profit Driver,Lahore
15,41,436,230962.28,Traditional Combo,385.2,167947.19999999998,63015.080000000016,27.28,Low Performer,Lahore
15,42,443,336516.08999999997,Pay Classic,548.34,242914.62000000002,93601.46999999994,27.81,Volume Driver,Lahore
15,43,428,120841.51999999999,Fight Special,201.39,86194.92,34646.59999999999,28.67,Low Performer,Lahore
15,44,468,638838.72,Ability Classic,817.72,382692.96,256145.75999999995,40.1,Volume Driver,Lahore
15,45,476,480926.60000000003,Up Classic,464.42,221063.92,259862.68000000002,54.03,Profit Driver,Lahore
15,46,407,292983.02,While Special,303.19,123398.33,169584.69,57.88,Hidden Opportunity,Lahore
15,47,395,451915.55,Mr Deluxe,653.77,258239.15,193676.4,42.86,Low Performer,Lahore
15,48,435,574517.55,Skin Platter,615.87,267903.45,306614.10000000003,53.37,Hidden Opportunity,Lahore
15,49,439,348311.38,Tend Deluxe,529.41,232410.99,115900.39000000001,33.27,Low Performer,Lahore
15,50,397,260578.89,Might Classic,427.15,169578.55,91000.34000000003,34.92,Low Performer,Lahore
15,51,450,913959.0,True Platter,890.42,400689.0,513270.0,56.16,Profit Driver,Lahore
15,52,436,764652.44,Material Special,647.54,282327.44,482324.99999999994,63.08,Hidden Opportunity,Lahore
15,53,410,201088.59999999998,Black Deluxe,230.28,94414.8,106673.79999999997,53.05,Hidden Opportunity,Lahore
15,54,416,459617.6,Price Deluxe,688.21,286295.36,173322.24,37.71,Low Performer,Lahore
15,55,464,988241.12,Turn Platter,829.0,384656.0,603585.12,61.08,Profit Driver,Lahore
15,56,380,125244.2,Life Special,183.07,69566.59999999999,55677.600000000006,44.46,Low Performer,Lahore
15,57,450,510902.99999999994,Child Classic,481.38,216621.0,294281.99999999994,57.6,Profit Driver,Lahore
15,58,466,935070.94,Effect Special,858.79,400196.13999999996,534874.8,57.2,Profit Driver,Lahore
15,59,475,431680.0,Coach Combo,426.91,202782.25,228897.75,53.02,Profit Driver,Lahore
15,60,456,521331.12,Enough Platter,423.49,193111.44,328219.68,62.96,Profit Driver,Lahore
15,61,379,185816.12,Themselves Classic,337.15,127779.84999999999,58036.270000000004,31.23,Low Performer,Lahore
15,62,372,712234.9199999999,Few Special,712.11,264904.92,447329.99999999994,62.81,Hidden Opportunity,Lahore
15,63,424,842818.72,This Platter,758.08,321425.92000000004,521392.79999999993,61.86,Hidden Opportunity,Lahore
15,64,388,417553.96,Sign Special,399.14,154866.32,262687.64,62.91,Hidden Opportunity,Lahore
15,65,457,578845.34,History Platter,675.96,308913.72000000003,269931.61999999994,46.63,Volume Driver,Lahore
15,66,436,661673.6,Bag Deluxe,762.44,332423.84,329249.75999999995,49.76,Hidden Opportunity,Lahore
15,67,415,507980.75,Onto Deluxe,645.02,267683.3,240297.45,47.3,Low Performer,Lahore
15,68,453,368248.23,Pull Combo,359.34,162781.02,205467.21,55.8,Profit Driver,Lahore
15,69,446,199130.08000000002,Than Deluxe,170.7,76132.2,122997.88000000002,61.77,Profit Driver,Lahore
15,70,442,532565.8,Central Classic,887.66,392345.72,140220.08000000007,26.33,Volume Driver,Lahore
15,71,412,595772.6,Bit Classic,739.82,304805.84,290966.75999999995,48.84,Low Performer,Lahore
15,72,500,489855.0,Hold Combo,582.44,291220.0,198635.0,40.55,Volume Driver,Lahore
15,73,435,765204.1499999999,Against Special,754.88,328372.8,436831.3499999999,57.09,Hidden Opportunity,Lahore
15,74,450,1039612.5,Southern Classic,861.66,387747.0,651865.5,62.7,Profit Driver,Lahore
15,75,434,280021.14,Success Classic,243.47,105665.98,174355.16000000003,62.26,Hidden Opportunity,Lahore
15,76,465,275261.4,Admit Classic,394.64,183507.6,91753.80000000002,33.33,Volume Driver,Lahore
15,77,389,471561.36,High Special,648.7,252344.30000000002,219217.05999999997,46.49,Low Performer,Lahore
15,78,473,548396.2000000001,Measure Deluxe,454.56,215006.88,333389.32000000007,60.79,Profit Driver,Lahore
15,79,414,676430.4600000001,Probably Deluxe,739.32,306078.48000000004,370351.98000000004,54.75,Hidden Opportunity,Lahore
15,80,449,609418.72,Specific Special,656.72,294867.28,314551.43999999994,51.61,Profit Driver,Lahore
15,81,409,590628.72,House Platter,647.89,264987.01,325641.70999999996,55.13,Hidden Opportunity,Lahore
15,82,433,220461.94999999998,Hotel Platter,318.48,137901.84,82560.10999999999,37.45,Low Performer,Lahore
15,83,427,556658.55,Reduce Platter,506.35,216211.45,340447.10000000003,61.16,Hidden Opportunity,Lahore
15,84,428,423942.56,Box Combo,622.32,266352.96,157589.59999999998,37.17,Low Performer,Lahore
15,85,419,254651.44,Positive Platter,260.68,109224.92,145426.52000000002,57.11,Hidden Opportunity,Lahore
15,86,434,766062.08,Others Combo,753.08,326836.72000000003,439225.3599999999,57.34,Hidden Opportunity,Lahore
15,87,400,496839.99999999994,Forget Special,838.1,335240.0,161599.99999999994,32.53,Low Performer,Lahore
15,88,465,908586.75,Language Combo,890.92,414277.8,494308.95,54.4,Profit Driver,Lahore
15,89,383,608583.17,Foot Classic,819.02,313684.66,294898.51000000007,48.46,Low Performer,Lahore
15,90,504,717685.92,Speak Deluxe,707.74,356700.96,360984.96,50.3,Profit Driver,Lahore
15,91,468,413225.28,No Combo,357.98,167534.64,245690.64,59.46,Profit Driver,Lahore
15,92,445,160084.30000000002,Will Deluxe,208.11,92608.95000000001,67475.35,42.15,Volume Driver,Lahore
15,93,452,378260.72000000003,Building Special,555.11,250909.72,127351.00000000003,33.67,Volume Driver,Lahore
15,94,422,400583.5,Either Combo,679.81,286879.81999999995,113703.68000000005,28.38,Low Performer,Lahore
15,95,422,313824.51999999996,Mrs Combo,461.83,194892.25999999998,118932.25999999998,37.9,Low Performer,Lahore
15,96,425,585645.75,Establish Classic,588.06,249925.49999999997,335720.25,57.32,Hidden Opportunity,Lahore
15,97,396,593235.72,Majority Combo,857.06,339395.75999999995,253839.96000000002,42.79,Low Performer,Lahore
15,98,419,734217.89,Letter Special,700.98,293710.62,440507.27,60.0,Hidden Opportunity,Lahore
15,99,440,314740.8,Possible Deluxe,476.88,209827.2,104913.59999999998,33.33,Volume Driver,Lahore
15,100,397,830079.36,City Classic,780.38,309810.86,520268.5,62.68,Hidden Opportunity,Lahore
15,101,470,449484.5,Race Platter,445.52,209394.4,240090.1,53.41,Profit Driver,Lahore
15,102,449,225245.34,Whose Platter,251.77,113044.73000000001,112200.60999999999,49.81,Profit Driver,Lahore
15,103,400,221100.0,Resource Combo,308.75,123500.0,97600.0,44.14,Low Performer,Lahore
15,104,422,548173.78,Hard Platter,773.94,326602.68000000005,221571.09999999998,40.42,Low Performer,Lahore
15,105,474,735975.06,Strong Deluxe,554.56,262861.44,473113.62000000005,64.28,Profit Driver,Lahore
15,106,453,759295.9500000001,Affect Platter,735.92,333371.76,425924.19000000006,56.09,Profit Driver,Lahore
15,107,425,107380.5,Story Special,165.29,70248.25,37132.25,34.58,Low Performer,Lahore
15,108,424,395257.04000000004,Under Deluxe,572.98,242943.52000000002,152313.52000000002,38.54,Low Performer,Lahore
15,109,428,627580.6799999999,Popular Platter,605.44,259128.32000000004,368452.35999999987,58.71,Hidden Opportunity,Lahore
15,110,436,134850.44,Daughter Deluxe,231.07,100746.52,34103.92,25.29,Low Performer,Lahore
15,111,394,648539.76,Decision Special,868.63,342240.22,306299.54000000004,47.23,Low Performer,Lahore
15,112,402,517120.73999999993,Explain Deluxe,772.93,310717.86,206402.87999999995,39.91,Low Performer,Lahore
15,113,483,775499.97,Morning Platter,747.17,360883.11,414616.86,53.46,Profit Driver,Lahore
15,114,435,394466.7,Certain Deluxe,646.14,281070.89999999997,113395.80000000005,28.75,Low Performer,Lahore
15,115,449,502053.84,List Deluxe,766.75,344270.75,157783.09000000003,31.43,Volume Driver,Lahore
15,116,420,480572.4,Kind Deluxe,476.62,200180.4,280392.0,58.35,Hidden Opportunity,Lahore
15,117,432,484375.68,Keep Combo,553.63,239168.16,245207.52,50.62,Hidden Opportunity,Lahore
15,118,429,861564.99,Movement Platter,788.78,338386.62,523178.37,60.72,Hidden Opportunity,Lahore
15,119,449,298504.18,Body Classic,332.9,149472.09999999998,149032.08000000002,49.93,Profit Driver,Lahore
15,120,514,478441.48000000004,Talk Combo,520.73,267655.22000000003,210786.26,44.06,Volume Driver,Lahore
15,121,422,249439.98,Analysis Classic,343.76,145066.72,104373.26000000001,41.84,Low Performer,Lahore
15,122,422,359856.28,Statement Special,537.47,226812.34000000003,133043.94,36.97,Low Performer,Lahore
15,123,425,713417.75,Six Combo,718.62,305413.5,408004.25,57.19,Hidden Opportunity,Lahore
15,124,459,164680.02,Bar Special,219.79,100883.61,63796.40999999999,38.74,Volume Driver,Lahore
15,125,434,394553.74,Road Deluxe,426.77,185218.18,209335.56,53.06,Hidden Opportunity,Lahore
15,126,396,407333.51999999996,Public Combo,562.79,222864.84,184468.67999999996,45.29,Low Performer,Lahore
15,127,478,367639.36,Audience Deluxe,322.9,154346.19999999998,213293.16,58.02,Profit Driver,Lahore
15,128,489,985672.41,Hot Special,863.16,422085.24,563587.17,57.18,Profit Driver,Lahore
15,129,480,374702.4,Impact Classic,357.37,171537.6,203164.80000000002,54.22,Profit Driver,Lahore
15,130,481,172505.84,Consider Special,225.39,108412.59,64093.25,37.15,Volume Driver,Lahore
15,131,444,149836.68000000002,Seek Deluxe,160.61,71310.84000000001,78525.84000000001,52.41,Profit Driver,Lahore
15,132,480,406814.4,Agree Special,565.02,271209.6,135604.80000000005,33.33,Volume Driver,Lahore
15,133,511,140453.46000000002,Serve Combo,159.2,81351.2,59102.260000000024,42.08,Volume Driver,Lahore
15,134,420,616308.0,Unit Combo,874.12,367130.4,249177.59999999998,40.43,Low Performer,Lahore
15,135,440,279730.0,Security Platter,450.53,198233.19999999998,81496.80000000002,29.13,Volume Driver,Lahore
15,136,399,400803.48,Car Special,572.13,228279.87,172523.61,43.04,Low Performer,Lahore
15,137,452,458328.0,That Classic,462.13,208882.76,249445.24,54.43,Profit Driver,Lahore
15,138,458,530840.32,Owner Deluxe,435.28,199358.24,331482.07999999996,62.44,Profit Driver,Lahore
15,139,446,377244.64,Long Classic,379.04,169051.84,208192.80000000002,55.19,Profit Driver,Lahore
15,140,447,220996.8,Charge Platter,305.84,136710.47999999998,84286.32,38.14,Volume Driver,Lahore
15,141,381,329797.41000000003,Effort Combo,563.99,214880.19,114917.22000000003,34.84,Low Performer,Lahore
15,142,409,277203.83999999997,Teach Deluxe,502.43,205493.87,71709.96999999997,25.87,Low Performer,Lahore
15,143,442,505400.48000000004,Believe Deluxe,490.52,216809.84,288590.64,57.1,Profit Driver,Lahore
15,144,406,668901.24,Many Classic,850.25,345201.5,323699.74,48.39,Low Performer,Lahore
15,145,462,975503.76,Institution Platter,831.31,384065.22,591438.54,60.63,Profit Driver,Lahore
15,146,475,438249.25,South Classic,380.71,180837.25,257412.0,58.74,Profit Driver,Lahore
15,147,425,374314.5,Decide Combo,501.52,213146.0,161168.5,43.06,Low Performer,Lahore
15,148,451,333397.24,Position Platter,520.35,234677.85,98719.38999999998,29.61,Volume Driver,Lahore
15,149,447,360733.47,Firm Special,602.79,269447.13,91286.33999999997,25.31,Volume Driver,Lahore
15,150,472,191230.8,Matter Deluxe,165.56,78144.32,113086.47999999998,59.14,Profit Driver,Lahore
16,1,411,589764.4500000001,Evidence Classic,564.03,231816.33,357948.1200000001,60.69,Hidden Opportunity,Lahore
16,2,476,442008.84,Much Special,678.43,322932.68,119076.16000000003,26.94,Volume Driver,Lahore
16,3,459,944465.94,Wish Combo,791.49,363293.91000000003,581172.0299999999,61.53,Profit Driver,Lahore
16,4,392,469412.16000000003,We Deluxe,775.58,304027.36000000004,165384.8,35.23,Low Performer,Lahore
16,5,404,635403.12,Hundred Platter,676.37,273253.48,362149.64,57.0,Hidden Opportunity,Lahore
16,6,413,379121.61,Particularly Combo,550.6,227397.80000000002,151723.80999999997,40.02,Low Performer,Lahore
16,7,407,801183.57,Property Special,844.04,343524.27999999997,457659.29,57.12,Hidden Opportunity,Lahore
16,8,414,498079.25999999995,Join Platter,732.0,303048.0,195031.25999999995,39.16,Low Performer,Lahore
16,9,384,204664.32,Summer Classic,199.64,76661.76,128002.56000000001,62.54,Hidden Opportunity,Lahore
16,10,462,636478.92,Level Combo,524.42,242282.03999999998,394196.88000000006,61.93,Profit Driver,Lahore
16,11,433,310686.16,Star Deluxe,334.97,145042.01,165644.14999999997,53.32,Hidden Opportunity,Lahore
16,12,422,457042.88,Claim Special,587.65,247988.3,209054.58000000002,45.74,Low Performer,Lahore
16,13,464,862019.2,West Special,716.84,332613.76,529405.44,61.41,Profit Driver,Lahore
16,14,452,294283.64,Nothing Combo,466.62,210912.24,83371.40000000002,28.33,Volume Driver,Lahore
16,15,464,380600.64,Wide Platter,546.84,253733.76,126866.88,33.33,Volume Driver,Lahore
16,16,480,451089.6,Later Deluxe,552.73,265310.4,185779.19999999995,41.18,Volume Driver,Lahore
16,17,439,176886.27,Until Deluxe,268.62,117924.18000000001,58962.08999999998,33.33,Low Performer,Lahore
16,18,453,350943.63,Door Deluxe,530.76,240434.28,110509.35,31.49,Volume Driver,Lahore
16,19,445,287777.05000000005,Again Classic,264.63,117760.34999999999,170016.70000000007,59.08,Profit Driver,Lahore
16,20,460,560344.4,Tell Platter,599.21,275636.60000000003,284707.8,50.81,Profit Driver,Lahore
16,21,413,562828.14,Industry Platter,773.75,319558.75,243269.39,43.22,Low Performer,Lahore
16,22,494,607022.26,Plan Combo,860.21,424943.74,182078.52000000002,30.0,Volume Driver,Lahore
16,23,440,359942.0,Raise Combo,549.53,241793.19999999998,118148.80000000002,32.82,Volume Driver,Lahore
16,24,445,536701.15,Control Special,545.76,242863.19999999998,293837.95000000007,54.75,Profit Driver,Lahore
16,25,457,722676.95,Before Combo,667.4,305001.8,417675.14999999997,57.8,Profit Driver,Lahore
16,26,435,346834.2,Court Special,538.18,234108.3,112725.90000000002,32.5,Low Performer,Lahore
16,27,467,454241.56,Service Special,591.23,276104.41000000003,178137.14999999997,39.22,Volume Driver,Lahore
16,28,420,430243.80000000005,Role Platter,623.33,261798.6,168445.20000000004,39.15,Low Performer,Lahore
16,29,403,304946.07,Scientist Special,328.5,132385.5,172560.57,56.59,Hidden Opportunity,Lahore
16,30,504,925656.48,Member Combo,851.64,429226.56,496429.92,53.63,Profit Driver,Lahore
16,31,450,539154.0,Country Platter,755.62,340029.0,199125.0,36.93,Volume Driver,Lahore
16,32,447,531800.37,Trouble Platter,458.33,204873.50999999998,326926.86,61.48,Profit Driver,Lahore
16,33,402,699890.04,Attention Platter,696.16,279856.32,420033.72000000003,60.01,Hidden Opportunity,Lahore
16,34,434,361951.66000000003,Open Special,552.21,239659.14,122292.52000000002,33.79,Low Performer,Lahore
16,35,412,469160.88,Pressure Classic,805.86,332014.32,137146.56,29.23,Low Performer,Lahore
16,36,484,1111873.84,Recent Platter,899.46,435338.64,676535.2000000001,60.85,Profit Driver,Lahore
16,37,436,363349.32,Phone Combo,514.23,224204.28,139145.04,38.3,Low Performer,Lahore
16,38,474,135516.59999999998,Recently Combo,151.62,71867.88,63648.71999999997,46.97,Volume Driver,Lahore
16,39,436,1057042.76,Company Classic,867.99,378443.64,678599.12,64.2,Hidden Opportunity,Lahore
16,40,434,445110.39999999997,Expert Classic,372.53,161678.02,283432.38,63.68,Hidden Opportunity,Lahore
16,41,477,252681.21000000002,Traditional Combo,385.2,183740.4,68940.81000000003,27.28,Volume Driver,Lahore
16,42,481,365382.02999999997,Pay Classic,548.34,263751.54000000004,101630.48999999993,27.81,Volume Driver,Lahore
16,43,415,117171.09999999999,Fight Special,201.39,83576.84999999999,33594.25,28.67,Low Performer,Lahore
16,44,424,578776.96,Ability Classic,817.72,346713.28,232063.67999999993,40.1,Low Performer,Lahore
16,45,471,475874.85000000003,Up Classic,464.42,218741.82,257133.03000000003,54.03,Profit Driver,Lahore
16,46,426,306660.36,While Special,303.19,129158.94,177501.41999999998,57.88,Hidden Opportunity,Lahore
16,47,461,527425.49,Mr Deluxe,653.77,301387.97,226037.52000000002,42.86,Volume Driver,Lahore
16,48,470,620743.1,Skin Platter,615.87,289458.9,331284.19999999995,53.37,Profit Driver,Lahore
16,49,460,364973.19999999995,Tend Deluxe,529.41,243528.59999999998,121444.59999999998,33.27,Volume Driver,Lahore
16,50,472,309806.64,Might Classic,427.15,201614.8,108191.84000000003,34.92,Volume Driver,Lahore
16,51,426,865214.52,True Platter,890.42,379318.92,485895.60000000003,56.16,Hidden Opportunity,Lahore
16,52,449,787451.71,Material Special,647.54,290745.45999999996,496706.25,63.08,Profit Driver,Lahore
16,53,434,212859.63999999998,Black Deluxe,230.28,99941.52,112918.11999999998,53.05,Hidden Opportunity,Lahore
16,54,420,464036.99999999994,Price Deluxe,688.21,289048.2,174988.79999999993,37.71,Low Performer,Lahore
16,55,422,898788.26,Turn Platter,829.0,349838.0,548950.26,61.08,Hidden Opportunity,Lahore
16,56,465,153259.34999999998,Life Special,183.07,85127.55,68131.79999999997,44.46,Volume Driver,Lahore
16,57,486,551775.24,Child Classic,481.38,233950.68,317824.56,57.6,Profit Driver,Lahore
16,58,469,941090.71,Effect Special,858.79,402772.51,538318.2,57.2,Profit Driver,Lahore
16,59,448,407142.39999999997,Coach Combo,426.91,191255.68000000002,215886.71999999994,53.02,Profit Driver,Lahore
16,60,394,450448.38,Enough Platter,423.49,166855.06,283593.32,62.96,Hidden Opportunity,Lahore
16,61,440,215723.19999999998,Themselves Classic,337.15,148346.0,67377.19999999998,31.23,Volume Driver,Lahore
16,62,426,815623.86,Few Special,712.11,303358.86,512265.0,62.81,Hidden Opportunity,Lahore
16,63,431,856733.18,This Platter,758.08,326732.48000000004,530000.7,61.86,Hidden Opportunity,Lahore
16,64,433,465981.61000000004,Sign Special,399.14,172827.62,293153.99000000005,62.91,Hidden Opportunity,Lahore
16,65,428,542113.36,History Platter,675.96,289310.88,252802.47999999998,46.63,Low Performer,Lahore
16,66,411,623733.6,Bag Deluxe,762.44,313362.84,310370.75999999995,49.76,Hidden Opportunity,Lahore
16,67,440,538582.0,Onto Deluxe,645.02,283808.8,254773.2,47.3,Volume Driver,Lahore
16,68,471,382880.61,Pull Combo,359.34,169249.13999999998,213631.47,55.8,Profit Driver,Lahore
16,69,378,168769.44,Than Deluxe,170.7,64524.6,104244.84,61.77,Hidden Opportunity,Lahore
16,70,462,556663.8,Central Classic,887.66,410098.92,146564.88000000006,26.33,Volume Driver,Lahore
16,71,473,683981.65,Bit Classic,739.82,349934.86000000004,334046.79,48.84,Volume Driver,Lahore
16,72,407,398741.97000000003,Hold Combo,582.44,237053.08000000002,161688.89,40.55,Low Performer,Lahore
16,73,457,803904.13,Against Special,754.88,344980.16,458923.97000000003,57.09,Profit Driver,Lahore
16,74,415,958753.75,Southern Classic,861.66,357588.89999999997,601164.8500000001,62.7,Hidden Opportunity,Lahore
16,75,443,285828.03,Success Classic,243.47,107857.21,177970.82,62.26,Profit Driver,Lahore
16,76,415,245663.40000000002,Admit Classic,394.64,163775.6,81887.80000000002,33.33,Low Performer,Lahore
16,77,364,441255.36,High Special,648.7,236126.80000000002,205128.55999999997,46.49,Low Performer,Lahore
16,78,431,499701.4,Measure Deluxe,454.56,195915.36000000002,303786.04000000004,60.79,Hidden Opportunity,Lahore
16,79,427,697671.03,Probably Deluxe,739.32,315689.64,381981.39,54.75,Hidden Opportunity,Lahore
16,80,413,560556.64,Specific Special,656.72,271225.36,289331.28,51.61,Hidden Opportunity,Lahore
16,81,440,635395.2,House Platter,647.89,285071.6,350323.6,55.13,Profit Driver,Lahore
16,82,463,235736.44999999998,Hotel Platter,318.48,147456.24000000002,88280.20999999996,37.45,Volume Driver,Lahore
16,83,456,594464.4,Reduce Platter,506.35,230895.6,363568.80000000005,61.16,Profit Driver,Lahore
16,84,433,428895.16,Box Combo,622.32,269464.56,159430.59999999998,37.17,Low Performer,Lahore
16,85,398,241888.48,Positive Platter,260.68,103750.64,138137.84000000003,57.11,Hidden Opportunity,Lahore
16,86,407,718403.84,Others Combo,753.08,306503.56,411900.27999999997,57.34,Hidden Opportunity,Lahore
16,87,429,532860.8999999999,Forget Special,838.1,359544.9,173315.99999999988,32.53,Low Performer,Lahore
16,88,414,808935.3,Language Combo,890.92,368840.88,440094.42000000004,54.4,Hidden Opportunity,Lahore
16,89,428,680087.72,Foot Classic,819.02,350540.56,329547.16,48.46,Low Performer,Lahore
16,90,466,663574.68,Speak Deluxe,707.74,329806.84,333767.84,50.3,Profit Driver,Lahore
16,91,434,383204.64,No Combo,357.98,155363.32,227841.32,59.46,Hidden Opportunity,Lahore
16,92,453,162962.22,Will Deluxe,208.11,94273.83,68688.39,42.15,Volume Driver,Lahore
16,93,428,358176.08,Building Special,555.11,237587.08000000002,120589.0,33.67,Low Performer,Lahore
16,94,451,428111.75,Either Combo,679.81,306594.31,121517.44,28.38,Volume Driver,Lahore
16,95,436,324235.76,Mrs Combo,461.83,201357.88,122877.88,37.9,Low Performer,Lahore
16,96,468,644899.3200000001,Establish Classic,588.06,275212.07999999996,369687.2400000001,57.32,Profit Driver,Lahore
16,97,473,708587.11,Majority Combo,857.06,405389.37999999995,303197.73000000004,42.79,Volume Driver,Lahore
16,98,448,785034.88,Letter Special,700.98,314039.04000000004,470995.83999999997,60.0,Profit Driver,Lahore
16,99,424,303295.68,Possible Deluxe,476.88,202197.12,101098.56,33.33,Low Performer,Lahore
16,100,461,963895.68,City Classic,780.38,359755.18,604140.5,62.68,Profit Driver,Lahore
16,101,433,414099.55,Race Platter,445.52,192910.16,221189.38999999998,53.41,Hidden Opportunity,Lahore
16,102,444,222737.04,Whose Platter,251.77,111785.88,110951.16,49.81,Profit Driver,Lahore
16,103,480,265320.0,Resource Combo,308.75,148200.0,117120.0,44.14,Volume Driver,Lahore
16,104,453,588442.47,Hard Platter,773.94,350594.82,237847.64999999997,40.42,Volume Driver,Lahore
16,105,441,684736.29,Strong Deluxe,554.56,244560.95999999996,440175.3300000001,64.28,Profit Driver,Lahore
16,106,481,806228.15,Affect Platter,735.92,353977.51999999996,452250.63000000006,56.09,Profit Driver,Lahore
16,107,472,119255.52,Story Special,165.29,78016.87999999999,41238.640000000014,34.58,Volume Driver,Lahore
16,108,419,390595.99,Under Deluxe,572.98,240078.62,150517.37,38.54,Low Performer,Lahore
16,109,448,656906.88,Popular Platter,605.44,271237.12,385669.76,58.71,Profit Driver,Lahore
16,110,419,129592.51000000001,Daughter Deluxe,231.07,96818.33,32774.18000000001,25.29,Low Performer,Lahore
16,111,494,813143.76,Decision Special,868.63,429103.22,384040.54000000004,47.23,Volume Driver,Lahore
16,112,447,575007.3899999999,Explain Deluxe,772.93,345499.70999999996,229507.67999999993,39.91,Volume Driver,Lahore
16,113,457,733754.63,Morning Platter,747.17,341456.69,392297.94,53.46,Profit Driver,Lahore
16,114,418,379050.76,Certain Deluxe,646.14,270086.52,108964.23999999999,28.75,Low Performer,Lahore
16,115,431,481926.96,List Deluxe,766.75,330469.25,151457.71000000002,31.43,Low Performer,Lahore
16,116,430,492014.60000000003,Kind Deluxe,476.62,204946.6,287068.0,58.35,Hidden Opportunity,Lahore
16,117,458,513527.92,Keep Combo,553.63,253562.54,259965.37999999998,50.62,Profit Driver,Lahore
16,118,467,937880.77,Movement Platter,788.78,368360.26,569520.51,60.72,Profit Driver,Lahore
16,119,456,303157.92000000004,Body Classic,332.9,151802.4,151355.52000000005,49.93,Profit Driver,Lahore
16,120,415,386290.3,Talk Combo,520.73,216102.95,170187.34999999998,44.06,Low Performer,Lahore
16,121,435,257124.15000000002,Analysis Classic,343.76,149535.6,107588.55000000002,41.84,Low Performer,Lahore
16,122,453,386291.22000000003,Statement Special,537.47,243473.91,142817.31000000003,36.97,Volume Driver,Lahore
16,123,429,720132.27,Six Combo,718.62,308287.98,411844.29000000004,57.19,Hidden Opportunity,Lahore
16,124,478,171496.84,Bar Special,219.79,105059.62,66437.22,38.74,Volume Driver,Lahore
16,125,450,409099.5,Road Deluxe,426.77,192046.5,217053.0,53.06,Profit Driver,Lahore
16,126,435,447449.69999999995,Public Combo,562.79,244813.65,202636.04999999996,45.29,Low Performer,Lahore
16,127,449,345334.88,Audience Deluxe,322.9,144982.09999999998,200352.78000000003,58.02,Profit Driver,Lahore
16,128,405,816354.45,Hot Special,863.16,349579.8,466774.64999999997,57.18,Hidden Opportunity,Lahore
16,129,402,313813.26,Impact Classic,357.37,143662.74,170150.52000000002,54.22,Hidden Opportunity,Lahore
16,130,455,163181.19999999998,Consider Special,225.39,102552.45,60628.749999999985,37.15,Volume Driver,Lahore
16,131,412,139037.64,Seek Deluxe,160.61,66171.32,72866.32,52.41,Hidden Opportunity,Lahore
16,132,423,358505.19,Agree Special,565.02,239003.46,119501.73000000001,33.33,Low Performer,Lahore
16,133,444,122037.84000000001,Serve Combo,159.2,70684.79999999999,51353.04000000002,42.08,Volume Driver,Lahore
16,134,424,622177.6000000001,Unit Combo,874.12,370626.88,251550.7200000001,40.43,Low Performer,Lahore
16,135,417,265107.75,Security Platter,450.53,187871.00999999998,77236.74000000002,29.13,Low Performer,Lahore
16,136,447,449020.44,Car Special,572.13,255742.11,193278.33000000002,43.04,Volume Driver,Lahore
16,137,456,462384.0,That Classic,462.13,210731.28,251652.72,54.43,Profit Driver,Lahore
16,138,433,501864.32,Owner Deluxe,435.28,188476.24,313388.08,62.44,Hidden Opportunity,Lahore
16,139,531,449141.04000000004,Long Classic,379.04,201270.24000000002,247870.80000000002,55.19,Profit Driver,Lahore
16,140,455,224952.0,Charge Platter,305.84,139157.19999999998,85794.80000000002,38.14,Volume Driver,Lahore
16,141,433,374809.13,Effort Combo,563.99,244207.67,130601.45999999999,34.84,Low Performer,Lahore
16,142,445,301603.2,Teach Deluxe,502.43,223581.35,78021.85,25.87,Volume Driver,Lahore
16,143,491,561429.04,Believe Deluxe,490.52,240845.31999999998,320583.7200000001,57.1,Profit Driver,Lahore
16,144,476,784229.04,Many Classic,850.25,404719.0,379510.04000000004,48.39,Volume Driver,Lahore
16,145,453,956500.4400000001,Institution Platter,831.31,376583.43,579917.01,60.63,Profit Driver,Lahore
16,146,420,387504.6,South Classic,380.71,159898.19999999998,227606.4,58.74,Hidden Opportunity,Lahore
16,147,424,373433.76,Decide Combo,501.52,212644.47999999998,160789.28000000003,43.06,Low Performer,Lahore
16,148,436,322308.64,Position Platter,520.35,226872.6,95436.04000000001,29.61,Low Performer,Lahore
16,149,412,332488.12,Firm Special,602.79,248349.47999999998,84138.64000000001,25.31,Low Performer,Lahore
16,150,460,186369.0,Matter Deluxe,165.56,76157.6,110211.4,59.14,Profit Driver,Lahore
17,1,466,668686.7000000001,Evidence Classic,564.03,262837.98,405848.7200000001,60.69,Profit Driver,Multan
17,2,486,451294.74,Much Special,678.43,329716.98,121577.76000000001,26.94,Volume Driver,Multan
17,3,474,975330.84,Wish Combo,791.49,375166.26,600164.58,61.53,Profit Driver,Multan
17,4,463,554433.24,We Deluxe,775.58,359093.54000000004,195339.69999999995,35.23,Volume Driver,Multan
17,5,500,786390.0,Hundred Platter,676.37,338185.0,448205.0,57.0,Profit Driver,Multan
17,6,449,412168.53,Particularly Combo,550.6,247219.40000000002,164949.13,40.02,Volume Driver,Multan
17,7,451,887798.01,Property Special,844.04,380662.04,507135.97000000003,57.12,Profit Driver,Multan
17,8,405,487251.44999999995,Join Platter,732.0,296460.0,190791.44999999995,39.16,Low Performer,Multan
17,9,444,236643.12,Summer Classic,199.64,88640.15999999999,148002.96000000002,62.54,Profit Driver,Multan
17,10,440,606170.4,Level Combo,524.42,230744.8,375425.60000000003,61.93,Profit Driver,Multan
17,11,409,293465.68,Star Deluxe,334.97,137002.73,156462.94999999998,53.32,Hidden Opportunity,Multan
17,12,423,458125.92,Claim Special,587.65,248575.94999999998,209549.97,45.74,Low Performer,Multan
17,13,449,834152.2,West Special,716.84,321861.16000000003,512291.0399999999,61.41,Profit Driver,Multan
17,14,476,309909.32,Nothing Combo,466.62,222111.12,87798.20000000001,28.33,Volume Driver,Multan
17,15,424,347790.24,Wide Platter,546.84,231860.16,115930.07999999999,33.33,Low Performer,Multan
17,16,472,443571.44,Later Deluxe,552.73,260888.56,182682.88,41.18,Volume Driver,Multan
17,17,434,174871.62,Until Deluxe,268.62,116581.08,58290.53999999999,33.33,Low Performer,Multan
17,18,485,375734.35000000003,Door Deluxe,530.76,257418.6,118315.75000000003,31.49,Volume Driver,Multan
17,19,453,292950.57,Again Classic,264.63,119877.39,173073.18,59.08,Profit Driver,Multan
17,20,373,454366.22000000003,Tell Platter,599.21,223505.33000000002,230860.89,50.81,Hidden Opportunity,Multan
17,21,415,565553.7,Industry Platter,773.75,321106.25,244447.44999999995,43.22,Low Performer,Multan
17,22,468,575073.72,Plan Combo,860.21,402578.28,172495.43999999994,30.0,Volume Driver,Multan
17,23,448,366486.39999999997,Raise Combo,549.53,246189.44,120296.95999999996,32.82,Volume Driver,Multan
17,24,420,506549.39999999997,Control Special,545.76,229219.19999999998,277330.19999999995,54.75,Hidden Opportunity,Multan
17,25,451,713188.85,Before Combo,667.4,300997.39999999997,412191.45,57.8,Profit Driver,Multan
17,26,423,337266.36000000004,Court Special,538.18,227650.13999999998,109616.22000000006,32.5,Low Performer,Multan
17,27,433,421170.44,Service Special,591.23,256002.59,165167.85,39.22,Low Performer,Multan
17,28,464,475316.96,Role Platter,623.33,289225.12,186091.84000000003,39.15,Volume Driver,Multan
17,29,377,285272.13,Scientist Special,328.5,123844.5,161427.63,56.59,Hidden Opportunity,Multan
17,30,508,933002.96,Member Combo,851.64,432633.12,500369.83999999997,53.63,Profit Driver,Multan
17,31,471,564314.5199999999,Country Platter,755.62,355897.02,208417.49999999988,36.93,Volume Driver,Multan
17,32,437,519903.27,Trouble Platter,458.33,200290.21,319613.06000000006,61.48,Hidden Opportunity,Multan
17,33,448,779976.96,Attention Platter,696.16,311879.68,468097.27999999997,60.01,Profit Driver,Multan
17,34,458,381967.42000000004,Open Special,552.21,252912.18000000002,129055.24000000002,33.79,Volume Driver,Multan
17,35,428,487380.72000000003,Pressure Classic,805.86,344908.08,142472.64,29.23,Low Performer,Multan
17,36,422,969443.7200000001,Recent Platter,899.46,379572.12,589871.6000000001,60.85,Hidden Opportunity,Multan
17,37,443,369182.91000000003,Phone Combo,514.23,227803.89,141379.02000000002,38.3,Volume Driver,Multan
17,38,424,121221.59999999999,Recently Combo,151.62,64286.880000000005,56934.71999999999,46.97,Low Performer,Multan
17,39,464,1124926.24,Company Classic,867.99,402747.36,722178.88,64.2,Profit Driver,Multan
17,40,409,419470.39999999997,Expert Classic,372.53,152364.77,267105.63,63.68,Hidden Opportunity,Multan
17,41,459,243146.07,Traditional Combo,385.2,176806.8,66339.27000000002,27.28,Volume Driver,Multan
17,42,430,326640.9,Pay Classic,548.34,235786.2,90854.70000000001,27.81,Low Performer,Multan
17,43,477,134676.18,Fight Special,201.39,96063.03,38613.149999999994,28.67,Volume Driver,Multan
17,44,414,565126.5599999999,Ability Classic,817.72,338536.08,226590.47999999992,40.1,Low Performer,Multan
17,45,457,461729.95,Up Classic,464.42,212239.94,249490.01,54.03,Profit Driver,Multan
17,46,473,340493.78,While Special,303.19,143408.87,197084.91000000003,57.88,Profit Driver,Multan
17,47,472,540010.48,Mr Deluxe,653.77,308579.44,231431.03999999998,42.86,Volume Driver,Multan
17,48,446,589045.58,Skin Platter,615.87,274678.02,314367.55999999994,53.37,Profit Driver,Multan
17,49,448,355452.16,Tend Deluxe,529.41,237175.68,118276.47999999998,33.27,Volume Driver,Multan
17,50,446,292741.02,Might Classic,427.15,190508.9,102232.12000000002,34.92,Volume Driver,Multan
17,51,402,816470.04,True Platter,890.42,357948.83999999997,458521.20000000007,56.16,Hidden Opportunity,Multan
17,52,449,787451.71,Material Special,647.54,290745.45999999996,496706.25,63.08,Profit Driver,Multan
17,53,461,226102.06,Black Deluxe,230.28,106159.08,119942.98,53.05,Profit Driver,Multan
17,54,415,458512.74999999994,Price Deluxe,688.21,285607.15,172905.59999999992,37.71,Low Performer,Multan
17,55,458,975462.14,Turn Platter,829.0,379682.0,595780.14,61.08,Profit Driver,Multan
17,56,422,139086.97999999998,Life Special,183.07,77255.54,61831.43999999999,44.46,Low Performer,Multan
17,57,456,517715.04,Child Classic,481.38,219509.28,298205.76,57.6,Profit Driver,Multan
17,58,439,880893.01,Effect Special,858.79,377008.81,503884.2,57.2,Hidden Opportunity,Multan
17,59,492,447129.6,Coach Combo,426.91,210039.72,237089.87999999998,53.02,Profit Driver,Multan
17,60,445,508755.14999999997,Enough Platter,423.49,188453.05000000002,320302.1,62.96,Profit Driver,Multan
17,61,460,225528.8,Themselves Classic,337.15,155089.0,70439.79999999999,31.23,Volume Driver,Multan
17,62,416,796477.76,Few Special,712.11,296237.76,500240.0,62.81,Hidden Opportunity,Multan
17,63,468,930281.04,This Platter,758.08,354781.44,575499.6000000001,61.86,Profit Driver,Multan
17,64,409,440153.53,Sign Special,399.14,163248.25999999998,276905.27,62.91,Hidden Opportunity,Multan
17,65,432,547179.84,History Platter,675.96,292014.72000000003,255165.11999999994,46.63,Low Performer,Multan
17,66,450,682920.0,Bag Deluxe,762.44,343098.0,339822.0,49.76,Profit Driver,Multan
17,67,448,548374.4,Onto Deluxe,645.02,288968.95999999996,259405.44000000006,47.3,Volume Driver,Multan
17,68,467,379628.97,Pull Combo,359.34,167811.78,211817.18999999997,55.8,Profit Driver,Multan
17,69,424,189307.52000000002,Than Deluxe,170.7,72376.79999999999,116930.72000000003,61.77,Hidden Opportunity,Multan
17,70,464,559073.6000000001,Central Classic,887.66,411874.24,147199.3600000001,26.33,Volume Driver,Multan
17,71,404,584204.2,Bit Classic,739.82,298887.28,285316.9199999999,48.84,Low Performer,Multan
17,72,451,441849.21,Hold Combo,582.44,262680.44,179168.77000000002,40.55,Volume Driver,Multan
17,73,470,826772.2999999999,Against Special,754.88,354793.6,471978.69999999995,57.09,Profit Driver,Multan
17,74,470,1085817.5,Southern Classic,861.66,404980.2,680837.3,62.7,Profit Driver,Multan
17,75,452,291634.92000000004,Success Classic,243.47,110048.44,181586.48000000004,62.26,Profit Driver,Multan
17,76,433,256318.68000000002,Admit Classic,394.64,170879.12,85439.56000000003,33.33,Low Performer,Multan
17,77,451,546720.24,High Special,648.7,292563.7,254156.53999999998,46.49,Volume Driver,Multan
17,78,438,507817.2,Measure Deluxe,454.56,199097.28,308719.92000000004,60.79,Hidden Opportunity,Multan
17,79,476,777731.64,Probably Deluxe,739.32,351916.32,425815.32,54.75,Profit Driver,Multan
17,80,407,552412.96,Specific Special,656.72,267285.04000000004,285127.9199999999,51.61,Hidden Opportunity,Multan
17,81,525,758142.0,House Platter,647.89,340142.25,417999.75,55.13,Profit Driver,Multan
17,82,450,229117.5,Hotel Platter,318.48,143316.0,85801.5,37.45,Volume Driver,Multan
17,83,431,561873.15,Reduce Platter,506.35,218236.85,343636.30000000005,61.16,Hidden Opportunity,Multan
17,84,494,489316.88,Box Combo,622.32,307426.08,181890.8,37.17,Volume Driver,Multan
17,85,482,292940.32,Positive Platter,260.68,125647.76000000001,167292.56,57.11,Profit Driver,Multan
17,86,417,736055.0399999999,Others Combo,753.08,314034.36000000004,422020.6799999999,57.34,Hidden Opportunity,Multan
17,87,445,552734.5,Forget Special,838.1,372954.5,179780.0,32.53,Volume Driver,Multan
17,88,432,844106.4,Language Combo,890.92,384877.44,459228.96,54.4,Hidden Opportunity,Multan
17,89,437,694388.63,Foot Classic,819.02,357911.74,336476.89,48.46,Low Performer,Multan
17,90,458,652182.84,Speak Deluxe,707.74,324144.92,328037.92,50.3,Profit Driver,Multan
17,91,391,345237.36,No Combo,357.98,139970.18,205267.18,59.46,Hidden Opportunity,Multan
17,92,410,147493.4,Will Deluxe,208.11,85325.1,62168.29999999999,42.15,Low Performer,Multan
17,93,472,394997.92,Building Special,555.11,262011.92,132985.99999999997,33.67,Volume Driver,Multan
17,94,404,383497.0,Either Combo,679.81,274643.24,108853.76000000001,28.38,Low Performer,Multan
17,95,428,318286.48,Mrs Combo,461.83,197663.24,120623.23999999999,37.9,Low Performer,Multan
17,96,393,541550.07,Establish Classic,588.06,231107.58,310442.49,57.32,Hidden Opportunity,Multan
17,97,421,630687.47,Majority Combo,857.06,360822.25999999995,269865.21,42.79,Low Performer,Multan
17,98,476,834099.5599999999,Letter Special,700.98,333666.48,500433.07999999996,60.0,Profit Driver,Multan
17,99,495,354083.39999999997,Possible Deluxe,476.88,236055.6,118027.79999999996,33.33,Volume Driver,Multan
17,100,478,999440.64,City Classic,780.38,373021.64,626419.0,62.68,Profit Driver,Multan
17,101,470,449484.5,Race Platter,445.52,209394.4,240090.1,53.41,Profit Driver,Multan
17,102,383,192135.78,Whose Platter,251.77,96427.91,95707.87,49.81,Hidden Opportunity,Multan
17,103,427,236024.25,Resource Combo,308.75,131836.25,104188.0,44.14,Low Performer,Multan
17,104,435,565060.65,Hard Platter,773.94,336663.9,228396.75,40.42,Low Performer,Multan
17,105,433,672314.77,Strong Deluxe,554.56,240124.47999999998,432190.29000000004,64.28,Hidden Opportunity,Multan
17,106,425,712363.75,Affect Platter,735.92,312766.0,399597.75,56.09,Hidden Opportunity,Multan
17,107,503,127087.98,Story Special,165.29,83140.87,43947.11,34.58,Volume Driver,Multan
17,108,420,391528.2,Under Deluxe,572.98,240651.6,150876.6,38.54,Low Performer,Multan
17,109,429,629046.99,Popular Platter,605.44,259733.76,369313.23,58.71,Hidden Opportunity,Multan
17,110,452,139799.08000000002,Daughter Deluxe,231.07,104443.64,35355.44000000002,25.29,Volume Driver,Multan
17,111,406,668292.24,Decision Special,868.63,352663.77999999997,315628.46,47.23,Low Performer,Multan
17,112,401,515834.36999999994,Explain Deluxe,772.93,309944.93,205889.43999999994,39.91,Low Performer,Multan
17,113,424,680770.1599999999,Morning Platter,747.17,316800.07999999996,363970.07999999996,53.46,Hidden Opportunity,Multan
17,114,397,360007.54000000004,Certain Deluxe,646.14,256517.58,103489.96000000005,28.75,Low Performer,Multan
17,115,489,546780.24,List Deluxe,766.75,374940.75,171839.49,31.43,Volume Driver,Multan
17,116,401,458832.22000000003,Kind Deluxe,476.62,191124.62,267707.60000000003,58.35,Hidden Opportunity,Multan
17,117,406,455223.44,Keep Combo,553.63,224773.78,230449.66,50.62,Hidden Opportunity,Multan
17,118,413,829432.03,Movement Platter,788.78,325766.14,503665.89,60.72,Hidden Opportunity,Multan
17,119,408,271246.56,Body Classic,332.9,135823.19999999998,135423.36000000002,49.93,Hidden Opportunity,Multan
17,120,403,375120.46,Talk Combo,520.73,209854.19,165266.27000000002,44.06,Low Performer,Multan
17,121,421,248848.89,Analysis Classic,343.76,144722.96,104125.93000000002,41.84,Low Performer,Multan
17,122,430,366678.2,Statement Special,537.47,231112.1,135566.1,36.97,Low Performer,Multan
17,123,439,736918.5700000001,Six Combo,718.62,315474.18,421444.3900000001,57.19,Hidden Opportunity,Multan
17,124,425,152481.5,Bar Special,219.79,93410.75,59070.75,38.74,Low Performer,Multan
17,125,395,359098.45,Road Deluxe,426.77,168574.15,190524.30000000002,53.06,Hidden Opportunity,Multan
17,126,381,391904.22,Public Combo,562.79,214422.99,177481.22999999998,45.29,Low Performer,Multan
17,127,456,350718.72000000003,Audience Deluxe,322.9,147242.4,203476.32000000004,58.02,Profit Driver,Multan
17,128,474,955437.06,Hot Special,863.16,409137.83999999997,546299.2200000001,57.18,Profit Driver,Multan
17,129,455,355186.65,Impact Classic,357.37,162603.35,192583.30000000002,54.22,Profit Driver,Multan
17,130,405,145249.19999999998,Consider Special,225.39,91282.95,53966.249999999985,37.15,Low Performer,Multan
17,131,422,142412.34000000003,Seek Deluxe,160.61,67777.42000000001,74634.92000000001,52.41,Hidden Opportunity,Multan
17,132,416,352572.48,Agree Special,565.02,235048.32,117524.15999999997,33.33,Low Performer,Multan
17,133,412,113242.32,Serve Combo,159.2,65590.4,47651.92000000001,42.08,Low Performer,Multan
17,134,430,630982.0,Unit Combo,874.12,375871.6,255110.40000000002,40.43,Low Performer,Multan
17,135,449,285451.75,Security Platter,450.53,202287.97,83163.78,29.13,Volume Driver,Multan
17,136,401,402812.52,Car Special,572.13,229424.13,173388.39,43.04,Low Performer,Multan
17,137,438,444132.0,That Classic,462.13,202412.94,241719.06,54.43,Hidden Opportunity,Multan
17,138,461,534317.44,Owner Deluxe,435.28,200664.08,333653.36,62.44,Profit Driver,Multan
17,139,485,410232.4,Long Classic,379.04,183834.40000000002,226398.0,55.19,Profit Driver,Multan
17,140,426,210614.4,Charge Platter,305.84,130287.84,80326.56,38.14,Low Performer,Multan
17,141,404,349706.44,Effort Combo,563.99,227851.96,121854.48000000001,34.84,Low Performer,Multan
17,142,436,295503.36,Teach Deluxe,502.43,219059.48,76443.87999999998,25.87,Low Performer,Multan
17,143,466,532843.04,Believe Deluxe,490.52,228582.31999999998,304260.7200000001,57.1,Profit Driver,Multan
17,144,459,756220.86,Many Classic,850.25,390264.75,365956.11,48.39,Volume Driver,Multan
17,145,456,962834.88,Institution Platter,831.31,379077.36,583757.52,60.63,Profit Driver,Multan
17,146,432,398576.16,South Classic,380.71,164466.72,234109.43999999997,58.74,Hidden Opportunity,Multan
17,147,410,361103.4,Decide Combo,501.52,205623.19999999998,155480.20000000004,43.06,Low Performer,Multan
17,148,455,336354.2,Position Platter,520.35,236759.25,99594.95000000001,29.61,Volume Driver,Multan
17,149,398,321189.98,Firm Special,602.79,239910.41999999998,81279.56,25.31,Low Performer,Multan
17,150,418,169352.69999999998,Matter Deluxe,165.56,69204.08,100148.61999999998,59.14,Hidden Opportunity,Multan
18,1,410,588329.5,Evidence Classic,564.03,231252.3,357077.2,60.69,Hidden Opportunity,Karachi
18,2,416,386293.44,Much Special,678.43,282226.88,104066.56,26.94,Low Performer,Karachi
18,3,475,977388.4999999999,Wish Combo,791.49,375957.75,601430.7499999999,61.53,Profit Driver,Karachi
18,4,448,536471.04,We Deluxe,775.58,347459.84,189011.2,35.23,Volume Driver,Karachi
18,5,460,723478.8,Hundred Platter,676.37,311130.2,412348.60000000003,57.0,Profit Driver,Karachi
18,6,383,351582.51,Particularly Combo,550.6,210879.80000000002,140702.71,40.02,Low Performer,Karachi
18,7,463,911420.13,Property Special,844.04,390790.51999999996,520629.61000000004,57.12,Profit Driver,Karachi
18,8,444,534171.96,Join Platter,732.0,325008.0,209163.95999999996,39.16,Volume Driver,Karachi
18,9,464,247302.72,Summer Classic,199.64,92632.95999999999,154669.76,62.54,Profit Driver,Karachi
18,10,466,641989.56,Level Combo,524.42,244379.71999999997,397609.8400000001,61.93,Profit Driver,Karachi
18,11,445,319296.39999999997,Star Deluxe,334.97,149061.65000000002,170234.74999999994,53.32,Profit Driver,Karachi
18,12,462,500364.48,Claim Special,587.65,271494.3,228870.18,45.74,Volume Driver,Karachi
18,13,463,860161.4,West Special,716.84,331896.92000000004,528264.48,61.41,Profit Driver,Karachi
18,14,431,280611.17000000004,Nothing Combo,466.62,201113.22,79497.95000000004,28.33,Low Performer,Karachi
18,15,385,315800.1,Wide Platter,546.84,210533.40000000002,105266.69999999995,33.33,Low Performer,Karachi
18,16,451,423836.27,Later Deluxe,552.73,249281.23,174555.04,41.18,Volume Driver,Karachi
18,17,462,186153.66,Until Deluxe,268.62,124102.44,62051.22,33.33,Volume Driver,Karachi
18,18,450,348619.5,Door Deluxe,530.76,238842.0,109777.5,31.49,Volume Driver,Karachi
18,19,468,302650.92000000004,Again Classic,264.63,123846.84,178804.08000000005,59.08,Profit Driver,Karachi
18,20,453,551817.42,Tell Platter,599.21,271442.13,280375.29000000004,50.81,Profit Driver,Karachi
18,21,466,635055.48,Industry Platter,773.75,360567.5,274487.98,43.22,Volume Driver,Karachi
18,22,403,495202.37,Plan Combo,860.21,346664.63,148537.74,30.0,Low Performer,Karachi
18,23,393,321493.64999999997,Raise Combo,549.53,215965.28999999998,105528.35999999999,32.82,Low Performer,Karachi
18,24,405,488458.35,Control Special,545.76,221032.8,267425.55,54.75,Hidden Opportunity,Karachi
18,25,437,691049.95,Before Combo,667.4,291653.8,399396.14999999997,57.8,Hidden Opportunity,Karachi
18,26,494,393876.08,Court Special,538.18,265860.92,128015.16000000003,32.5,Volume Driver,Karachi
18,27,453,440624.04,Service Special,591.23,267827.19,172796.84999999998,39.22,Volume Driver,Karachi
18,28,429,439463.31000000006,Role Platter,623.33,267408.57,172054.74000000005,39.15,Low Performer,Karachi
18,29,455,344293.95,Scientist Special,328.5,149467.5,194826.45,56.59,Profit Driver,Karachi
18,30,464,852191.6799999999,Member Combo,851.64,395160.96,457030.7199999999,53.63,Profit Driver,Karachi
18,31,461,552333.32,Country Platter,755.62,348340.82,203992.49999999994,36.93,Volume Driver,Karachi
18,32,446,530610.66,Trouble Platter,458.33,204415.18,326195.48000000004,61.48,Profit Driver,Karachi
18,33,426,741674.52,Attention Platter,696.16,296564.16,445110.36000000004,60.01,Hidden Opportunity,Karachi
18,34,447,372793.53,Open Special,552.21,246837.87000000002,125955.66,33.79,Volume Driver,Karachi
18,35,406,462328.44,Pressure Classic,805.86,327179.16000000003,135149.27999999997,29.23,Low Performer,Karachi
18,36,480,1102684.8,Recent Platter,899.46,431740.80000000005,670944.0,60.85,Profit Driver,Karachi
18,37,462,385016.94,Phone Combo,514.23,237574.26,147442.68,38.3,Volume Driver,Karachi
18,38,429,122651.09999999999,Recently Combo,151.62,65044.98,57606.11999999999,46.97,Low Performer,Karachi
18,39,464,1124926.24,Company Classic,867.99,402747.36,722178.88,64.2,Profit Driver,Karachi
18,40,429,439982.39999999997,Expert Classic,372.53,159815.37,280167.02999999997,63.68,Hidden Opportunity,Karachi
18,41,420,222486.6,Traditional Combo,385.2,161784.0,60702.600000000006,27.28,Low Performer,Karachi
18,42,455,345631.64999999997,Pay Classic,548.34,249494.7,96136.94999999995,27.81,Volume Driver,Karachi
18,43,476,134393.84,Fight Special,201.39,95861.64,38532.2,28.67,Volume Driver,Karachi
18,44,448,611537.9199999999,Ability Classic,817.72,366338.56,245199.35999999993,40.1,Volume Driver,Karachi
18,45,454,458698.9,Up Classic,464.42,210846.68,247852.22000000003,54.03,Profit Driver,Karachi
18,46,428,308100.08,While Special,303.19,129765.31999999999,178334.76,57.88,Hidden Opportunity,Karachi
18,47,481,550307.2899999999,Mr Deluxe,653.77,314463.37,235843.91999999993,42.86,Volume Driver,Karachi
18,48,446,589045.58,Skin Platter,615.87,274678.02,314367.55999999994,53.37,Profit Driver,Karachi
18,49,438,347517.95999999996,Tend Deluxe,529.41,231881.58,115636.37999999998,33.27,Low Performer,Karachi
18,50,443,290771.91000000003,Might Classic,427.15,189227.44999999998,101544.46000000005,34.92,Volume Driver,Karachi
18,51,443,899741.86,True Platter,890.42,394456.06,505285.8,56.16,Profit Driver,Karachi
18,52,434,761144.86,Material Special,647.54,281032.36,480112.5,63.08,Hidden Opportunity,Karachi
18,53,444,217764.24,Black Deluxe,230.28,102244.32,115519.91999999998,53.05,Profit Driver,Karachi
18,54,408,450778.8,Price Deluxe,688.21,280789.68,169989.12,37.71,Low Performer,Karachi
18,55,454,966942.82,Turn Platter,829.0,376366.0,590576.82,61.08,Profit Driver,Karachi
18,56,426,140405.34,Life Special,183.07,77987.81999999999,62417.520000000004,44.46,Low Performer,Karachi
18,57,442,501820.27999999997,Child Classic,481.38,212769.96,289050.31999999995,57.6,Profit Driver,Karachi
18,58,411,824708.49,Effect Special,858.79,352962.69,471745.8,57.2,Hidden Opportunity,Karachi
18,59,401,364428.8,Coach Combo,426.91,171190.91,193237.88999999998,53.02,Hidden Opportunity,Karachi
18,60,473,540766.71,Enough Platter,423.49,200310.77000000002,340455.93999999994,62.96,Profit Driver,Karachi
18,61,409,200524.52,Themselves Classic,337.15,137894.34999999998,62630.17000000001,31.23,Low Performer,Karachi
18,62,443,848172.23,Few Special,712.11,315464.73,532707.5,62.81,Profit Driver,Karachi
18,63,446,886549.88,This Platter,758.08,338103.68,548446.2,61.86,Profit Driver,Karachi
18,64,414,445534.38,Sign Special,399.14,165243.96,280290.42000000004,62.91,Hidden Opportunity,Karachi
18,65,494,625710.2799999999,History Platter,675.96,333924.24,291786.0399999999,46.63,Volume Driver,Karachi
18,66,501,760317.6,Bag Deluxe,762.44,381982.44,378335.16,49.76,Profit Driver,Karachi
18,67,437,534909.85,Onto Deluxe,645.02,281873.74,253036.11,47.3,Low Performer,Karachi
18,68,419,340609.29,Pull Combo,359.34,150563.46,190045.83,55.8,Hidden Opportunity,Karachi
18,69,481,214756.88,Than Deluxe,170.7,82106.7,132650.18,61.77,Profit Driver,Karachi
18,70,454,547024.6000000001,Central Classic,887.66,402997.64,144026.96000000008,26.33,Volume Driver,Karachi
18,71,484,699888.2,Bit Classic,739.82,358072.88,341815.31999999995,48.84,Volume Driver,Karachi
18,72,440,431072.4,Hold Combo,582.44,256273.60000000003,174798.8,40.55,Volume Driver,Karachi
18,73,464,816217.76,Against Special,754.88,350264.32,465953.44,57.09,Profit Driver,Karachi
18,74,454,1048853.5,Southern Classic,861.66,391193.64,657659.86,62.7,Profit Driver,Karachi
18,75,450,290344.5,Success Classic,243.47,109561.5,180783.0,62.26,Profit Driver,Karachi
18,76,461,272893.56,Admit Classic,394.64,181929.04,90964.51999999999,33.33,Volume Driver,Karachi
18,77,473,573389.52,High Special,648.7,306835.10000000003,266554.42,46.49,Volume Driver,Karachi
18,78,441,511295.4,Measure Deluxe,454.56,200460.96,310834.44000000006,60.79,Profit Driver,Karachi
18,79,457,746687.73,Probably Deluxe,739.32,337869.24000000005,408818.48999999993,54.75,Profit Driver,Karachi
18,80,412,559199.36,Specific Special,656.72,270568.64,288630.72,51.61,Hidden Opportunity,Karachi
18,81,426,615178.08,House Platter,647.89,276001.14,339176.93999999994,55.13,Hidden Opportunity,Karachi
18,82,426,216897.9,Hotel Platter,318.48,135672.48,81225.41999999998,37.45,Low Performer,Karachi
18,83,450,586642.5,Reduce Platter,506.35,227857.5,358785.0,61.16,Profit Driver,Karachi
18,84,447,442762.44,Box Combo,622.32,278177.04000000004,164585.39999999997,37.17,Volume Driver,Karachi
18,85,452,274707.52,Positive Platter,260.68,117827.36,156880.16000000003,57.11,Profit Driver,Karachi
18,86,445,785478.3999999999,Others Combo,753.08,335120.60000000003,450357.7999999999,57.34,Profit Driver,Karachi
18,87,475,589997.5,Forget Special,838.1,398097.5,191900.0,32.53,Volume Driver,Karachi
18,88,428,836290.6,Language Combo,890.92,381313.76,454976.83999999997,54.4,Hidden Opportunity,Karachi
18,89,405,643540.95,Foot Classic,819.02,331703.1,311837.85,48.46,Low Performer,Karachi
18,90,470,669270.6,Speak Deluxe,707.74,332637.8,336632.8,50.3,Profit Driver,Karachi
18,91,422,372609.12,No Combo,357.98,151067.56,221541.56,59.46,Hidden Opportunity,Karachi
18,92,442,159005.08000000002,Will Deluxe,208.11,91984.62000000001,67020.46,42.15,Volume Driver,Karachi
18,93,429,359012.94,Building Special,555.11,238142.19,120870.75,33.67,Low Performer,Karachi
18,94,411,390141.75,Either Combo,679.81,279401.91,110739.84000000003,28.38,Low Performer,Karachi
18,95,473,351751.18,Mrs Combo,461.83,218445.59,133305.59,37.9,Volume Driver,Karachi
18,96,421,580133.79,Establish Classic,588.06,247573.25999999998,332560.53,57.32,Hidden Opportunity,Karachi
18,97,457,684617.99,Majority Combo,857.06,391676.42,292941.57,42.79,Volume Driver,Karachi
18,98,434,760502.54,Letter Special,700.98,304225.32,456277.22000000003,60.0,Hidden Opportunity,Karachi
18,99,473,338346.36,Possible Deluxe,476.88,225564.24,112782.12,33.33,Volume Driver,Karachi
18,100,467,976440.9600000001,City Classic,780.38,364437.46,612003.5,62.68,Profit Driver,Karachi
18,101,395,377758.25,Race Platter,445.52,175980.4,201777.85,53.41,Hidden Opportunity,Karachi
18,102,488,244810.08000000002,Whose Platter,251.77,122863.76000000001,121946.32,49.81,Profit Driver,Karachi
18,103,437,241551.75,Resource Combo,308.75,134923.75,106628.0,44.14,Low Performer,Karachi
18,104,425,552070.75,Hard Platter,773.94,328924.5,223146.25,40.42,Low Performer,Karachi
18,105,407,631944.83,Strong Deluxe,554.56,225705.91999999998,406238.91,64.28,Hidden Opportunity,Karachi
18,106,463,776057.4500000001,Affect Platter,735.92,340730.95999999996,435326.4900000001,56.09,Profit Driver,Karachi
18,107,436,110159.76,Story Special,165.29,72066.44,38093.31999999999,34.58,Low Performer,Karachi
18,108,440,410172.4,Under Deluxe,572.98,252111.2,158061.2,38.54,Volume Driver,Karachi
18,109,459,673036.29,Popular Platter,605.44,277896.96,395139.33,58.71,Profit Driver,Karachi
18,110,411,127118.19,Daughter Deluxe,231.07,94969.77,32148.42,25.29,Low Performer,Karachi
18,111,521,857586.84,Decision Special,868.63,452556.23,405030.61,47.23,Volume Driver,Karachi
18,112,451,580152.87,Explain Deluxe,772.93,348591.43,231561.44,39.91,Volume Driver,Karachi
18,113,430,690403.7,Morning Platter,747.17,321283.1,369120.6,53.46,Hidden Opportunity,Karachi
18,114,446,404441.72000000003,Certain Deluxe,646.14,288178.44,116263.28000000003,28.75,Volume Driver,Karachi
18,115,449,502053.84,List Deluxe,766.75,344270.75,157783.09000000003,31.43,Volume Driver,Karachi
18,116,415,474851.3,Kind Deluxe,476.62,197797.3,277054.0,58.35,Hidden Opportunity,Karachi
18,117,455,510164.2,Keep Combo,553.63,251901.65,258262.55000000002,50.62,Profit Driver,Karachi
18,118,443,889681.33,Movement Platter,788.78,349429.54,540251.79,60.72,Profit Driver,Karachi
18,119,452,300498.64,Body Classic,332.9,150470.8,150027.84000000003,49.93,Profit Driver,Karachi
18,120,456,424453.92000000004,Talk Combo,520.73,237452.88,187001.04000000004,44.06,Volume Driver,Karachi
18,121,427,252395.43000000002,Analysis Classic,343.76,146785.52,105609.91000000003,41.84,Low Performer,Karachi
18,122,459,391407.66000000003,Statement Special,537.47,246698.73,144708.93000000002,36.97,Volume Driver,Karachi
18,123,449,753704.87,Six Combo,718.62,322660.38,431044.49,57.19,Profit Driver,Karachi
18,124,458,164321.24,Bar Special,219.79,100663.81999999999,63657.42,38.74,Volume Driver,Karachi
18,125,414,376371.54,Road Deluxe,426.77,176682.78,199688.75999999998,53.06,Hidden Opportunity,Karachi
18,126,439,451564.17999999993,Public Combo,562.79,247064.81,204499.36999999994,45.29,Low Performer,Karachi
18,127,387,297649.44,Audience Deluxe,322.9,124962.29999999999,172687.14,58.02,Hidden Opportunity,Karachi
18,128,433,872793.77,Hot Special,863.16,373748.27999999997,499045.49000000005,57.18,Hidden Opportunity,Karachi
18,129,450,351283.5,Impact Classic,357.37,160816.5,190467.0,54.22,Profit Driver,Karachi
18,130,392,140586.88,Consider Special,225.39,88352.87999999999,52234.000000000015,37.15,Low Performer,Karachi
18,131,491,165697.77000000002,Seek Deluxe,160.61,78859.51000000001,86838.26000000001,52.41,Profit Driver,Karachi
18,132,447,378845.91,Agree Special,565.02,252563.94,126281.96999999997,33.33,Volume Driver,Karachi
18,133,454,124786.44,Serve Combo,159.2,72276.79999999999,52509.640000000014,42.08,Volume Driver,Karachi
18,134,510,748374.0,Unit Combo,874.12,445801.2,302572.8,40.43,Volume Driver,Karachi
18,135,453,287994.75,Security Platter,450.53,204090.09,83904.66,29.13,Volume Driver,Karachi
18,136,426,427925.52,Car Special,572.13,243727.38,184198.14,43.04,Low Performer,Karachi
18,137,438,444132.0,That Classic,462.13,202412.94,241719.06,54.43,Hidden Opportunity,Karachi
18,138,405,469411.2,Owner Deluxe,435.28,176288.4,293122.80000000005,62.44,Hidden Opportunity,Karachi
18,139,445,376398.8,Long Classic,379.04,168672.80000000002,207725.99999999997,55.19,Profit Driver,Karachi
18,140,440,217536.0,Charge Platter,305.84,134569.59999999998,82966.40000000002,38.14,Volume Driver,Karachi
18,141,489,423283.29,Effort Combo,563.99,275791.11,147492.18,34.84,Volume Driver,Karachi
18,142,438,296858.88,Teach Deluxe,502.43,220064.34,76794.54000000001,25.87,Low Performer,Karachi
18,143,427,488248.88,Believe Deluxe,490.52,209452.03999999998,278796.84,57.1,Hidden Opportunity,Karachi
18,144,413,680434.02,Many Classic,850.25,351153.25,329280.77,48.39,Low Performer,Karachi
18,145,474,1000841.52,Institution Platter,831.31,394040.94,606800.5800000001,60.63,Profit Driver,Karachi
18,146,435,401344.05,South Classic,380.71,165608.84999999998,235735.2,58.74,Hidden Opportunity,Karachi
18,147,452,398094.48,Decide Combo,501.52,226687.03999999998,171407.44,43.06,Volume Driver,Karachi
18,148,456,337093.44,Position Platter,520.35,237279.6,99813.84,29.61,Volume Driver,Karachi
18,149,435,351049.35,Firm Special,602.79,262213.64999999997,88835.70000000001,25.31,Low Performer,Karachi
18,150,445,180291.75,Matter Deluxe,165.56,73674.2,106617.55,59.14,Profit Driver,Karachi
19,1,465,667251.75,Evidence Classic,564.03,262273.95,404977.8,60.69,Profit Driver,Lahore
19,2,463,429937.17,Much Special,678.43,314113.08999999997,115824.08000000002,26.94,Volume Driver,Lahore
19,3,423,870390.1799999999,Wish Combo,791.49,334800.27,535589.9099999999,61.53,Hidden Opportunity,Lahore
19,4,433,518508.84,We Deluxe,775.58,335826.14,182682.7,35.23,Low Performer,Lahore
19,5,446,701459.88,Hundred Platter,676.37,301661.02,399798.86,57.0,Profit Driver,Lahore
19,6,410,376367.7,Particularly Combo,550.6,225746.0,150621.7,40.02,Low Performer,Lahore
19,7,494,972443.94,Property Special,844.04,416955.76,555488.1799999999,57.12,Profit Driver,Lahore
19,8,404,486048.36,Join Platter,732.0,295728.0,190320.36,39.16,Low Performer,Lahore
19,9,445,237176.1,Summer Classic,199.64,88839.79999999999,148336.30000000002,62.54,Profit Driver,Lahore
19,10,460,633723.6000000001,Level Combo,524.42,241233.19999999998,392490.40000000014,61.93,Profit Driver,Lahore
19,11,464,332929.27999999997,Star Deluxe,334.97,155426.08000000002,177503.19999999995,53.32,Profit Driver,Lahore
19,12,434,470039.36,Claim Special,587.65,255040.09999999998,214999.26,45.74,Low Performer,Lahore
19,13,445,826721.0,West Special,716.84,318993.8,507727.2,61.41,Profit Driver,Lahore
19,14,434,282564.38,Nothing Combo,466.62,202513.08000000002,80051.29999999999,28.33,Low Performer,Lahore
19,15,422,346149.72,Wide Platter,546.84,230766.48,115383.23999999996,33.33,Low Performer,Lahore
19,16,445,418197.64999999997,Later Deluxe,552.73,245964.85,172232.79999999996,41.18,Volume Driver,Lahore
19,17,422,170036.46,Until Deluxe,268.62,113357.64,56678.81999999999,33.33,Low Performer,Lahore
19,18,445,344745.95,Door Deluxe,530.76,236188.19999999998,108557.75000000003,31.49,Volume Driver,Lahore
19,19,451,291657.19,Again Classic,264.63,119348.13,172309.06,59.08,Profit Driver,Lahore
19,20,409,498219.26000000007,Tell Platter,599.21,245076.89,253142.37000000005,50.81,Hidden Opportunity,Lahore
19,21,433,590083.74,Industry Platter,773.75,335033.75,255049.99,43.22,Low Performer,Lahore
19,22,421,517320.58999999997,Plan Combo,860.21,362148.41000000003,155172.17999999993,30.0,Low Performer,Lahore
19,23,442,361578.1,Raise Combo,549.53,242892.25999999998,118685.84,32.82,Volume Driver,Lahore
19,24,399,481221.93,Control Special,545.76,217758.24,263463.69,54.75,Hidden Opportunity,Lahore
19,25,449,710026.1499999999,Before Combo,667.4,299662.6,410363.54999999993,57.8,Profit Driver,Lahore
19,26,449,357996.68,Court Special,538.18,241642.81999999998,116353.86000000002,32.5,Volume Driver,Lahore
19,27,422,410470.95999999996,Service Special,591.23,249499.06,160971.89999999997,39.22,Low Performer,Lahore
19,28,418,428195.02,Role Platter,623.33,260551.94000000003,167643.08,39.15,Low Performer,Lahore
19,29,464,351104.16000000003,Scientist Special,328.5,152424.0,198680.16000000003,56.59,Profit Driver,Lahore
19,30,403,740157.86,Member Combo,851.64,343210.92,396946.94,53.63,Hidden Opportunity,Lahore
19,31,424,508002.87999999995,Country Platter,755.62,320382.88,187619.99999999994,36.93,Low Performer,Lahore
19,32,463,550835.73,Trouble Platter,458.33,212206.78999999998,338628.94,61.48,Profit Driver,Lahore
19,33,449,781717.98,Attention Platter,696.16,312575.83999999997,469142.14,60.01,Profit Driver,Lahore
19,34,425,354445.75,Open Special,552.21,234689.25000000003,119756.49999999997,33.79,Low Performer,Lahore
19,35,457,520404.18,Pressure Classic,805.86,368278.02,152126.15999999997,29.23,Volume Driver,Lahore
19,36,455,1045253.3,Recent Platter,899.46,409254.3,635999.0,60.85,Profit Driver,Lahore
19,37,462,385016.94,Phone Combo,514.23,237574.26,147442.68,38.3,Volume Driver,Lahore
19,38,418,119506.2,Recently Combo,151.62,63377.16,56129.03999999999,46.97,Low Performer,Lahore
19,39,387,938246.6699999999,Company Classic,867.99,335912.13,602334.5399999999,64.2,Hidden Opportunity,Lahore
19,40,445,456391.99999999994,Expert Classic,372.53,165775.84999999998,290616.14999999997,63.68,Profit Driver,Lahore
19,41,450,238378.5,Traditional Combo,385.2,173340.0,65038.5,27.28,Volume Driver,Lahore
19,42,420,319044.6,Pay Classic,548.34,230302.80000000002,88741.79999999996,27.81,Low Performer,Lahore
19,43,450,127052.99999999999,Fight Special,201.39,90625.5,36427.499999999985,28.67,Volume Driver,Lahore
19,44,442,603347.6799999999,Ability Classic,817.72,361432.24,241915.43999999994,40.1,Volume Driver,Lahore
19,45,439,443543.65,Up Classic,464.42,203880.38,239663.27000000002,54.03,Hidden Opportunity,Lahore
19,46,452,325376.72,While Special,303.19,137041.88,188334.83999999997,57.88,Profit Driver,Lahore
19,47,452,517128.67999999993,Mr Deluxe,653.77,295504.04,221624.63999999996,42.86,Volume Driver,Lahore
19,48,452,596969.96,Skin Platter,615.87,278373.24,318596.72,53.37,Profit Driver,Lahore
19,49,392,311020.63999999996,Tend Deluxe,529.41,207528.72,103491.91999999995,33.27,Low Performer,Lahore
19,50,427,280269.99,Might Classic,427.15,182393.05,97876.94,34.92,Low Performer,Lahore
19,51,421,855059.4199999999,True Platter,890.42,374866.82,480192.5999999999,56.16,Hidden Opportunity,Lahore
19,52,445,780436.5499999999,Material Special,647.54,288155.3,492281.24999999994,63.08,Profit Driver,Lahore
19,53,410,201088.59999999998,Black Deluxe,230.28,94414.8,106673.79999999997,53.05,Hidden Opportunity,Lahore
19,54,469,518174.64999999997,Price Deluxe,688.21,322770.49,195404.15999999997,37.71,Volume Driver,Lahore
19,55,432,920086.5599999999,Turn Platter,829.0,358128.0,561958.5599999999,61.08,Hidden Opportunity,Lahore
19,56,492,162158.28,Life Special,183.07,90070.44,72087.84,44.46,Volume Driver,Lahore
19,57,457,518850.37999999995,Child Classic,481.38,219990.66,298859.72,57.6,Profit Driver,Lahore
19,58,443,888919.37,Effect Special,858.79,380443.97,508475.4,57.2,Profit Driver,Lahore
19,59,473,429862.39999999997,Coach Combo,426.91,201928.43000000002,227933.96999999994,53.02,Profit Driver,Lahore
19,60,414,473313.77999999997,Enough Platter,423.49,175324.86000000002,297988.9199999999,62.96,Hidden Opportunity,Lahore
19,61,377,184835.56,Themselves Classic,337.15,127105.54999999999,57730.01000000001,31.23,Low Performer,Lahore
19,62,431,825196.9099999999,Few Special,712.11,306919.41000000003,518277.4999999999,62.81,Hidden Opportunity,Lahore
19,63,427,848782.0599999999,This Platter,758.08,323700.16000000003,525081.8999999999,61.86,Hidden Opportunity,Lahore
19,64,429,461676.93000000005,Sign Special,399.14,171231.06,290445.87000000005,62.91,Hidden Opportunity,Lahore
19,65,395,500314.89999999997,History Platter,675.96,267004.2,233310.69999999995,46.63,Low Performer,Lahore
19,66,443,672296.7999999999,Bag Deluxe,762.44,337760.92000000004,334535.8799999999,49.76,Profit Driver,Lahore
19,67,411,503084.55,Onto Deluxe,645.02,265103.22,237981.33000000002,47.3,Low Performer,Lahore
19,68,445,361744.95,Pull Combo,359.34,159906.3,201838.65000000002,55.8,Profit Driver,Lahore
19,69,413,184396.24000000002,Than Deluxe,170.7,70499.09999999999,113897.14000000003,61.77,Hidden Opportunity,Lahore
19,70,449,541000.1000000001,Central Classic,887.66,398559.33999999997,142440.76000000013,26.33,Volume Driver,Lahore
19,71,461,666629.0499999999,Bit Classic,739.82,341057.02,325572.0299999999,48.84,Volume Driver,Lahore
19,72,446,436950.66000000003,Hold Combo,582.44,259768.24000000002,177182.42,40.55,Volume Driver,Lahore
19,73,383,673731.47,Against Special,754.88,289119.04,384612.43,57.09,Hidden Opportunity,Lahore
19,74,495,1143573.75,Southern Classic,861.66,426521.7,717052.05,62.7,Profit Driver,Lahore
19,75,489,315507.69,Success Classic,243.47,119056.83,196450.86,62.26,Profit Driver,Lahore
19,76,421,249215.16,Admit Classic,394.64,166143.44,83071.72,33.33,Low Performer,Lahore
19,77,422,511565.28,High Special,648.7,273751.4,237813.88,46.49,Low Performer,Lahore
19,78,426,493904.4,Measure Deluxe,454.56,193642.56,300261.84,60.79,Hidden Opportunity,Lahore
19,79,441,720545.49,Probably Deluxe,739.32,326040.12,394505.37,54.75,Profit Driver,Lahore
19,80,490,665067.2,Specific Special,656.72,321792.8,343274.39999999997,51.61,Profit Driver,Lahore
19,81,457,659944.5599999999,House Platter,647.89,296085.73,363858.82999999996,55.13,Profit Driver,Lahore
19,82,458,233190.69999999998,Hotel Platter,318.48,145863.84,87326.85999999999,37.45,Volume Driver,Lahore
19,83,423,551443.9500000001,Reduce Platter,506.35,214186.05000000002,337257.9,61.16,Hidden Opportunity,Lahore
19,84,433,428895.16,Box Combo,622.32,269464.56,159430.59999999998,37.17,Low Performer,Lahore
19,85,453,275315.27999999997,Positive Platter,260.68,118088.04000000001,157227.23999999996,57.11,Profit Driver,Lahore
19,86,418,737820.1599999999,Others Combo,753.08,314787.44,423032.7199999999,57.34,Hidden Opportunity,Lahore
19,87,433,537829.2999999999,Forget Special,838.1,362897.3,174931.99999999994,32.53,Low Performer,Lahore
19,88,447,873415.65,Language Combo,890.92,398241.24,475174.41000000003,54.4,Profit Driver,Lahore
19,89,407,646718.93,Foot Classic,819.02,333341.14,313377.79000000004,48.46,Low Performer,Lahore
19,90,462,657878.76,Speak Deluxe,707.74,326975.88,330902.88,50.3,Profit Driver,Lahore
19,91,410,362013.60000000003,No Combo,357.98,146771.80000000002,215241.80000000002,59.46,Hidden Opportunity,Lahore
19,92,445,160084.30000000002,Will Deluxe,208.11,92608.95000000001,67475.35,42.15,Volume Driver,Lahore
19,93,446,373239.56,Building Special,555.11,247579.06,125660.5,33.67,Volume Driver,Lahore
19,94,467,443299.75,Either Combo,679.81,317471.26999999996,125828.48000000004,28.38,Volume Driver,Lahore
19,95,435,323492.1,Mrs Combo,461.83,200896.05,122596.04999999999,37.9,Low Performer,Lahore
19,96,449,618717.51,Establish Classic,588.06,264038.94,354678.57,57.32,Profit Driver,Lahore
19,97,413,618702.91,Majority Combo,857.06,353965.77999999997,264737.13000000006,42.79,Low Performer,Lahore
19,98,443,776273.33,Letter Special,700.98,310534.14,465739.18999999994,60.0,Profit Driver,Lahore
19,99,421,301149.72,Possible Deluxe,476.88,200766.48,100383.23999999996,33.33,Low Performer,Lahore
19,100,464,970168.3200000001,City Classic,780.38,362096.32,608072.0,62.68,Profit Driver,Lahore
19,101,437,417924.95,Race Platter,445.52,194692.24,223232.71000000002,53.41,Hidden Opportunity,Lahore
19,102,421,211198.86000000002,Whose Platter,251.77,105995.17,105203.69000000002,49.81,Hidden Opportunity,Lahore
19,103,435,240446.25,Resource Combo,308.75,134306.25,106140.0,44.14,Low Performer,Lahore
19,104,502,652092.98,Hard Platter,773.94,388517.88,263575.1,40.42,Volume Driver,Lahore
19,105,402,624181.38,Strong Deluxe,554.56,222933.11999999997,401248.26,64.28,Hidden Opportunity,Lahore
19,106,474,794495.1000000001,Affect Platter,735.92,348826.07999999996,445669.02000000014,56.09,Profit Driver,Lahore
19,107,512,129361.92,Story Special,165.29,84628.48,44733.44,34.58,Volume Driver,Lahore
19,108,407,379409.47000000003,Under Deluxe,572.98,233202.86000000002,146206.61000000002,38.54,Low Performer,Lahore
19,109,472,692098.32,Popular Platter,605.44,285767.68000000005,406330.6399999999,58.71,Profit Driver,Lahore
19,110,471,145675.59000000003,Daughter Deluxe,231.07,108833.97,36841.620000000024,25.29,Volume Driver,Lahore
19,111,463,762116.52,Decision Special,868.63,402175.69,359940.83,47.23,Volume Driver,Lahore
19,112,418,537702.6599999999,Explain Deluxe,772.93,323084.74,214617.91999999993,39.91,Low Performer,Lahore
19,113,416,667925.44,Morning Platter,747.17,310822.72,357102.72,53.46,Hidden Opportunity,Lahore
19,114,439,398093.98000000004,Certain Deluxe,646.14,283655.46,114438.52000000002,28.75,Low Performer,Lahore
19,115,426,476336.16000000003,List Deluxe,766.75,326635.5,149700.66000000003,31.43,Low Performer,Lahore
19,116,450,514899.0,Kind Deluxe,476.62,214479.0,300420.0,58.35,Profit Driver,Lahore
19,117,435,487739.4,Keep Combo,553.63,240829.05,246910.35000000003,50.62,Hidden Opportunity,Lahore
19,118,480,963988.7999999999,Movement Platter,788.78,378614.39999999997,585374.3999999999,60.72,Profit Driver,Lahore
19,119,446,296509.72000000003,Body Classic,332.9,148473.4,148036.32000000004,49.93,Profit Driver,Lahore
19,120,446,415145.72000000003,Talk Combo,520.73,232245.58000000002,182900.14,44.06,Volume Driver,Lahore
19,121,428,252986.52000000002,Analysis Classic,343.76,147129.28,105857.24000000002,41.84,Low Performer,Lahore
19,122,448,382027.52,Statement Special,537.47,240786.56,141240.96000000002,36.97,Volume Driver,Lahore
19,123,443,743633.0900000001,Six Combo,718.62,318348.66,425284.4300000001,57.19,Profit Driver,Lahore
19,124,431,154634.18,Bar Special,219.79,94729.48999999999,59904.69,38.74,Low Performer,Lahore
19,125,421,382735.31,Road Deluxe,426.77,179670.16999999998,203065.14,53.06,Hidden Opportunity,Lahore
19,126,396,407333.51999999996,Public Combo,562.79,222864.84,184468.67999999996,45.29,Low Performer,Lahore
19,127,422,324568.64,Audience Deluxe,322.9,136263.8,188304.84000000003,58.02,Hidden Opportunity,Lahore
19,128,524,1056221.56,Hot Special,863.16,452295.83999999997,603925.7200000001,57.18,Profit Driver,Lahore
19,129,445,347380.35,Impact Classic,357.37,159029.65,188350.69999999998,54.22,Profit Driver,Lahore
19,130,417,149552.88,Consider Special,225.39,93987.62999999999,55565.250000000015,37.15,Low Performer,Lahore
19,131,423,142749.81,Seek Deluxe,160.61,67938.03,74811.78,52.41,Hidden Opportunity,Lahore
19,132,439,372065.67,Agree Special,565.02,248043.78,124021.88999999998,33.33,Low Performer,Lahore
19,133,419,115166.34000000001,Serve Combo,159.2,66704.79999999999,48461.54000000002,42.08,Low Performer,Lahore
19,134,423,620710.2000000001,Unit Combo,874.12,369752.76,250957.44000000006,40.43,Low Performer,Lahore
19,135,434,275915.5,Security Platter,450.53,195530.02,80385.48000000001,29.13,Low Performer,Lahore
19,136,462,464088.24,Car Special,572.13,264324.06,199764.18,43.04,Volume Driver,Lahore
19,137,428,433992.0,That Classic,462.13,197791.63999999998,236200.36000000002,54.43,Hidden Opportunity,Lahore
19,138,449,520408.95999999996,Owner Deluxe,435.28,195440.72,324968.24,62.44,Profit Driver,Lahore
19,139,478,404311.52,Long Classic,379.04,181181.12,223130.40000000002,55.19,Profit Driver,Lahore
19,140,418,206659.19999999998,Charge Platter,305.84,127841.12,78818.07999999999,38.14,Low Performer,Lahore
19,141,477,412895.97000000003,Effort Combo,563.99,269023.23,143872.74000000005,34.84,Volume Driver,Lahore
19,142,419,283981.44,Teach Deluxe,502.43,210518.17,73463.26999999999,25.87,Low Performer,Lahore
19,143,423,483675.12,Believe Deluxe,490.52,207489.96,276185.16000000003,57.1,Hidden Opportunity,Lahore
19,144,448,738097.9199999999,Many Classic,850.25,380912.0,357185.9199999999,48.39,Volume Driver,Lahore
19,145,469,990284.12,Institution Platter,831.31,389884.38999999996,600399.73,60.63,Profit Driver,Lahore
19,146,464,428100.32,South Classic,380.71,176649.44,251450.88,58.74,Profit Driver,Lahore
19,147,427,376075.98,Decide Combo,501.52,214149.03999999998,161926.94,43.06,Low Performer,Lahore
19,148,456,337093.44,Position Platter,520.35,237279.6,99813.84,29.61,Volume Driver,Lahore
19,149,412,332488.12,Firm Special,602.79,248349.47999999998,84138.64000000001,25.31,Low Performer,Lahore
19,150,428,173404.19999999998,Matter Deluxe,165.56,70859.68000000001,102544.51999999997,59.14,Hidden Opportunity,Lahore
20,1,448,642857.6,Evidence Classic,564.03,252685.44,390172.16,60.69,Profit Driver,Lahore
20,2,425,394650.75,Much Special,678.43,288332.75,106318.0,26.94,Low Performer,Lahore
20,3,420,864217.2,Wish Combo,791.49,332425.8,531791.3999999999,61.53,Hidden Opportunity,Lahore
20,4,411,492164.28,We Deluxe,775.58,318763.38,173400.90000000002,35.23,Low Performer,Lahore
20,5,428,673149.84,Hundred Platter,676.37,289486.36,383663.48,57.0,Hidden Opportunity,Lahore
20,6,473,434199.81,Particularly Combo,550.6,260433.80000000002,173766.00999999998,40.02,Volume Driver,Lahore
20,7,427,840553.77,Property Special,844.04,360405.07999999996,480148.69000000006,57.12,Hidden Opportunity,Lahore
20,8,458,551015.22,Join Platter,732.0,335256.0,215759.21999999997,39.16,Volume Driver,Lahore
20,9,476,253698.48,Summer Classic,199.64,95028.64,158669.84000000003,62.54,Profit Driver,Lahore
20,10,435,599282.1000000001,Level Combo,524.42,228122.69999999998,371159.40000000014,61.93,Hidden Opportunity,Lahore
20,11,472,338669.44,Star Deluxe,334.97,158105.84000000003,180563.59999999998,53.32,Profit Driver,Lahore
20,12,451,488451.04,Claim Special,587.65,265030.14999999997,223420.89,45.74,Volume Driver,Lahore
20,13,487,904748.6,West Special,716.84,349101.08,555647.52,61.41,Profit Driver,Lahore
20,14,513,333998.91000000003,Nothing Combo,466.62,239376.06,94622.85000000003,28.33,Volume Driver,Lahore
20,15,443,363375.18,Wide Platter,546.84,242250.12000000002,121125.05999999997,33.33,Volume Driver,Lahore
20,16,450,422896.5,Later Deluxe,552.73,248728.5,174168.0,41.18,Volume Driver,Lahore
20,17,417,168021.81,Until Deluxe,268.62,112014.54000000001,56007.26999999999,33.33,Low Performer,Lahore
20,18,480,371860.80000000005,Door Deluxe,530.76,254764.8,117096.00000000006,31.49,Volume Driver,Lahore
20,19,454,293597.26,Again Classic,264.63,120142.02,173455.24,59.08,Profit Driver,Lahore
20,20,465,566435.1000000001,Tell Platter,599.21,278632.65,287802.45000000007,50.81,Profit Driver,Lahore
20,21,470,640506.6,Industry Platter,773.75,363662.5,276844.1,43.22,Volume Driver,Lahore
20,22,470,577531.2999999999,Plan Combo,860.21,404298.7,173232.59999999992,30.0,Volume Driver,Lahore
20,23,441,360760.05,Raise Combo,549.53,242342.72999999998,118417.32,32.82,Volume Driver,Lahore
20,24,403,486046.20999999996,Control Special,545.76,219941.28,266104.92999999993,54.75,Hidden Opportunity,Lahore
20,25,436,689468.6,Before Combo,667.4,290986.39999999997,398482.2,57.8,Hidden Opportunity,Lahore
20,26,443,353212.76,Court Special,538.18,238413.74,114799.02000000002,32.5,Volume Driver,Lahore
20,27,443,430897.24,Service Special,591.23,261914.89,168982.34999999998,39.22,Volume Driver,Lahore
20,28,454,465073.06000000006,Role Platter,623.33,282991.82,182081.24000000005,39.15,Volume Driver,Lahore
20,29,463,350347.47000000003,Scientist Special,328.5,152095.5,198251.97000000003,56.59,Profit Driver,Lahore
20,30,443,813622.6599999999,Member Combo,851.64,377276.52,436346.1399999999,53.63,Profit Driver,Lahore
20,31,513,614635.5599999999,Country Platter,755.62,387633.06,227002.49999999994,36.93,Volume Driver,Lahore
20,32,363,431864.73000000004,Trouble Platter,458.33,166373.79,265490.94000000006,61.48,Hidden Opportunity,Lahore
20,33,440,766048.7999999999,Attention Platter,696.16,306310.39999999997,459738.39999999997,60.01,Profit Driver,Lahore
20,34,393,327758.07,Open Special,552.21,217018.53000000003,110739.53999999998,33.79,Low Performer,Lahore
20,35,461,524959.14,Pressure Classic,805.86,371501.46,153457.68,29.23,Volume Driver,Lahore
20,36,460,1056739.6,Recent Platter,899.46,413751.60000000003,642988.0,60.85,Profit Driver,Lahore
20,37,400,333348.0,Phone Combo,514.23,205692.0,127656.0,38.3,Low Performer,Lahore
20,38,415,118648.49999999999,Recently Combo,151.62,62922.3,55726.19999999998,46.97,Low Performer,Lahore
20,39,412,998856.9199999999,Company Classic,867.99,357611.88,641245.0399999999,64.2,Hidden Opportunity,Lahore
20,40,495,507671.99999999994,Expert Classic,372.53,184402.34999999998,323269.64999999997,63.68,Profit Driver,Lahore
20,41,449,237848.77000000002,Traditional Combo,385.2,172954.8,64893.97000000003,27.28,Volume Driver,Lahore
20,42,467,354747.21,Pay Classic,548.34,256074.78000000003,98672.43,27.81,Volume Driver,Lahore
20,43,452,127617.68,Fight Special,201.39,91028.28,36589.399999999994,28.67,Volume Driver,Lahore
20,44,400,546016.0,Ability Classic,817.72,327088.0,218928.0,40.1,Low Performer,Lahore
20,45,455,459709.25,Up Classic,464.42,211311.1,248398.15,54.03,Profit Driver,Lahore
20,46,441,317458.26,While Special,303.19,133706.79,183751.47,57.88,Profit Driver,Lahore
20,47,491,561748.19,Mr Deluxe,653.77,321001.07,240747.11999999994,42.86,Volume Driver,Lahore
20,48,424,559989.52,Skin Platter,615.87,261128.88,298860.64,53.37,Hidden Opportunity,Lahore
20,49,446,353865.32,Tend Deluxe,529.41,236116.86,117748.46000000002,33.27,Volume Driver,Lahore
20,50,428,280926.36,Might Classic,427.15,182820.19999999998,98106.16,34.92,Low Performer,Lahore
20,51,478,970827.5599999999,True Platter,890.42,425620.76,545206.7999999999,56.16,Profit Driver,Lahore
20,52,414,726069.0599999999,Material Special,647.54,268081.56,457987.49999999994,63.08,Hidden Opportunity,Lahore
20,53,484,237382.63999999998,Black Deluxe,230.28,111455.52,125927.11999999998,53.05,Profit Driver,Lahore
20,54,422,466246.69999999995,Price Deluxe,688.21,290424.62,175822.07999999996,37.71,Low Performer,Lahore
20,55,464,988241.12,Turn Platter,829.0,384656.0,603585.12,61.08,Profit Driver,Lahore
20,56,473,155896.06999999998,Life Special,183.07,86592.11,69303.95999999998,44.46,Volume Driver,Lahore
20,57,434,492737.55999999994,Child Classic,481.38,208918.91999999998,283818.63999999996,57.6,Hidden Opportunity,Lahore
20,58,447,896945.73,Effect Special,858.79,383879.13,513066.6,57.2,Profit Driver,Lahore
20,59,446,405324.8,Coach Combo,426.91,190401.86000000002,214922.93999999997,53.02,Profit Driver,Lahore
20,60,465,531620.55,Enough Platter,423.49,196922.85,334697.70000000007,62.96,Profit Driver,Lahore
20,61,433,212291.24,Themselves Classic,337.15,145985.94999999998,66305.29000000001,31.23,Low Performer,Lahore
20,62,388,742868.6799999999,Few Special,712.11,276298.68,466569.99999999994,62.81,Hidden Opportunity,Lahore
20,63,457,908415.46,This Platter,758.08,346442.56,561972.8999999999,61.86,Profit Driver,Lahore
20,64,452,486428.84,Sign Special,399.14,180411.28,306017.56000000006,62.91,Profit Driver,Lahore
20,65,425,538313.5,History Platter,675.96,287283.0,251030.5,46.63,Low Performer,Lahore
20,66,485,736036.0,Bag Deluxe,762.44,369783.4,366252.6,49.76,Profit Driver,Lahore
20,67,445,544702.25,Onto Deluxe,645.02,287033.89999999997,257668.35000000003,47.3,Volume Driver,Lahore
20,68,428,347925.48,Pull Combo,359.34,153797.52,194127.96,55.8,Hidden Opportunity,Lahore
20,69,455,203148.4,Than Deluxe,170.7,77668.5,125479.9,61.77,Profit Driver,Lahore
20,70,441,531360.9,Central Classic,887.66,391458.06,139902.84000000003,26.33,Volume Driver,Lahore
20,71,470,679643.5,Bit Classic,739.82,347715.4,331928.1,48.84,Volume Driver,Lahore
20,72,502,491814.42000000004,Hold Combo,582.44,292384.88,199429.54000000004,40.55,Volume Driver,Lahore
20,73,474,833808.6599999999,Against Special,754.88,357813.12,475995.5399999999,57.09,Profit Driver,Lahore
20,74,421,972615.25,Southern Classic,861.66,362758.86,609856.39,62.7,Hidden Opportunity,Lahore
20,75,455,293570.55,Success Classic,243.47,110778.85,182791.69999999998,62.26,Profit Driver,Lahore
20,76,453,268157.88,Admit Classic,394.64,178771.91999999998,89385.96000000002,33.33,Volume Driver,Lahore
20,77,496,601271.04,High Special,648.7,321755.2,279515.84,46.49,Volume Driver,Lahore
20,78,495,573903.0,Measure Deluxe,454.56,225007.2,348895.8,60.79,Profit Driver,Lahore
20,79,422,689501.5800000001,Probably Deluxe,739.32,311993.04000000004,377508.54000000004,54.75,Hidden Opportunity,Lahore
20,80,507,688140.96,Specific Special,656.72,332957.04000000004,355183.9199999999,51.61,Profit Driver,Lahore
20,81,455,657056.4,House Platter,647.89,294789.95,362266.45,55.13,Profit Driver,Lahore
20,82,421,214352.15,Hotel Platter,318.48,134080.08000000002,80272.06999999998,37.45,Low Performer,Lahore
20,83,440,573606.0,Reduce Platter,506.35,222794.0,350812.0,61.16,Profit Driver,Lahore
20,84,440,435828.8,Box Combo,622.32,273820.80000000005,162007.99999999994,37.17,Volume Driver,Lahore
20,85,485,294763.6,Positive Platter,260.68,126429.8,168333.8,57.11,Profit Driver,Lahore
20,86,412,727229.44,Others Combo,753.08,310268.96,416960.4799999999,57.34,Hidden Opportunity,Lahore
20,87,459,570123.8999999999,Forget Special,838.1,384687.9,185435.99999999988,32.53,Volume Driver,Lahore
20,88,484,945711.8,Language Combo,890.92,431205.27999999997,514506.5200000001,54.4,Profit Driver,Lahore
20,89,431,684854.6900000001,Foot Classic,819.02,352997.62,331857.07000000007,48.46,Low Performer,Lahore
20,90,484,689206.3200000001,Speak Deluxe,707.74,342546.16000000003,346660.16000000003,50.3,Profit Driver,Lahore
20,91,416,367311.36,No Combo,357.98,148919.68,218391.68,59.46,Hidden Opportunity,Lahore
20,92,485,174473.9,Will Deluxe,208.11,100933.35,73540.54999999999,42.15,Volume Driver,Lahore
20,93,430,359849.8,Building Special,555.11,238697.30000000002,121152.49999999997,33.67,Low Performer,Lahore
20,94,425,403431.25,Either Combo,679.81,288919.25,114512.0,28.38,Low Performer,Lahore
20,95,474,352494.83999999997,Mrs Combo,461.83,218907.41999999998,133587.41999999998,37.9,Volume Driver,Lahore
20,96,476,655923.24,Establish Classic,588.06,279916.56,376006.68,57.32,Profit Driver,Lahore
20,97,475,711583.25,Majority Combo,857.06,407103.5,304479.75,42.79,Volume Driver,Lahore
20,98,472,827090.32,Letter Special,700.98,330862.56,496227.75999999995,60.0,Profit Driver,Lahore
20,99,459,328331.88,Possible Deluxe,476.88,218887.91999999998,109443.96000000002,33.33,Volume Driver,Lahore
20,100,475,993168.0,City Classic,780.38,370680.5,622487.5,62.68,Profit Driver,Lahore
20,101,480,459048.0,Race Platter,445.52,213849.59999999998,245198.40000000002,53.41,Profit Driver,Lahore
20,102,452,226750.32,Whose Platter,251.77,113800.04000000001,112950.28,49.81,Profit Driver,Lahore
20,103,470,259792.5,Resource Combo,308.75,145112.5,114680.0,44.14,Volume Driver,Lahore
20,104,451,585844.49,Hard Platter,773.94,349046.94,236797.55,40.42,Volume Driver,Lahore
20,105,402,624181.38,Strong Deluxe,554.56,222933.11999999997,401248.26,64.28,Hidden Opportunity,Lahore
20,106,451,755943.65,Affect Platter,735.92,331899.92,424043.73000000004,56.09,Profit Driver,Lahore
20,107,385,97274.1,Story Special,165.29,63636.649999999994,33637.45000000001,34.58,Low Performer,Lahore
20,108,444,413901.24,Under Deluxe,572.98,254403.12,159498.12,38.54,Volume Driver,Lahore
20,109,446,653974.26,Popular Platter,605.44,270026.24000000005,383948.01999999996,58.71,Profit Driver,Lahore
20,110,448,138561.92,Daughter Deluxe,231.07,103519.36,35042.56000000001,25.29,Volume Driver,Lahore
20,111,446,734133.84,Decision Special,868.63,387408.98,346724.86,47.23,Volume Driver,Lahore
20,112,494,635466.7799999999,Explain Deluxe,772.93,381827.42,253639.35999999993,39.91,Volume Driver,Lahore
20,113,398,639024.82,Morning Platter,747.17,297373.66,341651.16,53.46,Hidden Opportunity,Lahore
20,114,464,420764.48000000004,Certain Deluxe,646.14,299808.96,120955.52000000002,28.75,Volume Driver,Lahore
20,115,435,486399.60000000003,List Deluxe,766.75,333536.25,152863.35000000003,31.43,Low Performer,Lahore
20,116,406,464553.32,Kind Deluxe,476.62,193507.72,271045.6,58.35,Hidden Opportunity,Lahore
20,117,452,506800.48,Keep Combo,553.63,250240.76,256559.71999999997,50.62,Profit Driver,Lahore
20,118,415,833448.65,Movement Platter,788.78,327343.7,506104.95,60.72,Hidden Opportunity,Lahore
20,119,465,309141.30000000005,Body Classic,332.9,154798.5,154342.80000000005,49.93,Profit Driver,Lahore
20,120,477,444001.14,Talk Combo,520.73,248388.21000000002,195612.93,44.06,Volume Driver,Lahore
20,121,446,263626.14,Analysis Classic,343.76,153316.96,110309.18000000002,41.84,Volume Driver,Lahore
20,122,444,378616.56,Statement Special,537.47,238636.68000000002,139979.87999999998,36.97,Volume Driver,Lahore
20,123,479,804063.77,Six Combo,718.62,344218.98,459844.79000000004,57.19,Profit Driver,Lahore
20,124,469,168267.81999999998,Bar Special,219.79,103081.51,65186.30999999998,38.74,Volume Driver,Lahore
20,125,446,405463.06,Road Deluxe,426.77,190339.41999999998,215123.64,53.06,Profit Driver,Lahore
20,126,407,418648.33999999997,Public Combo,562.79,229055.53,189592.80999999997,45.29,Low Performer,Lahore
20,127,435,334567.2,Audience Deluxe,322.9,140461.5,194105.7,58.02,Hidden Opportunity,Lahore
20,128,428,862715.3200000001,Hot Special,863.16,369432.48,493282.8400000001,57.18,Hidden Opportunity,Lahore
20,129,481,375483.02999999997,Impact Classic,357.37,171894.97,203588.05999999997,54.22,Profit Driver,Lahore
20,130,447,160312.08,Consider Special,225.39,100749.32999999999,59562.75,37.15,Volume Driver,Lahore
20,131,420,141737.40000000002,Seek Deluxe,160.61,67456.20000000001,74281.20000000001,52.41,Hidden Opportunity,Lahore
20,132,431,365285.43,Agree Special,565.02,243523.62,121761.81,33.33,Low Performer,Lahore
20,133,488,134131.68,Serve Combo,159.2,77689.59999999999,56442.08,42.08,Volume Driver,Lahore
20,134,429,629514.6000000001,Unit Combo,874.12,374997.48,254517.1200000001,40.43,Low Performer,Lahore
20,135,470,298802.5,Security Platter,450.53,211749.09999999998,87053.40000000002,29.13,Volume Driver,Lahore
20,136,481,483174.12,Car Special,572.13,275194.52999999997,207979.59000000003,43.04,Volume Driver,Lahore
20,137,481,487734.0,That Classic,462.13,222284.53,265449.47,54.43,Profit Driver,Lahore
20,138,436,505341.44,Owner Deluxe,435.28,189782.08,315559.36,62.44,Hidden Opportunity,Lahore
20,139,444,375552.96,Long Classic,379.04,168293.76,207259.2,55.19,Profit Driver,Lahore
20,140,487,240772.8,Charge Platter,305.84,148944.08,91828.72,38.14,Volume Driver,Lahore
20,141,466,403374.26,Effort Combo,563.99,262819.34,140554.91999999998,34.84,Volume Driver,Lahore
20,142,442,299569.92,Teach Deluxe,502.43,222074.06,77495.85999999999,25.87,Volume Driver,Lahore
20,143,423,483675.12,Believe Deluxe,490.52,207489.96,276185.16000000003,57.1,Hidden Opportunity,Lahore
20,144,416,685376.64,Many Classic,850.25,353704.0,331672.64,48.39,Low Performer,Lahore
20,145,447,943831.56,Institution Platter,831.31,371595.56999999995,572235.9900000001,60.63,Profit Driver,Lahore
20,146,465,429022.95,South Classic,380.71,177030.15,251992.80000000002,58.74,Profit Driver,Lahore
20,147,450,396333.0,Decide Combo,501.52,225684.0,170649.0,43.06,Volume Driver,Lahore
20,148,417,308263.08,Position Platter,520.35,216985.95,91277.13,29.61,Low Performer,Lahore
20,149,424,342172.24,Firm Special,602.79,255582.96,86589.28,25.31,Low Performer,Lahore
20,150,486,196902.9,Matter Deluxe,165.56,80462.16,116440.73999999999,59.14,Profit Driver,Lahore
