Case_ID,Date,Location_ID,Actual,Python_Prediction,Python_Model_Version,Dataset_Version,Spark_Prediction,Spark_Model_Version,Difference,Spark_Error,Python_Error,Match_Status,Disagreement_Reason
2025-12-03:1,2025-12-03,1,213,215.38578869047623,python-location-rf-v3,phase1-v1-clean-v3,203.78399777648457,spark-location-selected-v4,11.601790913991664,9.216002223515432,2.3857886904762324,Match,Within fixed 50-unit tolerance
2025-12-04:1,2025-12-04,1,220,190.3675716991342,python-location-rf-v3,phase1-v1-clean-v3,192.6158057033543,spark-location-selected-v4,2.2482340042201088,27.38419429664569,29.632428300865797,Match,Within fixed 50-unit tolerance
2025-12-05:1,2025-12-05,1,261,188.3911232864358,python-location-rf-v3,phase1-v1-clean-v3,179.10601619661338,spark-location-selected-v4,9.285107089822418,81.89398380338662,72.6088767135642,Match,Within fixed 50-unit tolerance
2025-12-06:1,2025-12-06,1,324,225.38731549700304,python-location-rf-v3,phase1-v1-clean-v3,211.2359093363957,spark-location-selected-v4,14.151406160607337,112.76409066360429,98.61268450299696,Match,Within fixed 50-unit tolerance
2025-12-07:1,2025-12-07,1,387,221.1295819805195,python-location-rf-v3,phase1-v1-clean-v3,244.0848397243108,spark-location-selected-v4,22.955257743791293,142.9151602756892,165.8704180194805,Match,Within fixed 50-unit tolerance
2025-12-08:1,2025-12-08,1,240,240.34351415945167,python-location-rf-v3,phase1-v1-clean-v3,203.1382172934748,spark-location-selected-v4,37.20529686597686,36.86178270652519,0.3435141594516722,Match,Within fixed 50-unit tolerance
2025-12-09:1,2025-12-09,1,264,230.23341495310245,python-location-rf-v3,phase1-v1-clean-v3,198.6610390655173,spark-location-selected-v4,31.572375887585167,65.33896093448271,33.766585046897546,Match,Within fixed 50-unit tolerance
2025-12-10:1,2025-12-10,1,188,233.1422691197691,python-location-rf-v3,phase1-v1-clean-v3,194.59793476436036,spark-location-selected-v4,38.54433435540875,6.59793476436036,45.14226911976911,Match,Within fixed 50-unit tolerance
2025-12-11:1,2025-12-11,1,253,224.64260146103896,python-location-rf-v3,phase1-v1-clean-v3,178.38403932178937,spark-location-selected-v4,46.25856213924959,74.61596067821063,28.357398538961036,Match,Within fixed 50-unit tolerance
2025-12-12:1,2025-12-12,1,166,234.3438316197691,python-location-rf-v3,phase1-v1-clean-v3,186.282025449496,spark-location-selected-v4,48.061806170273115,20.28202544949599,68.3438316197691,Match,Within fixed 50-unit tolerance
2025-12-13:1,2025-12-13,1,306,237.24074900793653,python-location-rf-v3,phase1-v1-clean-v3,234.7027019901848,spark-location-selected-v4,2.5380470177517225,71.2972980098152,68.75925099206347,Match,Within fixed 50-unit tolerance
2025-12-14:1,2025-12-14,1,407,224.39569309163056,python-location-rf-v3,phase1-v1-clean-v3,242.88633502316392,spark-location-selected-v4,18.49064193153336,164.11366497683608,182.60430690836944,Match,Within fixed 50-unit tolerance
2025-12-15:1,2025-12-15,1,259,240.34351415945167,python-location-rf-v3,phase1-v1-clean-v3,202.71360190885937,spark-location-selected-v4,37.6299122505923,56.286398091140626,18.656485840548328,Match,Within fixed 50-unit tolerance
2025-12-16:1,2025-12-16,1,218,233.57664411976913,python-location-rf-v3,phase1-v1-clean-v3,184.29785511982573,spark-location-selected-v4,49.2787889999434,33.702144880174274,15.576644119769128,Match,Within fixed 50-unit tolerance
2025-12-17:1,2025-12-17,1,265,219.33221455627705,python-location-rf-v3,phase1-v1-clean-v3,198.82412855648607,spark-location-selected-v4,20.50808599979098,66.17587144351393,45.66778544372295,Match,Within fixed 50-unit tolerance
2025-12-18:1,2025-12-18,1,295,233.1422691197691,python-location-rf-v3,phase1-v1-clean-v3,183.15844969192025,spark-location-selected-v4,49.98381942784886,111.84155030807975,61.85773088023089,Match,Within fixed 50-unit tolerance
2025-12-19:1,2025-12-19,1,271,228.72772050865802,python-location-rf-v3,phase1-v1-clean-v3,199.8196608150864,spark-location-selected-v4,28.90805969357163,71.1803391849136,42.272279491341976,Match,Within fixed 50-unit tolerance
2025-12-20:1,2025-12-20,1,375,252.81484525890778,python-location-rf-v3,phase1-v1-clean-v3,234.74127724363768,spark-location-selected-v4,18.073568015270098,140.25872275636232,122.18515474109222,Match,Within fixed 50-unit tolerance
2025-12-21:1,2025-12-21,1,399,220.81649666305913,python-location-rf-v3,phase1-v1-clean-v3,242.88633502316392,spark-location-selected-v4,22.069838360104796,156.11366497683608,178.18350333694087,Match,Within fixed 50-unit tolerance
2025-12-22:1,2025-12-22,1,241,240.34351415945167,python-location-rf-v3,phase1-v1-clean-v3,197.16650300776047,spark-location-selected-v4,43.177011151691204,43.83349699223953,0.6564858405483278,Match,Within fixed 50-unit tolerance
2025-12-23:1,2025-12-23,1,294,233.97597447691197,python-location-rf-v3,phase1-v1-clean-v3,194.3019347643604,spark-location-selected-v4,39.674039712551576,99.6980652356396,60.02402552308803,Match,Within fixed 50-unit tolerance
2025-12-24:1,2025-12-24,1,302,234.65420364357865,python-location-rf-v3,phase1-v1-clean-v3,197.2898207282913,spark-location-selected-v4,37.364382915287365,104.71017927170871,67.34579635642135,Match,Within fixed 50-unit tolerance
2025-12-25:1,2025-12-25,1,251,237.08944669913421,python-location-rf-v3,phase1-v1-clean-v3,191.62715406162465,spark-location-selected-v4,45.46229263750956,59.37284593837535,13.910553300865786,Match,Within fixed 50-unit tolerance
2025-12-26:1,2025-12-26,1,299,234.3438316197691,python-location-rf-v3,phase1-v1-clean-v3,188.33168845315905,spark-location-selected-v4,46.01214316661006,110.66831154684095,64.6561683802309,Match,Within fixed 50-unit tolerance
2025-12-27:1,2025-12-27,1,309,213.83217126623373,python-location-rf-v3,phase1-v1-clean-v3,229.9209483576973,spark-location-selected-v4,16.088777091463584,79.07905164230269,95.16782873376627,Match,Within fixed 50-unit tolerance
2025-12-28:1,2025-12-28,1,284,223.95863952020198,python-location-rf-v3,phase1-v1-clean-v3,242.88633502316392,spark-location-selected-v4,18.92769550296194,41.11366497683608,60.041360479798016,Match,Within fixed 50-unit tolerance
2025-12-29:1,2025-12-29,1,247,236.42696158008658,python-location-rf-v3,phase1-v1-clean-v3,206.06036651583707,spark-location-selected-v4,30.36659506424951,40.939633484162925,10.573038419913416,Match,Within fixed 50-unit tolerance
2025-12-30:1,2025-12-30,1,309,234.3438316197691,python-location-rf-v3,phase1-v1-clean-v3,190.99468845315903,spark-location-selected-v4,43.34914316661008,118.00531154684097,74.6561683802309,Match,Within fixed 50-unit tolerance
2025-12-31:1,2025-12-31,1,219,237.08944669913421,python-location-rf-v3,phase1-v1-clean-v3,199.44745538871285,spark-location-selected-v4,37.64199131042136,19.552544611287146,18.089446699134214,Match,Within fixed 50-unit tolerance
2025-12-03:2,2025-12-03,2,223,213.3176461038961,python-location-rf-v3,phase1-v1-clean-v3,201.26880572195785,spark-location-selected-v4,12.048840381938248,21.731194278042153,9.682353896103905,Match,Within fixed 50-unit tolerance
2025-12-04:2,2025-12-04,2,255,229.1529586038961,python-location-rf-v3,phase1-v1-clean-v3,183.4494203973828,spark-location-selected-v4,45.703538206513315,71.5505796026172,25.84704139610389,Match,Within fixed 50-unit tolerance
2025-12-05:2,2025-12-05,2,298,189.7384050324675,python-location-rf-v3,phase1-v1-clean-v3,174.9838851524316,spark-location-selected-v4,14.7545198800359,123.01611484756839,108.26159496753249,Match,Within fixed 50-unit tolerance
2025-12-06:2,2025-12-06,2,344,233.45389384920637,python-location-rf-v3,phase1-v1-clean-v3,229.28416235241963,spark-location-selected-v4,4.1697314967867385,114.71583764758037,110.54610615079363,Match,Within fixed 50-unit tolerance
2025-12-07:2,2025-12-07,2,492,227.38175595238098,python-location-rf-v3,phase1-v1-clean-v3,242.2528543852948,spark-location-selected-v4,14.871098432913811,249.7471456147052,264.618244047619,Match,Within fixed 50-unit tolerance
2025-12-08:2,2025-12-08,2,230,240.34351415945167,python-location-rf-v3,phase1-v1-clean-v3,205.47278295199544,spark-location-selected-v4,34.87073120745623,24.52721704800456,10.343514159451672,Match,Within fixed 50-unit tolerance
2025-12-09:2,2025-12-09,2,309,212.84316197691197,python-location-rf-v3,phase1-v1-clean-v3,186.29557850096404,spark-location-selected-v4,26.54758347594793,122.70442149903596,96.15683802308803,Match,Within fixed 50-unit tolerance
2025-12-10:2,2025-12-10,2,223,237.08944669913421,python-location-rf-v3,phase1-v1-clean-v3,198.61075364796616,spark-location-selected-v4,38.47869305116805,24.389246352033837,14.089446699134214,Match,Within fixed 50-unit tolerance
2025-12-11:2,2025-12-11,2,315,229.1529586038961,python-location-rf-v3,phase1-v1-clean-v3,185.22214942737003,spark-location-selected-v4,43.93080917652608,129.77785057262997,85.84704139610389,Match,Within fixed 50-unit tolerance
2025-12-12:2,2025-12-12,2,270,237.08944669913421,python-location-rf-v3,phase1-v1-clean-v3,194.87597919823668,spark-location-selected-v4,42.213467500897536,75.12402080176332,32.910553300865786,Match,Within fixed 50-unit tolerance
2025-12-13:2,2025-12-13,2,371,232.27388431013432,python-location-rf-v3,phase1-v1-clean-v3,220.56728401868625,spark-location-selected-v4,11.70660029144807,150.43271598131375,138.72611568986568,Match,Within fixed 50-unit tolerance
2025-12-14:2,2025-12-14,2,264,220.22816468253964,python-location-rf-v3,phase1-v1-clean-v3,242.54833502316396,spark-location-selected-v4,22.320170340624315,21.451664976836042,43.77183531746036,Match,Within fixed 50-unit tolerance
2025-12-15:2,2025-12-15,2,157,236.51508658008657,python-location-rf-v3,phase1-v1-clean-v3,199.4829121118533,spark-location-selected-v4,37.03217446823328,42.482912111853295,79.51508658008657,Match,Within fixed 50-unit tolerance
2025-12-16:2,2025-12-16,2,212,220.58545860389614,python-location-rf-v3,phase1-v1-clean-v3,201.54278226675285,spark-location-selected-v4,19.04267633714329,10.457217733247148,8.585458603896143,Match,Within fixed 50-unit tolerance
2025-12-17:2,2025-12-17,2,280,230.6051461038961,python-location-rf-v3,phase1-v1-clean-v3,190.15513272093764,spark-location-selected-v4,40.450013382958446,89.84486727906236,49.39485389610391,Match,Within fixed 50-unit tolerance
2025-12-18:2,2025-12-18,2,170,235.3279834054834,python-location-rf-v3,phase1-v1-clean-v3,193.63751120448177,spark-location-selected-v4,41.690472201001626,23.63751120448177,65.3279834054834,Match,Within fixed 50-unit tolerance
2025-12-19:2,2025-12-19,2,228,224.23760146103896,python-location-rf-v3,phase1-v1-clean-v3,187.98858543417373,spark-location-selected-v4,36.249016026865235,40.01141456582627,3.762398538961037,Match,Within fixed 50-unit tolerance
2025-12-20:2,2025-12-20,2,346,201.4331186868687,python-location-rf-v3,phase1-v1-clean-v3,227.00678401868623,spark-location-selected-v4,25.573665331817523,118.99321598131377,144.5668813131313,Match,Within fixed 50-unit tolerance
2025-12-21:2,2025-12-21,2,533,227.69980654761906,python-location-rf-v3,phase1-v1-clean-v3,239.58587679425835,spark-location-selected-v4,11.886070246639292,293.41412320574165,305.30019345238094,Match,Within fixed 50-unit tolerance
2025-12-22:2,2025-12-22,2,239,213.7795905483405,python-location-rf-v3,phase1-v1-clean-v3,192.5513397719316,spark-location-selected-v4,21.228250776408913,46.448660228068405,25.220409451659492,Match,Within fixed 50-unit tolerance
2025-12-23:2,2025-12-23,2,237,233.3905578102453,python-location-rf-v3,phase1-v1-clean-v3,196.1419347643604,spark-location-selected-v4,37.2486230458849,40.8580652356396,3.609442189754702,Match,Within fixed 50-unit tolerance
2025-12-24:2,2025-12-24,2,209,233.3905578102453,python-location-rf-v3,phase1-v1-clean-v3,190.81354559601616,spark-location-selected-v4,42.57701221422914,18.186454403983845,24.390557810245298,Match,Within fixed 50-unit tolerance
2025-12-25:2,2025-12-25,2,289,219.1872591991342,python-location-rf-v3,phase1-v1-clean-v3,202.59724154062704,spark-location-selected-v4,16.59001765850715,86.40275845937296,69.81274080086581,Match,Within fixed 50-unit tolerance
2025-12-26:2,2025-12-26,2,339,234.387536976912,python-location-rf-v3,phase1-v1-clean-v3,194.42838095238093,spark-location-selected-v4,39.95915602453107,144.57161904761907,104.612463023088,Match,Within fixed 50-unit tolerance
2025-12-27:2,2025-12-27,2,234,217.87294146825397,python-location-rf-v3,phase1-v1-clean-v3,234.80302857522597,spark-location-selected-v4,16.930087106971996,0.8030285752259658,16.12705853174603,Match,Within fixed 50-unit tolerance
2025-12-28:2,2025-12-28,2,271,213.56325233793982,python-location-rf-v3,phase1-v1-clean-v3,229.276771753174,spark-location-selected-v4,15.713519415234174,41.72322824682601,57.436747662060185,Match,Within fixed 50-unit tolerance
2025-12-29:2,2025-12-29,2,325,237.5289258658009,python-location-rf-v3,phase1-v1-clean-v3,198.99544712585887,spark-location-selected-v4,38.53347873994201,126.00455287414113,87.47107413419911,Match,Within fixed 50-unit tolerance
2025-12-30:2,2025-12-30,2,213,237.08944669913421,python-location-rf-v3,phase1-v1-clean-v3,199.0825907043776,spark-location-selected-v4,38.00685599475662,13.917409295622406,24.089446699134214,Match,Within fixed 50-unit tolerance
2025-12-31:2,2025-12-31,2,247,230.6051461038961,python-location-rf-v3,phase1-v1-clean-v3,193.41935218263532,spark-location-selected-v4,37.18579392126077,53.58064781736468,16.39485389610391,Match,Within fixed 50-unit tolerance
2025-12-03:3,2025-12-03,3,167,222.09785443722944,python-location-rf-v3,phase1-v1-clean-v3,204.04778088054704,spark-location-selected-v4,18.050073556682406,37.04778088054704,55.097854437229444,Match,Within fixed 50-unit tolerance
2025-12-04:3,2025-12-04,3,200,184.5651609848485,python-location-rf-v3,phase1-v1-clean-v3,197.7704441584706,spark-location-selected-v4,13.20528317362212,2.2295558415293897,15.43483901515151,Match,Within fixed 50-unit tolerance
2025-12-05:3,2025-12-05,3,233,198.95403003246756,python-location-rf-v3,phase1-v1-clean-v3,194.3719584190156,spark-location-selected-v4,4.582071613451944,38.62804158098439,34.04596996753244,Match,Within fixed 50-unit tolerance
2025-12-06:3,2025-12-06,3,196,224.62149801587307,python-location-rf-v3,phase1-v1-clean-v3,209.7528986580514,spark-location-selected-v4,14.868599357821665,13.752898658051407,28.621498015873073,Match,Within fixed 50-unit tolerance
2025-12-07:3,2025-12-07,3,363,226.73334325396826,python-location-rf-v3,phase1-v1-clean-v3,214.77173493174752,spark-location-selected-v4,11.96160832222074,148.22826506825248,136.26665674603174,Match,Within fixed 50-unit tolerance
2025-12-08:3,2025-12-08,3,214,240.34351415945167,python-location-rf-v3,phase1-v1-clean-v3,206.87946799375487,spark-location-selected-v4,33.4640461656968,7.120532006245128,26.343514159451672,Match,Within fixed 50-unit tolerance
2025-12-09:3,2025-12-09,3,244,219.1872591991342,python-location-rf-v3,phase1-v1-clean-v3,191.63323334205165,spark-location-selected-v4,27.554025857082536,52.36676665794835,24.81274080086581,Match,Within fixed 50-unit tolerance
2025-12-10:3,2025-12-10,3,288,223.0933554292929,python-location-rf-v3,phase1-v1-clean-v3,187.2669871644902,spark-location-selected-v4,35.82636826480271,100.73301283550981,64.9066445707071,Match,Within fixed 50-unit tolerance
2025-12-11:3,2025-12-11,3,205,232.05034947691198,python-location-rf-v3,phase1-v1-clean-v3,188.93509333502203,spark-location-selected-v4,43.115256141889944,16.06490666497797,27.050349476911975,Match,Within fixed 50-unit tolerance
2025-12-12:3,2025-12-12,3,325,232.73764610389608,python-location-rf-v3,phase1-v1-clean-v3,179.76333038856575,spark-location-selected-v4,52.974315715330334,145.23666961143425,92.26235389610392,Mismatch,Predictions differ by more than 50 units
2025-12-13:3,2025-12-13,3,305,220.54981646825405,python-location-rf-v3,phase1-v1-clean-v3,228.1637398767899,spark-location-selected-v4,7.61392340853584,76.83626012321011,84.45018353174595,Match,Within fixed 50-unit tolerance
2025-12-14:3,2025-12-14,3,373,217.217683531746,python-location-rf-v3,phase1-v1-clean-v3,242.39994108377,spark-location-selected-v4,25.182257552023998,130.60005891623,155.782316468254,Match,Within fixed 50-unit tolerance
2025-12-15:3,2025-12-15,3,96,240.34351415945167,python-location-rf-v3,phase1-v1-clean-v3,212.9192071944196,spark-location-selected-v4,27.42430696503206,116.91920719441961,144.34351415945167,Match,Within fixed 50-unit tolerance
2025-12-16:3,2025-12-16,3,233,220.58545860389614,python-location-rf-v3,phase1-v1-clean-v3,185.84580305016743,spark-location-selected-v4,34.73965555372871,47.15419694983257,12.414541396103857,Match,Within fixed 50-unit tolerance
2025-12-17:3,2025-12-17,3,258,231.4590101911977,python-location-rf-v3,phase1-v1-clean-v3,186.43349797696857,spark-location-selected-v4,45.02551221422914,71.56650202303143,26.540989808802294,Match,Within fixed 50-unit tolerance
2025-12-18:3,2025-12-18,3,253,232.87383161976908,python-location-rf-v3,phase1-v1-clean-v3,185.27062771747896,spark-location-selected-v4,47.60320390229012,67.72937228252104,20.126168380230922,Match,Within fixed 50-unit tolerance
2025-12-19:3,2025-12-19,3,318,234.3438316197691,python-location-rf-v3,phase1-v1-clean-v3,191.41460237257292,spark-location-selected-v4,42.92922924719619,126.58539762742708,83.6561683802309,Match,Within fixed 50-unit tolerance
2025-12-20:3,2025-12-20,3,388,228.57443948412697,python-location-rf-v3,phase1-v1-clean-v3,234.6996631090068,spark-location-selected-v4,6.125223624879823,153.3003368909932,159.42556051587303,Match,Within fixed 50-unit tolerance
2025-12-21:3,2025-12-21,3,300,214.18096230158721,python-location-rf-v3,phase1-v1-clean-v3,242.39994108377,spark-location-selected-v4,28.218978782182774,57.60005891623001,85.81903769841279,Match,Within fixed 50-unit tolerance
2025-12-22:3,2025-12-22,3,336,211.62766594516597,python-location-rf-v3,phase1-v1-clean-v3,187.0624866740021,spark-location-selected-v4,24.565179271163885,148.9375133259979,124.37233405483403,Match,Within fixed 50-unit tolerance
2025-12-23:3,2025-12-23,3,317,237.08944669913421,python-location-rf-v3,phase1-v1-clean-v3,201.3548109424728,spark-location-selected-v4,35.73463575666142,115.6451890575272,79.91055330086579,Match,Within fixed 50-unit tolerance
2025-12-24:3,2025-12-24,3,273,237.08944669913421,python-location-rf-v3,phase1-v1-clean-v3,194.10577452790693,spark-location-selected-v4,42.98367217122728,78.89422547209307,35.910553300865786,Match,Within fixed 50-unit tolerance
2025-12-25:3,2025-12-25,3,227,234.1561084054834,python-location-rf-v3,phase1-v1-clean-v3,181.8781937395393,spark-location-selected-v4,52.27791466594408,45.12180626046069,7.156108405483394,Mismatch,Predictions differ by more than 50 units
2025-12-26:3,2025-12-26,3,193,229.1529586038961,python-location-rf-v3,phase1-v1-clean-v3,197.97488808685867,spark-location-selected-v4,31.17807051703744,4.97488808685867,36.15295860389611,Match,Within fixed 50-unit tolerance
2025-12-27:3,2025-12-27,3,410,184.94122460872458,python-location-rf-v3,phase1-v1-clean-v3,204.7476920992205,spark-location-selected-v4,19.80646749049592,205.2523079007795,225.05877539127542,Match,Within fixed 50-unit tolerance
2025-12-28:3,2025-12-28,3,324,229.6973164682539,python-location-rf-v3,phase1-v1-clean-v3,241.8711877186281,spark-location-selected-v4,12.17387125037422,82.12881228137189,94.30268353174611,Match,Within fixed 50-unit tolerance
2025-12-29:3,2025-12-29,3,266,240.34351415945167,python-location-rf-v3,phase1-v1-clean-v3,211.55176058351805,spark-location-selected-v4,28.791753575933626,54.448239416481954,25.656485840548328,Match,Within fixed 50-unit tolerance
2025-12-30:3,2025-12-30,3,154,234.1561084054834,python-location-rf-v3,phase1-v1-clean-v3,199.96666031463087,spark-location-selected-v4,34.18944809085252,45.96666031463087,80.1561084054834,Match,Within fixed 50-unit tolerance
2025-12-31:3,2025-12-31,3,253,220.58545860389614,python-location-rf-v3,phase1-v1-clean-v3,184.76956695721765,spark-location-selected-v4,35.815891646678494,68.23043304278235,32.41454139610386,Match,Within fixed 50-unit tolerance
2025-12-03:4,2025-12-03,4,203,190.94867288961035,python-location-rf-v3,phase1-v1-clean-v3,186.3938168148756,spark-location-selected-v4,4.554856074734744,16.606183185124394,12.05132711038965,Match,Within fixed 50-unit tolerance
2025-12-04:4,2025-12-04,4,227,233.66949134199132,python-location-rf-v3,phase1-v1-clean-v3,193.6261928594305,spark-location-selected-v4,40.04329848256083,33.37380714056951,6.669491341991318,Match,Within fixed 50-unit tolerance
2025-12-05:4,2025-12-05,4,185,200.21141594516595,python-location-rf-v3,phase1-v1-clean-v3,175.91971595919597,spark-location-selected-v4,24.291699985969984,9.080284040804031,15.211415945165953,Match,Within fixed 50-unit tolerance
2025-12-06:4,2025-12-06,4,286,246.89796512515264,python-location-rf-v3,phase1-v1-clean-v3,218.1485976092309,spark-location-selected-v4,28.749367515921733,67.8514023907691,39.10203487484736,Match,Within fixed 50-unit tolerance
2025-12-07:4,2025-12-07,4,403,206.06293154761912,python-location-rf-v3,phase1-v1-clean-v3,207.5963635783224,spark-location-selected-v4,1.5334320307032954,195.4036364216776,196.93706845238088,Match,Within fixed 50-unit tolerance
2025-12-08:4,2025-12-08,4,249,242.06413915945163,python-location-rf-v3,phase1-v1-clean-v3,199.0940982458557,spark-location-selected-v4,42.97004091359594,49.90590175414431,6.935860840548372,Match,Within fixed 50-unit tolerance
2025-12-09:4,2025-12-09,4,181,237.71981376262625,python-location-rf-v3,phase1-v1-clean-v3,182.7588746003452,spark-location-selected-v4,54.96093916228105,1.7588746003451945,56.719813762626245,Mismatch,Predictions differ by more than 50 units
2025-12-10:4,2025-12-10,4,234,225.22045860389608,python-location-rf-v3,phase1-v1-clean-v3,190.24194650675452,spark-location-selected-v4,34.97851209714156,43.758053493245484,8.779541396103923,Match,Within fixed 50-unit tolerance
2025-12-11:4,2025-12-11,4,153,236.76653995310244,python-location-rf-v3,phase1-v1-clean-v3,180.94396015276507,spark-location-selected-v4,55.822579800337365,27.943960152765072,83.76653995310244,Mismatch,Predictions differ by more than 50 units
2025-12-12:4,2025-12-12,4,306,215.36550324675326,python-location-rf-v3,phase1-v1-clean-v3,184.9691637481049,spark-location-selected-v4,30.39633949864836,121.0308362518951,90.63449675324674,Match,Within fixed 50-unit tolerance
2025-12-13:4,2025-12-13,4,352,217.3100563672439,python-location-rf-v3,phase1-v1-clean-v3,234.9442245125156,spark-location-selected-v4,17.6341681452717,117.0557754874844,134.6899436327561,Match,Within fixed 50-unit tolerance
2025-12-14:4,2025-12-14,4,439,209.71352858946602,python-location-rf-v3,phase1-v1-clean-v3,240.93005363788257,spark-location-selected-v4,31.216525048416543,198.06994636211743,229.28647141053398,Match,Within fixed 50-unit tolerance
2025-12-15:4,2025-12-15,4,330,242.06413915945163,python-location-rf-v3,phase1-v1-clean-v3,198.8932129644704,spark-location-selected-v4,43.170926194981234,131.1067870355296,87.93586084054837,Match,Within fixed 50-unit tolerance
2025-12-16:4,2025-12-16,4,272,237.04391098484848,python-location-rf-v3,phase1-v1-clean-v3,195.36944697315943,spark-location-selected-v4,41.674464011689054,76.63055302684057,34.95608901515152,Match,Within fixed 50-unit tolerance
2025-12-17:4,2025-12-17,4,236,237.53209054834056,python-location-rf-v3,phase1-v1-clean-v3,188.07413125300627,spark-location-selected-v4,49.45795929533429,47.92586874699373,1.5320905483405625,Match,Within fixed 50-unit tolerance
2025-12-18:4,2025-12-18,4,173,204.61642586580086,python-location-rf-v3,phase1-v1-clean-v3,188.32679432117985,spark-location-selected-v4,16.289631544621017,15.326794321179847,31.616425865800863,Match,Within fixed 50-unit tolerance
2025-12-19:4,2025-12-19,4,253,226.28545860389607,python-location-rf-v3,phase1-v1-clean-v3,190.93653318250375,spark-location-selected-v4,35.34892542139232,62.06346681749625,26.714541396103925,Match,Within fixed 50-unit tolerance
2025-12-20:4,2025-12-20,4,384,205.52829403235654,python-location-rf-v3,phase1-v1-clean-v3,209.92925701490228,spark-location-selected-v4,4.400962982545735,174.07074298509772,178.47170596764346,Match,Within fixed 50-unit tolerance
2025-12-21:4,2025-12-21,4,316,210.7126952561327,python-location-rf-v3,phase1-v1-clean-v3,240.93005363788257,spark-location-selected-v4,30.217358381749875,75.06994636211743,105.28730474386731,Match,Within fixed 50-unit tolerance
2025-12-22:4,2025-12-22,4,225,242.06413915945163,python-location-rf-v3,phase1-v1-clean-v3,212.02576058351804,spark-location-selected-v4,30.038378575933592,12.974239416481964,17.064139159451628,Match,Within fixed 50-unit tolerance
2025-12-23:4,2025-12-23,4,238,232.52894074675322,python-location-rf-v3,phase1-v1-clean-v3,180.86425479422545,spark-location-selected-v4,51.664685952527776,57.135745205774555,5.4710592532467786,Mismatch,Predictions differ by more than 50 units
2025-12-24:4,2025-12-24,4,213,236.76653995310244,python-location-rf-v3,phase1-v1-clean-v3,187.8359481028232,spark-location-selected-v4,48.93059185027923,25.16405189717679,23.766539953102438,Match,Within fixed 50-unit tolerance
2025-12-25:4,2025-12-25,4,282,230.29407467532468,python-location-rf-v3,phase1-v1-clean-v3,198.33357820396373,spark-location-selected-v4,31.960496471360955,83.66642179603627,51.70592532467532,Match,Within fixed 50-unit tolerance
2025-12-26:4,2025-12-26,4,277,236.54887626262627,python-location-rf-v3,phase1-v1-clean-v3,193.6890148674854,spark-location-selected-v4,42.859861395140854,83.31098513251459,40.451123737373734,Match,Within fixed 50-unit tolerance
2025-12-27:4,2025-12-27,4,328,203.04453057359302,python-location-rf-v3,phase1-v1-clean-v3,215.63299465445573,spark-location-selected-v4,12.588464080862707,112.36700534554427,124.95546942640698,Match,Within fixed 50-unit tolerance
2025-12-28:4,2025-12-28,4,390,222.17233315295812,python-location-rf-v3,phase1-v1-clean-v3,240.93005363788257,spark-location-selected-v4,18.757720484924448,149.06994636211743,167.82766684704188,Match,Within fixed 50-unit tolerance
2025-12-29:4,2025-12-29,4,297,242.06413915945163,python-location-rf-v3,phase1-v1-clean-v3,211.9238738610863,spark-location-selected-v4,30.140265298365335,85.07612613891371,54.93586084054837,Match,Within fixed 50-unit tolerance
2025-12-30:4,2025-12-30,4,210,240.46542884199135,python-location-rf-v3,phase1-v1-clean-v3,198.40311056345612,spark-location-selected-v4,42.06231827853523,11.596889436543876,30.465428841991354,Match,Within fixed 50-unit tolerance
2025-12-31:4,2025-12-31,4,187,233.98112824675326,python-location-rf-v3,phase1-v1-clean-v3,192.5454853332376,spark-location-selected-v4,41.435642913515665,5.545485333237593,46.98112824675326,Match,Within fixed 50-unit tolerance
2025-12-03:5,2025-12-03,5,368,208.05782203907205,python-location-rf-v3,phase1-v1-clean-v3,210.53176827582695,spark-location-selected-v4,2.473946236754898,157.46823172417305,159.94217796092795,Match,Within fixed 50-unit tolerance
2025-12-04:5,2025-12-04,5,230,231.89901515151513,python-location-rf-v3,phase1-v1-clean-v3,204.65623385985455,spark-location-selected-v4,27.242781291660577,25.343766140145448,1.8990151515151297,Match,Within fixed 50-unit tolerance
2025-12-05:5,2025-12-05,5,161,202.1461133658009,python-location-rf-v3,phase1-v1-clean-v3,192.73424842606437,spark-location-selected-v4,9.411864939736517,31.73424842606437,41.146113365800886,Match,Within fixed 50-unit tolerance
2025-12-06:5,2025-12-06,5,424,206.37000631313134,python-location-rf-v3,phase1-v1-clean-v3,209.4073682525373,spark-location-selected-v4,3.0373619394059688,214.5926317474627,217.62999368686866,Match,Within fixed 50-unit tolerance
2025-12-07:5,2025-12-07,5,412,218.15942640692643,python-location-rf-v3,phase1-v1-clean-v3,229.62766421432144,spark-location-selected-v4,11.468237807395013,182.37233578567856,193.84057359307357,Match,Within fixed 50-unit tolerance
2025-12-08:5,2025-12-08,5,294,240.39538915945164,python-location-rf-v3,phase1-v1-clean-v3,213.59987386108628,spark-location-selected-v4,26.79551529836536,80.40012613891372,53.60461084054836,Match,Within fixed 50-unit tolerance
2025-12-09:5,2025-12-09,5,197,197.46779987373736,python-location-rf-v3,phase1-v1-clean-v3,189.39601800232288,spark-location-selected-v4,8.071781871414487,7.603981997677124,0.46779987373736276,Match,Within fixed 50-unit tolerance
2025-12-10:5,2025-12-10,5,292,234.19815205627702,python-location-rf-v3,phase1-v1-clean-v3,191.1782453978247,spark-location-selected-v4,43.01990665845233,100.8217546021753,57.801847943722976,Match,Within fixed 50-unit tolerance
2025-12-11:5,2025-12-11,5,248,236.99268578643577,python-location-rf-v3,phase1-v1-clean-v3,193.70526785714287,spark-location-selected-v4,43.2874179292929,54.29473214285713,11.007314213564229,Match,Within fixed 50-unit tolerance
2025-12-12:5,2025-12-12,5,186,220.7427304292929,python-location-rf-v3,phase1-v1-clean-v3,188.4741608150864,spark-location-selected-v4,32.268569614206484,2.4741608150864067,34.74273042929289,Match,Within fixed 50-unit tolerance
2025-12-13:5,2025-12-13,5,468,186.93140318015318,python-location-rf-v3,phase1-v1-clean-v3,210.20845777181955,spark-location-selected-v4,23.27705459166637,257.79154222818045,281.0685968198468,Match,Within fixed 50-unit tolerance
2025-12-14:5,2025-12-14,5,365,209.64613275613274,python-location-rf-v3,phase1-v1-clean-v3,236.5298155426445,spark-location-selected-v4,26.88368278651177,128.4701844573555,155.35386724386726,Match,Within fixed 50-unit tolerance
2025-12-15:5,2025-12-15,5,265,240.39538915945164,python-location-rf-v3,phase1-v1-clean-v3,204.6381653454228,spark-location-selected-v4,35.75722381402883,60.361834654577194,24.60461084054836,Match,Within fixed 50-unit tolerance
2025-12-16:5,2025-12-16,5,164,233.14356376262626,python-location-rf-v3,phase1-v1-clean-v3,195.32727298364588,spark-location-selected-v4,37.816290778980374,31.327272983645884,69.14356376262626,Match,Within fixed 50-unit tolerance
2025-12-17:5,2025-12-17,5,253,221.59581574675326,python-location-rf-v3,phase1-v1-clean-v3,182.57693587401516,spark-location-selected-v4,39.0188798727381,70.42306412598484,31.40418425324674,Match,Within fixed 50-unit tolerance
2025-12-18:5,2025-12-18,5,218,236.68231376262625,python-location-rf-v3,phase1-v1-clean-v3,177.72582011316572,spark-location-selected-v4,58.956493649460526,40.274179886834276,18.68231376262625,Mismatch,Predictions differ by more than 50 units
2025-12-19:5,2025-12-19,5,245,221.67069669913423,python-location-rf-v3,phase1-v1-clean-v3,187.33493148108928,spark-location-selected-v4,34.33576521804494,57.665068518910715,23.329303300865774,Match,Within fixed 50-unit tolerance
2025-12-20:5,2025-12-20,5,348,205.28880817099565,python-location-rf-v3,phase1-v1-clean-v3,205.8055390661844,spark-location-selected-v4,0.5167308951887435,142.1944609338156,142.71119182900435,Match,Within fixed 50-unit tolerance
2025-12-21:5,2025-12-21,5,336,208.21077065295813,python-location-rf-v3,phase1-v1-clean-v3,236.5298155426445,spark-location-selected-v4,28.31904488968638,99.47018445735549,127.78922934704187,Match,Within fixed 50-unit tolerance
2025-12-22:5,2025-12-22,5,139,240.39538915945164,python-location-rf-v3,phase1-v1-clean-v3,199.68266967442716,spark-location-selected-v4,40.71271948502448,60.68266967442716,101.39538915945164,Match,Within fixed 50-unit tolerance
2025-12-23:5,2025-12-23,5,304,214.67237824675325,python-location-rf-v3,phase1-v1-clean-v3,199.74350323444,spark-location-selected-v4,14.928875012313256,104.25649676556,89.32762175324675,Match,Within fixed 50-unit tolerance
2025-12-24:5,2025-12-24,5,222,239.42792884199133,python-location-rf-v3,phase1-v1-clean-v3,193.11077452790693,spark-location-selected-v4,46.317154314084405,28.889225472093074,17.42792884199133,Match,Within fixed 50-unit tolerance
2025-12-25:5,2025-12-25,5,129,231.89519074675326,python-location-rf-v3,phase1-v1-clean-v3,187.90468771419,spark-location-selected-v4,43.990503032563254,58.904687714190004,102.89519074675326,Match,Within fixed 50-unit tolerance
2025-12-26:5,2025-12-26,5,230,221.59581574675326,python-location-rf-v3,phase1-v1-clean-v3,183.0425889815133,spark-location-selected-v4,38.55322676523997,46.95741101848671,8.40418425324674,Match,Within fixed 50-unit tolerance
2025-12-27:5,2025-12-27,5,249,200.29979166666664,python-location-rf-v3,phase1-v1-clean-v3,214.6690277879888,spark-location-selected-v4,14.36923612132216,34.330972212011204,48.700208333333364,Match,Within fixed 50-unit tolerance
2025-12-28:5,2025-12-28,5,376,220.1785335497836,python-location-rf-v3,phase1-v1-clean-v3,220.19374427688948,spark-location-selected-v4,0.015210727105881006,155.80625572311052,155.8214664502164,Match,Within fixed 50-unit tolerance
2025-12-29:5,2025-12-29,5,215,204.92509154040403,python-location-rf-v3,phase1-v1-clean-v3,196.9803061479754,spark-location-selected-v4,7.944785392428628,18.019693852024602,10.074908459595974,Match,Within fixed 50-unit tolerance
2025-12-30:5,2025-12-30,5,199,232.94362824675326,python-location-rf-v3,phase1-v1-clean-v3,181.15362454212456,spark-location-selected-v4,51.7900037046287,17.84637545787544,33.94362824675326,Mismatch,Predictions differ by more than 50 units
2025-12-31:5,2025-12-31,5,214,235.07612824675326,python-location-rf-v3,phase1-v1-clean-v3,190.0657608796433,spark-location-selected-v4,45.01036736710995,23.934239120356693,21.076128246753257,Match,Within fixed 50-unit tolerance
2025-12-03:6,2025-12-03,6,346,188.0866242784993,python-location-rf-v3,phase1-v1-clean-v3,212.732698641932,spark-location-selected-v4,24.64607436343269,133.267301358068,157.9133757215007,Match,Within fixed 50-unit tolerance
2025-12-04:6,2025-12-04,6,203,205.3126361832612,python-location-rf-v3,phase1-v1-clean-v3,180.59699696160743,spark-location-selected-v4,24.71563922165376,22.40300303839257,2.3126361832611906,Match,Within fixed 50-unit tolerance
2025-12-05:6,2025-12-05,6,189,235.07612824675326,python-location-rf-v3,phase1-v1-clean-v3,187.47243222292855,spark-location-selected-v4,47.60369602382471,1.5275677770714537,46.07612824675326,Match,Within fixed 50-unit tolerance
2025-12-06:6,2025-12-06,6,340,225.50377886002897,python-location-rf-v3,phase1-v1-clean-v3,208.1852043111102,spark-location-selected-v4,17.318574548918775,131.8147956888898,114.49622113997103,Match,Within fixed 50-unit tolerance
2025-12-07:6,2025-12-07,6,474,215.01106150793652,python-location-rf-v3,phase1-v1-clean-v3,226.7267758018296,spark-location-selected-v4,11.715714293893086,247.2732241981704,258.9889384920635,Match,Within fixed 50-unit tolerance
2025-12-08:6,2025-12-08,6,177,239.87038915945163,python-location-rf-v3,phase1-v1-clean-v3,198.0132129644704,spark-location-selected-v4,41.857176194981236,21.013212964470398,62.87038915945163,Match,Within fixed 50-unit tolerance
2025-12-09:6,2025-12-09,6,284,225.24795860389608,python-location-rf-v3,phase1-v1-clean-v3,190.7318227033201,spark-location-selected-v4,34.51613590057599,93.26817729667991,58.75204139610392,Match,Within fixed 50-unit tolerance
2025-12-10:6,2025-12-10,6,109,235.51137626262621,python-location-rf-v3,phase1-v1-clean-v3,197.86851120448176,spark-location-selected-v4,37.64286505814445,88.86851120448176,126.51137626262621,Match,Within fixed 50-unit tolerance
2025-12-11:6,2025-12-11,6,166,220.12581574675323,python-location-rf-v3,phase1-v1-clean-v3,189.0499593329376,spark-location-selected-v4,31.075856413815643,23.04995933293759,54.12581574675323,Match,Within fixed 50-unit tolerance
2025-12-12:6,2025-12-12,6,238,214.32800324675327,python-location-rf-v3,phase1-v1-clean-v3,182.3459640347137,spark-location-selected-v4,31.98203921203958,55.65403596528631,23.67199675324673,Match,Within fixed 50-unit tolerance
2025-12-13:6,2025-12-13,6,303,214.1195188492064,python-location-rf-v3,phase1-v1-clean-v3,211.2183499127452,spark-location-selected-v4,2.901168936461204,91.7816500872548,88.8804811507936,Match,Within fixed 50-unit tolerance
2025-12-14:6,2025-12-14,6,306,212.4639236111111,python-location-rf-v3,phase1-v1-clean-v3,238.7094683805473,spark-location-selected-v4,26.24554476943618,67.29053161945271,93.53607638888889,Match,Within fixed 50-unit tolerance
2025-12-15:6,2025-12-15,6,217,237.50460046897547,python-location-rf-v3,phase1-v1-clean-v3,195.46602790131783,spark-location-selected-v4,42.03857256765764,21.53397209868217,20.504600468975468,Match,Within fixed 50-unit tolerance
2025-12-16:6,2025-12-16,6,259,232.94362824675326,python-location-rf-v3,phase1-v1-clean-v3,183.74829120879124,spark-location-selected-v4,49.19533703796202,75.25170879120876,26.056371753246736,Match,Within fixed 50-unit tolerance
2025-12-17:6,2025-12-17,6,221,203.19172348484852,python-location-rf-v3,phase1-v1-clean-v3,171.41685587623823,spark-location-selected-v4,31.774867608610293,49.58314412376177,17.808276515151476,Match,Within fixed 50-unit tolerance
2025-12-18:6,2025-12-18,6,141,221.31011634199132,python-location-rf-v3,phase1-v1-clean-v3,185.50186692433,spark-location-selected-v4,35.80824941766133,44.50186692432999,80.31011634199132,Match,Within fixed 50-unit tolerance
2025-12-19:6,2025-12-19,6,214,221.59581574675326,python-location-rf-v3,phase1-v1-clean-v3,185.2521980391224,spark-location-selected-v4,36.34361770763087,28.74780196087761,7.59581574675326,Match,Within fixed 50-unit tolerance
2025-12-20:6,2025-12-20,6,367,215.47584821428572,python-location-rf-v3,phase1-v1-clean-v3,220.22889199642557,spark-location-selected-v4,4.753043782139855,146.77110800357443,151.52415178571428,Match,Within fixed 50-unit tolerance
2025-12-21:6,2025-12-21,6,350,217.35566468253964,python-location-rf-v3,phase1-v1-clean-v3,235.1670888711678,spark-location-selected-v4,17.811424188628166,114.8329111288322,132.64433531746036,Match,Within fixed 50-unit tolerance
2025-12-22:6,2025-12-22,6,310,239.87038915945163,python-location-rf-v3,phase1-v1-clean-v3,213.59987386108628,spark-location-selected-v4,26.270515298365353,96.40012613891372,70.12961084054837,Match,Within fixed 50-unit tolerance
2025-12-23:6,2025-12-23,6,231,239.42792884199133,python-location-rf-v3,phase1-v1-clean-v3,195.47658038871288,spark-location-selected-v4,43.951348453278456,35.523419611287125,8.427928841991331,Match,Within fixed 50-unit tolerance
2025-12-24:6,2025-12-24,6,227,233.22561733405482,python-location-rf-v3,phase1-v1-clean-v3,184.7956268194318,spark-location-selected-v4,48.42999051462303,42.20437318056821,6.225617334054817,Match,Within fixed 50-unit tolerance
2025-12-25:6,2025-12-25,6,141,187.62522546897546,python-location-rf-v3,phase1-v1-clean-v3,185.02803241641797,spark-location-selected-v4,2.5971930525574862,44.02803241641797,46.62522546897546,Match,Within fixed 50-unit tolerance
2025-12-26:6,2025-12-26,6,176,221.59581574675326,python-location-rf-v3,phase1-v1-clean-v3,182.0843319787122,spark-location-selected-v4,39.511483768041046,6.084331978712214,45.59581574675326,Match,Within fixed 50-unit tolerance
2025-12-27:6,2025-12-27,6,448,180.8239611777112,python-location-rf-v3,phase1-v1-clean-v3,222.00484483405185,spark-location-selected-v4,41.180883656340654,225.99515516594815,267.1760388222888,Match,Within fixed 50-unit tolerance
2025-12-28:6,2025-12-28,6,386,205.30842757936506,python-location-rf-v3,phase1-v1-clean-v3,237.7031458697248,spark-location-selected-v4,32.39471829035975,148.2968541302752,180.69157242063494,Match,Within fixed 50-unit tolerance
2025-12-29:6,2025-12-29,6,223,239.87038915945163,python-location-rf-v3,phase1-v1-clean-v3,211.19599867875613,spark-location-selected-v4,28.674390480695507,11.804001321243874,16.870389159451634,Match,Within fixed 50-unit tolerance
2025-12-30:6,2025-12-30,6,203,231.49144074675323,python-location-rf-v3,phase1-v1-clean-v3,188.39563227050732,spark-location-selected-v4,43.09580847624591,14.60436772949268,28.491440746753227,Match,Within fixed 50-unit tolerance
2025-12-31:6,2025-12-31,6,94,235.07612824675326,python-location-rf-v3,phase1-v1-clean-v3,196.49492612753104,spark-location-selected-v4,38.58120211922221,102.49492612753104,141.07612824675326,Match,Within fixed 50-unit tolerance
2025-12-03:7,2025-12-03,7,254,205.28088023088026,python-location-rf-v3,phase1-v1-clean-v3,204.6546886446886,spark-location-selected-v4,0.626191586191652,49.345311355311395,48.71911976911974,Match,Within fixed 50-unit tolerance
2025-12-04:7,2025-12-04,7,232,204.82141098484848,python-location-rf-v3,phase1-v1-clean-v3,177.26547759103644,spark-location-selected-v4,27.55593339381204,54.73452240896356,27.178589015151516,Match,Within fixed 50-unit tolerance
2025-12-05:7,2025-12-05,7,217,230.75220959595964,python-location-rf-v3,phase1-v1-clean-v3,173.19580419612015,spark-location-selected-v4,57.55640539983949,43.80419580387985,13.752209595959641,Mismatch,Predictions differ by more than 50 units
2025-12-06:7,2025-12-06,7,198,231.67827401764902,python-location-rf-v3,phase1-v1-clean-v3,226.65506403943635,spark-location-selected-v4,5.0232099782126625,28.655064039436354,33.67827401764902,Match,Within fixed 50-unit tolerance
2025-12-07:7,2025-12-07,7,387,230.70070932539699,python-location-rf-v3,phase1-v1-clean-v3,235.31598835307997,spark-location-selected-v4,4.615279027682988,151.68401164692003,156.29929067460301,Match,Within fixed 50-unit tolerance
2025-12-08:7,2025-12-08,7,246,237.53320165945166,python-location-rf-v3,phase1-v1-clean-v3,199.96635005156247,spark-location-selected-v4,37.56685160788919,46.03364994843753,8.466798340548337,Match,Within fixed 50-unit tolerance
2025-12-09:7,2025-12-09,7,230,236.68231376262625,python-location-rf-v3,phase1-v1-clean-v3,191.9548837578544,spark-location-selected-v4,44.72743000477186,38.04511624214561,6.682313762626251,Match,Within fixed 50-unit tolerance
2025-12-10:7,2025-12-10,7,146,233.22561733405482,python-location-rf-v3,phase1-v1-clean-v3,175.46916931951495,spark-location-selected-v4,57.75644801453987,29.469169319514947,87.22561733405482,Mismatch,Predictions differ by more than 50 units
2025-12-11:7,2025-12-11,7,222,221.59581574675326,python-location-rf-v3,phase1-v1-clean-v3,173.5850336961125,spark-location-selected-v4,48.010782050640756,48.414966303887496,0.4041842532467399,Match,Within fixed 50-unit tolerance
2025-12-12:7,2025-12-12,7,263,231.89519074675326,python-location-rf-v3,phase1-v1-clean-v3,181.83620218343748,spark-location-selected-v4,50.05898856331578,81.16379781656252,31.104809253246742,Mismatch,Predictions differ by more than 50 units
2025-12-13:7,2025-12-13,7,339,234.194449335387,python-location-rf-v3,phase1-v1-clean-v3,221.5886948195279,spark-location-selected-v4,12.605754515859104,117.41130518047211,104.80555066461301,Match,Within fixed 50-unit tolerance
2025-12-14:7,2025-12-14,7,401,213.8302047258297,python-location-rf-v3,phase1-v1-clean-v3,239.09414586972483,spark-location-selected-v4,25.263941143895124,161.90585413027517,187.1697952741703,Match,Within fixed 50-unit tolerance
2025-12-15:7,2025-12-15,7,230,239.87038915945163,python-location-rf-v3,phase1-v1-clean-v3,203.68364519890264,spark-location-selected-v4,36.186743960548995,26.31635480109736,9.870389159451634,Match,Within fixed 50-unit tolerance
2025-12-16:7,2025-12-16,7,282,233.22561733405482,python-location-rf-v3,phase1-v1-clean-v3,178.40141452528962,spark-location-selected-v4,54.82420280876519,103.59858547471038,48.77438266594518,Mismatch,Predictions differ by more than 50 units
2025-12-17:7,2025-12-17,7,199,194.5206570165945,python-location-rf-v3,phase1-v1-clean-v3,184.5274749425458,spark-location-selected-v4,9.99318207404869,14.472525057454192,4.479342983405502,Match,Within fixed 50-unit tolerance
2025-12-18:7,2025-12-18,7,204,235.07612824675326,python-location-rf-v3,phase1-v1-clean-v3,190.21792057197547,spark-location-selected-v4,44.85820767477779,13.782079428024531,31.076128246753257,Match,Within fixed 50-unit tolerance
2025-12-19:7,2025-12-19,7,269,235.07612824675326,python-location-rf-v3,phase1-v1-clean-v3,184.4887474682181,spark-location-selected-v4,50.58738077853516,84.5112525317819,33.92387175324674,Mismatch,Predictions differ by more than 50 units
2025-12-20:7,2025-12-20,7,307,228.0818717740593,python-location-rf-v3,phase1-v1-clean-v3,219.15523407244515,spark-location-selected-v4,8.92663770161414,87.84476592755485,78.9181282259407,Match,Within fixed 50-unit tolerance
2025-12-21:7,2025-12-21,7,273,213.62454996392495,python-location-rf-v3,phase1-v1-clean-v3,239.09414586972483,spark-location-selected-v4,25.469595905799878,33.90585413027517,59.37545003607505,Match,Within fixed 50-unit tolerance
2025-12-22:7,2025-12-22,7,289,238.10892586580084,python-location-rf-v3,phase1-v1-clean-v3,199.36657877851997,spark-location-selected-v4,38.742347087280876,89.63342122148003,50.89107413419916,Match,Within fixed 50-unit tolerance
2025-12-23:7,2025-12-23,7,146,236.72601911976912,python-location-rf-v3,phase1-v1-clean-v3,196.68276878023931,spark-location-selected-v4,40.043250339529806,50.682768780239314,90.72601911976912,Match,Within fixed 50-unit tolerance
2025-12-24:7,2025-12-24,7,183,220.12581574675323,python-location-rf-v3,phase1-v1-clean-v3,185.07372740909395,spark-location-selected-v4,35.052088337659285,2.073727409093948,37.12581574675323,Match,Within fixed 50-unit tolerance
2025-12-25:7,2025-12-25,7,239,224.18295860389608,python-location-rf-v3,phase1-v1-clean-v3,186.56597519333587,spark-location-selected-v4,37.61698341056021,52.43402480666413,14.817041396103917,Match,Within fixed 50-unit tolerance
2025-12-26:7,2025-12-26,7,268,235.7290399531024,python-location-rf-v3,phase1-v1-clean-v3,173.92198429457255,spark-location-selected-v4,61.80705565852983,94.07801570542745,32.27096004689761,Mismatch,Predictions differ by more than 50 units
2025-12-27:7,2025-12-27,7,538,235.18012438949935,python-location-rf-v3,phase1-v1-clean-v3,228.11696134517243,spark-location-selected-v4,7.063163044326927,309.8830386548276,302.8198756105006,Match,Within fixed 50-unit tolerance
2025-12-28:7,2025-12-28,7,319,218.35903273809527,python-location-rf-v3,phase1-v1-clean-v3,235.82447694447995,spark-location-selected-v4,17.46544420638469,83.17552305552005,100.64096726190473,Match,Within fixed 50-unit tolerance
2025-12-29:7,2025-12-29,7,255,239.87038915945163,python-location-rf-v3,phase1-v1-clean-v3,202.8714986787561,spark-location-selected-v4,36.998890480695536,52.1285013212439,15.129610840548366,Match,Within fixed 50-unit tolerance
2025-12-30:7,2025-12-30,7,189,197.41147546897545,python-location-rf-v3,phase1-v1-clean-v3,193.01632835863325,spark-location-selected-v4,4.395147110342208,4.016328358633245,8.411475468975453,Match,Within fixed 50-unit tolerance
2025-12-31:7,2025-12-31,7,320,217.76148538961039,python-location-rf-v3,phase1-v1-clean-v3,193.71745026617535,spark-location-selected-v4,24.044035123435037,126.28254973382465,102.23851461038961,Match,Within fixed 50-unit tolerance
2025-12-03:8,2025-12-03,8,257,221.59581574675326,python-location-rf-v3,phase1-v1-clean-v3,194.97148546448187,spark-location-selected-v4,26.624330282271387,62.02851453551813,35.40418425324674,Match,Within fixed 50-unit tolerance
2025-12-04:8,2025-12-04,8,235,204.30099431818184,python-location-rf-v3,phase1-v1-clean-v3,195.8200569561157,spark-location-selected-v4,8.480937362066129,39.17994304388429,30.699005681818164,Match,Within fixed 50-unit tolerance
2025-12-05:8,2025-12-05,8,230,196.5918028499279,python-location-rf-v3,phase1-v1-clean-v3,166.94943183473538,spark-location-selected-v4,29.64237101519251,63.05056816526462,33.40819715007211,Match,Within fixed 50-unit tolerance
2025-12-06:8,2025-12-06,8,486,234.42274801587308,python-location-rf-v3,phase1-v1-clean-v3,208.56108727296,spark-location-selected-v4,25.861660742913074,277.43891272704,251.57725198412692,Match,Within fixed 50-unit tolerance
2025-12-07:8,2025-12-07,8,431,222.2949107142857,python-location-rf-v3,phase1-v1-clean-v3,240.38326681851345,spark-location-selected-v4,18.088356104227756,190.61673318148655,208.7050892857143,Match,Within fixed 50-unit tolerance
2025-12-08:8,2025-12-08,8,226,239.87038915945163,python-location-rf-v3,phase1-v1-clean-v3,211.40054052775287,spark-location-selected-v4,28.469848631698767,14.599459472247133,13.870389159451634,Match,Within fixed 50-unit tolerance
2025-12-09:8,2025-12-09,8,212,200.34881177849928,python-location-rf-v3,phase1-v1-clean-v3,185.37387154125707,spark-location-selected-v4,14.974940237242208,26.626128458742926,11.651188221500718,Match,Within fixed 50-unit tolerance
2025-12-10:8,2025-12-10,8,118,233.28571158008657,python-location-rf-v3,phase1-v1-clean-v3,184.63406753402185,spark-location-selected-v4,48.65164404606472,66.63406753402185,115.28571158008657,Match,Within fixed 50-unit tolerance
2025-12-11:8,2025-12-11,8,429,221.59581574675326,python-location-rf-v3,phase1-v1-clean-v3,178.4695400814865,spark-location-selected-v4,43.126275665266746,250.5304599185135,207.40418425324674,Match,Within fixed 50-unit tolerance
2025-12-12:8,2025-12-12,8,292,239.42792884199133,python-location-rf-v3,phase1-v1-clean-v3,198.22455529534216,spark-location-selected-v4,41.203373546649175,93.77544470465784,52.57207115800867,Match,Within fixed 50-unit tolerance
2025-12-13:8,2025-12-13,8,416,211.1670882936508,python-location-rf-v3,phase1-v1-clean-v3,226.5002816914928,spark-location-selected-v4,15.333193397841995,189.4997183085072,204.8329117063492,Match,Within fixed 50-unit tolerance
2025-12-14:8,2025-12-14,8,522,216.44526289682534,python-location-rf-v3,phase1-v1-clean-v3,242.8330982506772,spark-location-selected-v4,26.38783535385187,279.1669017493228,305.55473710317466,Match,Within fixed 50-unit tolerance
2025-12-15:8,2025-12-15,8,213,239.87038915945163,python-location-rf-v3,phase1-v1-clean-v3,211.40054052775287,spark-location-selected-v4,28.469848631698767,1.5994594722471334,26.870389159451634,Match,Within fixed 50-unit tolerance
2025-12-16:8,2025-12-16,8,308,233.28571158008657,python-location-rf-v3,phase1-v1-clean-v3,191.86223504084,spark-location-selected-v4,41.423476539246565,116.13776495916,74.71428841991343,Match,Within fixed 50-unit tolerance
2025-12-17:8,2025-12-17,8,212,207.57638618326118,python-location-rf-v3,phase1-v1-clean-v3,193.4312286505864,spark-location-selected-v4,14.145157532674773,18.568771349413595,4.423613816738822,Match,Within fixed 50-unit tolerance
2025-12-18:8,2025-12-18,8,147,233.28571158008657,python-location-rf-v3,phase1-v1-clean-v3,187.56310411607475,spark-location-selected-v4,45.722607464011816,40.563104116074754,86.28571158008657,Match,Within fixed 50-unit tolerance
2025-12-19:8,2025-12-19,8,151,221.59581574675326,python-location-rf-v3,phase1-v1-clean-v3,188.17986706740908,spark-location-selected-v4,33.41594867934418,37.17986706740908,70.59581574675326,Match,Within fixed 50-unit tolerance
2025-12-20:8,2025-12-20,8,342,198.73677520396274,python-location-rf-v3,phase1-v1-clean-v3,233.27136352709783,spark-location-selected-v4,34.5345883231351,108.72863647290217,143.26322479603726,Match,Within fixed 50-unit tolerance
2025-12-21:8,2025-12-21,8,298,218.78715413059157,python-location-rf-v3,phase1-v1-clean-v3,242.8330982506772,spark-location-selected-v4,24.045944120085636,55.16690174932279,79.21284586940843,Match,Within fixed 50-unit tolerance
2025-12-22:8,2025-12-22,8,168,239.87038915945163,python-location-rf-v3,phase1-v1-clean-v3,210.13091564441868,spark-location-selected-v4,29.739473515032955,42.13091564441868,71.87038915945163,Match,Within fixed 50-unit tolerance
2025-12-23:8,2025-12-23,8,243,221.59581574675326,python-location-rf-v3,phase1-v1-clean-v3,191.13186263736264,spark-location-selected-v4,30.463953109390616,51.868137362637356,21.40418425324674,Match,Within fixed 50-unit tolerance
2025-12-24:8,2025-12-24,8,190,236.65653995310245,python-location-rf-v3,phase1-v1-clean-v3,181.98853638225188,spark-location-selected-v4,54.66800357085057,8.01146361774812,46.65653995310245,Mismatch,Predictions differ by more than 50 units
2025-12-25:8,2025-12-25,8,177,191.96275523088022,python-location-rf-v3,phase1-v1-clean-v3,176.83600133744105,spark-location-selected-v4,15.126753893439172,0.1639986625589529,14.96275523088022,Match,Within fixed 50-unit tolerance
2025-12-26:8,2025-12-26,8,227,200.9418722943723,python-location-rf-v3,phase1-v1-clean-v3,185.75191146816,spark-location-selected-v4,15.189960826212314,41.24808853184001,26.058127705627697,Match,Within fixed 50-unit tolerance
2025-12-27:8,2025-12-27,8,380,214.5006858766234,python-location-rf-v3,phase1-v1-clean-v3,228.62305841476947,spark-location-selected-v4,14.122372538146067,151.37694158523053,165.4993141233766,Match,Within fixed 50-unit tolerance
2025-12-28:8,2025-12-28,8,482,227.0453819444444,python-location-rf-v3,phase1-v1-clean-v3,249.8687371046548,spark-location-selected-v4,22.82335516021041,232.1312628953452,254.9546180555556,Match,Within fixed 50-unit tolerance
2025-12-29:8,2025-12-29,8,303,232.34147546897543,python-location-rf-v3,phase1-v1-clean-v3,193.2643326985452,spark-location-selected-v4,39.07714277043024,109.73566730145481,70.65852453102457,Match,Within fixed 50-unit tolerance
2025-12-30:8,2025-12-30,8,333,239.42792884199133,python-location-rf-v3,phase1-v1-clean-v3,201.56301262314508,spark-location-selected-v4,37.86491621884625,131.43698737685492,93.57207115800867,Match,Within fixed 50-unit tolerance
2025-12-31:8,2025-12-31,8,275,230.747095508658,python-location-rf-v3,phase1-v1-clean-v3,197.8258462405587,spark-location-selected-v4,32.9212492680993,77.17415375944131,44.25290449134201,Match,Within fixed 50-unit tolerance
2025-12-03:9,2025-12-03,9,209,206.0182413419913,python-location-rf-v3,phase1-v1-clean-v3,200.76270965309195,spark-location-selected-v4,5.255531688899367,8.237290346908054,2.981758658008687,Match,Within fixed 50-unit tolerance
2025-12-04:9,2025-12-04,9,201,196.92035939754692,python-location-rf-v3,phase1-v1-clean-v3,186.8705886031165,spark-location-selected-v4,10.04977079443043,14.129411396883512,4.0796406024530825,Match,Within fixed 50-unit tolerance
2025-12-05:9,2025-12-05,9,301,207.67282467532468,python-location-rf-v3,phase1-v1-clean-v3,197.87958157903591,spark-location-selected-v4,9.793243096288762,103.12041842096409,93.32717532467532,Match,Within fixed 50-unit tolerance
2025-12-06:9,2025-12-06,9,330,226.5299751984127,python-location-rf-v3,phase1-v1-clean-v3,233.2630546145366,spark-location-selected-v4,6.7330794161239,96.7369453854634,103.4700248015873,Match,Within fixed 50-unit tolerance
2025-12-07:9,2025-12-07,9,237,224.38333333333335,python-location-rf-v3,phase1-v1-clean-v3,244.14321315959288,spark-location-selected-v4,19.75987982625952,7.143213159592875,12.616666666666646,Match,Within fixed 50-unit tolerance
2025-12-08:9,2025-12-08,9,158,236.36955086580082,python-location-rf-v3,phase1-v1-clean-v3,195.20654554791227,spark-location-selected-v4,41.16300531788855,37.20654554791227,78.36955086580082,Match,Within fixed 50-unit tolerance
2025-12-09:9,2025-12-09,9,316,227.4505478896104,python-location-rf-v3,phase1-v1-clean-v3,181.40842545689608,spark-location-selected-v4,46.04212243271431,134.59157454310392,88.54945211038961,Match,Within fixed 50-unit tolerance
2025-12-10:9,2025-12-10,9,210,245.19974431818179,python-location-rf-v3,phase1-v1-clean-v3,199.22902373479192,spark-location-selected-v4,45.97072058338986,10.770976265208077,35.199744318181786,Match,Within fixed 50-unit tolerance
2025-12-11:9,2025-12-11,9,113,238.1223187229437,python-location-rf-v3,phase1-v1-clean-v3,187.4697660924144,spark-location-selected-v4,50.6525526305293,74.4697660924144,125.1223187229437,Mismatch,Predictions differ by more than 50 units
2025-12-12:9,2025-12-12,9,256,227.4505478896104,python-location-rf-v3,phase1-v1-clean-v3,176.32056195508076,spark-location-selected-v4,51.12998593452963,79.67943804491924,28.54945211038961,Mismatch,Predictions differ by more than 50 units
2025-12-13:9,2025-12-13,9,341,233.98097395659897,python-location-rf-v3,phase1-v1-clean-v3,237.5886335934773,spark-location-selected-v4,3.6076596368783385,103.41136640652269,107.01902604340103,Match,Within fixed 50-unit tolerance
2025-12-14:9,2025-12-14,9,308,217.2129365079365,python-location-rf-v3,phase1-v1-clean-v3,247.28886803930732,spark-location-selected-v4,30.075931531370827,60.71113196069268,90.78706349206351,Match,Within fixed 50-unit tolerance
2025-12-15:9,2025-12-15,9,330,219.26399034992784,python-location-rf-v3,phase1-v1-clean-v3,194.18544274187795,spark-location-selected-v4,25.078547608049888,135.81455725812205,110.73600965007216,Match,Within fixed 50-unit tolerance
2025-12-16:9,2025-12-16,9,231,245.19974431818179,python-location-rf-v3,phase1-v1-clean-v3,206.7700939168514,spark-location-selected-v4,38.42965040133038,24.22990608314859,14.199744318181786,Match,Within fixed 50-unit tolerance
2025-12-17:9,2025-12-17,9,319,240.7414953102453,python-location-rf-v3,phase1-v1-clean-v3,186.76795739224065,spark-location-selected-v4,53.973537918004666,132.23204260775935,78.25850468975469,Mismatch,Predictions differ by more than 50 units
2025-12-18:9,2025-12-18,9,209,213.34820165945166,python-location-rf-v3,phase1-v1-clean-v3,189.15189531725304,spark-location-selected-v4,24.196306342198625,19.848104682746964,4.348201659451661,Match,Within fixed 50-unit tolerance
2025-12-19:9,2025-12-19,9,206,240.45950622294373,python-location-rf-v3,phase1-v1-clean-v3,186.46152482281892,spark-location-selected-v4,53.997981400124814,19.538475177181084,34.45950622294373,Mismatch,Predictions differ by more than 50 units
2025-12-20:9,2025-12-20,9,302,213.07678859335107,python-location-rf-v3,phase1-v1-clean-v3,219.90888959085297,spark-location-selected-v4,6.832100997501897,82.09111040914703,88.92321140664893,Match,Within fixed 50-unit tolerance
2025-12-21:9,2025-12-21,9,347,235.3488293650793,python-location-rf-v3,phase1-v1-clean-v3,238.8491180417775,spark-location-selected-v4,3.5002886766982044,108.1508819582225,111.6511706349207,Match,Within fixed 50-unit tolerance
2025-12-22:9,2025-12-22,9,280,239.6756272546897,python-location-rf-v3,phase1-v1-clean-v3,209.5526653454228,spark-location-selected-v4,30.122961909266877,70.44733465457719,40.32437274531031,Match,Within fixed 50-unit tolerance
2025-12-23:9,2025-12-23,9,188,243.78036435786436,python-location-rf-v3,phase1-v1-clean-v3,198.17057554945052,spark-location-selected-v4,45.60978880841384,10.170575549450518,55.78036435786436,Match,Within fixed 50-unit tolerance
2025-12-24:9,2025-12-24,9,256,231.50769074675318,python-location-rf-v3,phase1-v1-clean-v3,196.7352346242845,spark-location-selected-v4,34.7724561224687,59.26476537571551,24.492309253246816,Match,Within fixed 50-unit tolerance
2025-12-25:9,2025-12-25,9,227,243.61277507215004,python-location-rf-v3,phase1-v1-clean-v3,180.25795520285908,spark-location-selected-v4,63.354819869290964,46.74204479714092,16.612775072150043,Mismatch,Predictions differ by more than 50 units
2025-12-26:9,2025-12-26,9,210,239.00731872294372,python-location-rf-v3,phase1-v1-clean-v3,180.5348358144719,spark-location-selected-v4,58.47248290847182,29.465164185528096,29.007318722943722,Mismatch,Predictions differ by more than 50 units
2025-12-27:9,2025-12-27,9,392,225.86215773809522,python-location-rf-v3,phase1-v1-clean-v3,226.9712431100127,spark-location-selected-v4,1.1090853719174731,165.0287568899873,166.13784226190478,Match,Within fixed 50-unit tolerance
2025-12-28:9,2025-12-28,9,386,215.39387536075031,python-location-rf-v3,phase1-v1-clean-v3,241.60943158401057,spark-location-selected-v4,26.21555622326025,144.39056841598943,170.60612463924969,Match,Within fixed 50-unit tolerance
2025-12-29:9,2025-12-29,9,314,239.6756272546897,python-location-rf-v3,phase1-v1-clean-v3,202.91483201208945,spark-location-selected-v4,36.76079524260024,111.08516798791055,74.32437274531031,Match,Within fixed 50-unit tolerance
2025-12-30:9,2025-12-30,9,163,236.51891098484845,python-location-rf-v3,phase1-v1-clean-v3,200.9881351452024,spark-location-selected-v4,35.530775839646054,37.98813514520239,73.51891098484845,Match,Within fixed 50-unit tolerance
2025-12-31:9,2025-12-31,9,185,227.4505478896104,python-location-rf-v3,phase1-v1-clean-v3,183.4579822794072,spark-location-selected-v4,43.9925656102032,1.5420177205928098,42.45054788961039,Match,Within fixed 50-unit tolerance
2025-12-03:10,2025-12-03,10,231,204.8210439213564,python-location-rf-v3,phase1-v1-clean-v3,193.1541366894614,spark-location-selected-v4,11.666907231894982,37.84586331053859,26.17895607864361,Match,Within fixed 50-unit tolerance
2025-12-04:10,2025-12-04,10,200,206.59386634199137,python-location-rf-v3,phase1-v1-clean-v3,183.42568827282776,spark-location-selected-v4,23.168178069163616,16.574311727172244,6.593866341991372,Match,Within fixed 50-unit tolerance
2025-12-05:10,2025-12-05,10,186,201.89770066738816,python-location-rf-v3,phase1-v1-clean-v3,195.70442240330323,spark-location-selected-v4,6.193278264084938,9.704422403303226,15.897700667388165,Match,Within fixed 50-unit tolerance
2025-12-06:10,2025-12-06,10,459,242.76122023809526,python-location-rf-v3,phase1-v1-clean-v3,234.6406665768845,spark-location-selected-v4,8.12055366121075,224.3593334231155,216.23877976190474,Match,Within fixed 50-unit tolerance
2025-12-07:10,2025-12-07,10,295,228.20688176406924,python-location-rf-v3,phase1-v1-clean-v3,238.46304869453823,spark-location-selected-v4,10.256166930468993,56.53695130546177,66.79311823593076,Match,Within fixed 50-unit tolerance
2025-12-08:10,2025-12-08,10,296,237.89448142135637,python-location-rf-v3,phase1-v1-clean-v3,204.55905449452504,spark-location-selected-v4,33.33542692683133,91.44094550547496,58.105518578643625,Match,Within fixed 50-unit tolerance
2025-12-09:10,2025-12-09,10,292,243.41859848484847,python-location-rf-v3,phase1-v1-clean-v3,200.16043544690604,spark-location-selected-v4,43.25816303794244,91.83956455309396,48.581401515151526,Match,Within fixed 50-unit tolerance
2025-12-10:10,2025-12-10,10,361,240.98335542929294,python-location-rf-v3,phase1-v1-clean-v3,200.7562678571429,spark-location-selected-v4,40.227087572150054,160.2437321428571,120.01664457070706,Match,Within fixed 50-unit tolerance
2025-12-11:10,2025-12-11,10,264,241.08141098484847,python-location-rf-v3,phase1-v1-clean-v3,196.6784651731559,spark-location-selected-v4,44.402945811692575,67.3215348268441,22.918589015151525,Match,Within fixed 50-unit tolerance
2025-12-12:10,2025-12-12,10,323,231.66877209595955,python-location-rf-v3,phase1-v1-clean-v3,187.00138089230649,spark-location-selected-v4,44.66739120365307,135.99861910769351,91.33122790404045,Match,Within fixed 50-unit tolerance
2025-12-13:10,2025-12-13,10,381,211.91203869047618,python-location-rf-v3,phase1-v1-clean-v3,219.99205226449968,spark-location-selected-v4,8.080013574023496,161.00794773550032,169.08796130952382,Match,Within fixed 50-unit tolerance
2025-12-14:10,2025-12-14,10,186,230.52301587301577,python-location-rf-v3,phase1-v1-clean-v3,240.68069087213908,spark-location-selected-v4,10.157674999123316,54.68069087213908,44.523015873015765,Match,Within fixed 50-unit tolerance
2025-12-15:10,2025-12-15,10,315,225.93814709595958,python-location-rf-v3,phase1-v1-clean-v3,190.2259376114081,spark-location-selected-v4,35.712209484551465,124.77406238859189,89.06185290404042,Match,Within fixed 50-unit tolerance
2025-12-16:10,2025-12-16,10,277,243.41859848484847,python-location-rf-v3,phase1-v1-clean-v3,202.79492725018477,spark-location-selected-v4,40.6236712346637,74.20507274981523,33.581401515151526,Match,Within fixed 50-unit tolerance
2025-12-17:10,2025-12-17,10,303,241.68448638167388,python-location-rf-v3,phase1-v1-clean-v3,198.7100112044818,spark-location-selected-v4,42.97447517719209,104.28998879551821,61.31551361832612,Match,Within fixed 50-unit tolerance
2025-12-18:10,2025-12-18,10,200,243.41859848484847,python-location-rf-v3,phase1-v1-clean-v3,189.25888396014145,spark-location-selected-v4,54.15971452470703,10.741116039858554,43.418598484848474,Mismatch,Predictions differ by more than 50 units
2025-12-19:10,2025-12-19,10,210,241.63391594516597,python-location-rf-v3,phase1-v1-clean-v3,197.4591794231206,spark-location-selected-v4,44.17473652204538,12.540820576879412,31.633915945165967,Match,Within fixed 50-unit tolerance
2025-12-20:10,2025-12-20,10,393,188.19932196275943,python-location-rf-v3,phase1-v1-clean-v3,212.20057213053556,spark-location-selected-v4,24.001250167776135,180.79942786946444,204.80067803724057,Match,Within fixed 50-unit tolerance
2025-12-21:10,2025-12-21,10,284,227.06295319264072,python-location-rf-v3,phase1-v1-clean-v3,223.48217073877925,spark-location-selected-v4,3.580782453861474,60.517829261220754,56.93704680735928,Match,Within fixed 50-unit tolerance
2025-12-22:10,2025-12-22,10,203,234.83507169913415,python-location-rf-v3,phase1-v1-clean-v3,208.77272116119173,spark-location-selected-v4,26.06235053794242,5.7727211611917255,31.835071699134147,Match,Within fixed 50-unit tolerance
2025-12-23:10,2025-12-23,10,168,241.63391594516597,python-location-rf-v3,phase1-v1-clean-v3,189.8669293353705,spark-location-selected-v4,51.76698660979548,21.866929335370486,73.63391594516597,Mismatch,Predictions differ by more than 50 units
2025-12-24:10,2025-12-24,10,235,226.5626213023088,python-location-rf-v3,phase1-v1-clean-v3,186.2302367887866,spark-location-selected-v4,40.332384513522186,48.76976321121339,8.437378697691202,Match,Within fixed 50-unit tolerance
2025-12-25:10,2025-12-25,10,153,239.98372745310243,python-location-rf-v3,phase1-v1-clean-v3,181.35746568932635,spark-location-selected-v4,58.626261763776085,28.357465689326347,86.98372745310243,Mismatch,Predictions differ by more than 50 units
2025-12-26:10,2025-12-26,10,241,226.5626213023088,python-location-rf-v3,phase1-v1-clean-v3,180.35705311851464,spark-location-selected-v4,46.205568183794156,60.64294688148536,14.437378697691202,Match,Within fixed 50-unit tolerance
2025-12-27:10,2025-12-27,10,346,209.634007936508,python-location-rf-v3,phase1-v1-clean-v3,228.5782208950646,spark-location-selected-v4,18.94421295855659,117.42177910493541,136.365992063492,Match,Within fixed 50-unit tolerance
2025-12-28:10,2025-12-28,10,365,221.1528422619048,python-location-rf-v3,phase1-v1-clean-v3,244.6002847096741,spark-location-selected-v4,23.447442447769305,120.3997152903259,143.8471577380952,Match,Within fixed 50-unit tolerance
2025-12-29:10,2025-12-29,10,144,236.4244814213564,python-location-rf-v3,phase1-v1-clean-v3,201.9121625814525,spark-location-selected-v4,34.51231883990391,57.91216258145249,92.4244814213564,Match,Within fixed 50-unit tolerance
2025-12-30:10,2025-12-30,10,249,223.14235344516595,python-location-rf-v3,phase1-v1-clean-v3,188.88382319368785,spark-location-selected-v4,34.258530251478106,60.116176806312154,25.857646554834048,Match,Within fixed 50-unit tolerance
2025-12-31:10,2025-12-31,10,312,242.68877209595956,python-location-rf-v3,phase1-v1-clean-v3,180.4394373651948,spark-location-selected-v4,62.24933473076476,131.5605626348052,69.31122790404044,Mismatch,Predictions differ by more than 50 units
2026-01-01:10,2026-01-01,10,14,209.3454518398268,python-location-rf-v3,phase1-v1-clean-v3,217.4584988371901,spark-location-selected-v4,8.113046997363284,203.4584988371901,195.3454518398268,Match,Within fixed 50-unit tolerance
2025-12-03:11,2025-12-03,11,274,208.69147050865794,python-location-rf-v3,phase1-v1-clean-v3,205.9897194211017,spark-location-selected-v4,2.7017510875562323,68.01028057889829,65.30852949134206,Match,Within fixed 50-unit tolerance
2025-12-04:11,2025-12-04,11,208,206.55199134199134,python-location-rf-v3,phase1-v1-clean-v3,182.08493862999745,spark-location-selected-v4,24.467052711993887,25.915061370002547,1.4480086580086606,Match,Within fixed 50-unit tolerance
2025-12-05:11,2025-12-05,11,217,236.55200126262625,python-location-rf-v3,phase1-v1-clean-v3,191.0937887605753,spark-location-selected-v4,45.45821250205094,25.906211239424692,19.55200126262625,Match,Within fixed 50-unit tolerance
2025-12-06:11,2025-12-06,11,331,234.1169744144744,python-location-rf-v3,phase1-v1-clean-v3,228.7857141309934,spark-location-selected-v4,5.331260283481015,102.2142858690066,96.88302558552559,Match,Within fixed 50-unit tolerance
2025-12-07:11,2025-12-07,11,425,223.1556516053391,python-location-rf-v3,phase1-v1-clean-v3,233.588506182584,spark-location-selected-v4,10.43285457724491,191.411493817416,201.8443483946609,Match,Within fixed 50-unit tolerance
2025-12-08:11,2025-12-08,11,236,239.5157314213564,python-location-rf-v3,phase1-v1-clean-v3,202.6157129644704,spark-location-selected-v4,36.900018456886016,33.38428703552961,3.5157314213564064,Match,Within fixed 50-unit tolerance
2025-12-09:11,2025-12-09,11,219,242.5960191197691,python-location-rf-v3,phase1-v1-clean-v3,177.27726089460654,spark-location-selected-v4,65.31875822516255,41.72273910539346,23.596019119769096,Mismatch,Predictions differ by more than 50 units
2025-12-10:11,2025-12-10,11,215,238.35780483405478,python-location-rf-v3,phase1-v1-clean-v3,183.70824402068524,spark-location-selected-v4,54.64956081336953,31.291755979314757,23.357804834054775,Mismatch,Predictions differ by more than 50 units
2025-12-11:11,2025-12-11,11,221,239.40624233405478,python-location-rf-v3,phase1-v1-clean-v3,192.0661343862052,spark-location-selected-v4,47.34010794784959,28.933865613794808,18.40624233405478,Match,Within fixed 50-unit tolerance
2025-12-12:11,2025-12-12,11,236,238.35780483405478,python-location-rf-v3,phase1-v1-clean-v3,186.336213549842,spark-location-selected-v4,52.021591284212775,49.663786450158,2.3578048340547753,Mismatch,Predictions differ by more than 50 units
2025-12-13:11,2025-12-13,11,287,221.09756240287487,python-location-rf-v3,phase1-v1-clean-v3,204.77055715930487,spark-location-selected-v4,16.32700524357,82.22944284069513,65.90243759712513,Match,Within fixed 50-unit tolerance
2025-12-14:11,2025-12-14,11,248,213.3649319083694,python-location-rf-v3,phase1-v1-clean-v3,227.0852183869661,spark-location-selected-v4,13.720286478596677,20.91478161303391,34.635068091630586,Match,Within fixed 50-unit tolerance
2025-12-15:11,2025-12-15,11,200,237.91819669913417,python-location-rf-v3,phase1-v1-clean-v3,192.9022658430894,spark-location-selected-v4,45.015930856044776,7.0977341569106045,37.91819669913417,Match,Within fixed 50-unit tolerance
2025-12-16:11,2025-12-16,11,119,241.90902011183258,python-location-rf-v3,phase1-v1-clean-v3,193.39673852309147,spark-location-selected-v4,48.512281588741104,74.39673852309147,122.90902011183258,Match,Within fixed 50-unit tolerance
2025-12-17:11,2025-12-17,11,182,227.6381421356421,python-location-rf-v3,phase1-v1-clean-v3,186.7839937459748,spark-location-selected-v4,40.8541483896673,4.783993745974811,45.63814213564211,Match,Within fixed 50-unit tolerance
2025-12-18:11,2025-12-18,11,301,231.25570165945163,python-location-rf-v3,phase1-v1-clean-v3,186.7131182411057,spark-location-selected-v4,44.54258341834594,114.28688175889431,69.74429834054837,Match,Within fixed 50-unit tolerance
2025-12-19:11,2025-12-19,11,214,244.68016098484844,python-location-rf-v3,phase1-v1-clean-v3,192.7606678497625,spark-location-selected-v4,51.91949313508593,21.239332150237487,30.680160984848442,Mismatch,Predictions differ by more than 50 units
2025-12-20:11,2025-12-20,11,301,228.38280278749025,python-location-rf-v3,phase1-v1-clean-v3,204.46038508355915,spark-location-selected-v4,23.922417703931103,96.53961491644085,72.61719721250975,Match,Within fixed 50-unit tolerance
2025-12-21:11,2025-12-21,11,352,217.33776289682547,python-location-rf-v3,phase1-v1-clean-v3,205.15472380457868,spark-location-selected-v4,12.183039092246787,146.84527619542132,134.66223710317453,Match,Within fixed 50-unit tolerance
2025-12-22:11,2025-12-22,11,240,237.17854392135638,python-location-rf-v3,phase1-v1-clean-v3,201.18882924811916,spark-location-selected-v4,35.989714673237216,38.81117075188084,2.821456078643621,Match,Within fixed 50-unit tolerance
2025-12-23:11,2025-12-23,11,257,208.25158955627703,python-location-rf-v3,phase1-v1-clean-v3,189.3256631701632,spark-location-selected-v4,18.925926386113815,67.67433682983679,48.748410443722975,Match,Within fixed 50-unit tolerance
2025-12-24:11,2025-12-24,11,255,233.9620012626262,python-location-rf-v3,phase1-v1-clean-v3,183.11307604900165,spark-location-selected-v4,50.84892521362454,71.88692395099835,21.03799873737381,Mismatch,Predictions differ by more than 50 units
2025-12-25:11,2025-12-25,11,149,242.96387626262623,python-location-rf-v3,phase1-v1-clean-v3,175.58614083411146,spark-location-selected-v4,67.37773542851477,26.58614083411146,93.96387626262623,Mismatch,Predictions differ by more than 50 units
2025-12-26:11,2025-12-26,11,187,227.6381421356421,python-location-rf-v3,phase1-v1-clean-v3,176.91053167938256,spark-location-selected-v4,50.727610456259555,10.089468320617442,40.63814213564211,Mismatch,Predictions differ by more than 50 units
2025-12-27:11,2025-12-27,11,324,238.282197420635,python-location-rf-v3,phase1-v1-clean-v3,237.0785410639171,spark-location-selected-v4,1.203656356717886,86.9214589360829,85.71780257936501,Match,Within fixed 50-unit tolerance
2025-12-28:11,2025-12-28,11,298,212.02235254329008,python-location-rf-v3,phase1-v1-clean-v3,229.99703192919912,spark-location-selected-v4,17.97467938590904,68.00296807080088,85.97764745670992,Match,Within fixed 50-unit tolerance
2025-12-29:11,2025-12-29,11,194,239.5157314213564,python-location-rf-v3,phase1-v1-clean-v3,209.108021978022,spark-location-selected-v4,30.407709443334397,15.108021978022009,45.515731421356406,Match,Within fixed 50-unit tolerance
2025-12-30:11,2025-12-30,11,224,232.33278499278495,python-location-rf-v3,phase1-v1-clean-v3,184.97925885960444,spark-location-selected-v4,47.35352613318051,39.02074114039556,8.332784992784951,Match,Within fixed 50-unit tolerance
2025-12-31:11,2025-12-31,11,167,237.95405483405483,python-location-rf-v3,phase1-v1-clean-v3,184.35361905496467,spark-location-selected-v4,53.60043577909016,17.353619054964668,70.95405483405483,Mismatch,Predictions differ by more than 50 units
2025-12-03:12,2025-12-03,12,194,225.43936011904756,python-location-rf-v3,phase1-v1-clean-v3,207.88406033174735,spark-location-selected-v4,17.555299787300214,13.88406033174735,31.439360119047564,Match,Within fixed 50-unit tolerance
2025-12-04:12,2025-12-04,12,245,219.51242784992783,python-location-rf-v3,phase1-v1-clean-v3,210.0189078014455,spark-location-selected-v4,9.493520048482338,34.98109219855451,25.487572150072168,Match,Within fixed 50-unit tolerance
2025-12-05:12,2025-12-05,12,197,228.23033459595953,python-location-rf-v3,phase1-v1-clean-v3,195.73917733575544,spark-location-selected-v4,32.49115726020409,1.2608226642445572,31.230334595959533,Match,Within fixed 50-unit tolerance
2025-12-06:12,2025-12-06,12,346,214.605450487013,python-location-rf-v3,phase1-v1-clean-v3,214.214323709293,spark-location-selected-v4,0.3911267777199896,131.785676290707,131.394549512987,Match,Within fixed 50-unit tolerance
2025-12-07:12,2025-12-07,12,447,207.46702380952388,python-location-rf-v3,phase1-v1-clean-v3,199.4064816315565,spark-location-selected-v4,8.060542177967392,247.5935183684435,239.53297619047612,Match,Within fixed 50-unit tolerance
2025-12-08:12,2025-12-08,12,174,208.44150523088024,python-location-rf-v3,phase1-v1-clean-v3,199.32516251302025,spark-location-selected-v4,9.116342717859993,25.325162513020246,34.44150523088024,Match,Within fixed 50-unit tolerance
2025-12-09:12,2025-12-09,12,171,224.31409451659448,python-location-rf-v3,phase1-v1-clean-v3,189.3045916730329,spark-location-selected-v4,35.00950284356159,18.30459167303289,53.31409451659448,Match,Within fixed 50-unit tolerance
2025-12-10:12,2025-12-10,12,220,222.84409451659448,python-location-rf-v3,phase1-v1-clean-v3,201.17507498469152,spark-location-selected-v4,21.66901953190296,18.82492501530848,2.844094516594481,Match,Within fixed 50-unit tolerance
2025-12-11:12,2025-12-11,12,243,231.82119769119768,python-location-rf-v3,phase1-v1-clean-v3,186.8408031466193,spark-location-selected-v4,44.98039454457839,56.159196853380706,11.178802308802318,Match,Within fixed 50-unit tolerance
2025-12-12:12,2025-12-12,12,306,233.72222447691192,python-location-rf-v3,phase1-v1-clean-v3,191.6061996637867,spark-location-selected-v4,42.11602481312522,114.3938003362133,72.27777552308808,Match,Within fixed 50-unit tolerance
2025-12-13:12,2025-12-13,12,310,217.836424963925,python-location-rf-v3,phase1-v1-clean-v3,212.6606879632236,spark-location-selected-v4,5.175737000701389,97.33931203677639,92.163575036075,Match,Within fixed 50-unit tolerance
2025-12-14:12,2025-12-14,12,274,210.26553706709956,python-location-rf-v3,phase1-v1-clean-v3,231.3091069652741,spark-location-selected-v4,21.043569898174553,42.69089303472589,63.73446293290044,Match,Within fixed 50-unit tolerance
2025-12-15:12,2025-12-15,12,214,227.36255681818176,python-location-rf-v3,phase1-v1-clean-v3,173.95644741730533,spark-location-selected-v4,53.40610940087643,40.04355258269467,13.362556818181758,Mismatch,Predictions differ by more than 50 units
2025-12-16:12,2025-12-16,12,245,224.50528995310242,python-location-rf-v3,phase1-v1-clean-v3,191.21932114292724,spark-location-selected-v4,33.28596881017518,53.78067885707276,20.49471004689758,Match,Within fixed 50-unit tolerance
2025-12-17:12,2025-12-17,12,273,236.42726911976905,python-location-rf-v3,phase1-v1-clean-v3,189.43771986814548,spark-location-selected-v4,46.98954925162357,83.56228013185452,36.57273088023095,Match,Within fixed 50-unit tolerance
2025-12-18:12,2025-12-18,12,298,235.4229834054833,python-location-rf-v3,phase1-v1-clean-v3,185.33225723160285,spark-location-selected-v4,50.090726173880455,112.66774276839715,62.57701659451669,Mismatch,Predictions differ by more than 50 units
2025-12-19:12,2025-12-19,12,333,238.1435538419913,python-location-rf-v3,phase1-v1-clean-v3,193.97008263305324,spark-location-selected-v4,44.173471208938054,139.02991736694676,94.85644615800871,Match,Within fixed 50-unit tolerance
2025-12-20:12,2025-12-20,12,355,226.80525297619047,python-location-rf-v3,phase1-v1-clean-v3,212.6606879632236,spark-location-selected-v4,14.144565012966865,142.3393120367764,128.19474702380953,Match,Within fixed 50-unit tolerance
2025-12-21:12,2025-12-21,12,475,222.7200595238095,python-location-rf-v3,phase1-v1-clean-v3,231.69817612123907,spark-location-selected-v4,8.978116597429562,243.30182387876093,252.2799404761905,Match,Within fixed 50-unit tolerance
2025-12-22:12,2025-12-22,12,182,232.97912427849923,python-location-rf-v3,phase1-v1-clean-v3,210.2289214801339,spark-location-selected-v4,22.750202798365336,28.22892148013389,50.97912427849923,Match,Within fixed 50-unit tolerance
2025-12-23:12,2025-12-23,12,271,224.71909451659448,python-location-rf-v3,phase1-v1-clean-v3,191.71551426433044,spark-location-selected-v4,33.003580252264044,79.28448573566956,46.28090548340552,Match,Within fixed 50-unit tolerance
2025-12-24:12,2025-12-24,12,346,235.4229834054833,python-location-rf-v3,phase1-v1-clean-v3,185.60428369125427,spark-location-selected-v4,49.81869971422904,160.39571630874573,110.57701659451669,Match,Within fixed 50-unit tolerance
2025-12-25:12,2025-12-25,12,330,238.1435538419913,python-location-rf-v3,phase1-v1-clean-v3,188.72438396014147,spark-location-selected-v4,49.419169881849825,141.27561603985853,91.85644615800871,Match,Within fixed 50-unit tolerance
2025-12-26:12,2025-12-26,12,198,238.1435538419913,python-location-rf-v3,phase1-v1-clean-v3,202.11736015061763,spark-location-selected-v4,36.02619369137366,4.117360150617628,40.14355384199129,Match,Within fixed 50-unit tolerance
2025-12-27:12,2025-12-27,12,418,192.6044707722833,python-location-rf-v3,phase1-v1-clean-v3,207.5174443054102,spark-location-selected-v4,14.912973533126916,210.4825556945898,225.3955292277167,Match,Within fixed 50-unit tolerance
2025-12-28:12,2025-12-28,12,321,208.67793154761904,python-location-rf-v3,phase1-v1-clean-v3,231.3091069652741,spark-location-selected-v4,22.631175417655072,89.69089303472589,112.32206845238096,Match,Within fixed 50-unit tolerance
2025-12-29:12,2025-12-29,12,302,224.68079094516594,python-location-rf-v3,phase1-v1-clean-v3,188.66730414287144,spark-location-selected-v4,36.013486802294494,113.33269585712856,77.31920905483406,Match,Within fixed 50-unit tolerance
2025-12-30:12,2025-12-30,12,255,238.1435538419913,python-location-rf-v3,phase1-v1-clean-v3,190.34815406162463,spark-location-selected-v4,47.795399780366665,64.65184593837537,16.85644615800871,Match,Within fixed 50-unit tolerance
2025-12-31:12,2025-12-31,12,229,236.42726911976905,python-location-rf-v3,phase1-v1-clean-v3,185.39417380114443,spark-location-selected-v4,51.03309531862462,43.60582619885557,7.427269119769051,Mismatch,Predictions differ by more than 50 units
2025-12-03:13,2025-12-03,13,182,199.70266098484845,python-location-rf-v3,phase1-v1-clean-v3,179.4528061101289,spark-location-selected-v4,20.249854874719546,2.547193889871096,17.70266098484845,Match,Within fixed 50-unit tolerance
2025-12-04:13,2025-12-04,13,165,194.75022546897543,python-location-rf-v3,phase1-v1-clean-v3,199.6275427046741,spark-location-selected-v4,4.877317235698683,34.62754270467411,29.75022546897543,Match,Within fixed 50-unit tolerance
2025-12-05:13,2025-12-05,13,221,205.08412427849925,python-location-rf-v3,phase1-v1-clean-v3,196.1029573919476,spark-location-selected-v4,8.981166886551648,24.897042608052402,15.915875721500754,Match,Within fixed 50-unit tolerance
2025-12-06:13,2025-12-06,13,369,242.68505456349217,python-location-rf-v3,phase1-v1-clean-v3,231.7564642894956,spark-location-selected-v4,10.928590273996576,137.2435357105044,126.31494543650783,Match,Within fixed 50-unit tolerance
2025-12-07:13,2025-12-07,13,339,228.08661210317456,python-location-rf-v3,phase1-v1-clean-v3,237.4165207720216,spark-location-selected-v4,9.329908668847054,101.58347922797839,110.91338789682544,Match,Within fixed 50-unit tolerance
2025-12-08:13,2025-12-08,13,147,234.35382665945158,python-location-rf-v3,phase1-v1-clean-v3,207.6917129644704,spark-location-selected-v4,26.662113694981173,60.69171296447041,87.35382665945158,Match,Within fixed 50-unit tolerance
2025-12-09:13,2025-12-09,13,98,222.35332070707068,python-location-rf-v3,phase1-v1-clean-v3,184.7233441552612,spark-location-selected-v4,37.62997655180948,86.7233441552612,124.35332070707068,Match,Within fixed 50-unit tolerance
2025-12-10:13,2025-12-10,13,281,215.0855082070707,python-location-rf-v3,phase1-v1-clean-v3,181.2162305284327,spark-location-selected-v4,33.869277678637985,99.7837694715673,65.91449179292931,Match,Within fixed 50-unit tolerance
2025-12-11:13,2025-12-11,13,239,228.84054292929287,python-location-rf-v3,phase1-v1-clean-v3,180.79894580314888,spark-location-selected-v4,48.041597126143984,58.20105419685112,10.159457070707134,Match,Within fixed 50-unit tolerance
2025-12-12:13,2025-12-12,13,250,236.23411435786429,python-location-rf-v3,phase1-v1-clean-v3,177.5590774869335,spark-location-selected-v4,58.675036870930796,72.44092251306651,13.765885642135714,Mismatch,Predictions differ by more than 50 units
2025-12-13:13,2025-12-13,13,358,190.7164732142857,python-location-rf-v3,phase1-v1-clean-v3,219.70352933027337,spark-location-selected-v4,28.987056115987656,138.29647066972663,167.2835267857143,Match,Within fixed 50-unit tolerance
2025-12-14:13,2025-12-14,13,285,219.88891008297256,python-location-rf-v3,phase1-v1-clean-v3,235.9088265944581,spark-location-selected-v4,16.019916511485548,49.091173405541895,65.11108991702744,Match,Within fixed 50-unit tolerance
2025-12-15:13,2025-12-15,13,286,202.1146302308802,python-location-rf-v3,phase1-v1-clean-v3,175.669155659804,spark-location-selected-v4,26.445474571076204,110.330844340196,83.88536976911979,Match,Within fixed 50-unit tolerance
2025-12-16:13,2025-12-16,13,244,207.75356872294364,python-location-rf-v3,phase1-v1-clean-v3,194.69448337028825,spark-location-selected-v4,13.059085352655387,49.30551662971175,36.24643127705636,Match,Within fixed 50-unit tolerance
2025-12-17:13,2025-12-17,13,196,236.60197150072145,python-location-rf-v3,phase1-v1-clean-v3,184.8177122626829,spark-location-selected-v4,51.784259238038544,11.182287737317097,40.60197150072145,Mismatch,Predictions differ by more than 50 units
2025-12-18:13,2025-12-18,13,255,229.64464015151515,python-location-rf-v3,phase1-v1-clean-v3,189.7383037571199,spark-location-selected-v4,39.906336394395254,65.2616962428801,25.355359848484852,Match,Within fixed 50-unit tolerance
2025-12-19:13,2025-12-19,13,123,236.60197150072145,python-location-rf-v3,phase1-v1-clean-v3,177.14918417965475,spark-location-selected-v4,59.452787321066694,54.14918417965475,113.60197150072145,Mismatch,Predictions differ by more than 50 units
2025-12-20:13,2025-12-20,13,411,197.46883356227107,python-location-rf-v3,phase1-v1-clean-v3,227.58259331896176,spark-location-selected-v4,30.113759756690683,183.41740668103824,213.53116643772893,Match,Within fixed 50-unit tolerance
2025-12-21:13,2025-12-21,13,266,230.04180059523804,python-location-rf-v3,phase1-v1-clean-v3,237.4165207720216,spark-location-selected-v4,7.374720176783569,28.583479227978387,35.958199404761956,Match,Within fixed 50-unit tolerance
2025-12-22:13,2025-12-22,13,465,230.55200622294365,python-location-rf-v3,phase1-v1-clean-v3,197.1401841241547,spark-location-selected-v4,33.411822098788946,267.8598158758453,234.44799377705635,Match,Within fixed 50-unit tolerance
2025-12-23:13,2025-12-23,13,267,239.51825622294368,python-location-rf-v3,phase1-v1-clean-v3,204.8652507183832,spark-location-selected-v4,34.65300550456047,62.13474928161679,27.481743777056323,Match,Within fixed 50-unit tolerance
2025-12-24:13,2025-12-24,13,246,233.26049828643573,python-location-rf-v3,phase1-v1-clean-v3,194.79060768403323,spark-location-selected-v4,38.4698906024025,51.20939231596677,12.739501713564266,Match,Within fixed 50-unit tolerance
2025-12-25:13,2025-12-25,13,156,236.60197150072145,python-location-rf-v3,phase1-v1-clean-v3,175.58583598618156,spark-location-selected-v4,61.01613551453988,19.585835986181564,80.60197150072145,Mismatch,Predictions differ by more than 50 units
2025-12-26:13,2025-12-26,13,306,195.78406475468975,python-location-rf-v3,phase1-v1-clean-v3,196.77187514616173,spark-location-selected-v4,0.9878103914719816,109.22812485383827,110.21593524531025,Match,Within fixed 50-unit tolerance
2025-12-27:13,2025-12-27,13,321,202.81888888888884,python-location-rf-v3,phase1-v1-clean-v3,216.4795850815851,spark-location-selected-v4,13.660696192696264,104.5204149184149,118.18111111111116,Match,Within fixed 50-unit tolerance
2025-12-28:13,2025-12-28,13,455,230.1118551587302,python-location-rf-v3,phase1-v1-clean-v3,234.03390206842937,spark-location-selected-v4,3.922046909699162,220.96609793157063,224.8881448412698,Match,Within fixed 50-unit tolerance
2025-12-29:13,2025-12-29,13,291,234.35382665945158,python-location-rf-v3,phase1-v1-clean-v3,207.6917129644704,spark-location-selected-v4,26.662113694981173,83.30828703552959,56.646173340548415,Match,Within fixed 50-unit tolerance
2025-12-30:13,2025-12-30,13,234,236.64342983405476,python-location-rf-v3,phase1-v1-clean-v3,190.34815406162463,spark-location-selected-v4,46.29527577243013,43.651845938375374,2.643429834054757,Match,Within fixed 50-unit tolerance
2025-12-31:13,2025-12-31,13,399,236.23411435786429,python-location-rf-v3,phase1-v1-clean-v3,186.0266931290388,spark-location-selected-v4,50.207421228825496,212.9733068709612,162.76588564213571,Mismatch,Predictions differ by more than 50 units
2025-12-03:14,2025-12-03,14,349,244.86456078643573,python-location-rf-v3,phase1-v1-clean-v3,200.9556498885683,spark-location-selected-v4,43.90891089786743,148.0443501114317,104.13543921356427,Match,Within fixed 50-unit tolerance
2025-12-04:14,2025-12-04,14,238,211.55677308802305,python-location-rf-v3,phase1-v1-clean-v3,177.9756568826438,spark-location-selected-v4,33.58111620537926,60.02434311735621,26.44322691197695,Match,Within fixed 50-unit tolerance
2025-12-05:14,2025-12-05,14,257,203.77039908008658,python-location-rf-v3,phase1-v1-clean-v3,180.0814680688491,spark-location-selected-v4,23.688931011237486,76.91853193115091,53.22960091991342,Match,Within fixed 50-unit tolerance
2025-12-06:14,2025-12-06,14,311,227.82387438949945,python-location-rf-v3,phase1-v1-clean-v3,204.2713228869213,spark-location-selected-v4,23.552551502578154,106.7286771130787,83.17612561050055,Match,Within fixed 50-unit tolerance
2025-12-07:14,2025-12-07,14,319,222.73351190476197,python-location-rf-v3,phase1-v1-clean-v3,221.47426840994197,spark-location-selected-v4,1.259243494819998,97.52573159005803,96.26648809523803,Match,Within fixed 50-unit tolerance
2025-12-08:14,2025-12-08,14,229,234.13840999278494,python-location-rf-v3,phase1-v1-clean-v3,193.5907887220462,spark-location-selected-v4,40.547621270738745,35.4092112779538,5.138409992784943,Match,Within fixed 50-unit tolerance
2025-12-09:14,2025-12-09,14,225,233.51527507215005,python-location-rf-v3,phase1-v1-clean-v3,185.44294602891665,spark-location-selected-v4,48.072329043233395,39.55705397108335,8.515275072150047,Match,Within fixed 50-unit tolerance
2025-12-10:14,2025-12-10,14,168,231.3767334054834,python-location-rf-v3,phase1-v1-clean-v3,190.0213648998061,spark-location-selected-v4,41.35536850567732,22.021364899806088,63.37673340548341,Match,Within fixed 50-unit tolerance
2025-12-11:14,2025-12-11,14,193,222.137904040404,python-location-rf-v3,phase1-v1-clean-v3,174.44441154475717,spark-location-selected-v4,47.69349249564684,18.555588455242827,29.13790404040401,Match,Within fixed 50-unit tolerance
2025-12-12:14,2025-12-12,14,318,225.7554635642135,python-location-rf-v3,phase1-v1-clean-v3,176.7207168122584,spark-location-selected-v4,49.03474675195511,141.2792831877416,92.2445364357865,Match,Within fixed 50-unit tolerance
2025-12-13:14,2025-12-13,14,408,227.74934523809526,python-location-rf-v3,phase1-v1-clean-v3,219.7079579407521,spark-location-selected-v4,8.041387297343164,188.2920420592479,180.25065476190474,Match,Within fixed 50-unit tolerance
2025-12-14:14,2025-12-14,14,416,223.74838428932176,python-location-rf-v3,phase1-v1-clean-v3,238.11731633674205,spark-location-selected-v4,14.368932047420287,177.88268366325795,192.25161571067824,Match,Within fixed 50-unit tolerance
2025-12-15:14,2025-12-15,14,306,234.13840999278494,python-location-rf-v3,phase1-v1-clean-v3,202.9218244706113,spark-location-selected-v4,31.21658552217363,103.07817552938869,71.86159000721506,Match,Within fixed 50-unit tolerance
2025-12-16:14,2025-12-16,14,283,239.302839556277,python-location-rf-v3,phase1-v1-clean-v3,207.66035438056687,spark-location-selected-v4,31.642485175710135,75.33964561943313,43.69716044372299,Match,Within fixed 50-unit tolerance
2025-12-17:14,2025-12-17,14,222,227.43649531024522,python-location-rf-v3,phase1-v1-clean-v3,178.2414666065922,spark-location-selected-v4,49.19502870365301,43.75853339340779,5.4364953102452205,Match,Within fixed 50-unit tolerance
2025-12-18:14,2025-12-18,14,170,223.16371257215005,python-location-rf-v3,phase1-v1-clean-v3,196.94320680660783,spark-location-selected-v4,26.220505765542214,26.943206806607833,53.16371257215005,Match,Within fixed 50-unit tolerance
2025-12-19:14,2025-12-19,14,213,225.35046356421353,python-location-rf-v3,phase1-v1-clean-v3,183.5332123901536,spark-location-selected-v4,41.81725117405992,29.466787609846392,12.350463564213527,Match,Within fixed 50-unit tolerance
2025-12-20:14,2025-12-20,14,327,183.940897990898,python-location-rf-v3,phase1-v1-clean-v3,208.4467292222477,spark-location-selected-v4,24.505831231349703,118.55327077775229,143.059102009102,Match,Within fixed 50-unit tolerance
2025-12-21:14,2025-12-21,14,393,207.4263257575757,python-location-rf-v3,phase1-v1-clean-v3,238.11731633674205,spark-location-selected-v4,30.69099057916634,154.88268366325795,185.5736742424243,Match,Within fixed 50-unit tolerance
2025-12-22:14,2025-12-22,14,157,234.13840999278494,python-location-rf-v3,phase1-v1-clean-v3,202.4427129644704,spark-location-selected-v4,31.695697028314555,45.44271296447039,77.13840999278494,Match,Within fixed 50-unit tolerance
2025-12-23:14,2025-12-23,14,210,222.137904040404,python-location-rf-v3,phase1-v1-clean-v3,186.4671674306086,spark-location-selected-v4,35.6707366097954,23.53283256939139,12.13790404040401,Match,Within fixed 50-unit tolerance
2025-12-24:14,2025-12-24,14,229,232.82892090548336,python-location-rf-v3,phase1-v1-clean-v3,186.0590618205324,spark-location-selected-v4,46.76985908495095,42.940938179467594,3.8289209054833577,Match,Within fixed 50-unit tolerance
2025-12-25:14,2025-12-25,14,242,225.1509298340548,python-location-rf-v3,phase1-v1-clean-v3,178.15875889985725,spark-location-selected-v4,46.99217093419756,63.84124110014275,16.849070165945193,Match,Within fixed 50-unit tolerance
2025-12-26:14,2025-12-26,14,314,236.01869769119767,python-location-rf-v3,phase1-v1-clean-v3,176.78339786830622,spark-location-selected-v4,59.23529982289145,137.21660213169378,77.98130230880233,Mismatch,Predictions differ by more than 50 units
2025-12-27:14,2025-12-27,14,414,219.89110254329006,python-location-rf-v3,phase1-v1-clean-v3,219.7079579407521,spark-location-selected-v4,0.18314460253796483,194.2920420592479,194.10889745670994,Match,Within fixed 50-unit tolerance
2025-12-28:14,2025-12-28,14,423,205.06577380952376,python-location-rf-v3,phase1-v1-clean-v3,238.11731633674205,spark-location-selected-v4,33.05154252721829,184.88268366325795,217.93422619047624,Match,Within fixed 50-unit tolerance
2025-12-29:14,2025-12-29,14,271,215.7965845959596,python-location-rf-v3,phase1-v1-clean-v3,189.25529687865463,spark-location-selected-v4,26.541287717304954,81.74470312134537,55.20341540404041,Match,Within fixed 50-unit tolerance
2025-12-30:14,2025-12-30,14,140,235.3822691197691,python-location-rf-v3,phase1-v1-clean-v3,189.70971699662084,spark-location-selected-v4,45.67255212314825,49.70971699662084,95.38226911976909,Match,Within fixed 50-unit tolerance
2025-12-31:14,2025-12-31,14,342,222.137904040404,python-location-rf-v3,phase1-v1-clean-v3,180.17375334027903,spark-location-selected-v4,41.964150700124975,161.82624665972097,119.86209595959599,Match,Within fixed 50-unit tolerance
2025-12-03:15,2025-12-03,15,200,223.45992784992782,python-location-rf-v3,phase1-v1-clean-v3,211.7395375658116,spark-location-selected-v4,11.720390284116235,11.739537565811588,23.459927849927823,Match,Within fixed 50-unit tolerance
2025-12-04:15,2025-12-04,15,290,202.51982864357862,python-location-rf-v3,phase1-v1-clean-v3,207.18750317932663,spark-location-selected-v4,4.667674535748006,82.81249682067337,87.48017135642138,Match,Within fixed 50-unit tolerance
2025-12-05:15,2025-12-05,15,203,231.52862328643573,python-location-rf-v3,phase1-v1-clean-v3,177.84295131291262,spark-location-selected-v4,53.685671973523114,25.157048687087382,28.52862328643573,Mismatch,Predictions differ by more than 50 units
2025-12-06:15,2025-12-06,15,300,231.99025793650793,python-location-rf-v3,phase1-v1-clean-v3,221.6700417829999,spark-location-selected-v4,10.320216153508028,78.3299582170001,68.00974206349207,Match,Within fixed 50-unit tolerance
2025-12-07:15,2025-12-07,15,307,216.09120896464657,python-location-rf-v3,phase1-v1-clean-v3,213.82498965546424,spark-location-selected-v4,2.2662193091823326,93.17501034453576,90.90879103535343,Match,Within fixed 50-unit tolerance
2025-12-08:15,2025-12-08,15,73,232.43454094516588,python-location-rf-v3,phase1-v1-clean-v3,199.25737963113707,spark-location-selected-v4,33.17716131402881,126.25737963113707,159.43454094516588,Match,Within fixed 50-unit tolerance
2025-12-09:15,2025-12-09,15,152,218.3723683261183,python-location-rf-v3,phase1-v1-clean-v3,182.07924500864175,spark-location-selected-v4,36.29312331747656,30.07924500864175,66.3723683261183,Match,Within fixed 50-unit tolerance
2025-12-10:15,2025-12-10,15,290,218.3723683261183,python-location-rf-v3,phase1-v1-clean-v3,181.16676752391515,spark-location-selected-v4,37.20560080220315,108.83323247608485,71.6276316738817,Match,Within fixed 50-unit tolerance
2025-12-11:15,2025-12-11,15,247,233.86581078643576,python-location-rf-v3,phase1-v1-clean-v3,178.35435714285714,spark-location-selected-v4,55.51145364357862,68.64564285714286,13.134189213564241,Mismatch,Predictions differ by more than 50 units
2025-12-12:15,2025-12-12,15,242,232.62101911976907,python-location-rf-v3,phase1-v1-clean-v3,180.44511004307137,spark-location-selected-v4,52.17590907669771,61.55488995692863,9.378980880230927,Mismatch,Predictions differ by more than 50 units
2025-12-13:15,2025-12-13,15,300,225.30521329365084,python-location-rf-v3,phase1-v1-clean-v3,217.37449149086692,spark-location-selected-v4,7.930721802783921,82.62550850913308,74.69478670634916,Match,Within fixed 50-unit tolerance
2025-12-14:15,2025-12-14,15,327,223.44599071067825,python-location-rf-v3,phase1-v1-clean-v3,233.4411633755913,spark-location-selected-v4,9.995172664913042,93.55883662440871,103.55400928932175,Match,Within fixed 50-unit tolerance
2025-12-15:15,2025-12-15,15,323,208.7955230880231,python-location-rf-v3,phase1-v1-clean-v3,188.71935044141992,spark-location-selected-v4,20.07617264660317,134.28064955858008,114.20447691197691,Match,Within fixed 50-unit tolerance
2025-12-16:15,2025-12-16,15,170,214.32527011183257,python-location-rf-v3,phase1-v1-clean-v3,198.6015035423613,spark-location-selected-v4,15.723766569471252,28.601503542361314,44.325270111832566,Match,Within fixed 50-unit tolerance
2025-12-17:15,2025-12-17,15,181,223.05492784992785,python-location-rf-v3,phase1-v1-clean-v3,181.0060225030724,spark-location-selected-v4,42.04890534685546,0.006022503072387053,42.05492784992785,Match,Within fixed 50-unit tolerance
2025-12-18:15,2025-12-18,15,248,223.45992784992782,python-location-rf-v3,phase1-v1-clean-v3,188.3197575255737,spark-location-selected-v4,35.14017032435413,59.68024247442631,24.540072150072177,Match,Within fixed 50-unit tolerance
2025-12-19:15,2025-12-19,15,221,234.09101911976904,python-location-rf-v3,phase1-v1-clean-v3,177.48604132251197,spark-location-selected-v4,56.60497779725708,43.513958677488034,13.091019119769044,Mismatch,Predictions differ by more than 50 units
2025-12-20:15,2025-12-20,15,315,233.25153273809528,python-location-rf-v3,phase1-v1-clean-v3,217.95984416942304,spark-location-selected-v4,15.291688568672242,97.04015583057696,81.74846726190472,Match,Within fixed 50-unit tolerance
2025-12-21:15,2025-12-21,15,298,220.96686643217896,python-location-rf-v3,phase1-v1-clean-v3,238.38770731418563,spark-location-selected-v4,17.420840882006672,59.61229268581437,77.03313356782104,Match,Within fixed 50-unit tolerance
2025-12-22:15,2025-12-22,15,382,232.43454094516588,python-location-rf-v3,phase1-v1-clean-v3,194.15740476190476,spark-location-selected-v4,38.27713618326112,187.84259523809524,149.56545905483412,Match,Within fixed 50-unit tolerance
2025-12-23:15,2025-12-23,15,298,231.6420359848484,python-location-rf-v3,phase1-v1-clean-v3,192.6406475873601,spark-location-selected-v4,39.00138839748831,105.35935241263991,66.3579640151516,Match,Within fixed 50-unit tolerance
2025-12-24:15,2025-12-24,15,221,233.96828598484845,python-location-rf-v3,phase1-v1-clean-v3,177.90539253251814,spark-location-selected-v4,56.062893452330314,43.094607467481865,12.96828598484845,Mismatch,Predictions differ by more than 50 units
2025-12-25:15,2025-12-25,15,279,229.48494769119765,python-location-rf-v3,phase1-v1-clean-v3,183.69591425773044,spark-location-selected-v4,45.78903343346721,95.30408574226956,49.51505230880235,Match,Within fixed 50-unit tolerance
2025-12-26:15,2025-12-26,15,169,233.08673340548336,python-location-rf-v3,phase1-v1-clean-v3,194.22045232087788,spark-location-selected-v4,38.866281084605475,25.220452320877882,64.08673340548336,Match,Within fixed 50-unit tolerance
2025-12-27:15,2025-12-27,15,444,236.5309291056166,python-location-rf-v3,phase1-v1-clean-v3,219.59222834725009,spark-location-selected-v4,16.938700758366508,224.40777165274991,207.4690708943834,Match,Within fixed 50-unit tolerance
2025-12-28:15,2025-12-28,15,356,229.3708978174603,python-location-rf-v3,phase1-v1-clean-v3,239.03339517374275,spark-location-selected-v4,9.662497356282444,116.96660482625725,126.6291021825397,Match,Within fixed 50-unit tolerance
2025-12-29:15,2025-12-29,15,159,232.43454094516588,python-location-rf-v3,phase1-v1-clean-v3,205.1287129644704,spark-location-selected-v4,27.305827980695483,46.128712964470395,73.43454094516588,Match,Within fixed 50-unit tolerance
2025-12-30:15,2025-12-30,15,196,219.84236832611833,python-location-rf-v3,phase1-v1-clean-v3,186.76383409727524,spark-location-selected-v4,33.0785342288431,9.236165902724764,23.842368326118333,Match,Within fixed 50-unit tolerance
2025-12-31:15,2025-12-31,15,229,227.13368777056274,python-location-rf-v3,phase1-v1-clean-v3,193.5996259230965,spark-location-selected-v4,33.53406184746623,35.40037407690349,1.8663122294372556,Match,Within fixed 50-unit tolerance
2025-12-03:16,2025-12-03,16,172,223.8064632936508,python-location-rf-v3,phase1-v1-clean-v3,218.37505916001857,spark-location-selected-v4,5.431404133632242,46.375059160018566,51.80646329365081,Match,Within fixed 50-unit tolerance
2025-12-04:16,2025-12-04,16,319,238.5689453601954,python-location-rf-v3,phase1-v1-clean-v3,221.9677961848612,spark-location-selected-v4,16.60114917533423,97.03220381513881,80.43105463980459,Match,Within fixed 50-unit tolerance
2025-12-05:16,2025-12-05,16,228,203.7223538267288,python-location-rf-v3,phase1-v1-clean-v3,190.1713618655263,spark-location-selected-v4,13.550991961202499,37.82863813447369,24.277646173271194,Match,Within fixed 50-unit tolerance
2025-12-06:16,2025-12-06,16,269,228.8868501984128,python-location-rf-v3,phase1-v1-clean-v3,210.75931590845133,spark-location-selected-v4,18.12753428996146,58.24068409154867,40.11314980158721,Match,Within fixed 50-unit tolerance
2025-12-07:16,2025-12-07,16,407,218.98512799700302,python-location-rf-v3,phase1-v1-clean-v3,212.12459591337824,spark-location-selected-v4,6.860532083624776,194.87540408662176,188.01487200299698,Match,Within fixed 50-unit tolerance
2025-12-08:16,2025-12-08,16,139,227.59302308802302,python-location-rf-v3,phase1-v1-clean-v3,178.81831181021943,spark-location-selected-v4,48.77471127780359,39.81831181021943,88.59302308802302,Match,Within fixed 50-unit tolerance
2025-12-09:16,2025-12-09,16,151,201.8781077949828,python-location-rf-v3,phase1-v1-clean-v3,192.28833905409024,spark-location-selected-v4,9.589768740892566,41.288339054090244,50.87810779498281,Match,Within fixed 50-unit tolerance
2025-12-10:16,2025-12-10,16,293,218.7291838023088,python-location-rf-v3,phase1-v1-clean-v3,182.4169578048459,spark-location-selected-v4,36.31222599746289,110.58304219515409,74.2708161976912,Match,Within fixed 50-unit tolerance
2025-12-11:16,2025-12-11,16,299,234.80956078643575,python-location-rf-v3,phase1-v1-clean-v3,181.01041596638655,spark-location-selected-v4,53.79914482004921,117.98958403361345,64.19043921356425,Mismatch,Predictions differ by more than 50 units
2025-12-12:16,2025-12-12,16,381,238.09480384199134,python-location-rf-v3,phase1-v1-clean-v3,190.07188095238092,spark-location-selected-v4,48.02292288961041,190.92811904761908,142.90519615800866,Match,Within fixed 50-unit tolerance
2025-12-13:16,2025-12-13,16,435,231.2762103174603,python-location-rf-v3,phase1-v1-clean-v3,226.02477134143476,spark-location-selected-v4,5.251438976025554,208.97522865856524,203.7237896825397,Match,Within fixed 50-unit tolerance
2025-12-14:16,2025-12-14,16,395,203.04979166666664,python-location-rf-v3,phase1-v1-clean-v3,237.15675493323323,spark-location-selected-v4,34.106963266566595,157.84324506676677,191.95020833333336,Match,Within fixed 50-unit tolerance
2025-12-15:16,2025-12-15,16,139,203.84989846958598,python-location-rf-v3,phase1-v1-clean-v3,186.21981689245723,spark-location-selected-v4,17.63008157712875,47.21981689245723,64.84989846958598,Match,Within fixed 50-unit tolerance
2025-12-16:16,2025-12-16,16,322,201.8781077949828,python-location-rf-v3,phase1-v1-clean-v3,198.78943429218543,spark-location-selected-v4,3.088673502797377,123.21056570781457,120.12189220501719,Match,Within fixed 50-unit tolerance
2025-12-17:16,2025-12-17,16,255,238.09480384199134,python-location-rf-v3,phase1-v1-clean-v3,188.83288396014143,spark-location-selected-v4,49.261919881849906,66.16711603985857,16.905196158008664,Match,Within fixed 50-unit tolerance
2025-12-18:16,2025-12-18,16,207,233.8743524531024,python-location-rf-v3,phase1-v1-clean-v3,169.32287892934954,spark-location-selected-v4,64.55147352375286,37.67712107065046,26.874352453102404,Mismatch,Predictions differ by more than 50 units
2025-12-19:16,2025-12-19,16,309,232.81949630230878,python-location-rf-v3,phase1-v1-clean-v3,184.7028076282488,spark-location-selected-v4,48.116688674059986,124.29719237175121,76.18050369769122,Match,Within fixed 50-unit tolerance
2025-12-20:16,2025-12-20,16,428,198.5228174603174,python-location-rf-v3,phase1-v1-clean-v3,218.78295794075208,spark-location-selected-v4,20.26014048043467,209.21704205924792,229.4771825396826,Match,Within fixed 50-unit tolerance
2025-12-21:16,2025-12-21,16,435,203.04979166666664,python-location-rf-v3,phase1-v1-clean-v3,237.15675493323323,spark-location-selected-v4,34.106963266566595,197.84324506676677,231.95020833333336,Match,Within fixed 50-unit tolerance
2025-12-22:16,2025-12-22,16,251,203.84989846958598,python-location-rf-v3,phase1-v1-clean-v3,186.21981689245723,spark-location-selected-v4,17.63008157712875,64.78018310754277,47.15010153041402,Match,Within fixed 50-unit tolerance
2025-12-23:16,2025-12-23,16,121,233.8743524531024,python-location-rf-v3,phase1-v1-clean-v3,181.99126471023533,spark-location-selected-v4,51.883087742867076,60.99126471023533,112.8743524531024,Mismatch,Predictions differ by more than 50 units
2025-12-24:16,2025-12-24,16,225,220.03611832611833,python-location-rf-v3,phase1-v1-clean-v3,177.57282747447815,spark-location-selected-v4,42.46329085164018,47.427172525521854,4.963881673881673,Match,Within fixed 50-unit tolerance
2025-12-25:16,2025-12-25,16,253,228.864531024531,python-location-rf-v3,phase1-v1-clean-v3,183.94578000387253,spark-location-selected-v4,44.918751020658476,69.05421999612747,24.135468975468996,Match,Within fixed 50-unit tolerance
2025-12-26:16,2025-12-26,16,361,233.8743524531024,python-location-rf-v3,phase1-v1-clean-v3,177.15864999162062,spark-location-selected-v4,56.71570246148178,183.84135000837938,127.1256475468976,Mismatch,Predictions differ by more than 50 units
2025-12-27:16,2025-12-27,16,324,197.75513888888887,python-location-rf-v3,phase1-v1-clean-v3,218.78295794075208,spark-location-selected-v4,21.02781905186322,105.21704205924792,126.24486111111113,Match,Within fixed 50-unit tolerance
2025-12-28:16,2025-12-28,16,258,206.15693452380947,python-location-rf-v3,phase1-v1-clean-v3,237.15675493323323,spark-location-selected-v4,30.999820409423762,20.84324506676677,51.84306547619053,Match,Within fixed 50-unit tolerance
2025-12-29:16,2025-12-29,16,181,228.85658955627702,python-location-rf-v3,phase1-v1-clean-v3,179.53356739447918,spark-location-selected-v4,49.32302216179784,1.466432605520822,47.856589556277015,Match,Within fixed 50-unit tolerance
2025-12-30:16,2025-12-30,16,220,197.11945204101454,python-location-rf-v3,phase1-v1-clean-v3,192.48425563750675,spark-location-selected-v4,4.635196403507791,27.51574436249325,22.88054795898546,Match,Within fixed 50-unit tolerance
2025-12-31:16,2025-12-31,16,247,229.268281024531,python-location-rf-v3,phase1-v1-clean-v3,187.9673814101569,spark-location-selected-v4,41.30089961437412,59.03261858984311,17.731718975468993,Match,Within fixed 50-unit tolerance
2025-12-03:17,2025-12-03,17,316,220.7201491910868,python-location-rf-v3,phase1-v1-clean-v3,218.62710078871245,spark-location-selected-v4,2.093048402374336,97.37289921128755,95.27985080891321,Match,Within fixed 50-unit tolerance
2025-12-04:17,2025-12-04,17,264,211.52004727910975,python-location-rf-v3,phase1-v1-clean-v3,200.3321759878419,spark-location-selected-v4,11.18787129126784,63.66782401215809,52.47995272089025,Match,Within fixed 50-unit tolerance
2025-12-05:17,2025-12-05,17,252,203.84972981879235,python-location-rf-v3,phase1-v1-clean-v3,173.07338095238094,spark-location-selected-v4,30.77634886641141,78.92661904761906,48.150270181207645,Match,Within fixed 50-unit tolerance
2025-12-06:17,2025-12-06,17,328,239.30044642857155,python-location-rf-v3,phase1-v1-clean-v3,223.78700722546705,spark-location-selected-v4,15.513439203104497,104.21299277453295,88.69955357142845,Match,Within fixed 50-unit tolerance
2025-12-07:17,2025-12-07,17,244,238.1912450396825,python-location-rf-v3,phase1-v1-clean-v3,228.8625033692397,spark-location-selected-v4,9.32874167044281,15.137496630760296,5.808754960317486,Match,Within fixed 50-unit tolerance
2025-12-08:17,2025-12-08,17,363,228.17190205627702,python-location-rf-v3,phase1-v1-clean-v3,183.2461957791664,spark-location-selected-v4,44.925706277110606,179.7538042208336,134.82809794372298,Match,Within fixed 50-unit tolerance
2025-12-09:17,2025-12-09,17,290,208.1231276362526,python-location-rf-v3,phase1-v1-clean-v3,199.3276146534724,spark-location-selected-v4,8.795512982780195,90.67238534652759,81.8768723637474,Match,Within fixed 50-unit tolerance
2025-12-10:17,2025-12-10,17,204,234.5428941197691,python-location-rf-v3,phase1-v1-clean-v3,189.9747492997199,spark-location-selected-v4,44.56814482004921,14.025250700280111,30.5428941197691,Match,Within fixed 50-unit tolerance
2025-12-11:17,2025-12-11,17,178,232.81949630230878,python-location-rf-v3,phase1-v1-clean-v3,175.66628476222596,spark-location-selected-v4,57.15321154008282,2.3337152377740438,54.81949630230878,Mismatch,Predictions differ by more than 50 units
2025-12-12:17,2025-12-12,17,270,222.83826118326118,python-location-rf-v3,phase1-v1-clean-v3,180.15116272908665,spark-location-selected-v4,42.68709845417453,89.84883727091335,47.16173881673882,Match,Within fixed 50-unit tolerance
2025-12-13:17,2025-12-13,17,325,234.0190876831502,python-location-rf-v3,phase1-v1-clean-v3,207.2642845554404,spark-location-selected-v4,26.754803127709778,117.73571544455959,90.98091231684981,Match,Within fixed 50-unit tolerance
2025-12-14:17,2025-12-14,17,388,231.3225843253968,python-location-rf-v3,phase1-v1-clean-v3,228.4897582712005,spark-location-selected-v4,2.8328260541963175,159.5102417287995,156.6774156746032,Match,Within fixed 50-unit tolerance
2025-12-15:17,2025-12-15,17,241,232.27360344516586,python-location-rf-v3,phase1-v1-clean-v3,203.52504629780373,spark-location-selected-v4,28.748557147362135,37.474953702196274,8.726396554834139,Match,Within fixed 50-unit tolerance
2025-12-16:17,2025-12-16,17,328,233.50649531024527,python-location-rf-v3,phase1-v1-clean-v3,188.34763650510712,spark-location-selected-v4,45.15885880513815,139.65236349489288,94.49350468975473,Match,Within fixed 50-unit tolerance
2025-12-17:17,2025-12-17,17,303,236.6248038419913,python-location-rf-v3,phase1-v1-clean-v3,193.33917428288677,spark-location-selected-v4,43.285629559104535,109.66082571711323,66.37519615800869,Match,Within fixed 50-unit tolerance
2025-12-18:17,2025-12-18,17,148,236.1115151515151,python-location-rf-v3,phase1-v1-clean-v3,184.75114094955345,spark-location-selected-v4,51.36037420196166,36.751140949553445,88.1115151515151,Mismatch,Predictions differ by more than 50 units
2025-12-19:17,2025-12-19,17,291,220.03611832611833,python-location-rf-v3,phase1-v1-clean-v3,177.55318962720222,spark-location-selected-v4,42.48292869891611,113.44681037279778,70.96388167388167,Match,Within fixed 50-unit tolerance
2025-12-20:17,2025-12-20,17,287,227.44227543290043,python-location-rf-v3,phase1-v1-clean-v3,209.2217845554404,spark-location-selected-v4,18.220490877460037,77.7782154445596,59.55772456709957,Match,Within fixed 50-unit tolerance
2025-12-21:17,2025-12-21,17,310,206.62537067099566,python-location-rf-v3,phase1-v1-clean-v3,229.55576283447124,spark-location-selected-v4,22.930392163475574,80.44423716552876,103.37462932900434,Match,Within fixed 50-unit tolerance
2025-12-22:17,2025-12-22,17,242,232.27360344516586,python-location-rf-v3,phase1-v1-clean-v3,201.1104492282067,spark-location-selected-v4,31.163154216959157,40.889550771793296,9.726396554834139,Match,Within fixed 50-unit tolerance
2025-12-23:17,2025-12-23,17,318,233.50649531024527,python-location-rf-v3,phase1-v1-clean-v3,188.24159804356867,spark-location-selected-v4,45.2648972666766,129.75840195643133,84.49350468975473,Match,Within fixed 50-unit tolerance
2025-12-24:17,2025-12-24,17,285,238.09480384199134,python-location-rf-v3,phase1-v1-clean-v3,191.4875506268081,spark-location-selected-v4,46.60725321518325,93.51244937319191,46.905196158008664,Match,Within fixed 50-unit tolerance
2025-12-25:17,2025-12-25,17,348,198.41580620768116,python-location-rf-v3,phase1-v1-clean-v3,175.79069557746644,spark-location-selected-v4,22.62511063021472,172.20930442253356,149.58419379231884,Match,Within fixed 50-unit tolerance
2025-12-26:17,2025-12-26,17,133,238.09480384199134,python-location-rf-v3,phase1-v1-clean-v3,195.58921729347475,spark-location-selected-v4,42.50558654851659,62.589217293474746,105.09480384199134,Match,Within fixed 50-unit tolerance
2025-12-27:17,2025-12-27,17,413,240.63715430402937,python-location-rf-v3,phase1-v1-clean-v3,235.2667947288345,spark-location-selected-v4,5.370359575194868,177.7332052711655,172.36284569597063,Match,Within fixed 50-unit tolerance
2025-12-28:17,2025-12-28,17,421,233.52250496031743,python-location-rf-v3,phase1-v1-clean-v3,238.31142159989992,spark-location-selected-v4,4.788916639582482,182.68857840010008,187.47749503968257,Match,Within fixed 50-unit tolerance
2025-12-29:17,2025-12-29,17,268,232.27360344516586,python-location-rf-v3,phase1-v1-clean-v3,201.1104492282067,spark-location-selected-v4,31.163154216959157,66.8895507717933,35.72639655483414,Match,Within fixed 50-unit tolerance
2025-12-30:17,2025-12-30,17,257,232.8700667388167,python-location-rf-v3,phase1-v1-clean-v3,192.77046983844045,spark-location-selected-v4,40.09959690037624,64.22953016155955,24.12993326118331,Match,Within fixed 50-unit tolerance
2025-12-31:17,2025-12-31,17,342,233.8743524531024,python-location-rf-v3,phase1-v1-clean-v3,178.07787892934954,spark-location-selected-v4,55.796473523752866,163.92212107065046,108.1256475468976,Mismatch,Predictions differ by more than 50 units
2025-12-03:18,2025-12-03,18,234,210.493207001332,python-location-rf-v3,phase1-v1-clean-v3,193.9994148989899,spark-location-selected-v4,16.4937921023421,40.0005851010101,23.506792998668004,Match,Within fixed 50-unit tolerance
2025-12-04:18,2025-12-04,18,271,216.2283657314907,python-location-rf-v3,phase1-v1-clean-v3,167.56863609283965,spark-location-selected-v4,48.659729638651044,103.43136390716035,54.7716342685093,Match,Within fixed 50-unit tolerance
2025-12-05:18,2025-12-05,18,187,207.4119024378399,python-location-rf-v3,phase1-v1-clean-v3,173.01637445887445,spark-location-selected-v4,34.39552797896545,13.983625541125548,20.4119024378399,Match,Within fixed 50-unit tolerance
2025-12-06:18,2025-12-06,18,354,246.5906101190476,python-location-rf-v3,phase1-v1-clean-v3,225.5894829316448,spark-location-selected-v4,21.0011271874028,128.4105170683552,107.4093898809524,Match,Within fixed 50-unit tolerance
2025-12-07:18,2025-12-07,18,380,233.14012896825398,python-location-rf-v3,phase1-v1-clean-v3,231.59257354467823,spark-location-selected-v4,1.5475554235757443,148.40742645532177,146.85987103174602,Match,Within fixed 50-unit tolerance
2025-12-08:18,2025-12-08,18,199,234.1942879689754,python-location-rf-v3,phase1-v1-clean-v3,200.28044922820672,spark-location-selected-v4,33.91383874076868,1.2804492282067201,35.1942879689754,Match,Within fixed 50-unit tolerance
2025-12-09:18,2025-12-09,18,213,234.74018082611832,python-location-rf-v3,phase1-v1-clean-v3,184.35753395297516,spark-location-selected-v4,50.38264687314316,28.64246604702484,21.74018082611832,Mismatch,Predictions differ by more than 50 units
2025-12-10:18,2025-12-10,18,220,232.23740304834055,python-location-rf-v3,phase1-v1-clean-v3,185.35902006759935,spark-location-selected-v4,46.87838298074121,34.640979932400654,12.237403048340553,Match,Within fixed 50-unit tolerance
2025-12-11:18,2025-12-11,18,248,231.18896554834055,python-location-rf-v3,phase1-v1-clean-v3,170.11055182849304,spark-location-selected-v4,61.078413719847504,77.88944817150696,16.811034451659452,Mismatch,Predictions differ by more than 50 units
2025-12-12:18,2025-12-12,18,196,227.13441197691196,python-location-rf-v3,phase1-v1-clean-v3,181.02683327325883,spark-location-selected-v4,46.10757870365313,14.97316672674117,31.134411976911963,Match,Within fixed 50-unit tolerance
2025-12-13:18,2025-12-13,18,227,201.60509844322354,python-location-rf-v3,phase1-v1-clean-v3,209.52955303177157,spark-location-selected-v4,7.924454588548031,17.47044696822843,25.39490155677646,Match,Within fixed 50-unit tolerance
2025-12-14:18,2025-12-14,18,310,198.38092893217896,python-location-rf-v3,phase1-v1-clean-v3,229.80779280058343,spark-location-selected-v4,31.426863868404467,80.19220719941657,111.61907106782104,Match,Within fixed 50-unit tolerance
2025-12-15:18,2025-12-15,18,220,231.85710046897543,python-location-rf-v3,phase1-v1-clean-v3,194.30440791455075,spark-location-selected-v4,37.55269255442468,25.69559208544925,11.857100468975432,Match,Within fixed 50-unit tolerance
2025-12-16:18,2025-12-16,18,228,231.18896554834055,python-location-rf-v3,phase1-v1-clean-v3,188.22255388402448,spark-location-selected-v4,42.96641166431607,39.77744611597552,3.1889655483405477,Match,Within fixed 50-unit tolerance
2025-12-17:18,2025-12-17,18,358,230.78521554834055,python-location-rf-v3,phase1-v1-clean-v3,176.8059950604951,spark-location-selected-v4,53.97922048784545,181.1940049395049,127.21478445165945,Mismatch,Predictions differ by more than 50 units
2025-12-18:18,2025-12-18,18,199,240.01548836580082,python-location-rf-v3,phase1-v1-clean-v3,194.6714352421927,spark-location-selected-v4,45.34405312360812,4.3285647578073,41.01548836580082,Match,Within fixed 50-unit tolerance
2025-12-19:18,2025-12-19,18,247,232.4029933261183,python-location-rf-v3,phase1-v1-clean-v3,186.32708279955335,spark-location-selected-v4,46.07591052656494,60.67291720044665,14.597006673881708,Match,Within fixed 50-unit tolerance
2025-12-20:18,2025-12-20,18,398,235.81469246031762,python-location-rf-v3,phase1-v1-clean-v3,226.41286927028492,spark-location-selected-v4,9.401823190032701,171.58713072971508,162.18530753968238,Match,Within fixed 50-unit tolerance
2025-12-21:18,2025-12-21,18,296,235.40753472222218,python-location-rf-v3,phase1-v1-clean-v3,239.9229917753385,spark-location-selected-v4,4.515457053116307,56.07700822466151,60.59246527777782,Match,Within fixed 50-unit tolerance
2025-12-22:18,2025-12-22,18,329,234.1942879689754,python-location-rf-v3,phase1-v1-clean-v3,209.40687295579855,spark-location-selected-v4,24.787415013176854,119.59312704420145,94.8057120310246,Match,Within fixed 50-unit tolerance
2025-12-23:18,2025-12-23,18,268,240.01548836580082,python-location-rf-v3,phase1-v1-clean-v3,199.80468044796737,spark-location-selected-v4,40.21080791783345,68.19531955203263,27.98451163419918,Match,Within fixed 50-unit tolerance
2025-12-24:18,2025-12-24,18,198,234.7907512626262,python-location-rf-v3,phase1-v1-clean-v3,184.4077492997199,spark-location-selected-v4,50.38300196290629,13.59225070028009,36.7907512626262,Mismatch,Predictions differ by more than 50 units
2025-12-25:18,2025-12-25,18,340,231.1192879689754,python-location-rf-v3,phase1-v1-clean-v3,188.80007598116853,spark-location-selected-v4,42.31921198780688,151.19992401883147,108.88071203102459,Match,Within fixed 50-unit tolerance
2025-12-26:18,2025-12-26,18,272,240.01548836580082,python-location-rf-v3,phase1-v1-clean-v3,196.73910190885937,spark-location-selected-v4,43.27638645694145,75.26089809114063,31.98451163419918,Match,Within fixed 50-unit tolerance
2025-12-27:18,2025-12-27,18,327,206.45883831446326,python-location-rf-v3,phase1-v1-clean-v3,207.7176178887737,spark-location-selected-v4,1.258779574310438,119.2823821112263,120.54116168553674,Match,Within fixed 50-unit tolerance
2025-12-28:18,2025-12-28,18,328,233.61113591269836,python-location-rf-v3,phase1-v1-clean-v3,242.61020993792596,spark-location-selected-v4,8.9990740252276,85.38979006207404,94.38886408730164,Match,Within fixed 50-unit tolerance
2025-12-29:18,2025-12-29,18,247,234.1942879689754,python-location-rf-v3,phase1-v1-clean-v3,202.0700462978037,spark-location-selected-v4,32.12424167117169,44.929953702196286,12.805712031024598,Match,Within fixed 50-unit tolerance
2025-12-30:18,2025-12-30,18,237,235.79503697691194,python-location-rf-v3,phase1-v1-clean-v3,175.6468518638225,spark-location-selected-v4,60.148185113089454,61.35314813617751,1.2049630230880553,Mismatch,Predictions differ by more than 50 units
2025-12-31:18,2025-12-31,18,237,233.08999233405478,python-location-rf-v3,phase1-v1-clean-v3,183.2435108734365,spark-location-selected-v4,49.84648146061829,53.75648912656351,3.9100076659452156,Match,Within fixed 50-unit tolerance
2025-12-03:19,2025-12-03,19,253,211.3818974775224,python-location-rf-v3,phase1-v1-clean-v3,191.71446563430655,spark-location-selected-v4,19.667431843215837,61.28553436569345,41.61810252247761,Match,Within fixed 50-unit tolerance
2025-12-04:19,2025-12-04,19,191,210.38502743783988,python-location-rf-v3,phase1-v1-clean-v3,169.74968827838828,spark-location-selected-v4,40.635339159451604,21.250311721611723,19.38502743783988,Match,Within fixed 50-unit tolerance
2025-12-05:19,2025-12-05,19,176,203.2298091838717,python-location-rf-v3,phase1-v1-clean-v3,182.5358866387849,spark-location-selected-v4,20.69392254508682,6.535886638784888,27.22980918387171,Match,Within fixed 50-unit tolerance
2025-12-06:19,2025-12-06,19,305,262.6976339285714,python-location-rf-v3,phase1-v1-clean-v3,225.19710797748635,spark-location-selected-v4,37.50052595108505,79.80289202251365,42.302366071428594,Match,Within fixed 50-unit tolerance
2025-12-07:19,2025-12-07,19,435,230.1892361111111,python-location-rf-v3,phase1-v1-clean-v3,227.26667222544089,spark-location-selected-v4,2.9225638856702005,207.73332777455911,204.8107638888889,Match,Within fixed 50-unit tolerance
2025-12-08:19,2025-12-08,19,244,235.14928796897544,python-location-rf-v3,phase1-v1-clean-v3,201.80358088086777,spark-location-selected-v4,33.34570708810767,42.19641911913223,8.850712031024557,Match,Within fixed 50-unit tolerance
2025-12-09:19,2025-12-09,19,359,236.75003697691196,python-location-rf-v3,phase1-v1-clean-v3,182.2993402088108,spark-location-selected-v4,54.45069676810115,176.7006597911892,122.24996302308804,Mismatch,Predictions differ by more than 50 units
2025-12-10:19,2025-12-10,19,298,240.97048836580083,python-location-rf-v3,phase1-v1-clean-v3,183.9735268172843,spark-location-selected-v4,56.99696154851654,114.0264731827157,57.02951163419917,Mismatch,Predictions differ by more than 50 units
2025-12-11:19,2025-12-11,19,232,233.01340503246746,python-location-rf-v3,phase1-v1-clean-v3,177.45917295579852,spark-location-selected-v4,55.55423207666894,54.54082704420148,1.0134050324674604,Mismatch,Predictions differ by more than 50 units
2025-12-12:19,2025-12-12,19,271,232.58838519119772,python-location-rf-v3,phase1-v1-clean-v3,176.2616370499419,spark-location-selected-v4,56.32674814125582,94.7383629500581,38.411614808802284,Mismatch,Predictions differ by more than 50 units
2025-12-13:19,2025-12-13,19,250,244.95405656843155,python-location-rf-v3,phase1-v1-clean-v3,217.44175732782864,spark-location-selected-v4,27.512299240602914,32.55824267217136,5.045943431568446,Match,Within fixed 50-unit tolerance
2025-12-14:19,2025-12-14,19,207,210.6347569444444,python-location-rf-v3,phase1-v1-clean-v3,230.915899350896,spark-location-selected-v4,20.281142406451607,23.915899350896012,3.634756944444405,Match,Within fixed 50-unit tolerance
2025-12-15:19,2025-12-15,19,235,230.56043876262623,python-location-rf-v3,phase1-v1-clean-v3,188.49363495654677,spark-location-selected-v4,42.06680380607946,46.50636504345323,4.439561237373766,Match,Within fixed 50-unit tolerance
2025-12-16:19,2025-12-16,19,250,236.3821798340548,python-location-rf-v3,phase1-v1-clean-v3,182.3597779377485,spark-location-selected-v4,54.02240189630629,67.6402220622515,13.617820165945204,Mismatch,Predictions differ by more than 50 units
2025-12-17:19,2025-12-17,19,254,236.75003697691196,python-location-rf-v3,phase1-v1-clean-v3,162.00019047619048,spark-location-selected-v4,74.74984650072147,91.99980952380952,17.249963023088043,Mismatch,Predictions differ by more than 50 units
2025-12-18:19,2025-12-18,19,351,236.75003697691196,python-location-rf-v3,phase1-v1-clean-v3,166.04851887001888,spark-location-selected-v4,70.70151810689308,184.95148112998112,114.24996302308804,Mismatch,Predictions differ by more than 50 units
2025-12-19:19,2025-12-19,19,304,240.97048836580083,python-location-rf-v3,phase1-v1-clean-v3,183.2087887220462,spark-location-selected-v4,57.76169964375464,120.7912112779538,63.02951163419917,Mismatch,Predictions differ by more than 50 units
2025-12-20:19,2025-12-20,19,314,232.52042658730156,python-location-rf-v3,phase1-v1-clean-v3,218.16541386448472,spark-location-selected-v4,14.355012722816838,95.83458613551528,81.47957341269844,Match,Within fixed 50-unit tolerance
2025-12-21:19,2025-12-21,19,315,226.37427579365075,python-location-rf-v3,phase1-v1-clean-v3,232.23914292084072,spark-location-selected-v4,5.864867127189967,82.76085707915928,88.62572420634925,Match,Within fixed 50-unit tolerance
2025-12-22:19,2025-12-22,19,238,235.14928796897544,python-location-rf-v3,phase1-v1-clean-v3,201.80358088086777,spark-location-selected-v4,33.34570708810767,36.19641911913223,2.850712031024557,Match,Within fixed 50-unit tolerance
2025-12-23:19,2025-12-23,19,247,236.3821798340548,python-location-rf-v3,phase1-v1-clean-v3,173.310863407834,spark-location-selected-v4,63.07131642622079,73.689136592166,10.617820165945204,Mismatch,Predictions differ by more than 50 units
2025-12-24:19,2025-12-24,19,166,236.75003697691196,python-location-rf-v3,phase1-v1-clean-v3,163.668863407834,spark-location-selected-v4,73.08117356907795,2.33113659216599,70.75003697691196,Mismatch,Predictions differ by more than 50 units
2025-12-25:19,2025-12-25,19,213,222.91180284992782,python-location-rf-v3,phase1-v1-clean-v3,168.35917737614793,spark-location-selected-v4,54.5526254737799,44.640822623852074,9.911802849927824,Mismatch,Predictions differ by more than 50 units
2025-12-26:19,2025-12-26,19,289,233.1924030483405,python-location-rf-v3,phase1-v1-clean-v3,178.56753329800387,spark-location-selected-v4,54.62486975033664,110.43246670199613,55.80759695165949,Mismatch,Predictions differ by more than 50 units
2025-12-27:19,2025-12-27,19,262,240.4303607503607,python-location-rf-v3,phase1-v1-clean-v3,212.87161443405847,spark-location-selected-v4,27.558746316302233,49.12838556594153,21.569639249639295,Match,Within fixed 50-unit tolerance
2025-12-28:19,2025-12-28,19,368,246.97112006049497,python-location-rf-v3,phase1-v1-clean-v3,235.0242564937531,spark-location-selected-v4,11.946863566741882,132.9757435062469,121.02887993950503,Match,Within fixed 50-unit tolerance
2025-12-29:19,2025-12-29,19,261,235.14928796897544,python-location-rf-v3,phase1-v1-clean-v3,196.78211589487336,spark-location-selected-v4,38.367172074102086,64.21788410512664,25.850712031024557,Match,Within fixed 50-unit tolerance
2025-12-30:19,2025-12-30,19,134,235.1662869769119,python-location-rf-v3,phase1-v1-clean-v3,181.6468145677852,spark-location-selected-v4,53.51947240912668,47.64681456778521,101.16628697691189,Mismatch,Predictions differ by more than 50 units
2025-12-31:19,2025-12-31,19,179,220.050909992785,python-location-rf-v3,phase1-v1-clean-v3,178.8168761707937,spark-location-selected-v4,41.23403382199129,0.18312382920629489,41.050909992784995,Match,Within fixed 50-unit tolerance
2025-12-03:20,2025-12-03,20,295,233.70921852453102,python-location-rf-v3,phase1-v1-clean-v3,195.87050461900736,spark-location-selected-v4,37.83871390552366,99.12949538099264,61.290781475468975,Match,Within fixed 50-unit tolerance
2025-12-04:20,2025-12-04,20,199,207.177324064824,python-location-rf-v3,phase1-v1-clean-v3,163.61099127606255,spark-location-selected-v4,43.56633278876146,35.38900872393745,8.177324064824006,Match,Within fixed 50-unit tolerance
2025-12-05:20,2025-12-05,20,168,212.12980918387166,python-location-rf-v3,phase1-v1-clean-v3,189.50297711848063,spark-location-selected-v4,22.626832065391028,21.50297711848063,44.12980918387166,Match,Within fixed 50-unit tolerance
2025-12-06:20,2025-12-06,20,351,233.22748602092355,python-location-rf-v3,phase1-v1-clean-v3,212.36565842042157,spark-location-selected-v4,20.861827600501982,138.63434157957843,117.77251397907645,Match,Within fixed 50-unit tolerance
2025-12-07:20,2025-12-07,20,319,234.76189980158733,python-location-rf-v3,phase1-v1-clean-v3,230.6858494167084,spark-location-selected-v4,4.076050384878926,88.31415058329159,84.23810019841267,Match,Within fixed 50-unit tolerance
2025-12-08:20,2025-12-08,20,201,235.14928796897544,python-location-rf-v3,phase1-v1-clean-v3,204.30291421420108,spark-location-selected-v4,30.846373754774362,3.3029142142010812,34.14928796897544,Match,Within fixed 50-unit tolerance
2025-12-09:20,2025-12-09,20,297,235.6951808261183,python-location-rf-v3,phase1-v1-clean-v3,190.6254584859585,spark-location-selected-v4,45.069722340159814,106.37454151404151,61.3048191738817,Match,Within fixed 50-unit tolerance
2025-12-10:20,2025-12-10,20,259,240.97048836580083,python-location-rf-v3,phase1-v1-clean-v3,182.93891596638656,spark-location-selected-v4,58.03157239941427,76.06108403361344,18.029511634199167,Mismatch,Predictions differ by more than 50 units
2025-12-11:20,2025-12-11,20,312,232.82909947691192,python-location-rf-v3,phase1-v1-clean-v3,181.08075329767888,spark-location-selected-v4,51.74834617923304,130.91924670232112,79.17090052308808,Mismatch,Predictions differ by more than 50 units
2025-12-12:20,2025-12-12,20,181,235.94647050865797,python-location-rf-v3,phase1-v1-clean-v3,186.2277060289185,spark-location-selected-v4,49.71876447973946,5.227706028918504,54.94647050865797,Match,Within fixed 50-unit tolerance
2025-12-13:20,2025-12-13,20,321,208.75448489010992,python-location-rf-v3,phase1-v1-clean-v3,225.0683659611993,spark-location-selected-v4,16.313881071089384,95.9316340388007,112.24551510989008,Match,Within fixed 50-unit tolerance
2025-12-14:20,2025-12-14,20,358,234.0517969877344,python-location-rf-v3,phase1-v1-clean-v3,245.26053672058933,spark-location-selected-v4,11.208739732854923,112.73946327941067,123.9482030122656,Match,Within fixed 50-unit tolerance
2025-12-15:20,2025-12-15,20,248,232.81210046897542,python-location-rf-v3,phase1-v1-clean-v3,196.95021757293,spark-location-selected-v4,35.861882896045415,51.04978242707,15.187899531024584,Match,Within fixed 50-unit tolerance
2025-12-16:20,2025-12-16,20,198,236.75003697691196,python-location-rf-v3,phase1-v1-clean-v3,180.8283402088108,spark-location-selected-v4,55.92169676810116,17.1716597911892,38.75003697691196,Mismatch,Predictions differ by more than 50 units
2025-12-17:20,2025-12-17,20,240,234.41147546897542,python-location-rf-v3,phase1-v1-clean-v3,178.61982866479923,spark-location-selected-v4,55.791646804176196,61.38017133520077,5.588524531024575,Mismatch,Predictions differ by more than 50 units
2025-12-18:20,2025-12-18,20,346,236.3821798340548,python-location-rf-v3,phase1-v1-clean-v3,173.64487750484813,spark-location-selected-v4,62.73730232920667,172.35512249515187,109.6178201659452,Mismatch,Predictions differ by more than 50 units
2025-12-19:20,2025-12-19,20,281,238.27272050865798,python-location-rf-v3,phase1-v1-clean-v3,182.948515552728,spark-location-selected-v4,55.324204955929986,98.051484447272,42.72727949134202,Mismatch,Predictions differ by more than 50 units
2025-12-20:20,2025-12-20,20,320,234.0950780122655,python-location-rf-v3,phase1-v1-clean-v3,217.0673138103727,spark-location-selected-v4,17.027764201892808,102.9326861896273,85.9049219877345,Match,Within fixed 50-unit tolerance
2025-12-21:20,2025-12-21,20,231,219.42441964285717,python-location-rf-v3,phase1-v1-clean-v3,245.26053672058933,spark-location-selected-v4,25.836117077732155,14.260536720589329,11.575580357142826,Match,Within fixed 50-unit tolerance
2025-12-22:20,2025-12-22,20,334,228.1763068181818,python-location-rf-v3,phase1-v1-clean-v3,183.8462706672413,spark-location-selected-v4,44.330036150940515,150.1537293327587,105.82369318181819,Match,Within fixed 50-unit tolerance
2025-12-23:20,2025-12-23,20,189,238.6333008658008,python-location-rf-v3,phase1-v1-clean-v3,200.0360314257439,spark-location-selected-v4,38.59726944005692,11.036031425743886,49.633300865800805,Match,Within fixed 50-unit tolerance
2025-12-24:20,2025-12-24,20,282,226.11894570707068,python-location-rf-v3,phase1-v1-clean-v3,184.52166993464056,spark-location-selected-v4,41.59727577243012,97.47833006535944,55.88105429292932,Match,Within fixed 50-unit tolerance
2025-12-25:20,2025-12-25,20,225,236.1673286435786,python-location-rf-v3,phase1-v1-clean-v3,180.0120826330532,spark-location-selected-v4,56.15524601052539,44.98791736694679,11.1673286435786,Mismatch,Predictions differ by more than 50 units
2025-12-26:20,2025-12-26,20,356,231.74021554834053,python-location-rf-v3,phase1-v1-clean-v3,177.31350155197214,spark-location-selected-v4,54.42671399636839,178.68649844802786,124.25978445165947,Mismatch,Predictions differ by more than 50 units
2025-12-27:20,2025-12-27,20,328,226.46887040043288,python-location-rf-v3,phase1-v1-clean-v3,226.97882828282823,spark-location-selected-v4,0.509957882395355,101.02117171717177,101.53112959956712,Match,Within fixed 50-unit tolerance
2025-12-28:20,2025-12-28,20,228,232.23156250000002,python-location-rf-v3,phase1-v1-clean-v3,234.5398335436925,spark-location-selected-v4,2.3082710436924856,6.5398335436925095,4.231562500000024,Match,Within fixed 50-unit tolerance
2025-12-29:20,2025-12-29,20,251,226.60547348484846,python-location-rf-v3,phase1-v1-clean-v3,189.11330174727237,spark-location-selected-v4,37.492171737576086,61.886698252727626,24.39452651515154,Match,Within fixed 50-unit tolerance
2025-12-30:20,2025-12-30,20,253,228.08941197691192,python-location-rf-v3,phase1-v1-clean-v3,188.16909456752012,spark-location-selected-v4,39.9203174093918,64.83090543247988,24.91058802308808,Match,Within fixed 50-unit tolerance
2025-12-31:20,2025-12-31,20,137,236.75003697691196,python-location-rf-v3,phase1-v1-clean-v3,172.26291596638657,spark-location-selected-v4,64.48712101052539,35.26291596638657,99.75003697691196,Mismatch,Predictions differ by more than 50 units
